year,team,pid,name,pa,rank,S,league,variant
2021,KIA,62234.0,류지혁,327,3.0,True,KBO,primary
2021,KIA,66606.0,최원준,668,2.0,True,KBO,primary
2021,KIA,78603.0,김선빈,564,1.0,True,KBO,primary
2021,KT,68050.0,강백호,627,1.0,True,KBO,primary
2021,KT,74339.0,유한준,337,2.0,True,KBO,primary
2021,KT,76313.0,황재균,507,3.0,True,KBO,primary
2021,LG,66108.0,홍창기,651,1.0,True,KBO,primary
2021,LG,76290.0,김현수,595,2.0,True,KBO,primary
2021,LG,79192.0,채은성,448,3.0,True,KBO,primary
2021,NC,50923.0,알테어,565,2.0,True,KBO,primary
2021,NC,62947.0,나성범,623,3.0,False,KBO,primary
2021,NC,76232.0,양의지,570,1.0,True,KBO,primary
2021,SSG,51817.0,추신수,580,3.0,True,KBO,primary
2021,SSG,62895.0,한유섬,519,2.0,True,KBO,primary
2021,SSG,75847.0,최정,555,1.0,True,KBO,primary
2021,두산,69209.0,페르난데스,617,3.0,True,KBO,primary
2021,두산,78224.0,김재환,566,1.0,True,KBO,primary
2021,두산,79215.0,박건우,525,2.0,True,KBO,primary
2021,롯데,60523.0,정훈,560,3.0,True,KBO,primary
2021,롯데,78513.0,전준우,619,1.0,True,KBO,primary
2021,롯데,79608.0,안치홍,490,2.0,True,KBO,primary
2021,삼성,51463.0,피렐라,621,3.0,True,KBO,primary
2021,삼성,62404.0,구자욱,610,1.0,True,KBO,primary
2021,삼성,75334.0,오재일,484,2.0,True,KBO,primary
2021,키움,67341.0,이정후,544,1.0,True,KBO,primary
2021,키움,74163.0,이용규,547,3.0,True,KBO,primary
2021,키움,79365.0,박동원,481,2.0,False,KBO,primary
2021,한화,68743.0,정은원,608,2.0,True,KBO,primary
2021,한화,69737.0,노시환,458,1.0,True,KBO,primary
2021,한화,78288.0,최재훈,467,3.0,True,KBO,primary
2022,KIA,52630.0,소크라테스,554,2.0,True,KBO,primary
2022,KIA,62947.0,나성범,649,1.0,True,KBO,primary
2022,KIA,72443.0,최형우,530,3.0,True,KBO,primary
2022,KT,52009.0,알포드,323,2.0,True,KBO,primary
2022,KT,75125.0,박병호,487,1.0,True,KBO,primary
2022,KT,78548.0,장성우,420,3.0,True,KBO,primary
2022,LG,68119.0,문성주,390,1.0,True,KBO,primary
2022,LG,69102.0,문보경,466,3.0,True,KBO,primary
2022,LG,76290.0,김현수,604,2.0,True,KBO,primary
2022,NC,52904.0,마티니,576,3.0,True,KBO,primary
2022,NC,76232.0,양의지,510,2.0,True,KBO,primary
2022,NC,79215.0,박건우,463,1.0,True,KBO,primary
2022,SSG,51817.0,추신수,499,3.0,True,KBO,primary
2022,SSG,62895.0,한유섬,545,2.0,True,KBO,primary
2022,SSG,75847.0,최정,505,1.0,True,KBO,primary
2022,두산,69209.0,페르난데스,550,3.0,True,KBO,primary
2022,두산,78224.0,김재환,517,1.0,True,KBO,primary
2022,두산,79240.0,허경민,493,2.0,True,KBO,primary
2022,롯데,68525.0,한동희,499,2.0,True,KBO,primary
2022,롯데,71564.0,이대호,591,1.0,True,KBO,primary
2022,롯데,79608.0,안치홍,562,3.0,True,KBO,primary
2022,삼성,51463.0,피렐라,630,1.0,True,KBO,primary
2022,삼성,75334.0,오재일,536,2.0,True,KBO,primary
2022,삼성,75566.0,이원석,335,3.0,True,KBO,primary
2022,키움,52366.0,푸이그,547,2.0,True,KBO,primary
2022,키움,67304.0,김혜성,566,3.0,True,KBO,primary
2022,키움,67341.0,이정후,627,1.0,True,KBO,primary
2022,한화,52712.0,터크먼,648,1.0,True,KBO,primary
2022,한화,68743.0,정은원,601,2.0,True,KBO,primary
2022,한화,69737.0,노시환,490,3.0,True,KBO,primary
2023,KIA,52605.0,김도영,384,2.0,True,KBO,primary
2023,KIA,52630.0,소크라테스,608,3.0,True,KBO,primary
2023,KIA,72443.0,최형우,508,1.0,True,KBO,primary
2023,KT,52009.0,알포드,547,1.0,True,KBO,primary
2023,KT,75125.0,박병호,493,2.0,True,KBO,primary
2023,KT,76313.0,황재균,457,3.0,True,KBO,primary
2023,LG,53123.0,오스틴,583,2.0,True,KBO,primary
2023,LG,66108.0,홍창기,643,1.0,True,KBO,primary
2023,LG,69102.0,문보경,542,3.0,True,KBO,primary
2023,NC,63963.0,권희동,373,3.0,True,KBO,primary
2023,NC,77532.0,손아섭,609,2.0,True,KBO,primary
2023,NC,79215.0,박건우,533,1.0,True,KBO,primary
2023,SSG,51817.0,추신수,462,3.0,True,KBO,primary
2023,SSG,53827.0,에레디아,523,2.0,True,KBO,primary
2023,SSG,75847.0,최정,552,1.0,True,KBO,primary
2023,두산,53211.0,로하스,464,2.0,True,KBO,primary
2023,두산,76232.0,양의지,510,1.0,True,KBO,primary
2023,두산,79231.0,정수빈,583,3.0,True,KBO,primary
2023,롯데,62802.0,박승욱,338,3.0,True,KBO,primary
2023,롯데,78513.0,전준우,559,1.0,True,KBO,primary
2023,롯데,79608.0,안치홍,494,2.0,True,KBO,primary
2023,삼성,50458.0,김지찬,355,3.0,True,KBO,primary
2023,삼성,62404.0,구자욱,515,1.0,True,KBO,primary
2023,삼성,74540.0,강민호,495,2.0,True,KBO,primary
2023,키움,51344.0,김휘집,435,3.0,False,KBO,primary
2023,키움,67304.0,김혜성,621,2.0,True,KBO,primary
2023,키움,67341.0,이정후,387,1.0,True,KBO,primary
2023,한화,69737.0,노시환,595,1.0,True,KBO,primary
2023,한화,78288.0,최재훈,417,3.0,True,KBO,primary
2023,한화,79192.0,채은성,596,2.0,True,KBO,primary
2024,KIA,52605.0,김도영,625,1.0,True,KBO,primary
2024,KIA,52630.0,소크라테스,602,2.0,True,KBO,primary
2024,KIA,62947.0,나성범,424,3.0,True,KBO,primary
2024,KT,64004.0,김민혁,393,2.0,True,KBO,primary
2024,KT,67025.0,로하스,670,1.0,True,KBO,primary
2024,KT,68050.0,강백호,614,3.0,True,KBO,primary
2024,LG,53123.0,오스틴,604,1.0,True,KBO,primary
2024,LG,66108.0,홍창기,636,2.0,True,KBO,primary
2024,LG,69102.0,문보경,602,3.0,True,KBO,primary
2024,NC,54944.0,데이비슨,567,1.0,True,KBO,primary
2024,NC,63963.0,권희동,511,3.0,True,KBO,primary
2024,NC,79215.0,박건우,362,2.0,True,KBO,primary
2024,SSG,53827.0,에레디아,591,2.0,True,KBO,primary
2024,SSG,67893.0,박성한,564,3.0,True,KBO,primary
2024,SSG,75847.0,최정,550,1.0,True,KBO,primary
2024,두산,76232.0,양의지,484,2.0,True,KBO,primary
2024,두산,78224.0,김재환,552,1.0,True,KBO,primary
2024,두산,79240.0,허경민,477,3.0,True,KBO,primary
2024,롯데,50150.0,손호영,428,3.0,True,KBO,primary
2024,롯데,51551.0,나승엽,489,1.0,True,KBO,primary
2024,롯데,54529.0,레이예스,632,2.0,True,KBO,primary
2024,삼성,50458.0,김지찬,535,3.0,True,KBO,primary
2024,삼성,62404.0,구자욱,568,1.0,True,KBO,primary
2024,삼성,74540.0,강민호,452,2.0,True,KBO,primary
2024,키움,53327.0,도슨,428,2.0,True,KBO,primary
2024,키움,65357.0,송성문,602,1.0,True,KBO,primary
2024,키움,67304.0,김혜성,567,3.0,True,KBO,primary
2024,한화,54730.0,페라자,521,1.0,True,KBO,primary
2024,한화,79192.0,채은성,498,3.0,False,KBO,primary
2024,한화,79608.0,안치홍,533,2.0,True,KBO,primary
2025,KIA,62947.0,나성범,310,3.0,True,KBO,primary
2025,KIA,72443.0,최형우,549,1.0,True,KBO,primary
2025,KIA,78603.0,김선빈,308,2.0,True,KBO,primary
2025,KT,52001.0,안현민,482,1.0,True,KBO,primary
2025,KT,67025.0,로하스,384,3.0,False,KBO,primary
2025,KT,68050.0,강백호,369,2.0,True,KBO,primary
2025,LG,53123.0,오스틴,499,1.0,True,KBO,primary
2025,LG,69102.0,문보경,607,2.0,True,KBO,primary
2025,LG,76290.0,김현수,552,3.0,True,KBO,primary
2025,NC,51907.0,김주원,624,2.0,True,KBO,primary
2025,NC,54944.0,데이비슨,439,1.0,True,KBO,primary
2025,NC,62907.0,박민우,468,3.0,True,KBO,primary
2025,SSG,53827.0,에레디아,415,1.0,True,KBO,primary
2025,SSG,67893.0,박성한,538,3.0,True,KBO,primary
2025,SSG,75847.0,최정,406,2.0,True,KBO,primary
2025,두산,55208.0,케이브,593,2.0,True,KBO,primary
2025,두산,76232.0,양의지,517,1.0,True,KBO,primary
2025,두산,78224.0,김재환,407,3.0,True,KBO,primary
2025,롯데,52591.0,윤동희,399,2.0,True,KBO,primary
2025,롯데,54529.0,레이예스,643,1.0,True,KBO,primary
2025,롯데,78513.0,전준우,472,3.0,True,KBO,primary
2025,삼성,54400.0,디아즈,628,1.0,True,KBO,primary
2025,삼성,62404.0,구자욱,616,3.0,True,KBO,primary
2025,삼성,67449.0,김성윤,538,2.0,True,KBO,primary
2025,키움,50167.0,이주형,531,3.0,False,KBO,primary
2025,키움,65357.0,송성문,646,1.0,True,KBO,primary
2025,키움,76267.0,최주환,506,2.0,False,KBO,primary
2025,한화,53764.0,문현빈,592,3.0,True,KBO,primary
2025,한화,69737.0,노시환,624,1.0,True,KBO,primary
2025,한화,78288.0,최재훈,348,2.0,True,KBO,primary
2021,KIA,62234.0,류지혁,327,3.0,True,KBO,pool_pa200
2021,KIA,66606.0,최원준,668,2.0,True,KBO,pool_pa200
2021,KIA,78603.0,김선빈,564,1.0,True,KBO,pool_pa200
2021,KT,68050.0,강백호,627,1.0,True,KBO,pool_pa200
2021,KT,74339.0,유한준,337,2.0,True,KBO,pool_pa200
2021,KT,76313.0,황재균,507,3.0,True,KBO,pool_pa200
2021,LG,66108.0,홍창기,651,1.0,True,KBO,pool_pa200
2021,LG,76290.0,김현수,595,2.0,True,KBO,pool_pa200
2021,LG,79192.0,채은성,448,3.0,True,KBO,pool_pa200
2021,NC,50923.0,알테어,565,2.0,True,KBO,pool_pa200
2021,NC,76232.0,양의지,570,1.0,True,KBO,pool_pa200
2021,NC,76849.0,이명기,232,3.0,True,KBO,pool_pa200
2021,SSG,51817.0,추신수,580,3.0,True,KBO,pool_pa200
2021,SSG,62895.0,한유섬,519,2.0,True,KBO,pool_pa200
2021,SSG,75847.0,최정,555,1.0,True,KBO,pool_pa200
2021,두산,69209.0,페르난데스,617,3.0,True,KBO,pool_pa200
2021,두산,78224.0,김재환,566,1.0,True,KBO,pool_pa200
2021,두산,79215.0,박건우,525,2.0,True,KBO,pool_pa200
2021,롯데,60523.0,정훈,560,3.0,True,KBO,pool_pa200
2021,롯데,78513.0,전준우,619,1.0,True,KBO,pool_pa200
2021,롯데,79608.0,안치홍,490,2.0,True,KBO,pool_pa200
2021,삼성,51463.0,피렐라,621,3.0,True,KBO,pool_pa200
2021,삼성,62404.0,구자욱,610,1.0,True,KBO,pool_pa200
2021,삼성,75334.0,오재일,484,2.0,True,KBO,pool_pa200
2021,키움,65362.0,송우현,282,3.0,True,KBO,pool_pa200
2021,키움,67341.0,이정후,544,1.0,True,KBO,pool_pa200
2021,키움,79365.0,박동원,481,2.0,False,KBO,pool_pa200
2021,한화,66704.0,김태연,220,1.0,True,KBO,pool_pa200
2021,한화,68743.0,정은원,608,3.0,True,KBO,pool_pa200
2021,한화,69737.0,노시환,458,2.0,True,KBO,pool_pa200
2022,KIA,52630.0,소크라테스,554,2.0,True,KBO,pool_pa200
2022,KIA,62947.0,나성범,649,1.0,True,KBO,pool_pa200
2022,KIA,72443.0,최형우,530,3.0,True,KBO,pool_pa200
2022,KT,52009.0,알포드,323,2.0,True,KBO,pool_pa200
2022,KT,75125.0,박병호,487,1.0,True,KBO,pool_pa200
2022,KT,78548.0,장성우,420,3.0,True,KBO,pool_pa200
2022,LG,68119.0,문성주,390,1.0,True,KBO,pool_pa200
2022,LG,69102.0,문보경,466,3.0,True,KBO,pool_pa200
2022,LG,76290.0,김현수,604,2.0,True,KBO,pool_pa200
2022,NC,52904.0,마티니,576,3.0,True,KBO,pool_pa200
2022,NC,76232.0,양의지,510,2.0,True,KBO,pool_pa200
2022,NC,79215.0,박건우,463,1.0,True,KBO,pool_pa200
2022,SSG,51817.0,추신수,499,3.0,True,KBO,pool_pa200
2022,SSG,62895.0,한유섬,545,2.0,True,KBO,pool_pa200
2022,SSG,75847.0,최정,505,1.0,True,KBO,pool_pa200
2022,두산,69209.0,페르난데스,550,3.0,True,KBO,pool_pa200
2022,두산,78224.0,김재환,517,1.0,True,KBO,pool_pa200
2022,두산,79240.0,허경민,493,2.0,True,KBO,pool_pa200
2022,롯데,52547.0,렉스,251,1.0,True,KBO,pool_pa200
2022,롯데,69517.0,고승민,262,3.0,True,KBO,pool_pa200
2022,롯데,71564.0,이대호,591,2.0,True,KBO,pool_pa200
2022,삼성,51463.0,피렐라,630,1.0,True,KBO,pool_pa200
2022,삼성,64610.0,강한울,252,3.0,True,KBO,pool_pa200
2022,삼성,75334.0,오재일,536,2.0,True,KBO,pool_pa200
2022,키움,52366.0,푸이그,547,2.0,True,KBO,pool_pa200
2022,키움,67304.0,김혜성,566,3.0,True,KBO,pool_pa200
2022,키움,67341.0,이정후,627,1.0,True,KBO,pool_pa200
2022,한화,52712.0,터크먼,648,1.0,True,KBO,pool_pa200
2022,한화,68743.0,정은원,601,2.0,True,KBO,pool_pa200
2022,한화,69737.0,노시환,490,3.0,True,KBO,pool_pa200
2023,KIA,52605.0,김도영,384,3.0,True,KBO,pool_pa200
2023,KIA,62947.0,나성범,253,1.0,True,KBO,pool_pa200
2023,KIA,72443.0,최형우,508,2.0,True,KBO,pool_pa200
2023,KT,52009.0,알포드,547,1.0,True,KBO,pool_pa200
2023,KT,75125.0,박병호,493,2.0,True,KBO,pool_pa200
2023,KT,76313.0,황재균,457,3.0,True,KBO,pool_pa200
2023,LG,53123.0,오스틴,583,2.0,True,KBO,pool_pa200
2023,LG,66108.0,홍창기,643,1.0,True,KBO,pool_pa200
2023,LG,69102.0,문보경,542,3.0,True,KBO,pool_pa200
2023,NC,63963.0,권희동,373,3.0,True,KBO,pool_pa200
2023,NC,77532.0,손아섭,609,2.0,True,KBO,pool_pa200
2023,NC,79215.0,박건우,533,1.0,True,KBO,pool_pa200
2023,SSG,53827.0,에레디아,523,2.0,True,KBO,pool_pa200
2023,SSG,69813.0,하재훈,229,3.0,True,KBO,pool_pa200
2023,SSG,75847.0,최정,552,1.0,True,KBO,pool_pa200
2023,두산,53211.0,로하스,464,2.0,True,KBO,pool_pa200
2023,두산,76232.0,양의지,510,1.0,True,KBO,pool_pa200
2023,두산,79231.0,정수빈,583,3.0,True,KBO,pool_pa200
2023,롯데,60523.0,정훈,233,2.0,True,KBO,pool_pa200
2023,롯데,78513.0,전준우,559,1.0,True,KBO,pool_pa200
2023,롯데,79608.0,안치홍,494,3.0,True,KBO,pool_pa200
2023,삼성,50458.0,김지찬,355,3.0,True,KBO,pool_pa200
2023,삼성,62404.0,구자욱,515,1.0,True,KBO,pool_pa200
2023,삼성,74540.0,강민호,495,2.0,True,KBO,pool_pa200
2023,키움,50167.0,이주형,227,1.0,True,KBO,pool_pa200
2023,키움,53327.0,도슨,261,2.0,True,KBO,pool_pa200
2023,키움,67341.0,이정후,387,3.0,True,KBO,pool_pa200
2023,한화,69737.0,노시환,595,1.0,True,KBO,pool_pa200
2023,한화,78288.0,최재훈,417,3.0,True,KBO,pool_pa200
2023,한화,79192.0,채은성,596,2.0,True,KBO,pool_pa200
2024,KIA,52605.0,김도영,625,1.0,True,KBO,pool_pa200
2024,KIA,52630.0,소크라테스,602,3.0,True,KBO,pool_pa200
2024,KIA,78168.0,서건창,248,2.0,True,KBO,pool_pa200
2024,KT,64004.0,김민혁,393,2.0,True,KBO,pool_pa200
2024,KT,64504.0,오윤석,201,3.0,True,KBO,pool_pa200
2024,KT,67025.0,로하스,670,1.0,True,KBO,pool_pa200
2024,LG,53123.0,오스틴,604,1.0,True,KBO,pool_pa200
2024,LG,66108.0,홍창기,636,2.0,True,KBO,pool_pa200
2024,LG,69102.0,문보경,602,3.0,True,KBO,pool_pa200
2024,NC,54944.0,데이비슨,567,1.0,True,KBO,pool_pa200
2024,NC,63963.0,권희동,511,3.0,True,KBO,pool_pa200
2024,NC,79215.0,박건우,362,2.0,True,KBO,pool_pa200
2024,SSG,53827.0,에레디아,591,2.0,True,KBO,pool_pa200
2024,SSG,67893.0,박성한,564,3.0,True,KBO,pool_pa200
2024,SSG,75847.0,최정,550,1.0,True,KBO,pool_pa200
2024,두산,76232.0,양의지,484,2.0,True,KBO,pool_pa200
2024,두산,78224.0,김재환,552,1.0,True,KBO,pool_pa200
2024,두산,79240.0,허경민,477,3.0,True,KBO,pool_pa200
2024,롯데,50150.0,손호영,428,3.0,True,KBO,pool_pa200
2024,롯데,51551.0,나승엽,489,1.0,True,KBO,pool_pa200
2024,롯데,54529.0,레이예스,632,2.0,True,KBO,pool_pa200
2024,삼성,50458.0,김지찬,535,3.0,True,KBO,pool_pa200
2024,삼성,62404.0,구자욱,568,1.0,True,KBO,pool_pa200
2024,삼성,74540.0,강민호,452,2.0,True,KBO,pool_pa200
2024,키움,53327.0,도슨,428,2.0,True,KBO,pool_pa200
2024,키움,65357.0,송성문,602,1.0,True,KBO,pool_pa200
2024,키움,74163.0,이용규,227,3.0,True,KBO,pool_pa200
2024,한화,54730.0,페라자,521,1.0,True,KBO,pool_pa200
2024,한화,79192.0,채은성,498,3.0,False,KBO,pool_pa200
2024,한화,79608.0,안치홍,533,2.0,True,KBO,pool_pa200
2025,KIA,62947.0,나성범,310,3.0,True,KBO,pool_pa200
2025,KIA,72443.0,최형우,549,1.0,True,KBO,pool_pa200
2025,KIA,78603.0,김선빈,308,2.0,True,KBO,pool_pa200
2025,KT,52001.0,안현민,482,1.0,True,KBO,pool_pa200
2025,KT,67025.0,로하스,384,3.0,False,KBO,pool_pa200
2025,KT,68050.0,강백호,369,2.0,True,KBO,pool_pa200
2025,LG,53123.0,오스틴,499,1.0,True,KBO,pool_pa200
2025,LG,69102.0,문보경,607,2.0,True,KBO,pool_pa200
2025,LG,76290.0,김현수,552,3.0,True,KBO,pool_pa200
2025,NC,51907.0,김주원,624,2.0,True,KBO,pool_pa200
2025,NC,54944.0,데이비슨,439,1.0,True,KBO,pool_pa200
2025,NC,62907.0,박민우,468,3.0,True,KBO,pool_pa200
2025,SSG,53827.0,에레디아,415,1.0,True,KBO,pool_pa200
2025,SSG,67893.0,박성한,538,3.0,True,KBO,pool_pa200
2025,SSG,75847.0,최정,406,2.0,True,KBO,pool_pa200
2025,두산,55208.0,케이브,593,2.0,True,KBO,pool_pa200
2025,두산,76232.0,양의지,517,1.0,True,KBO,pool_pa200
2025,두산,78224.0,김재환,407,3.0,True,KBO,pool_pa200
2025,롯데,52591.0,윤동희,399,2.0,True,KBO,pool_pa200
2025,롯데,54529.0,레이예스,643,1.0,True,KBO,pool_pa200
2025,롯데,78513.0,전준우,472,3.0,True,KBO,pool_pa200
2025,삼성,54400.0,디아즈,628,1.0,True,KBO,pool_pa200
2025,삼성,62404.0,구자욱,616,3.0,True,KBO,pool_pa200
2025,삼성,67449.0,김성윤,538,2.0,True,KBO,pool_pa200
2025,키움,50167.0,이주형,531,3.0,False,KBO,pool_pa200
2025,키움,65357.0,송성문,646,1.0,True,KBO,pool_pa200
2025,키움,76267.0,최주환,506,2.0,False,KBO,pool_pa200
2025,한화,55703.0,리베라토,273,1.0,True,KBO,pool_pa200
2025,한화,69737.0,노시환,624,2.0,True,KBO,pool_pa200
2025,한화,78288.0,최재훈,348,3.0,True,KBO,pool_pa200
2021,KIA,66606.0,최원준,668,2.0,True,KBO,pool_pa400
2021,KIA,72443.0,최형우,446,3.0,True,KBO,pool_pa400
2021,KIA,78603.0,김선빈,564,1.0,True,KBO,pool_pa400
2021,KT,64166.0,배정대,595,3.0,True,KBO,pool_pa400
2021,KT,68050.0,강백호,627,1.0,True,KBO,pool_pa400
2021,KT,76313.0,황재균,507,2.0,True,KBO,pool_pa400
2021,LG,66108.0,홍창기,651,1.0,True,KBO,pool_pa400
2021,LG,76290.0,김현수,595,2.0,True,KBO,pool_pa400
2021,LG,79192.0,채은성,448,3.0,True,KBO,pool_pa400
2021,NC,50923.0,알테어,565,2.0,True,KBO,pool_pa400
2021,NC,62947.0,나성범,623,3.0,False,KBO,pool_pa400
2021,NC,76232.0,양의지,570,1.0,True,KBO,pool_pa400
2021,SSG,51817.0,추신수,580,3.0,True,KBO,pool_pa400
2021,SSG,62895.0,한유섬,519,2.0,True,KBO,pool_pa400
2021,SSG,75847.0,최정,555,1.0,True,KBO,pool_pa400
2021,두산,69209.0,페르난데스,617,3.0,True,KBO,pool_pa400
2021,두산,78224.0,김재환,566,1.0,True,KBO,pool_pa400
2021,두산,79215.0,박건우,525,2.0,True,KBO,pool_pa400
2021,롯데,60523.0,정훈,560,3.0,True,KBO,pool_pa400
2021,롯데,78513.0,전준우,619,1.0,True,KBO,pool_pa400
2021,롯데,79608.0,안치홍,490,2.0,True,KBO,pool_pa400
2021,삼성,51463.0,피렐라,621,3.0,True,KBO,pool_pa400
2021,삼성,62404.0,구자욱,610,1.0,True,KBO,pool_pa400
2021,삼성,75334.0,오재일,484,2.0,True,KBO,pool_pa400
2021,키움,67341.0,이정후,544,1.0,True,KBO,pool_pa400
2021,키움,74163.0,이용규,547,3.0,True,KBO,pool_pa400
2021,키움,79365.0,박동원,481,2.0,False,KBO,pool_pa400
2021,한화,68743.0,정은원,608,2.0,True,KBO,pool_pa400
2021,한화,69737.0,노시환,458,1.0,True,KBO,pool_pa400
2021,한화,78288.0,최재훈,467,3.0,True,KBO,pool_pa400
2022,KIA,52630.0,소크라테스,554,2.0,True,KBO,pool_pa400
2022,KIA,62947.0,나성범,649,1.0,True,KBO,pool_pa400
2022,KIA,72443.0,최형우,530,3.0,True,KBO,pool_pa400
2022,KT,64868.0,조용호,531,3.0,True,KBO,pool_pa400
2022,KT,75125.0,박병호,487,1.0,True,KBO,pool_pa400
2022,KT,78548.0,장성우,420,2.0,True,KBO,pool_pa400
2022,LG,69102.0,문보경,466,2.0,True,KBO,pool_pa400
2022,LG,76290.0,김현수,604,1.0,True,KBO,pool_pa400
2022,LG,79109.0,오지환,569,3.0,True,KBO,pool_pa400
2022,NC,52904.0,마티니,576,3.0,True,KBO,pool_pa400
2022,NC,76232.0,양의지,510,2.0,True,KBO,pool_pa400
2022,NC,79215.0,박건우,463,1.0,True,KBO,pool_pa400
2022,SSG,51817.0,추신수,499,3.0,True,KBO,pool_pa400
2022,SSG,62895.0,한유섬,545,2.0,True,KBO,pool_pa400
2022,SSG,75847.0,최정,505,1.0,True,KBO,pool_pa400
2022,두산,69209.0,페르난데스,550,3.0,True,KBO,pool_pa400
2022,두산,78224.0,김재환,517,1.0,True,KBO,pool_pa400
2022,두산,79240.0,허경민,493,2.0,True,KBO,pool_pa400
2022,롯데,68525.0,한동희,499,2.0,True,KBO,pool_pa400
2022,롯데,71564.0,이대호,591,1.0,True,KBO,pool_pa400
2022,롯데,79608.0,안치홍,562,3.0,True,KBO,pool_pa400
2022,삼성,51417.0,김현준,422,3.0,True,KBO,pool_pa400
2022,삼성,51463.0,피렐라,630,1.0,True,KBO,pool_pa400
2022,삼성,75334.0,오재일,536,2.0,True,KBO,pool_pa400
2022,키움,52366.0,푸이그,547,2.0,True,KBO,pool_pa400
2022,키움,67304.0,김혜성,566,3.0,True,KBO,pool_pa400
2022,키움,67341.0,이정후,627,1.0,True,KBO,pool_pa400
2022,한화,52712.0,터크먼,648,1.0,True,KBO,pool_pa400
2022,한화,68743.0,정은원,601,2.0,True,KBO,pool_pa400
2022,한화,69737.0,노시환,490,3.0,True,KBO,pool_pa400
2023,KIA,52630.0,소크라테스,608,2.0,True,KBO,pool_pa400
2023,KIA,63260.0,이우성,400,3.0,True,KBO,pool_pa400
2023,KIA,72443.0,최형우,508,1.0,True,KBO,pool_pa400
2023,KT,52009.0,알포드,547,1.0,True,KBO,pool_pa400
2023,KT,75125.0,박병호,493,2.0,True,KBO,pool_pa400
2023,KT,76313.0,황재균,457,3.0,True,KBO,pool_pa400
2023,LG,53123.0,오스틴,583,2.0,True,KBO,pool_pa400
2023,LG,66108.0,홍창기,643,1.0,True,KBO,pool_pa400
2023,LG,69102.0,문보경,542,3.0,True,KBO,pool_pa400
2023,NC,53955.0,마틴,503,3.0,True,KBO,pool_pa400
2023,NC,77532.0,손아섭,609,2.0,True,KBO,pool_pa400
2023,NC,79215.0,박건우,533,1.0,True,KBO,pool_pa400
2023,SSG,51817.0,추신수,462,3.0,True,KBO,pool_pa400
2023,SSG,53827.0,에레디아,523,2.0,True,KBO,pool_pa400
2023,SSG,75847.0,최정,552,1.0,True,KBO,pool_pa400
2023,두산,53211.0,로하스,464,2.0,True,KBO,pool_pa400
2023,두산,76232.0,양의지,510,1.0,True,KBO,pool_pa400
2023,두산,79231.0,정수빈,583,3.0,True,KBO,pool_pa400
2023,롯데,61102.0,유강남,403,3.0,True,KBO,pool_pa400
2023,롯데,78513.0,전준우,559,1.0,True,KBO,pool_pa400
2023,롯데,79608.0,안치홍,494,2.0,True,KBO,pool_pa400
2023,삼성,51463.0,피렐라,605,3.0,True,KBO,pool_pa400
2023,삼성,62404.0,구자욱,515,1.0,True,KBO,pool_pa400
2023,삼성,74540.0,강민호,495,2.0,True,KBO,pool_pa400
2023,키움,51344.0,김휘집,435,2.0,False,KBO,pool_pa400
2023,키움,65357.0,송성문,438,3.0,False,KBO,pool_pa400
2023,키움,67304.0,김혜성,621,1.0,True,KBO,pool_pa400
2023,한화,69737.0,노시환,595,1.0,True,KBO,pool_pa400
2023,한화,78288.0,최재훈,417,3.0,True,KBO,pool_pa400
2023,한화,79192.0,채은성,596,2.0,True,KBO,pool_pa400
2024,KIA,52605.0,김도영,625,1.0,True,KBO,pool_pa400
2024,KIA,52630.0,소크라테스,602,2.0,True,KBO,pool_pa400
2024,KIA,62947.0,나성범,424,3.0,True,KBO,pool_pa400
2024,KT,67025.0,로하스,670,1.0,True,KBO,pool_pa400
2024,KT,68050.0,강백호,614,2.0,True,KBO,pool_pa400
2024,KT,78548.0,장성우,489,3.0,True,KBO,pool_pa400
2024,LG,53123.0,오스틴,604,1.0,True,KBO,pool_pa400
2024,LG,66108.0,홍창기,636,2.0,True,KBO,pool_pa400
2024,LG,69102.0,문보경,602,3.0,True,KBO,pool_pa400
2024,NC,54944.0,데이비슨,567,1.0,True,KBO,pool_pa400
2024,NC,62907.0,박민우,528,3.0,True,KBO,pool_pa400
2024,NC,63963.0,권희동,511,2.0,True,KBO,pool_pa400
2024,SSG,53827.0,에레디아,591,2.0,True,KBO,pool_pa400
2024,SSG,67893.0,박성한,564,3.0,True,KBO,pool_pa400
2024,SSG,75847.0,최정,550,1.0,True,KBO,pool_pa400
2024,두산,76232.0,양의지,484,2.0,True,KBO,pool_pa400
2024,두산,78224.0,김재환,552,1.0,True,KBO,pool_pa400
2024,두산,79240.0,허경민,477,3.0,True,KBO,pool_pa400
2024,롯데,50150.0,손호영,428,3.0,True,KBO,pool_pa400
2024,롯데,51551.0,나승엽,489,1.0,True,KBO,pool_pa400
2024,롯데,54529.0,레이예스,632,2.0,True,KBO,pool_pa400
2024,삼성,50458.0,김지찬,535,3.0,True,KBO,pool_pa400
2024,삼성,62404.0,구자욱,568,1.0,True,KBO,pool_pa400
2024,삼성,74540.0,강민호,452,2.0,True,KBO,pool_pa400
2024,키움,53327.0,도슨,428,2.0,True,KBO,pool_pa400
2024,키움,65357.0,송성문,602,1.0,True,KBO,pool_pa400
2024,키움,67304.0,김혜성,567,3.0,True,KBO,pool_pa400
2024,한화,54730.0,페라자,521,1.0,True,KBO,pool_pa400
2024,한화,79192.0,채은성,498,3.0,False,KBO,pool_pa400
2024,한화,79608.0,안치홍,533,2.0,True,KBO,pool_pa400
2025,KIA,55645.0,위즈덤,486,2.0,False,KBO,pool_pa400
2025,KIA,64646.0,박찬호,595,3.0,True,KBO,pool_pa400
2025,KIA,72443.0,최형우,549,1.0,True,KBO,pool_pa400
2025,KT,52001.0,안현민,482,1.0,True,KBO,pool_pa400
2025,KT,76313.0,황재균,424,3.0,False,KBO,pool_pa400
2025,KT,79240.0,허경민,481,2.0,True,KBO,pool_pa400
2025,LG,53123.0,오스틴,499,1.0,True,KBO,pool_pa400
2025,LG,69102.0,문보경,607,2.0,True,KBO,pool_pa400
2025,LG,76290.0,김현수,552,3.0,True,KBO,pool_pa400
2025,NC,51907.0,김주원,624,2.0,True,KBO,pool_pa400
2025,NC,54944.0,데이비슨,439,1.0,True,KBO,pool_pa400
2025,NC,62907.0,박민우,468,3.0,True,KBO,pool_pa400
2025,SSG,53827.0,에레디아,415,1.0,True,KBO,pool_pa400
2025,SSG,67893.0,박성한,538,3.0,True,KBO,pool_pa400
2025,SSG,75847.0,최정,406,2.0,True,KBO,pool_pa400
2025,두산,55208.0,케이브,593,2.0,True,KBO,pool_pa400
2025,두산,76232.0,양의지,517,1.0,True,KBO,pool_pa400
2025,두산,78224.0,김재환,407,3.0,True,KBO,pool_pa400
2025,롯데,54529.0,레이예스,643,1.0,True,KBO,pool_pa400
2025,롯데,69517.0,고승민,538,3.0,True,KBO,pool_pa400
2025,롯데,78513.0,전준우,472,2.0,True,KBO,pool_pa400
2025,삼성,54400.0,디아즈,628,1.0,True,KBO,pool_pa400
2025,삼성,62404.0,구자욱,616,3.0,True,KBO,pool_pa400
2025,삼성,67449.0,김성윤,538,2.0,True,KBO,pool_pa400
2025,키움,50167.0,이주형,531,3.0,False,KBO,pool_pa400
2025,키움,65357.0,송성문,646,1.0,True,KBO,pool_pa400
2025,키움,76267.0,최주환,506,2.0,False,KBO,pool_pa400
2025,한화,53764.0,문현빈,592,2.0,True,KBO,pool_pa400
2025,한화,69737.0,노시환,624,1.0,True,KBO,pool_pa400
2025,한화,79192.0,채은성,527,3.0,True,KBO,pool_pa400
2021,KIA,62234.0,류지혁,327,3.0,True,KBO,obp_pool_top50
2021,KIA,66606.0,최원준,668,2.0,True,KBO,obp_pool_top50
2021,KIA,78603.0,김선빈,564,1.0,True,KBO,obp_pool_top50
2021,KT,68050.0,강백호,627,1.0,True,KBO,obp_pool_top50
2021,KT,74339.0,유한준,337,2.0,True,KBO,obp_pool_top50
2021,KT,76313.0,황재균,507,3.0,False,KBO,obp_pool_top50
2021,LG,66108.0,홍창기,651,1.0,True,KBO,obp_pool_top50
2021,LG,76290.0,김현수,595,2.0,True,KBO,obp_pool_top50
2021,LG,79192.0,채은성,448,3.0,True,KBO,obp_pool_top50
2021,NC,50923.0,알테어,565,2.0,False,KBO,obp_pool_top50
2021,NC,62947.0,나성범,623,3.0,False,KBO,obp_pool_top50
2021,NC,76232.0,양의지,570,1.0,True,KBO,obp_pool_top50
2021,SSG,51817.0,추신수,580,3.0,True,KBO,obp_pool_top50
2021,SSG,62895.0,한유섬,519,2.0,True,KBO,obp_pool_top50
2021,SSG,75847.0,최정,555,1.0,True,KBO,obp_pool_top50
2021,두산,69209.0,페르난데스,617,3.0,True,KBO,obp_pool_top50
2021,두산,78224.0,김재환,566,1.0,True,KBO,obp_pool_top50
2021,두산,79215.0,박건우,525,2.0,True,KBO,obp_pool_top50
2021,롯데,60523.0,정훈,560,3.0,True,KBO,obp_pool_top50
2021,롯데,78513.0,전준우,619,1.0,True,KBO,obp_pool_top50
2021,롯데,79608.0,안치홍,490,2.0,True,KBO,obp_pool_top50
2021,삼성,51463.0,피렐라,621,3.0,True,KBO,obp_pool_top50
2021,삼성,62404.0,구자욱,610,1.0,True,KBO,obp_pool_top50
2021,삼성,75334.0,오재일,484,2.0,True,KBO,obp_pool_top50
2021,키움,67341.0,이정후,544,1.0,True,KBO,obp_pool_top50
2021,키움,74163.0,이용규,547,3.0,True,KBO,obp_pool_top50
2021,키움,79365.0,박동원,481,2.0,False,KBO,obp_pool_top50
2021,한화,68743.0,정은원,608,2.0,True,KBO,obp_pool_top50
2021,한화,69737.0,노시환,458,1.0,True,KBO,obp_pool_top50
2021,한화,78288.0,최재훈,467,3.0,True,KBO,obp_pool_top50
2022,KIA,52630.0,소크라테스,554,2.0,True,KBO,obp_pool_top50
2022,KIA,62947.0,나성범,649,1.0,True,KBO,obp_pool_top50
2022,KIA,72443.0,최형우,530,3.0,True,KBO,obp_pool_top50
2022,KT,52009.0,알포드,323,2.0,True,KBO,obp_pool_top50
2022,KT,75125.0,박병호,487,1.0,False,KBO,obp_pool_top50
2022,KT,78548.0,장성우,420,3.0,True,KBO,obp_pool_top50
2022,LG,68119.0,문성주,390,1.0,True,KBO,obp_pool_top50
2022,LG,69102.0,문보경,466,3.0,True,KBO,obp_pool_top50
2022,LG,76290.0,김현수,604,2.0,True,KBO,obp_pool_top50
2022,NC,52904.0,마티니,576,3.0,True,KBO,obp_pool_top50
2022,NC,76232.0,양의지,510,2.0,True,KBO,obp_pool_top50
2022,NC,79215.0,박건우,463,1.0,True,KBO,obp_pool_top50
2022,SSG,51817.0,추신수,499,3.0,True,KBO,obp_pool_top50
2022,SSG,62895.0,한유섬,545,2.0,True,KBO,obp_pool_top50
2022,SSG,75847.0,최정,505,1.0,True,KBO,obp_pool_top50
2022,두산,69209.0,페르난데스,550,3.0,True,KBO,obp_pool_top50
2022,두산,78224.0,김재환,517,1.0,False,KBO,obp_pool_top50
2022,두산,79240.0,허경민,493,2.0,True,KBO,obp_pool_top50
2022,롯데,68525.0,한동희,499,2.0,True,KBO,obp_pool_top50
2022,롯데,71564.0,이대호,591,1.0,True,KBO,obp_pool_top50
2022,롯데,79608.0,안치홍,562,3.0,True,KBO,obp_pool_top50
2022,삼성,51463.0,피렐라,630,1.0,True,KBO,obp_pool_top50
2022,삼성,75334.0,오재일,536,2.0,False,KBO,obp_pool_top50
2022,삼성,75566.0,이원석,335,3.0,False,KBO,obp_pool_top50
2022,키움,52366.0,푸이그,547,2.0,True,KBO,obp_pool_top50
2022,키움,67304.0,김혜성,566,3.0,True,KBO,obp_pool_top50
2022,키움,67341.0,이정후,627,1.0,True,KBO,obp_pool_top50
2022,한화,52712.0,터크먼,648,1.0,True,KBO,obp_pool_top50
2022,한화,68743.0,정은원,601,2.0,True,KBO,obp_pool_top50
2022,한화,69737.0,노시환,490,3.0,True,KBO,obp_pool_top50
2023,KIA,52605.0,김도영,384,2.0,True,KBO,obp_pool_top50
2023,KIA,52630.0,소크라테스,608,3.0,False,KBO,obp_pool_top50
2023,KIA,72443.0,최형우,508,1.0,True,KBO,obp_pool_top50
2023,KT,52009.0,알포드,547,1.0,True,KBO,obp_pool_top50
2023,KT,75125.0,박병호,493,2.0,True,KBO,obp_pool_top50
2023,KT,76313.0,황재균,457,3.0,True,KBO,obp_pool_top50
2023,LG,53123.0,오스틴,583,2.0,True,KBO,obp_pool_top50
2023,LG,66108.0,홍창기,643,1.0,True,KBO,obp_pool_top50
2023,LG,69102.0,문보경,542,3.0,True,KBO,obp_pool_top50
2023,NC,63963.0,권희동,373,3.0,True,KBO,obp_pool_top50
2023,NC,77532.0,손아섭,609,2.0,True,KBO,obp_pool_top50
2023,NC,79215.0,박건우,533,1.0,True,KBO,obp_pool_top50
2023,SSG,51817.0,추신수,462,3.0,True,KBO,obp_pool_top50
2023,SSG,53827.0,에레디아,523,2.0,True,KBO,obp_pool_top50
2023,SSG,75847.0,최정,552,1.0,True,KBO,obp_pool_top50
2023,두산,53211.0,로하스,464,2.0,False,KBO,obp_pool_top50
2023,두산,76232.0,양의지,510,1.0,True,KBO,obp_pool_top50
2023,두산,79231.0,정수빈,583,3.0,True,KBO,obp_pool_top50
2023,롯데,62802.0,박승욱,338,3.0,True,KBO,obp_pool_top50
2023,롯데,78513.0,전준우,559,1.0,True,KBO,obp_pool_top50
2023,롯데,79608.0,안치홍,494,2.0,True,KBO,obp_pool_top50
2023,삼성,50458.0,김지찬,355,3.0,True,KBO,obp_pool_top50
2023,삼성,62404.0,구자욱,515,1.0,True,KBO,obp_pool_top50
2023,삼성,74540.0,강민호,495,2.0,True,KBO,obp_pool_top50
2023,키움,51344.0,김휘집,435,3.0,False,KBO,obp_pool_top50
2023,키움,67304.0,김혜성,621,2.0,True,KBO,obp_pool_top50
2023,키움,67341.0,이정후,387,1.0,True,KBO,obp_pool_top50
2023,한화,69737.0,노시환,595,1.0,True,KBO,obp_pool_top50
2023,한화,78288.0,최재훈,417,3.0,True,KBO,obp_pool_top50
2023,한화,79192.0,채은성,596,2.0,False,KBO,obp_pool_top50
2024,KIA,52605.0,김도영,625,1.0,True,KBO,obp_pool_top50
2024,KIA,52630.0,소크라테스,602,2.0,False,KBO,obp_pool_top50
2024,KIA,62947.0,나성범,424,3.0,False,KBO,obp_pool_top50
2024,KT,64004.0,김민혁,393,2.0,True,KBO,obp_pool_top50
2024,KT,67025.0,로하스,670,1.0,True,KBO,obp_pool_top50
2024,KT,68050.0,강백호,614,3.0,False,KBO,obp_pool_top50
2024,LG,53123.0,오스틴,604,1.0,True,KBO,obp_pool_top50
2024,LG,66108.0,홍창기,636,2.0,True,KBO,obp_pool_top50
2024,LG,69102.0,문보경,602,3.0,True,KBO,obp_pool_top50
2024,NC,54944.0,데이비슨,567,1.0,True,KBO,obp_pool_top50
2024,NC,63963.0,권희동,511,3.0,True,KBO,obp_pool_top50
2024,NC,79215.0,박건우,362,2.0,True,KBO,obp_pool_top50
2024,SSG,53827.0,에레디아,591,2.0,True,KBO,obp_pool_top50
2024,SSG,67893.0,박성한,564,3.0,True,KBO,obp_pool_top50
2024,SSG,75847.0,최정,550,1.0,True,KBO,obp_pool_top50
2024,두산,76232.0,양의지,484,2.0,True,KBO,obp_pool_top50
2024,두산,78224.0,김재환,552,1.0,True,KBO,obp_pool_top50
2024,두산,79240.0,허경민,477,3.0,True,KBO,obp_pool_top50
2024,롯데,50150.0,손호영,428,3.0,False,KBO,obp_pool_top50
2024,롯데,51551.0,나승엽,489,1.0,True,KBO,obp_pool_top50
2024,롯데,54529.0,레이예스,632,2.0,True,KBO,obp_pool_top50
2024,삼성,50458.0,김지찬,535,3.0,True,KBO,obp_pool_top50
2024,삼성,62404.0,구자욱,568,1.0,True,KBO,obp_pool_top50
2024,삼성,74540.0,강민호,452,2.0,True,KBO,obp_pool_top50
2024,키움,53327.0,도슨,428,2.0,True,KBO,obp_pool_top50
2024,키움,65357.0,송성문,602,1.0,True,KBO,obp_pool_top50
2024,키움,67304.0,김혜성,567,3.0,True,KBO,obp_pool_top50
2024,한화,54730.0,페라자,521,1.0,True,KBO,obp_pool_top50
2024,한화,79192.0,채은성,498,3.0,False,KBO,obp_pool_top50
2024,한화,79608.0,안치홍,533,2.0,True,KBO,obp_pool_top50
2025,KIA,62947.0,나성범,310,3.0,True,KBO,obp_pool_top50
2025,KIA,72443.0,최형우,549,1.0,True,KBO,obp_pool_top50
2025,KIA,78603.0,김선빈,308,2.0,True,KBO,obp_pool_top50
2025,KT,52001.0,안현민,482,1.0,True,KBO,obp_pool_top50
2025,KT,67025.0,로하스,384,3.0,False,KBO,obp_pool_top50
2025,KT,68050.0,강백호,369,2.0,True,KBO,obp_pool_top50
2025,LG,53123.0,오스틴,499,1.0,True,KBO,obp_pool_top50
2025,LG,69102.0,문보경,607,2.0,True,KBO,obp_pool_top50
2025,LG,76290.0,김현수,552,3.0,True,KBO,obp_pool_top50
2025,NC,51907.0,김주원,624,2.0,True,KBO,obp_pool_top50
2025,NC,54944.0,데이비슨,439,1.0,False,KBO,obp_pool_top50
2025,NC,62907.0,박민우,468,3.0,True,KBO,obp_pool_top50
2025,SSG,53827.0,에레디아,415,1.0,True,KBO,obp_pool_top50
2025,SSG,67893.0,박성한,538,3.0,True,KBO,obp_pool_top50
2025,SSG,75847.0,최정,406,2.0,True,KBO,obp_pool_top50
2025,두산,55208.0,케이브,593,2.0,False,KBO,obp_pool_top50
2025,두산,76232.0,양의지,517,1.0,True,KBO,obp_pool_top50
2025,두산,78224.0,김재환,407,3.0,True,KBO,obp_pool_top50
2025,롯데,52591.0,윤동희,399,2.0,True,KBO,obp_pool_top50
2025,롯데,54529.0,레이예스,643,1.0,True,KBO,obp_pool_top50
2025,롯데,78513.0,전준우,472,3.0,True,KBO,obp_pool_top50
2025,삼성,54400.0,디아즈,628,1.0,True,KBO,obp_pool_top50
2025,삼성,62404.0,구자욱,616,3.0,True,KBO,obp_pool_top50
2025,삼성,67449.0,김성윤,538,2.0,True,KBO,obp_pool_top50
2025,키움,50167.0,이주형,531,3.0,False,KBO,obp_pool_top50
2025,키움,65357.0,송성문,646,1.0,True,KBO,obp_pool_top50
2025,키움,76267.0,최주환,506,2.0,False,KBO,obp_pool_top50
2025,한화,53764.0,문현빈,592,3.0,True,KBO,obp_pool_top50
2025,한화,69737.0,노시환,624,1.0,True,KBO,obp_pool_top50
2025,한화,78288.0,최재훈,348,2.0,True,KBO,obp_pool_top50
2021,KIA,62234.0,류지혁,327,3.0,True,KBO,obp_pool_top40
2021,KIA,66606.0,최원준,668,2.0,True,KBO,obp_pool_top40
2021,KIA,78603.0,김선빈,564,1.0,True,KBO,obp_pool_top40
2021,KT,68050.0,강백호,627,1.0,True,KBO,obp_pool_top40
2021,KT,74339.0,유한준,337,2.0,True,KBO,obp_pool_top40
2021,KT,76313.0,황재균,507,3.0,False,KBO,obp_pool_top40
2021,LG,66108.0,홍창기,651,1.0,True,KBO,obp_pool_top40
2021,LG,76290.0,김현수,595,2.0,True,KBO,obp_pool_top40
2021,LG,79192.0,채은성,448,3.0,False,KBO,obp_pool_top40
2021,NC,50923.0,알테어,565,2.0,False,KBO,obp_pool_top40
2021,NC,62947.0,나성범,623,3.0,False,KBO,obp_pool_top40
2021,NC,76232.0,양의지,570,1.0,True,KBO,obp_pool_top40
2021,SSG,51817.0,추신수,580,3.0,True,KBO,obp_pool_top40
2021,SSG,62895.0,한유섬,519,2.0,True,KBO,obp_pool_top40
2021,SSG,75847.0,최정,555,1.0,True,KBO,obp_pool_top40
2021,두산,69209.0,페르난데스,617,3.0,True,KBO,obp_pool_top40
2021,두산,78224.0,김재환,566,1.0,True,KBO,obp_pool_top40
2021,두산,79215.0,박건우,525,2.0,True,KBO,obp_pool_top40
2021,롯데,60523.0,정훈,560,3.0,True,KBO,obp_pool_top40
2021,롯데,78513.0,전준우,619,1.0,True,KBO,obp_pool_top40
2021,롯데,79608.0,안치홍,490,2.0,True,KBO,obp_pool_top40
2021,삼성,51463.0,피렐라,621,3.0,False,KBO,obp_pool_top40
2021,삼성,62404.0,구자욱,610,1.0,False,KBO,obp_pool_top40
2021,삼성,75334.0,오재일,484,2.0,False,KBO,obp_pool_top40
2021,키움,67341.0,이정후,544,1.0,True,KBO,obp_pool_top40
2021,키움,74163.0,이용규,547,3.0,True,KBO,obp_pool_top40
2021,키움,79365.0,박동원,481,2.0,False,KBO,obp_pool_top40
2021,한화,68743.0,정은원,608,2.0,True,KBO,obp_pool_top40
2021,한화,69737.0,노시환,458,1.0,True,KBO,obp_pool_top40
2021,한화,78288.0,최재훈,467,3.0,True,KBO,obp_pool_top40
2022,KIA,52630.0,소크라테스,554,2.0,False,KBO,obp_pool_top40
2022,KIA,62947.0,나성범,649,1.0,True,KBO,obp_pool_top40
2022,KIA,72443.0,최형우,530,3.0,True,KBO,obp_pool_top40
2022,KT,52009.0,알포드,323,2.0,True,KBO,obp_pool_top40
2022,KT,75125.0,박병호,487,1.0,False,KBO,obp_pool_top40
2022,KT,78548.0,장성우,420,3.0,False,KBO,obp_pool_top40
2022,LG,68119.0,문성주,390,1.0,True,KBO,obp_pool_top40
2022,LG,69102.0,문보경,466,3.0,True,KBO,obp_pool_top40
2022,LG,76290.0,김현수,604,2.0,True,KBO,obp_pool_top40
2022,NC,52904.0,마티니,576,3.0,True,KBO,obp_pool_top40
2022,NC,76232.0,양의지,510,2.0,True,KBO,obp_pool_top40
2022,NC,79215.0,박건우,463,1.0,True,KBO,obp_pool_top40
2022,SSG,51817.0,추신수,499,3.0,True,KBO,obp_pool_top40
2022,SSG,62895.0,한유섬,545,2.0,True,KBO,obp_pool_top40
2022,SSG,75847.0,최정,505,1.0,True,KBO,obp_pool_top40
2022,두산,69209.0,페르난데스,550,3.0,False,KBO,obp_pool_top40
2022,두산,78224.0,김재환,517,1.0,False,KBO,obp_pool_top40
2022,두산,79240.0,허경민,493,2.0,True,KBO,obp_pool_top40
2022,롯데,68525.0,한동희,499,2.0,True,KBO,obp_pool_top40
2022,롯데,71564.0,이대호,591,1.0,True,KBO,obp_pool_top40
2022,롯데,79608.0,안치홍,562,3.0,False,KBO,obp_pool_top40
2022,삼성,51463.0,피렐라,630,1.0,True,KBO,obp_pool_top40
2022,삼성,75334.0,오재일,536,2.0,False,KBO,obp_pool_top40
2022,삼성,75566.0,이원석,335,3.0,False,KBO,obp_pool_top40
2022,키움,52366.0,푸이그,547,2.0,True,KBO,obp_pool_top40
2022,키움,67304.0,김혜성,566,3.0,True,KBO,obp_pool_top40
2022,키움,67341.0,이정후,627,1.0,True,KBO,obp_pool_top40
2022,한화,52712.0,터크먼,648,1.0,True,KBO,obp_pool_top40
2022,한화,68743.0,정은원,601,2.0,True,KBO,obp_pool_top40
2022,한화,69737.0,노시환,490,3.0,True,KBO,obp_pool_top40
2023,KIA,52605.0,김도영,384,2.0,True,KBO,obp_pool_top40
2023,KIA,52630.0,소크라테스,608,3.0,False,KBO,obp_pool_top40
2023,KIA,72443.0,최형우,508,1.0,True,KBO,obp_pool_top40
2023,KT,52009.0,알포드,547,1.0,False,KBO,obp_pool_top40
2023,KT,75125.0,박병호,493,2.0,False,KBO,obp_pool_top40
2023,KT,76313.0,황재균,457,3.0,True,KBO,obp_pool_top40
2023,LG,53123.0,오스틴,583,2.0,True,KBO,obp_pool_top40
2023,LG,66108.0,홍창기,643,1.0,True,KBO,obp_pool_top40
2023,LG,69102.0,문보경,542,3.0,True,KBO,obp_pool_top40
2023,NC,63963.0,권희동,373,3.0,True,KBO,obp_pool_top40
2023,NC,77532.0,손아섭,609,2.0,True,KBO,obp_pool_top40
2023,NC,79215.0,박건우,533,1.0,True,KBO,obp_pool_top40
2023,SSG,51817.0,추신수,462,3.0,True,KBO,obp_pool_top40
2023,SSG,53827.0,에레디아,523,2.0,True,KBO,obp_pool_top40
2023,SSG,75847.0,최정,552,1.0,True,KBO,obp_pool_top40
2023,두산,53211.0,로하스,464,2.0,False,KBO,obp_pool_top40
2023,두산,76232.0,양의지,510,1.0,True,KBO,obp_pool_top40
2023,두산,79231.0,정수빈,583,3.0,True,KBO,obp_pool_top40
2023,롯데,62802.0,박승욱,338,3.0,True,KBO,obp_pool_top40
2023,롯데,78513.0,전준우,559,1.0,True,KBO,obp_pool_top40
2023,롯데,79608.0,안치홍,494,2.0,True,KBO,obp_pool_top40
2023,삼성,50458.0,김지찬,355,3.0,True,KBO,obp_pool_top40
2023,삼성,62404.0,구자욱,515,1.0,True,KBO,obp_pool_top40
2023,삼성,74540.0,강민호,495,2.0,True,KBO,obp_pool_top40
2023,키움,51344.0,김휘집,435,3.0,False,KBO,obp_pool_top40
2023,키움,67304.0,김혜성,621,2.0,True,KBO,obp_pool_top40
2023,키움,67341.0,이정후,387,1.0,True,KBO,obp_pool_top40
2023,한화,69737.0,노시환,595,1.0,True,KBO,obp_pool_top40
2023,한화,78288.0,최재훈,417,3.0,True,KBO,obp_pool_top40
2023,한화,79192.0,채은성,596,2.0,False,KBO,obp_pool_top40
2024,KIA,52605.0,김도영,625,1.0,True,KBO,obp_pool_top40
2024,KIA,52630.0,소크라테스,602,2.0,False,KBO,obp_pool_top40
2024,KIA,62947.0,나성범,424,3.0,False,KBO,obp_pool_top40
2024,KT,64004.0,김민혁,393,2.0,True,KBO,obp_pool_top40
2024,KT,67025.0,로하스,670,1.0,True,KBO,obp_pool_top40
2024,KT,68050.0,강백호,614,3.0,False,KBO,obp_pool_top40
2024,LG,53123.0,오스틴,604,1.0,True,KBO,obp_pool_top40
2024,LG,66108.0,홍창기,636,2.0,True,KBO,obp_pool_top40
2024,LG,69102.0,문보경,602,3.0,True,KBO,obp_pool_top40
2024,NC,54944.0,데이비슨,567,1.0,True,KBO,obp_pool_top40
2024,NC,63963.0,권희동,511,3.0,True,KBO,obp_pool_top40
2024,NC,79215.0,박건우,362,2.0,True,KBO,obp_pool_top40
2024,SSG,53827.0,에레디아,591,2.0,True,KBO,obp_pool_top40
2024,SSG,67893.0,박성한,564,3.0,True,KBO,obp_pool_top40
2024,SSG,75847.0,최정,550,1.0,True,KBO,obp_pool_top40
2024,두산,76232.0,양의지,484,2.0,True,KBO,obp_pool_top40
2024,두산,78224.0,김재환,552,1.0,False,KBO,obp_pool_top40
2024,두산,79240.0,허경민,477,3.0,True,KBO,obp_pool_top40
2024,롯데,50150.0,손호영,428,3.0,False,KBO,obp_pool_top40
2024,롯데,51551.0,나승엽,489,1.0,True,KBO,obp_pool_top40
2024,롯데,54529.0,레이예스,632,2.0,True,KBO,obp_pool_top40
2024,삼성,50458.0,김지찬,535,3.0,True,KBO,obp_pool_top40
2024,삼성,62404.0,구자욱,568,1.0,True,KBO,obp_pool_top40
2024,삼성,74540.0,강민호,452,2.0,False,KBO,obp_pool_top40
2024,키움,53327.0,도슨,428,2.0,True,KBO,obp_pool_top40
2024,키움,65357.0,송성문,602,1.0,True,KBO,obp_pool_top40
2024,키움,67304.0,김혜성,567,3.0,True,KBO,obp_pool_top40
2024,한화,54730.0,페라자,521,1.0,False,KBO,obp_pool_top40
2024,한화,79192.0,채은성,498,3.0,False,KBO,obp_pool_top40
2024,한화,79608.0,안치홍,533,2.0,True,KBO,obp_pool_top40
2025,KIA,62947.0,나성범,310,3.0,True,KBO,obp_pool_top40
2025,KIA,72443.0,최형우,549,1.0,True,KBO,obp_pool_top40
2025,KIA,78603.0,김선빈,308,2.0,True,KBO,obp_pool_top40
2025,KT,52001.0,안현민,482,1.0,True,KBO,obp_pool_top40
2025,KT,67025.0,로하스,384,3.0,False,KBO,obp_pool_top40
2025,KT,68050.0,강백호,369,2.0,False,KBO,obp_pool_top40
2025,LG,53123.0,오스틴,499,1.0,True,KBO,obp_pool_top40
2025,LG,69102.0,문보경,607,2.0,True,KBO,obp_pool_top40
2025,LG,76290.0,김현수,552,3.0,True,KBO,obp_pool_top40
2025,NC,51907.0,김주원,624,2.0,True,KBO,obp_pool_top40
2025,NC,54944.0,데이비슨,439,1.0,False,KBO,obp_pool_top40
2025,NC,62907.0,박민우,468,3.0,True,KBO,obp_pool_top40
2025,SSG,53827.0,에레디아,415,1.0,True,KBO,obp_pool_top40
2025,SSG,67893.0,박성한,538,3.0,True,KBO,obp_pool_top40
2025,SSG,75847.0,최정,406,2.0,False,KBO,obp_pool_top40
2025,두산,55208.0,케이브,593,2.0,False,KBO,obp_pool_top40
2025,두산,76232.0,양의지,517,1.0,True,KBO,obp_pool_top40
2025,두산,78224.0,김재환,407,3.0,False,KBO,obp_pool_top40
2025,롯데,52591.0,윤동희,399,2.0,True,KBO,obp_pool_top40
2025,롯데,54529.0,레이예스,643,1.0,True,KBO,obp_pool_top40
2025,롯데,78513.0,전준우,472,3.0,True,KBO,obp_pool_top40
2025,삼성,54400.0,디아즈,628,1.0,True,KBO,obp_pool_top40
2025,삼성,62404.0,구자욱,616,3.0,True,KBO,obp_pool_top40
2025,삼성,67449.0,김성윤,538,2.0,True,KBO,obp_pool_top40
2025,키움,50167.0,이주형,531,3.0,False,KBO,obp_pool_top40
2025,키움,65357.0,송성문,646,1.0,True,KBO,obp_pool_top40
2025,키움,76267.0,최주환,506,2.0,False,KBO,obp_pool_top40
2025,한화,53764.0,문현빈,592,3.0,True,KBO,obp_pool_top40
2025,한화,69737.0,노시환,624,1.0,False,KBO,obp_pool_top40
2025,한화,78288.0,최재훈,348,2.0,True,KBO,obp_pool_top40
2021,KIA,62234.0,류지혁,327,3.0,True,KBO,obp_pool_top33
2021,KIA,66606.0,최원준,668,2.0,False,KBO,obp_pool_top33
2021,KIA,78603.0,김선빈,564,1.0,True,KBO,obp_pool_top33
2021,KT,68050.0,강백호,627,1.0,True,KBO,obp_pool_top33
2021,KT,74339.0,유한준,337,2.0,True,KBO,obp_pool_top33
2021,KT,76313.0,황재균,507,3.0,False,KBO,obp_pool_top33
2021,LG,66108.0,홍창기,651,1.0,True,KBO,obp_pool_top33
2021,LG,76290.0,김현수,595,2.0,True,KBO,obp_pool_top33
2021,LG,79192.0,채은성,448,3.0,False,KBO,obp_pool_top33
2021,NC,50923.0,알테어,565,2.0,False,KBO,obp_pool_top33
2021,NC,62947.0,나성범,623,3.0,False,KBO,obp_pool_top33
2021,NC,76232.0,양의지,570,1.0,True,KBO,obp_pool_top33
2021,SSG,51817.0,추신수,580,3.0,True,KBO,obp_pool_top33
2021,SSG,62895.0,한유섬,519,2.0,False,KBO,obp_pool_top33
2021,SSG,75847.0,최정,555,1.0,True,KBO,obp_pool_top33
2021,두산,69209.0,페르난데스,617,3.0,True,KBO,obp_pool_top33
2021,두산,78224.0,김재환,566,1.0,True,KBO,obp_pool_top33
2021,두산,79215.0,박건우,525,2.0,True,KBO,obp_pool_top33
2021,롯데,60523.0,정훈,560,3.0,True,KBO,obp_pool_top33
2021,롯데,78513.0,전준우,619,1.0,True,KBO,obp_pool_top33
2021,롯데,79608.0,안치홍,490,2.0,True,KBO,obp_pool_top33
2021,삼성,51463.0,피렐라,621,3.0,False,KBO,obp_pool_top33
2021,삼성,62404.0,구자욱,610,1.0,False,KBO,obp_pool_top33
2021,삼성,75334.0,오재일,484,2.0,False,KBO,obp_pool_top33
2021,키움,67341.0,이정후,544,1.0,True,KBO,obp_pool_top33
2021,키움,74163.0,이용규,547,3.0,True,KBO,obp_pool_top33
2021,키움,79365.0,박동원,481,2.0,False,KBO,obp_pool_top33
2021,한화,68743.0,정은원,608,2.0,True,KBO,obp_pool_top33
2021,한화,69737.0,노시환,458,1.0,True,KBO,obp_pool_top33
2021,한화,78288.0,최재훈,467,3.0,True,KBO,obp_pool_top33
2022,KIA,52630.0,소크라테스,554,2.0,False,KBO,obp_pool_top33
2022,KIA,62947.0,나성범,649,1.0,True,KBO,obp_pool_top33
2022,KIA,72443.0,최형우,530,3.0,True,KBO,obp_pool_top33
2022,KT,52009.0,알포드,323,2.0,True,KBO,obp_pool_top33
2022,KT,75125.0,박병호,487,1.0,False,KBO,obp_pool_top33
2022,KT,78548.0,장성우,420,3.0,False,KBO,obp_pool_top33
2022,LG,68119.0,문성주,390,1.0,True,KBO,obp_pool_top33
2022,LG,69102.0,문보경,466,3.0,True,KBO,obp_pool_top33
2022,LG,76290.0,김현수,604,2.0,True,KBO,obp_pool_top33
2022,NC,52904.0,마티니,576,3.0,True,KBO,obp_pool_top33
2022,NC,76232.0,양의지,510,2.0,True,KBO,obp_pool_top33
2022,NC,79215.0,박건우,463,1.0,True,KBO,obp_pool_top33
2022,SSG,51817.0,추신수,499,3.0,True,KBO,obp_pool_top33
2022,SSG,62895.0,한유섬,545,2.0,True,KBO,obp_pool_top33
2022,SSG,75847.0,최정,505,1.0,True,KBO,obp_pool_top33
2022,두산,69209.0,페르난데스,550,3.0,False,KBO,obp_pool_top33
2022,두산,78224.0,김재환,517,1.0,False,KBO,obp_pool_top33
2022,두산,79240.0,허경민,493,2.0,False,KBO,obp_pool_top33
2022,롯데,68525.0,한동희,499,2.0,False,KBO,obp_pool_top33
2022,롯데,71564.0,이대호,591,1.0,True,KBO,obp_pool_top33
2022,롯데,79608.0,안치홍,562,3.0,False,KBO,obp_pool_top33
2022,삼성,51463.0,피렐라,630,1.0,True,KBO,obp_pool_top33
2022,삼성,75334.0,오재일,536,2.0,False,KBO,obp_pool_top33
2022,삼성,75566.0,이원석,335,3.0,False,KBO,obp_pool_top33
2022,키움,52366.0,푸이그,547,2.0,True,KBO,obp_pool_top33
2022,키움,67304.0,김혜성,566,3.0,True,KBO,obp_pool_top33
2022,키움,67341.0,이정후,627,1.0,True,KBO,obp_pool_top33
2022,한화,52712.0,터크먼,648,1.0,True,KBO,obp_pool_top33
2022,한화,68743.0,정은원,601,2.0,True,KBO,obp_pool_top33
2022,한화,69737.0,노시환,490,3.0,False,KBO,obp_pool_top33
2023,KIA,52605.0,김도영,384,2.0,True,KBO,obp_pool_top33
2023,KIA,52630.0,소크라테스,608,3.0,False,KBO,obp_pool_top33
2023,KIA,72443.0,최형우,508,1.0,True,KBO,obp_pool_top33
2023,KT,52009.0,알포드,547,1.0,False,KBO,obp_pool_top33
2023,KT,75125.0,박병호,493,2.0,False,KBO,obp_pool_top33
2023,KT,76313.0,황재균,457,3.0,False,KBO,obp_pool_top33
2023,LG,53123.0,오스틴,583,2.0,True,KBO,obp_pool_top33
2023,LG,66108.0,홍창기,643,1.0,True,KBO,obp_pool_top33
2023,LG,69102.0,문보경,542,3.0,True,KBO,obp_pool_top33
2023,NC,63963.0,권희동,373,3.0,True,KBO,obp_pool_top33
2023,NC,77532.0,손아섭,609,2.0,True,KBO,obp_pool_top33
2023,NC,79215.0,박건우,533,1.0,True,KBO,obp_pool_top33
2023,SSG,51817.0,추신수,462,3.0,True,KBO,obp_pool_top33
2023,SSG,53827.0,에레디아,523,2.0,True,KBO,obp_pool_top33
2023,SSG,75847.0,최정,552,1.0,True,KBO,obp_pool_top33
2023,두산,53211.0,로하스,464,2.0,False,KBO,obp_pool_top33
2023,두산,76232.0,양의지,510,1.0,True,KBO,obp_pool_top33
2023,두산,79231.0,정수빈,583,3.0,True,KBO,obp_pool_top33
2023,롯데,62802.0,박승욱,338,3.0,False,KBO,obp_pool_top33
2023,롯데,78513.0,전준우,559,1.0,True,KBO,obp_pool_top33
2023,롯데,79608.0,안치홍,494,2.0,True,KBO,obp_pool_top33
2023,삼성,50458.0,김지찬,355,3.0,True,KBO,obp_pool_top33
2023,삼성,62404.0,구자욱,515,1.0,True,KBO,obp_pool_top33
2023,삼성,74540.0,강민호,495,2.0,False,KBO,obp_pool_top33
2023,키움,51344.0,김휘집,435,3.0,False,KBO,obp_pool_top33
2023,키움,67304.0,김혜성,621,2.0,True,KBO,obp_pool_top33
2023,키움,67341.0,이정후,387,1.0,True,KBO,obp_pool_top33
2023,한화,69737.0,노시환,595,1.0,True,KBO,obp_pool_top33
2023,한화,78288.0,최재훈,417,3.0,True,KBO,obp_pool_top33
2023,한화,79192.0,채은성,596,2.0,False,KBO,obp_pool_top33
2024,KIA,52605.0,김도영,625,1.0,True,KBO,obp_pool_top33
2024,KIA,52630.0,소크라테스,602,2.0,False,KBO,obp_pool_top33
2024,KIA,62947.0,나성범,424,3.0,False,KBO,obp_pool_top33
2024,KT,64004.0,김민혁,393,2.0,True,KBO,obp_pool_top33
2024,KT,67025.0,로하스,670,1.0,True,KBO,obp_pool_top33
2024,KT,68050.0,강백호,614,3.0,False,KBO,obp_pool_top33
2024,LG,53123.0,오스틴,604,1.0,True,KBO,obp_pool_top33
2024,LG,66108.0,홍창기,636,2.0,True,KBO,obp_pool_top33
2024,LG,69102.0,문보경,602,3.0,False,KBO,obp_pool_top33
2024,NC,54944.0,데이비슨,567,1.0,False,KBO,obp_pool_top33
2024,NC,63963.0,권희동,511,3.0,True,KBO,obp_pool_top33
2024,NC,79215.0,박건우,362,2.0,True,KBO,obp_pool_top33
2024,SSG,53827.0,에레디아,591,2.0,True,KBO,obp_pool_top33
2024,SSG,67893.0,박성한,564,3.0,True,KBO,obp_pool_top33
2024,SSG,75847.0,최정,550,1.0,True,KBO,obp_pool_top33
2024,두산,76232.0,양의지,484,2.0,True,KBO,obp_pool_top33
2024,두산,78224.0,김재환,552,1.0,False,KBO,obp_pool_top33
2024,두산,79240.0,허경민,477,3.0,True,KBO,obp_pool_top33
2024,롯데,50150.0,손호영,428,3.0,False,KBO,obp_pool_top33
2024,롯데,51551.0,나승엽,489,1.0,True,KBO,obp_pool_top33
2024,롯데,54529.0,레이예스,632,2.0,True,KBO,obp_pool_top33
2024,삼성,50458.0,김지찬,535,3.0,True,KBO,obp_pool_top33
2024,삼성,62404.0,구자욱,568,1.0,True,KBO,obp_pool_top33
2024,삼성,74540.0,강민호,452,2.0,False,KBO,obp_pool_top33
2024,키움,53327.0,도슨,428,2.0,True,KBO,obp_pool_top33
2024,키움,65357.0,송성문,602,1.0,True,KBO,obp_pool_top33
2024,키움,67304.0,김혜성,567,3.0,True,KBO,obp_pool_top33
2024,한화,54730.0,페라자,521,1.0,False,KBO,obp_pool_top33
2024,한화,79192.0,채은성,498,3.0,False,KBO,obp_pool_top33
2024,한화,79608.0,안치홍,533,2.0,False,KBO,obp_pool_top33
2025,KIA,62947.0,나성범,310,3.0,True,KBO,obp_pool_top33
2025,KIA,72443.0,최형우,549,1.0,True,KBO,obp_pool_top33
2025,KIA,78603.0,김선빈,308,2.0,True,KBO,obp_pool_top33
2025,KT,52001.0,안현민,482,1.0,True,KBO,obp_pool_top33
2025,KT,67025.0,로하스,384,3.0,False,KBO,obp_pool_top33
2025,KT,68050.0,강백호,369,2.0,False,KBO,obp_pool_top33
2025,LG,53123.0,오스틴,499,1.0,True,KBO,obp_pool_top33
2025,LG,69102.0,문보경,607,2.0,True,KBO,obp_pool_top33
2025,LG,76290.0,김현수,552,3.0,True,KBO,obp_pool_top33
2025,NC,51907.0,김주원,624,2.0,True,KBO,obp_pool_top33
2025,NC,54944.0,데이비슨,439,1.0,False,KBO,obp_pool_top33
2025,NC,62907.0,박민우,468,3.0,True,KBO,obp_pool_top33
2025,SSG,53827.0,에레디아,415,1.0,True,KBO,obp_pool_top33
2025,SSG,67893.0,박성한,538,3.0,True,KBO,obp_pool_top33
2025,SSG,75847.0,최정,406,2.0,False,KBO,obp_pool_top33
2025,두산,55208.0,케이브,593,2.0,False,KBO,obp_pool_top33
2025,두산,76232.0,양의지,517,1.0,True,KBO,obp_pool_top33
2025,두산,78224.0,김재환,407,3.0,False,KBO,obp_pool_top33
2025,롯데,52591.0,윤동희,399,2.0,True,KBO,obp_pool_top33
2025,롯데,54529.0,레이예스,643,1.0,True,KBO,obp_pool_top33
2025,롯데,78513.0,전준우,472,3.0,True,KBO,obp_pool_top33
2025,삼성,54400.0,디아즈,628,1.0,True,KBO,obp_pool_top33
2025,삼성,62404.0,구자욱,616,3.0,True,KBO,obp_pool_top33
2025,삼성,67449.0,김성윤,538,2.0,True,KBO,obp_pool_top33
2025,키움,50167.0,이주형,531,3.0,False,KBO,obp_pool_top33
2025,키움,65357.0,송성문,646,1.0,True,KBO,obp_pool_top33
2025,키움,76267.0,최주환,506,2.0,False,KBO,obp_pool_top33
2025,한화,53764.0,문현빈,592,3.0,True,KBO,obp_pool_top33
2025,한화,69737.0,노시환,624,1.0,False,KBO,obp_pool_top33
2025,한화,78288.0,최재훈,348,2.0,True,KBO,obp_pool_top33
2021,KIA,62234.0,류지혁,327,3.0,True,KBO,onbase_bb_pct
2021,KIA,66606.0,최원준,668,2.0,False,KBO,onbase_bb_pct
2021,KIA,78603.0,김선빈,564,1.0,False,KBO,onbase_bb_pct
2021,KT,68050.0,강백호,627,1.0,True,KBO,onbase_bb_pct
2021,KT,74339.0,유한준,337,2.0,True,KBO,onbase_bb_pct
2021,KT,76313.0,황재균,507,3.0,False,KBO,onbase_bb_pct
2021,LG,66108.0,홍창기,651,1.0,True,KBO,onbase_bb_pct
2021,LG,76290.0,김현수,595,2.0,True,KBO,onbase_bb_pct
2021,LG,79192.0,채은성,448,3.0,False,KBO,onbase_bb_pct
2021,NC,50923.0,알테어,565,2.0,False,KBO,onbase_bb_pct
2021,NC,62947.0,나성범,623,3.0,False,KBO,onbase_bb_pct
2021,NC,76232.0,양의지,570,1.0,True,KBO,onbase_bb_pct
2021,SSG,51817.0,추신수,580,3.0,True,KBO,onbase_bb_pct
2021,SSG,62895.0,한유섬,519,2.0,True,KBO,onbase_bb_pct
2021,SSG,75847.0,최정,555,1.0,True,KBO,onbase_bb_pct
2021,두산,69209.0,페르난데스,617,3.0,True,KBO,onbase_bb_pct
2021,두산,78224.0,김재환,566,1.0,True,KBO,onbase_bb_pct
2021,두산,79215.0,박건우,525,2.0,False,KBO,onbase_bb_pct
2021,롯데,60523.0,정훈,560,3.0,True,KBO,onbase_bb_pct
2021,롯데,78513.0,전준우,619,1.0,False,KBO,onbase_bb_pct
2021,롯데,79608.0,안치홍,490,2.0,True,KBO,onbase_bb_pct
2021,삼성,51463.0,피렐라,621,3.0,False,KBO,onbase_bb_pct
2021,삼성,62404.0,구자욱,610,1.0,False,KBO,onbase_bb_pct
2021,삼성,75334.0,오재일,484,2.0,True,KBO,onbase_bb_pct
2021,키움,67341.0,이정후,544,1.0,True,KBO,onbase_bb_pct
2021,키움,74163.0,이용규,547,3.0,True,KBO,onbase_bb_pct
2021,키움,79365.0,박동원,481,2.0,True,KBO,onbase_bb_pct
2021,한화,68743.0,정은원,608,2.0,True,KBO,onbase_bb_pct
2021,한화,69737.0,노시환,458,1.0,True,KBO,onbase_bb_pct
2021,한화,78288.0,최재훈,467,3.0,True,KBO,onbase_bb_pct
2022,KIA,52630.0,소크라테스,554,2.0,False,KBO,onbase_bb_pct
2022,KIA,62947.0,나성범,649,1.0,True,KBO,onbase_bb_pct
2022,KIA,72443.0,최형우,530,3.0,True,KBO,onbase_bb_pct
2022,KT,52009.0,알포드,323,2.0,True,KBO,onbase_bb_pct
2022,KT,75125.0,박병호,487,1.0,False,KBO,onbase_bb_pct
2022,KT,78548.0,장성우,420,3.0,True,KBO,onbase_bb_pct
2022,LG,68119.0,문성주,390,1.0,True,KBO,onbase_bb_pct
2022,LG,69102.0,문보경,466,3.0,True,KBO,onbase_bb_pct
2022,LG,76290.0,김현수,604,2.0,True,KBO,onbase_bb_pct
2022,NC,52904.0,마티니,576,3.0,True,KBO,onbase_bb_pct
2022,NC,76232.0,양의지,510,2.0,True,KBO,onbase_bb_pct
2022,NC,79215.0,박건우,463,1.0,True,KBO,onbase_bb_pct
2022,SSG,51817.0,추신수,499,3.0,True,KBO,onbase_bb_pct
2022,SSG,62895.0,한유섬,545,2.0,True,KBO,onbase_bb_pct
2022,SSG,75847.0,최정,505,1.0,True,KBO,onbase_bb_pct
2022,두산,69209.0,페르난데스,550,3.0,False,KBO,onbase_bb_pct
2022,두산,78224.0,김재환,517,1.0,True,KBO,onbase_bb_pct
2022,두산,79240.0,허경민,493,2.0,False,KBO,onbase_bb_pct
2022,롯데,68525.0,한동희,499,2.0,False,KBO,onbase_bb_pct
2022,롯데,71564.0,이대호,591,1.0,False,KBO,onbase_bb_pct
2022,롯데,79608.0,안치홍,562,3.0,True,KBO,onbase_bb_pct
2022,삼성,51463.0,피렐라,630,1.0,False,KBO,onbase_bb_pct
2022,삼성,75334.0,오재일,536,2.0,True,KBO,onbase_bb_pct
2022,삼성,75566.0,이원석,335,3.0,True,KBO,onbase_bb_pct
2022,키움,52366.0,푸이그,547,2.0,True,KBO,onbase_bb_pct
2022,키움,67304.0,김혜성,566,3.0,False,KBO,onbase_bb_pct
2022,키움,67341.0,이정후,627,1.0,True,KBO,onbase_bb_pct
2022,한화,52712.0,터크먼,648,1.0,True,KBO,onbase_bb_pct
2022,한화,68743.0,정은원,601,2.0,True,KBO,onbase_bb_pct
2022,한화,69737.0,노시환,490,3.0,True,KBO,onbase_bb_pct
2023,KIA,52605.0,김도영,384,2.0,True,KBO,onbase_bb_pct
2023,KIA,52630.0,소크라테스,608,3.0,False,KBO,onbase_bb_pct
2023,KIA,72443.0,최형우,508,1.0,True,KBO,onbase_bb_pct
2023,KT,52009.0,알포드,547,1.0,False,KBO,onbase_bb_pct
2023,KT,75125.0,박병호,493,2.0,True,KBO,onbase_bb_pct
2023,KT,76313.0,황재균,457,3.0,True,KBO,onbase_bb_pct
2023,LG,53123.0,오스틴,583,2.0,False,KBO,onbase_bb_pct
2023,LG,66108.0,홍창기,643,1.0,True,KBO,onbase_bb_pct
2023,LG,69102.0,문보경,542,3.0,True,KBO,onbase_bb_pct
2023,NC,63963.0,권희동,373,3.0,True,KBO,onbase_bb_pct
2023,NC,77532.0,손아섭,609,2.0,False,KBO,onbase_bb_pct
2023,NC,79215.0,박건우,533,1.0,True,KBO,onbase_bb_pct
2023,SSG,51817.0,추신수,462,3.0,True,KBO,onbase_bb_pct
2023,SSG,53827.0,에레디아,523,2.0,False,KBO,onbase_bb_pct
2023,SSG,75847.0,최정,552,1.0,True,KBO,onbase_bb_pct
2023,두산,53211.0,로하스,464,2.0,True,KBO,onbase_bb_pct
2023,두산,76232.0,양의지,510,1.0,True,KBO,onbase_bb_pct
2023,두산,79231.0,정수빈,583,3.0,True,KBO,onbase_bb_pct
2023,롯데,62802.0,박승욱,338,3.0,True,KBO,onbase_bb_pct
2023,롯데,78513.0,전준우,559,1.0,True,KBO,onbase_bb_pct
2023,롯데,79608.0,안치홍,494,2.0,True,KBO,onbase_bb_pct
2023,삼성,50458.0,김지찬,355,3.0,True,KBO,onbase_bb_pct
2023,삼성,62404.0,구자욱,515,1.0,True,KBO,onbase_bb_pct
2023,삼성,74540.0,강민호,495,2.0,True,KBO,onbase_bb_pct
2023,키움,51344.0,김휘집,435,3.0,True,KBO,onbase_bb_pct
2023,키움,67304.0,김혜성,621,2.0,True,KBO,onbase_bb_pct
2023,키움,67341.0,이정후,387,1.0,True,KBO,onbase_bb_pct
2023,한화,69737.0,노시환,595,1.0,True,KBO,onbase_bb_pct
2023,한화,78288.0,최재훈,417,3.0,True,KBO,onbase_bb_pct
2023,한화,79192.0,채은성,596,2.0,False,KBO,onbase_bb_pct
2024,KIA,52605.0,김도영,625,1.0,True,KBO,onbase_bb_pct
2024,KIA,52630.0,소크라테스,602,2.0,False,KBO,onbase_bb_pct
2024,KIA,62947.0,나성범,424,3.0,False,KBO,onbase_bb_pct
2024,KT,64004.0,김민혁,393,2.0,False,KBO,onbase_bb_pct
2024,KT,67025.0,로하스,670,1.0,True,KBO,onbase_bb_pct
2024,KT,68050.0,강백호,614,3.0,True,KBO,onbase_bb_pct
2024,LG,53123.0,오스틴,604,1.0,True,KBO,onbase_bb_pct
2024,LG,66108.0,홍창기,636,2.0,True,KBO,onbase_bb_pct
2024,LG,69102.0,문보경,602,3.0,True,KBO,onbase_bb_pct
2024,NC,54944.0,데이비슨,567,1.0,False,KBO,onbase_bb_pct
2024,NC,63963.0,권희동,511,3.0,True,KBO,onbase_bb_pct
2024,NC,79215.0,박건우,362,2.0,False,KBO,onbase_bb_pct
2024,SSG,53827.0,에레디아,591,2.0,False,KBO,onbase_bb_pct
2024,SSG,67893.0,박성한,564,3.0,True,KBO,onbase_bb_pct
2024,SSG,75847.0,최정,550,1.0,True,KBO,onbase_bb_pct
2024,두산,76232.0,양의지,484,2.0,False,KBO,onbase_bb_pct
2024,두산,78224.0,김재환,552,1.0,True,KBO,onbase_bb_pct
2024,두산,79240.0,허경민,477,3.0,False,KBO,onbase_bb_pct
2024,롯데,50150.0,손호영,428,3.0,False,KBO,onbase_bb_pct
2024,롯데,51551.0,나승엽,489,1.0,True,KBO,onbase_bb_pct
2024,롯데,54529.0,레이예스,632,2.0,False,KBO,onbase_bb_pct
2024,삼성,50458.0,김지찬,535,3.0,True,KBO,onbase_bb_pct
2024,삼성,62404.0,구자욱,568,1.0,True,KBO,onbase_bb_pct
2024,삼성,74540.0,강민호,452,2.0,False,KBO,onbase_bb_pct
2024,키움,53327.0,도슨,428,2.0,False,KBO,onbase_bb_pct
2024,키움,65357.0,송성문,602,1.0,True,KBO,onbase_bb_pct
2024,키움,67304.0,김혜성,567,3.0,False,KBO,onbase_bb_pct
2024,한화,54730.0,페라자,521,1.0,True,KBO,onbase_bb_pct
2024,한화,79192.0,채은성,498,3.0,True,KBO,onbase_bb_pct
2024,한화,79608.0,안치홍,533,2.0,False,KBO,onbase_bb_pct
2025,KIA,62947.0,나성범,310,3.0,True,KBO,onbase_bb_pct
2025,KIA,72443.0,최형우,549,1.0,True,KBO,onbase_bb_pct
2025,KIA,78603.0,김선빈,308,2.0,True,KBO,onbase_bb_pct
2025,KT,52001.0,안현민,482,1.0,True,KBO,onbase_bb_pct
2025,KT,67025.0,로하스,384,3.0,True,KBO,onbase_bb_pct
2025,KT,68050.0,강백호,369,2.0,True,KBO,onbase_bb_pct
2025,LG,53123.0,오스틴,499,1.0,True,KBO,onbase_bb_pct
2025,LG,69102.0,문보경,607,2.0,True,KBO,onbase_bb_pct
2025,LG,76290.0,김현수,552,3.0,True,KBO,onbase_bb_pct
2025,NC,51907.0,김주원,624,2.0,True,KBO,onbase_bb_pct
2025,NC,54944.0,데이비슨,439,1.0,False,KBO,onbase_bb_pct
2025,NC,62907.0,박민우,468,3.0,True,KBO,onbase_bb_pct
2025,SSG,53827.0,에레디아,415,1.0,False,KBO,onbase_bb_pct
2025,SSG,67893.0,박성한,538,3.0,True,KBO,onbase_bb_pct
2025,SSG,75847.0,최정,406,2.0,True,KBO,onbase_bb_pct
2025,두산,55208.0,케이브,593,2.0,False,KBO,onbase_bb_pct
2025,두산,76232.0,양의지,517,1.0,True,KBO,onbase_bb_pct
2025,두산,78224.0,김재환,407,3.0,True,KBO,onbase_bb_pct
2025,롯데,52591.0,윤동희,399,2.0,True,KBO,onbase_bb_pct
2025,롯데,54529.0,레이예스,643,1.0,False,KBO,onbase_bb_pct
2025,롯데,78513.0,전준우,472,3.0,True,KBO,onbase_bb_pct
2025,삼성,54400.0,디아즈,628,1.0,True,KBO,onbase_bb_pct
2025,삼성,62404.0,구자욱,616,3.0,True,KBO,onbase_bb_pct
2025,삼성,67449.0,김성윤,538,2.0,True,KBO,onbase_bb_pct
2025,키움,50167.0,이주형,531,3.0,False,KBO,onbase_bb_pct
2025,키움,65357.0,송성문,646,1.0,True,KBO,onbase_bb_pct
2025,키움,76267.0,최주환,506,2.0,False,KBO,onbase_bb_pct
2025,한화,53764.0,문현빈,592,3.0,False,KBO,onbase_bb_pct
2025,한화,69737.0,노시환,624,1.0,True,KBO,onbase_bb_pct
2025,한화,78288.0,최재훈,348,2.0,True,KBO,onbase_bb_pct
2021,KIA,62234.0,류지혁,327,3.0,True,KBO,onbase_obp_minus_avg
2021,KIA,66606.0,최원준,668,2.0,False,KBO,onbase_obp_minus_avg
2021,KIA,78603.0,김선빈,564,1.0,False,KBO,onbase_obp_minus_avg
2021,KT,68050.0,강백호,627,1.0,True,KBO,onbase_obp_minus_avg
2021,KT,74339.0,유한준,337,2.0,True,KBO,onbase_obp_minus_avg
2021,KT,76313.0,황재균,507,3.0,False,KBO,onbase_obp_minus_avg
2021,LG,66108.0,홍창기,651,1.0,True,KBO,onbase_obp_minus_avg
2021,LG,76290.0,김현수,595,2.0,True,KBO,onbase_obp_minus_avg
2021,LG,79192.0,채은성,448,3.0,False,KBO,onbase_obp_minus_avg
2021,NC,50923.0,알테어,565,2.0,False,KBO,onbase_obp_minus_avg
2021,NC,62947.0,나성범,623,3.0,False,KBO,onbase_obp_minus_avg
2021,NC,76232.0,양의지,570,1.0,True,KBO,onbase_obp_minus_avg
2021,SSG,51817.0,추신수,580,3.0,True,KBO,onbase_obp_minus_avg
2021,SSG,62895.0,한유섬,519,2.0,True,KBO,onbase_obp_minus_avg
2021,SSG,75847.0,최정,555,1.0,True,KBO,onbase_obp_minus_avg
2021,두산,69209.0,페르난데스,617,3.0,False,KBO,onbase_obp_minus_avg
2021,두산,78224.0,김재환,566,1.0,True,KBO,onbase_obp_minus_avg
2021,두산,79215.0,박건우,525,2.0,False,KBO,onbase_obp_minus_avg
2021,롯데,60523.0,정훈,560,3.0,True,KBO,onbase_obp_minus_avg
2021,롯데,78513.0,전준우,619,1.0,False,KBO,onbase_obp_minus_avg
2021,롯데,79608.0,안치홍,490,2.0,False,KBO,onbase_obp_minus_avg
2021,삼성,51463.0,피렐라,621,3.0,False,KBO,onbase_obp_minus_avg
2021,삼성,62404.0,구자욱,610,1.0,False,KBO,onbase_obp_minus_avg
2021,삼성,75334.0,오재일,484,2.0,False,KBO,onbase_obp_minus_avg
2021,키움,67341.0,이정후,544,1.0,False,KBO,onbase_obp_minus_avg
2021,키움,74163.0,이용규,547,3.0,True,KBO,onbase_obp_minus_avg
2021,키움,79365.0,박동원,481,2.0,True,KBO,onbase_obp_minus_avg
2021,한화,68743.0,정은원,608,2.0,True,KBO,onbase_obp_minus_avg
2021,한화,69737.0,노시환,458,1.0,True,KBO,onbase_obp_minus_avg
2021,한화,78288.0,최재훈,467,3.0,True,KBO,onbase_obp_minus_avg
2022,KIA,52630.0,소크라테스,554,2.0,False,KBO,onbase_obp_minus_avg
2022,KIA,62947.0,나성범,649,1.0,True,KBO,onbase_obp_minus_avg
2022,KIA,72443.0,최형우,530,3.0,True,KBO,onbase_obp_minus_avg
2022,KT,52009.0,알포드,323,2.0,True,KBO,onbase_obp_minus_avg
2022,KT,75125.0,박병호,487,1.0,True,KBO,onbase_obp_minus_avg
2022,KT,78548.0,장성우,420,3.0,True,KBO,onbase_obp_minus_avg
2022,LG,68119.0,문성주,390,1.0,True,KBO,onbase_obp_minus_avg
2022,LG,69102.0,문보경,466,3.0,False,KBO,onbase_obp_minus_avg
2022,LG,76290.0,김현수,604,2.0,True,KBO,onbase_obp_minus_avg
2022,NC,52904.0,마티니,576,3.0,False,KBO,onbase_obp_minus_avg
2022,NC,76232.0,양의지,510,2.0,True,KBO,onbase_obp_minus_avg
2022,NC,79215.0,박건우,463,1.0,False,KBO,onbase_obp_minus_avg
2022,SSG,51817.0,추신수,499,3.0,True,KBO,onbase_obp_minus_avg
2022,SSG,62895.0,한유섬,545,2.0,True,KBO,onbase_obp_minus_avg
2022,SSG,75847.0,최정,505,1.0,True,KBO,onbase_obp_minus_avg
2022,두산,69209.0,페르난데스,550,3.0,False,KBO,onbase_obp_minus_avg
2022,두산,78224.0,김재환,517,1.0,True,KBO,onbase_obp_minus_avg
2022,두산,79240.0,허경민,493,2.0,False,KBO,onbase_obp_minus_avg
2022,롯데,68525.0,한동희,499,2.0,False,KBO,onbase_obp_minus_avg
2022,롯데,71564.0,이대호,591,1.0,False,KBO,onbase_obp_minus_avg
2022,롯데,79608.0,안치홍,562,3.0,False,KBO,onbase_obp_minus_avg
2022,삼성,51463.0,피렐라,630,1.0,False,KBO,onbase_obp_minus_avg
2022,삼성,75334.0,오재일,536,2.0,True,KBO,onbase_obp_minus_avg
2022,삼성,75566.0,이원석,335,3.0,True,KBO,onbase_obp_minus_avg
2022,키움,52366.0,푸이그,547,2.0,True,KBO,onbase_obp_minus_avg
2022,키움,67304.0,김혜성,566,3.0,False,KBO,onbase_obp_minus_avg
2022,키움,67341.0,이정후,627,1.0,False,KBO,onbase_obp_minus_avg
2022,한화,52712.0,터크먼,648,1.0,True,KBO,onbase_obp_minus_avg
2022,한화,68743.0,정은원,601,2.0,True,KBO,onbase_obp_minus_avg
2022,한화,69737.0,노시환,490,3.0,True,KBO,onbase_obp_minus_avg
2023,KIA,52605.0,김도영,384,2.0,False,KBO,onbase_obp_minus_avg
2023,KIA,52630.0,소크라테스,608,3.0,False,KBO,onbase_obp_minus_avg
2023,KIA,72443.0,최형우,508,1.0,True,KBO,onbase_obp_minus_avg
2023,KT,52009.0,알포드,547,1.0,False,KBO,onbase_obp_minus_avg
2023,KT,75125.0,박병호,493,2.0,False,KBO,onbase_obp_minus_avg
2023,KT,76313.0,황재균,457,3.0,False,KBO,onbase_obp_minus_avg
2023,LG,53123.0,오스틴,583,2.0,False,KBO,onbase_obp_minus_avg
2023,LG,66108.0,홍창기,643,1.0,True,KBO,onbase_obp_minus_avg
2023,LG,69102.0,문보경,542,3.0,True,KBO,onbase_obp_minus_avg
2023,NC,63963.0,권희동,373,3.0,True,KBO,onbase_obp_minus_avg
2023,NC,77532.0,손아섭,609,2.0,False,KBO,onbase_obp_minus_avg
2023,NC,79215.0,박건우,533,1.0,True,KBO,onbase_obp_minus_avg
2023,SSG,51817.0,추신수,462,3.0,True,KBO,onbase_obp_minus_avg
2023,SSG,53827.0,에레디아,523,2.0,False,KBO,onbase_obp_minus_avg
2023,SSG,75847.0,최정,552,1.0,True,KBO,onbase_obp_minus_avg
2023,두산,53211.0,로하스,464,2.0,True,KBO,onbase_obp_minus_avg
2023,두산,76232.0,양의지,510,1.0,True,KBO,onbase_obp_minus_avg
2023,두산,79231.0,정수빈,583,3.0,True,KBO,onbase_obp_minus_avg
2023,롯데,62802.0,박승욱,338,3.0,True,KBO,onbase_obp_minus_avg
2023,롯데,78513.0,전준우,559,1.0,False,KBO,onbase_obp_minus_avg
2023,롯데,79608.0,안치홍,494,2.0,True,KBO,onbase_obp_minus_avg
2023,삼성,50458.0,김지찬,355,3.0,True,KBO,onbase_obp_minus_avg
2023,삼성,62404.0,구자욱,515,1.0,False,KBO,onbase_obp_minus_avg
2023,삼성,74540.0,강민호,495,2.0,True,KBO,onbase_obp_minus_avg
2023,키움,51344.0,김휘집,435,3.0,True,KBO,onbase_obp_minus_avg
2023,키움,67304.0,김혜성,621,2.0,False,KBO,onbase_obp_minus_avg
2023,키움,67341.0,이정후,387,1.0,True,KBO,onbase_obp_minus_avg
2023,한화,69737.0,노시환,595,1.0,True,KBO,onbase_obp_minus_avg
2023,한화,78288.0,최재훈,417,3.0,True,KBO,onbase_obp_minus_avg
2023,한화,79192.0,채은성,596,2.0,True,KBO,onbase_obp_minus_avg
2024,KIA,52605.0,김도영,625,1.0,False,KBO,onbase_obp_minus_avg
2024,KIA,52630.0,소크라테스,602,2.0,False,KBO,onbase_obp_minus_avg
2024,KIA,62947.0,나성범,424,3.0,False,KBO,onbase_obp_minus_avg
2024,KT,64004.0,김민혁,393,2.0,False,KBO,onbase_obp_minus_avg
2024,KT,67025.0,로하스,670,1.0,True,KBO,onbase_obp_minus_avg
2024,KT,68050.0,강백호,614,3.0,False,KBO,onbase_obp_minus_avg
2024,LG,53123.0,오스틴,604,1.0,False,KBO,onbase_obp_minus_avg
2024,LG,66108.0,홍창기,636,2.0,True,KBO,onbase_obp_minus_avg
2024,LG,69102.0,문보경,602,3.0,False,KBO,onbase_obp_minus_avg
2024,NC,54944.0,데이비슨,567,1.0,False,KBO,onbase_obp_minus_avg
2024,NC,63963.0,권희동,511,3.0,True,KBO,onbase_obp_minus_avg
2024,NC,79215.0,박건우,362,2.0,False,KBO,onbase_obp_minus_avg
2024,SSG,53827.0,에레디아,591,2.0,False,KBO,onbase_obp_minus_avg
2024,SSG,67893.0,박성한,564,3.0,True,KBO,onbase_obp_minus_avg
2024,SSG,75847.0,최정,550,1.0,True,KBO,onbase_obp_minus_avg
2024,두산,76232.0,양의지,484,2.0,False,KBO,onbase_obp_minus_avg
2024,두산,78224.0,김재환,552,1.0,True,KBO,onbase_obp_minus_avg
2024,두산,79240.0,허경민,477,3.0,False,KBO,onbase_obp_minus_avg
2024,롯데,50150.0,손호영,428,3.0,False,KBO,onbase_obp_minus_avg
2024,롯데,51551.0,나승엽,489,1.0,True,KBO,onbase_obp_minus_avg
2024,롯데,54529.0,레이예스,632,2.0,False,KBO,onbase_obp_minus_avg
2024,삼성,50458.0,김지찬,535,3.0,True,KBO,onbase_obp_minus_avg
2024,삼성,62404.0,구자욱,568,1.0,False,KBO,onbase_obp_minus_avg
2024,삼성,74540.0,강민호,452,2.0,False,KBO,onbase_obp_minus_avg
2024,키움,53327.0,도슨,428,2.0,False,KBO,onbase_obp_minus_avg
2024,키움,65357.0,송성문,602,1.0,False,KBO,onbase_obp_minus_avg
2024,키움,67304.0,김혜성,567,3.0,False,KBO,onbase_obp_minus_avg
2024,한화,54730.0,페라자,521,1.0,True,KBO,onbase_obp_minus_avg
2024,한화,79192.0,채은성,498,3.0,True,KBO,onbase_obp_minus_avg
2024,한화,79608.0,안치홍,533,2.0,False,KBO,onbase_obp_minus_avg
2025,KIA,62947.0,나성범,310,3.0,True,KBO,onbase_obp_minus_avg
2025,KIA,72443.0,최형우,549,1.0,True,KBO,onbase_obp_minus_avg
2025,KIA,78603.0,김선빈,308,2.0,False,KBO,onbase_obp_minus_avg
2025,KT,52001.0,안현민,482,1.0,True,KBO,onbase_obp_minus_avg
2025,KT,67025.0,로하스,384,3.0,True,KBO,onbase_obp_minus_avg
2025,KT,68050.0,강백호,369,2.0,True,KBO,onbase_obp_minus_avg
2025,LG,53123.0,오스틴,499,1.0,True,KBO,onbase_obp_minus_avg
2025,LG,69102.0,문보경,607,2.0,True,KBO,onbase_obp_minus_avg
2025,LG,76290.0,김현수,552,3.0,True,KBO,onbase_obp_minus_avg
2025,NC,51907.0,김주원,624,2.0,True,KBO,onbase_obp_minus_avg
2025,NC,54944.0,데이비슨,439,1.0,False,KBO,onbase_obp_minus_avg
2025,NC,62907.0,박민우,468,3.0,True,KBO,onbase_obp_minus_avg
2025,SSG,53827.0,에레디아,415,1.0,False,KBO,onbase_obp_minus_avg
2025,SSG,67893.0,박성한,538,3.0,True,KBO,onbase_obp_minus_avg
2025,SSG,75847.0,최정,406,2.0,True,KBO,onbase_obp_minus_avg
2025,두산,55208.0,케이브,593,2.0,False,KBO,onbase_obp_minus_avg
2025,두산,76232.0,양의지,517,1.0,False,KBO,onbase_obp_minus_avg
2025,두산,78224.0,김재환,407,3.0,True,KBO,onbase_obp_minus_avg
2025,롯데,52591.0,윤동희,399,2.0,True,KBO,onbase_obp_minus_avg
2025,롯데,54529.0,레이예스,643,1.0,False,KBO,onbase_obp_minus_avg
2025,롯데,78513.0,전준우,472,3.0,False,KBO,onbase_obp_minus_avg
2025,삼성,54400.0,디아즈,628,1.0,False,KBO,onbase_obp_minus_avg
2025,삼성,62404.0,구자욱,616,3.0,True,KBO,onbase_obp_minus_avg
2025,삼성,67449.0,김성윤,538,2.0,True,KBO,onbase_obp_minus_avg
2025,키움,50167.0,이주형,531,3.0,True,KBO,onbase_obp_minus_avg
2025,키움,65357.0,송성문,646,1.0,False,KBO,onbase_obp_minus_avg
2025,키움,76267.0,최주환,506,2.0,False,KBO,onbase_obp_minus_avg
2025,한화,53764.0,문현빈,592,3.0,False,KBO,onbase_obp_minus_avg
2025,한화,69737.0,노시환,624,1.0,True,KBO,onbase_obp_minus_avg
2025,한화,78288.0,최재훈,348,2.0,True,KBO,onbase_obp_minus_avg
2021,KIA,62234.0,류지혁,327,3.0,True,KBO,prod_woba
2021,KIA,66606.0,최원준,668,2.0,True,KBO,prod_woba
2021,KIA,78603.0,김선빈,564,1.0,True,KBO,prod_woba
2021,KT,68050.0,강백호,627,1.0,True,KBO,prod_woba
2021,KT,74339.0,유한준,337,2.0,True,KBO,prod_woba
2021,KT,76313.0,황재균,507,3.0,True,KBO,prod_woba
2021,LG,66108.0,홍창기,651,1.0,True,KBO,prod_woba
2021,LG,76290.0,김현수,595,2.0,True,KBO,prod_woba
2021,LG,79192.0,채은성,448,3.0,True,KBO,prod_woba
2021,NC,50923.0,알테어,565,2.0,True,KBO,prod_woba
2021,NC,62947.0,나성범,623,3.0,False,KBO,prod_woba
2021,NC,76232.0,양의지,570,1.0,True,KBO,prod_woba
2021,SSG,51817.0,추신수,580,3.0,True,KBO,prod_woba
2021,SSG,62895.0,한유섬,519,2.0,True,KBO,prod_woba
2021,SSG,75847.0,최정,555,1.0,True,KBO,prod_woba
2021,두산,69209.0,페르난데스,617,3.0,True,KBO,prod_woba
2021,두산,78224.0,김재환,566,1.0,True,KBO,prod_woba
2021,두산,79215.0,박건우,525,2.0,True,KBO,prod_woba
2021,롯데,60523.0,정훈,560,3.0,True,KBO,prod_woba
2021,롯데,78513.0,전준우,619,1.0,True,KBO,prod_woba
2021,롯데,79608.0,안치홍,490,2.0,True,KBO,prod_woba
2021,삼성,51463.0,피렐라,621,3.0,True,KBO,prod_woba
2021,삼성,62404.0,구자욱,610,1.0,True,KBO,prod_woba
2021,삼성,75334.0,오재일,484,2.0,True,KBO,prod_woba
2021,키움,67341.0,이정후,544,1.0,True,KBO,prod_woba
2021,키움,74163.0,이용규,547,3.0,True,KBO,prod_woba
2021,키움,79365.0,박동원,481,2.0,False,KBO,prod_woba
2021,한화,68743.0,정은원,608,2.0,True,KBO,prod_woba
2021,한화,69737.0,노시환,458,1.0,True,KBO,prod_woba
2021,한화,78288.0,최재훈,467,3.0,True,KBO,prod_woba
2022,KIA,52630.0,소크라테스,554,2.0,True,KBO,prod_woba
2022,KIA,62947.0,나성범,649,1.0,True,KBO,prod_woba
2022,KIA,72443.0,최형우,530,3.0,True,KBO,prod_woba
2022,KT,52009.0,알포드,323,2.0,True,KBO,prod_woba
2022,KT,75125.0,박병호,487,1.0,True,KBO,prod_woba
2022,KT,78548.0,장성우,420,3.0,True,KBO,prod_woba
2022,LG,68119.0,문성주,390,1.0,True,KBO,prod_woba
2022,LG,69102.0,문보경,466,3.0,True,KBO,prod_woba
2022,LG,76290.0,김현수,604,2.0,True,KBO,prod_woba
2022,NC,52904.0,마티니,576,3.0,True,KBO,prod_woba
2022,NC,76232.0,양의지,510,2.0,True,KBO,prod_woba
2022,NC,79215.0,박건우,463,1.0,True,KBO,prod_woba
2022,SSG,51817.0,추신수,499,3.0,True,KBO,prod_woba
2022,SSG,62895.0,한유섬,545,2.0,True,KBO,prod_woba
2022,SSG,75847.0,최정,505,1.0,True,KBO,prod_woba
2022,두산,69209.0,페르난데스,550,3.0,True,KBO,prod_woba
2022,두산,78224.0,김재환,517,1.0,True,KBO,prod_woba
2022,두산,79240.0,허경민,493,2.0,True,KBO,prod_woba
2022,롯데,68525.0,한동희,499,2.0,True,KBO,prod_woba
2022,롯데,71564.0,이대호,591,1.0,True,KBO,prod_woba
2022,롯데,79608.0,안치홍,562,3.0,True,KBO,prod_woba
2022,삼성,51463.0,피렐라,630,1.0,True,KBO,prod_woba
2022,삼성,75334.0,오재일,536,2.0,True,KBO,prod_woba
2022,삼성,75566.0,이원석,335,3.0,True,KBO,prod_woba
2022,키움,52366.0,푸이그,547,2.0,True,KBO,prod_woba
2022,키움,67304.0,김혜성,566,3.0,True,KBO,prod_woba
2022,키움,67341.0,이정후,627,1.0,True,KBO,prod_woba
2022,한화,52712.0,터크먼,648,1.0,True,KBO,prod_woba
2022,한화,68743.0,정은원,601,2.0,True,KBO,prod_woba
2022,한화,69737.0,노시환,490,3.0,True,KBO,prod_woba
2023,KIA,52605.0,김도영,384,2.0,True,KBO,prod_woba
2023,KIA,52630.0,소크라테스,608,3.0,True,KBO,prod_woba
2023,KIA,72443.0,최형우,508,1.0,True,KBO,prod_woba
2023,KT,52009.0,알포드,547,1.0,True,KBO,prod_woba
2023,KT,75125.0,박병호,493,2.0,True,KBO,prod_woba
2023,KT,76313.0,황재균,457,3.0,True,KBO,prod_woba
2023,LG,53123.0,오스틴,583,2.0,True,KBO,prod_woba
2023,LG,66108.0,홍창기,643,1.0,True,KBO,prod_woba
2023,LG,69102.0,문보경,542,3.0,True,KBO,prod_woba
2023,NC,63963.0,권희동,373,3.0,True,KBO,prod_woba
2023,NC,77532.0,손아섭,609,2.0,True,KBO,prod_woba
2023,NC,79215.0,박건우,533,1.0,True,KBO,prod_woba
2023,SSG,51817.0,추신수,462,3.0,True,KBO,prod_woba
2023,SSG,53827.0,에레디아,523,2.0,True,KBO,prod_woba
2023,SSG,75847.0,최정,552,1.0,True,KBO,prod_woba
2023,두산,53211.0,로하스,464,2.0,True,KBO,prod_woba
2023,두산,76232.0,양의지,510,1.0,True,KBO,prod_woba
2023,두산,79231.0,정수빈,583,3.0,True,KBO,prod_woba
2023,롯데,62802.0,박승욱,338,3.0,True,KBO,prod_woba
2023,롯데,78513.0,전준우,559,1.0,True,KBO,prod_woba
2023,롯데,79608.0,안치홍,494,2.0,True,KBO,prod_woba
2023,삼성,50458.0,김지찬,355,3.0,True,KBO,prod_woba
2023,삼성,62404.0,구자욱,515,1.0,True,KBO,prod_woba
2023,삼성,74540.0,강민호,495,2.0,True,KBO,prod_woba
2023,키움,51344.0,김휘집,435,3.0,False,KBO,prod_woba
2023,키움,67304.0,김혜성,621,2.0,True,KBO,prod_woba
2023,키움,67341.0,이정후,387,1.0,True,KBO,prod_woba
2023,한화,69737.0,노시환,595,1.0,True,KBO,prod_woba
2023,한화,78288.0,최재훈,417,3.0,True,KBO,prod_woba
2023,한화,79192.0,채은성,596,2.0,True,KBO,prod_woba
2024,KIA,52605.0,김도영,625,1.0,True,KBO,prod_woba
2024,KIA,52630.0,소크라테스,602,2.0,True,KBO,prod_woba
2024,KIA,62947.0,나성범,424,3.0,True,KBO,prod_woba
2024,KT,64004.0,김민혁,393,2.0,True,KBO,prod_woba
2024,KT,67025.0,로하스,670,1.0,True,KBO,prod_woba
2024,KT,68050.0,강백호,614,3.0,True,KBO,prod_woba
2024,LG,53123.0,오스틴,604,1.0,True,KBO,prod_woba
2024,LG,66108.0,홍창기,636,2.0,True,KBO,prod_woba
2024,LG,69102.0,문보경,602,3.0,True,KBO,prod_woba
2024,NC,54944.0,데이비슨,567,1.0,True,KBO,prod_woba
2024,NC,63963.0,권희동,511,3.0,True,KBO,prod_woba
2024,NC,79215.0,박건우,362,2.0,True,KBO,prod_woba
2024,SSG,53827.0,에레디아,591,2.0,True,KBO,prod_woba
2024,SSG,67893.0,박성한,564,3.0,True,KBO,prod_woba
2024,SSG,75847.0,최정,550,1.0,True,KBO,prod_woba
2024,두산,76232.0,양의지,484,2.0,True,KBO,prod_woba
2024,두산,78224.0,김재환,552,1.0,True,KBO,prod_woba
2024,두산,79240.0,허경민,477,3.0,True,KBO,prod_woba
2024,롯데,50150.0,손호영,428,3.0,True,KBO,prod_woba
2024,롯데,51551.0,나승엽,489,1.0,True,KBO,prod_woba
2024,롯데,54529.0,레이예스,632,2.0,True,KBO,prod_woba
2024,삼성,50458.0,김지찬,535,3.0,True,KBO,prod_woba
2024,삼성,62404.0,구자욱,568,1.0,True,KBO,prod_woba
2024,삼성,74540.0,강민호,452,2.0,True,KBO,prod_woba
2024,키움,53327.0,도슨,428,2.0,True,KBO,prod_woba
2024,키움,65357.0,송성문,602,1.0,True,KBO,prod_woba
2024,키움,67304.0,김혜성,567,3.0,True,KBO,prod_woba
2024,한화,54730.0,페라자,521,1.0,True,KBO,prod_woba
2024,한화,79192.0,채은성,498,3.0,False,KBO,prod_woba
2024,한화,79608.0,안치홍,533,2.0,True,KBO,prod_woba
2025,KIA,62947.0,나성범,310,3.0,True,KBO,prod_woba
2025,KIA,72443.0,최형우,549,1.0,True,KBO,prod_woba
2025,KIA,78603.0,김선빈,308,2.0,True,KBO,prod_woba
2025,KT,52001.0,안현민,482,1.0,True,KBO,prod_woba
2025,KT,67025.0,로하스,384,3.0,False,KBO,prod_woba
2025,KT,68050.0,강백호,369,2.0,True,KBO,prod_woba
2025,LG,53123.0,오스틴,499,1.0,True,KBO,prod_woba
2025,LG,69102.0,문보경,607,2.0,True,KBO,prod_woba
2025,LG,76290.0,김현수,552,3.0,True,KBO,prod_woba
2025,NC,51907.0,김주원,624,2.0,True,KBO,prod_woba
2025,NC,54944.0,데이비슨,439,1.0,True,KBO,prod_woba
2025,NC,62907.0,박민우,468,3.0,True,KBO,prod_woba
2025,SSG,53827.0,에레디아,415,1.0,True,KBO,prod_woba
2025,SSG,67893.0,박성한,538,3.0,True,KBO,prod_woba
2025,SSG,75847.0,최정,406,2.0,True,KBO,prod_woba
2025,두산,55208.0,케이브,593,2.0,True,KBO,prod_woba
2025,두산,76232.0,양의지,517,1.0,True,KBO,prod_woba
2025,두산,78224.0,김재환,407,3.0,True,KBO,prod_woba
2025,롯데,52591.0,윤동희,399,2.0,True,KBO,prod_woba
2025,롯데,54529.0,레이예스,643,1.0,True,KBO,prod_woba
2025,롯데,78513.0,전준우,472,3.0,True,KBO,prod_woba
2025,삼성,54400.0,디아즈,628,1.0,True,KBO,prod_woba
2025,삼성,62404.0,구자욱,616,3.0,True,KBO,prod_woba
2025,삼성,67449.0,김성윤,538,2.0,True,KBO,prod_woba
2025,키움,50167.0,이주형,531,3.0,False,KBO,prod_woba
2025,키움,65357.0,송성문,646,1.0,True,KBO,prod_woba
2025,키움,76267.0,최주환,506,2.0,False,KBO,prod_woba
2025,한화,53764.0,문현빈,592,3.0,True,KBO,prod_woba
2025,한화,69737.0,노시환,624,1.0,True,KBO,prod_woba
2025,한화,78288.0,최재훈,348,2.0,True,KBO,prod_woba
2021,KIA,62234.0,류지혁,327,3.0,True,KBO,prod_wrc_pf
2021,KIA,66606.0,최원준,668,2.0,True,KBO,prod_wrc_pf
2021,KIA,78603.0,김선빈,564,1.0,True,KBO,prod_wrc_pf
2021,KT,68050.0,강백호,627,1.0,True,KBO,prod_wrc_pf
2021,KT,74339.0,유한준,337,2.0,True,KBO,prod_wrc_pf
2021,KT,76313.0,황재균,507,3.0,True,KBO,prod_wrc_pf
2021,LG,66108.0,홍창기,651,1.0,True,KBO,prod_wrc_pf
2021,LG,76290.0,김현수,595,2.0,True,KBO,prod_wrc_pf
2021,LG,79192.0,채은성,448,3.0,True,KBO,prod_wrc_pf
2021,NC,50923.0,알테어,565,2.0,True,KBO,prod_wrc_pf
2021,NC,62947.0,나성범,623,3.0,False,KBO,prod_wrc_pf
2021,NC,76232.0,양의지,570,1.0,True,KBO,prod_wrc_pf
2021,SSG,51817.0,추신수,580,3.0,True,KBO,prod_wrc_pf
2021,SSG,62895.0,한유섬,519,2.0,True,KBO,prod_wrc_pf
2021,SSG,75847.0,최정,555,1.0,True,KBO,prod_wrc_pf
2021,두산,69209.0,페르난데스,617,3.0,True,KBO,prod_wrc_pf
2021,두산,78224.0,김재환,566,1.0,True,KBO,prod_wrc_pf
2021,두산,79215.0,박건우,525,2.0,True,KBO,prod_wrc_pf
2021,롯데,60523.0,정훈,560,3.0,True,KBO,prod_wrc_pf
2021,롯데,78513.0,전준우,619,1.0,True,KBO,prod_wrc_pf
2021,롯데,79608.0,안치홍,490,2.0,True,KBO,prod_wrc_pf
2021,삼성,51463.0,피렐라,621,3.0,True,KBO,prod_wrc_pf
2021,삼성,62404.0,구자욱,610,1.0,True,KBO,prod_wrc_pf
2021,삼성,75334.0,오재일,484,2.0,True,KBO,prod_wrc_pf
2021,키움,67341.0,이정후,544,1.0,True,KBO,prod_wrc_pf
2021,키움,74163.0,이용규,547,3.0,True,KBO,prod_wrc_pf
2021,키움,79365.0,박동원,481,2.0,False,KBO,prod_wrc_pf
2021,한화,68743.0,정은원,608,2.0,True,KBO,prod_wrc_pf
2021,한화,69737.0,노시환,458,1.0,True,KBO,prod_wrc_pf
2021,한화,78288.0,최재훈,467,3.0,True,KBO,prod_wrc_pf
2022,KIA,52630.0,소크라테스,554,2.0,True,KBO,prod_wrc_pf
2022,KIA,62947.0,나성범,649,1.0,True,KBO,prod_wrc_pf
2022,KIA,72443.0,최형우,530,3.0,True,KBO,prod_wrc_pf
2022,KT,52009.0,알포드,323,2.0,True,KBO,prod_wrc_pf
2022,KT,75125.0,박병호,487,1.0,True,KBO,prod_wrc_pf
2022,KT,78548.0,장성우,420,3.0,True,KBO,prod_wrc_pf
2022,LG,68119.0,문성주,390,1.0,True,KBO,prod_wrc_pf
2022,LG,69102.0,문보경,466,3.0,True,KBO,prod_wrc_pf
2022,LG,76290.0,김현수,604,2.0,True,KBO,prod_wrc_pf
2022,NC,52904.0,마티니,576,3.0,True,KBO,prod_wrc_pf
2022,NC,76232.0,양의지,510,2.0,True,KBO,prod_wrc_pf
2022,NC,79215.0,박건우,463,1.0,True,KBO,prod_wrc_pf
2022,SSG,51817.0,추신수,499,3.0,True,KBO,prod_wrc_pf
2022,SSG,62895.0,한유섬,545,2.0,True,KBO,prod_wrc_pf
2022,SSG,75847.0,최정,505,1.0,True,KBO,prod_wrc_pf
2022,두산,69209.0,페르난데스,550,3.0,True,KBO,prod_wrc_pf
2022,두산,78224.0,김재환,517,1.0,True,KBO,prod_wrc_pf
2022,두산,79240.0,허경민,493,2.0,True,KBO,prod_wrc_pf
2022,롯데,68525.0,한동희,499,2.0,True,KBO,prod_wrc_pf
2022,롯데,71564.0,이대호,591,1.0,True,KBO,prod_wrc_pf
2022,롯데,79608.0,안치홍,562,3.0,True,KBO,prod_wrc_pf
2022,삼성,51463.0,피렐라,630,1.0,True,KBO,prod_wrc_pf
2022,삼성,75334.0,오재일,536,2.0,True,KBO,prod_wrc_pf
2022,삼성,75566.0,이원석,335,3.0,True,KBO,prod_wrc_pf
2022,키움,52366.0,푸이그,547,2.0,True,KBO,prod_wrc_pf
2022,키움,67304.0,김혜성,566,3.0,True,KBO,prod_wrc_pf
2022,키움,67341.0,이정후,627,1.0,True,KBO,prod_wrc_pf
2022,한화,52712.0,터크먼,648,1.0,True,KBO,prod_wrc_pf
2022,한화,68743.0,정은원,601,2.0,True,KBO,prod_wrc_pf
2022,한화,69737.0,노시환,490,3.0,True,KBO,prod_wrc_pf
2023,KIA,52605.0,김도영,384,2.0,True,KBO,prod_wrc_pf
2023,KIA,52630.0,소크라테스,608,3.0,True,KBO,prod_wrc_pf
2023,KIA,72443.0,최형우,508,1.0,True,KBO,prod_wrc_pf
2023,KT,52009.0,알포드,547,1.0,True,KBO,prod_wrc_pf
2023,KT,75125.0,박병호,493,2.0,True,KBO,prod_wrc_pf
2023,KT,76313.0,황재균,457,3.0,True,KBO,prod_wrc_pf
2023,LG,53123.0,오스틴,583,2.0,True,KBO,prod_wrc_pf
2023,LG,66108.0,홍창기,643,1.0,True,KBO,prod_wrc_pf
2023,LG,69102.0,문보경,542,3.0,True,KBO,prod_wrc_pf
2023,NC,63963.0,권희동,373,3.0,True,KBO,prod_wrc_pf
2023,NC,77532.0,손아섭,609,2.0,True,KBO,prod_wrc_pf
2023,NC,79215.0,박건우,533,1.0,True,KBO,prod_wrc_pf
2023,SSG,51817.0,추신수,462,3.0,True,KBO,prod_wrc_pf
2023,SSG,53827.0,에레디아,523,2.0,True,KBO,prod_wrc_pf
2023,SSG,75847.0,최정,552,1.0,True,KBO,prod_wrc_pf
2023,두산,53211.0,로하스,464,2.0,True,KBO,prod_wrc_pf
2023,두산,76232.0,양의지,510,1.0,True,KBO,prod_wrc_pf
2023,두산,79231.0,정수빈,583,3.0,True,KBO,prod_wrc_pf
2023,롯데,62802.0,박승욱,338,3.0,True,KBO,prod_wrc_pf
2023,롯데,78513.0,전준우,559,1.0,True,KBO,prod_wrc_pf
2023,롯데,79608.0,안치홍,494,2.0,True,KBO,prod_wrc_pf
2023,삼성,50458.0,김지찬,355,3.0,True,KBO,prod_wrc_pf
2023,삼성,62404.0,구자욱,515,1.0,True,KBO,prod_wrc_pf
2023,삼성,74540.0,강민호,495,2.0,True,KBO,prod_wrc_pf
2023,키움,51344.0,김휘집,435,3.0,False,KBO,prod_wrc_pf
2023,키움,67304.0,김혜성,621,2.0,True,KBO,prod_wrc_pf
2023,키움,67341.0,이정후,387,1.0,True,KBO,prod_wrc_pf
2023,한화,69737.0,노시환,595,1.0,True,KBO,prod_wrc_pf
2023,한화,78288.0,최재훈,417,3.0,True,KBO,prod_wrc_pf
2023,한화,79192.0,채은성,596,2.0,True,KBO,prod_wrc_pf
2024,KIA,52605.0,김도영,625,1.0,True,KBO,prod_wrc_pf
2024,KIA,52630.0,소크라테스,602,2.0,True,KBO,prod_wrc_pf
2024,KIA,62947.0,나성범,424,3.0,True,KBO,prod_wrc_pf
2024,KT,64004.0,김민혁,393,2.0,True,KBO,prod_wrc_pf
2024,KT,67025.0,로하스,670,1.0,True,KBO,prod_wrc_pf
2024,KT,68050.0,강백호,614,3.0,True,KBO,prod_wrc_pf
2024,LG,53123.0,오스틴,604,1.0,True,KBO,prod_wrc_pf
2024,LG,66108.0,홍창기,636,2.0,True,KBO,prod_wrc_pf
2024,LG,69102.0,문보경,602,3.0,True,KBO,prod_wrc_pf
2024,NC,54944.0,데이비슨,567,1.0,True,KBO,prod_wrc_pf
2024,NC,63963.0,권희동,511,3.0,True,KBO,prod_wrc_pf
2024,NC,79215.0,박건우,362,2.0,True,KBO,prod_wrc_pf
2024,SSG,53827.0,에레디아,591,2.0,True,KBO,prod_wrc_pf
2024,SSG,67893.0,박성한,564,3.0,True,KBO,prod_wrc_pf
2024,SSG,75847.0,최정,550,1.0,True,KBO,prod_wrc_pf
2024,두산,76232.0,양의지,484,2.0,True,KBO,prod_wrc_pf
2024,두산,78224.0,김재환,552,1.0,True,KBO,prod_wrc_pf
2024,두산,79240.0,허경민,477,3.0,True,KBO,prod_wrc_pf
2024,롯데,50150.0,손호영,428,3.0,True,KBO,prod_wrc_pf
2024,롯데,51551.0,나승엽,489,1.0,True,KBO,prod_wrc_pf
2024,롯데,54529.0,레이예스,632,2.0,True,KBO,prod_wrc_pf
2024,삼성,50458.0,김지찬,535,3.0,True,KBO,prod_wrc_pf
2024,삼성,62404.0,구자욱,568,1.0,True,KBO,prod_wrc_pf
2024,삼성,74540.0,강민호,452,2.0,True,KBO,prod_wrc_pf
2024,키움,53327.0,도슨,428,2.0,True,KBO,prod_wrc_pf
2024,키움,65357.0,송성문,602,1.0,True,KBO,prod_wrc_pf
2024,키움,67304.0,김혜성,567,3.0,True,KBO,prod_wrc_pf
2024,한화,54730.0,페라자,521,1.0,True,KBO,prod_wrc_pf
2024,한화,79192.0,채은성,498,3.0,False,KBO,prod_wrc_pf
2024,한화,79608.0,안치홍,533,2.0,True,KBO,prod_wrc_pf
2025,KIA,62947.0,나성범,310,3.0,True,KBO,prod_wrc_pf
2025,KIA,72443.0,최형우,549,1.0,True,KBO,prod_wrc_pf
2025,KIA,78603.0,김선빈,308,2.0,True,KBO,prod_wrc_pf
2025,KT,52001.0,안현민,482,1.0,True,KBO,prod_wrc_pf
2025,KT,67025.0,로하스,384,3.0,False,KBO,prod_wrc_pf
2025,KT,68050.0,강백호,369,2.0,True,KBO,prod_wrc_pf
2025,LG,53123.0,오스틴,499,1.0,True,KBO,prod_wrc_pf
2025,LG,69102.0,문보경,607,2.0,True,KBO,prod_wrc_pf
2025,LG,76290.0,김현수,552,3.0,True,KBO,prod_wrc_pf
2025,NC,51907.0,김주원,624,2.0,True,KBO,prod_wrc_pf
2025,NC,54944.0,데이비슨,439,1.0,True,KBO,prod_wrc_pf
2025,NC,62907.0,박민우,468,3.0,True,KBO,prod_wrc_pf
2025,SSG,53827.0,에레디아,415,1.0,True,KBO,prod_wrc_pf
2025,SSG,67893.0,박성한,538,3.0,True,KBO,prod_wrc_pf
2025,SSG,75847.0,최정,406,2.0,True,KBO,prod_wrc_pf
2025,두산,55208.0,케이브,593,2.0,True,KBO,prod_wrc_pf
2025,두산,76232.0,양의지,517,1.0,True,KBO,prod_wrc_pf
2025,두산,78224.0,김재환,407,3.0,True,KBO,prod_wrc_pf
2025,롯데,52591.0,윤동희,399,2.0,True,KBO,prod_wrc_pf
2025,롯데,54529.0,레이예스,643,1.0,True,KBO,prod_wrc_pf
2025,롯데,78513.0,전준우,472,3.0,True,KBO,prod_wrc_pf
2025,삼성,54400.0,디아즈,628,1.0,True,KBO,prod_wrc_pf
2025,삼성,62404.0,구자욱,616,3.0,True,KBO,prod_wrc_pf
2025,삼성,67449.0,김성윤,538,2.0,True,KBO,prod_wrc_pf
2025,키움,50167.0,이주형,531,3.0,False,KBO,prod_wrc_pf
2025,키움,65357.0,송성문,646,1.0,True,KBO,prod_wrc_pf
2025,키움,76267.0,최주환,506,2.0,False,KBO,prod_wrc_pf
2025,한화,53764.0,문현빈,592,3.0,True,KBO,prod_wrc_pf
2025,한화,69737.0,노시환,624,1.0,True,KBO,prod_wrc_pf
2025,한화,78288.0,최재훈,348,2.0,True,KBO,prod_wrc_pf
2021,KIA,62234.0,류지혁,327,3.0,True,KBO,weights_alt
2021,KIA,66606.0,최원준,668,2.0,True,KBO,weights_alt
2021,KIA,78603.0,김선빈,564,1.0,True,KBO,weights_alt
2021,KT,68050.0,강백호,627,1.0,True,KBO,weights_alt
2021,KT,74339.0,유한준,337,2.0,True,KBO,weights_alt
2021,KT,76313.0,황재균,507,3.0,True,KBO,weights_alt
2021,LG,66108.0,홍창기,651,1.0,True,KBO,weights_alt
2021,LG,76290.0,김현수,595,2.0,True,KBO,weights_alt
2021,LG,79192.0,채은성,448,3.0,True,KBO,weights_alt
2021,NC,50923.0,알테어,565,2.0,True,KBO,weights_alt
2021,NC,62947.0,나성범,623,3.0,False,KBO,weights_alt
2021,NC,76232.0,양의지,570,1.0,True,KBO,weights_alt
2021,SSG,51817.0,추신수,580,3.0,True,KBO,weights_alt
2021,SSG,62895.0,한유섬,519,2.0,True,KBO,weights_alt
2021,SSG,75847.0,최정,555,1.0,True,KBO,weights_alt
2021,두산,69209.0,페르난데스,617,3.0,True,KBO,weights_alt
2021,두산,78224.0,김재환,566,1.0,True,KBO,weights_alt
2021,두산,79215.0,박건우,525,2.0,True,KBO,weights_alt
2021,롯데,60523.0,정훈,560,3.0,True,KBO,weights_alt
2021,롯데,78513.0,전준우,619,1.0,True,KBO,weights_alt
2021,롯데,79608.0,안치홍,490,2.0,True,KBO,weights_alt
2021,삼성,51463.0,피렐라,621,3.0,True,KBO,weights_alt
2021,삼성,62404.0,구자욱,610,1.0,True,KBO,weights_alt
2021,삼성,75334.0,오재일,484,2.0,True,KBO,weights_alt
2021,키움,67341.0,이정후,544,1.0,True,KBO,weights_alt
2021,키움,74163.0,이용규,547,3.0,True,KBO,weights_alt
2021,키움,79365.0,박동원,481,2.0,False,KBO,weights_alt
2021,한화,68743.0,정은원,608,2.0,True,KBO,weights_alt
2021,한화,69737.0,노시환,458,1.0,True,KBO,weights_alt
2021,한화,78288.0,최재훈,467,3.0,True,KBO,weights_alt
2022,KIA,52630.0,소크라테스,554,2.0,True,KBO,weights_alt
2022,KIA,62947.0,나성범,649,1.0,True,KBO,weights_alt
2022,KIA,72443.0,최형우,530,3.0,True,KBO,weights_alt
2022,KT,52009.0,알포드,323,2.0,True,KBO,weights_alt
2022,KT,75125.0,박병호,487,1.0,True,KBO,weights_alt
2022,KT,78548.0,장성우,420,3.0,True,KBO,weights_alt
2022,LG,68119.0,문성주,390,1.0,True,KBO,weights_alt
2022,LG,69102.0,문보경,466,3.0,True,KBO,weights_alt
2022,LG,76290.0,김현수,604,2.0,True,KBO,weights_alt
2022,NC,52904.0,마티니,576,3.0,True,KBO,weights_alt
2022,NC,76232.0,양의지,510,2.0,True,KBO,weights_alt
2022,NC,79215.0,박건우,463,1.0,True,KBO,weights_alt
2022,SSG,51817.0,추신수,499,3.0,True,KBO,weights_alt
2022,SSG,62895.0,한유섬,545,2.0,True,KBO,weights_alt
2022,SSG,75847.0,최정,505,1.0,True,KBO,weights_alt
2022,두산,69209.0,페르난데스,550,3.0,True,KBO,weights_alt
2022,두산,78224.0,김재환,517,1.0,True,KBO,weights_alt
2022,두산,79240.0,허경민,493,2.0,True,KBO,weights_alt
2022,롯데,68525.0,한동희,499,2.0,True,KBO,weights_alt
2022,롯데,71564.0,이대호,591,1.0,True,KBO,weights_alt
2022,롯데,79608.0,안치홍,562,3.0,True,KBO,weights_alt
2022,삼성,51463.0,피렐라,630,1.0,True,KBO,weights_alt
2022,삼성,75334.0,오재일,536,2.0,True,KBO,weights_alt
2022,삼성,75566.0,이원석,335,3.0,True,KBO,weights_alt
2022,키움,52366.0,푸이그,547,2.0,True,KBO,weights_alt
2022,키움,67304.0,김혜성,566,3.0,True,KBO,weights_alt
2022,키움,67341.0,이정후,627,1.0,True,KBO,weights_alt
2022,한화,52712.0,터크먼,648,1.0,True,KBO,weights_alt
2022,한화,68743.0,정은원,601,2.0,True,KBO,weights_alt
2022,한화,69737.0,노시환,490,3.0,True,KBO,weights_alt
2023,KIA,52605.0,김도영,384,2.0,True,KBO,weights_alt
2023,KIA,52630.0,소크라테스,608,3.0,True,KBO,weights_alt
2023,KIA,72443.0,최형우,508,1.0,True,KBO,weights_alt
2023,KT,52009.0,알포드,547,1.0,True,KBO,weights_alt
2023,KT,75125.0,박병호,493,3.0,True,KBO,weights_alt
2023,KT,76313.0,황재균,457,2.0,True,KBO,weights_alt
2023,LG,53123.0,오스틴,583,2.0,True,KBO,weights_alt
2023,LG,66108.0,홍창기,643,1.0,True,KBO,weights_alt
2023,LG,69102.0,문보경,542,3.0,True,KBO,weights_alt
2023,NC,63963.0,권희동,373,3.0,True,KBO,weights_alt
2023,NC,77532.0,손아섭,609,2.0,True,KBO,weights_alt
2023,NC,79215.0,박건우,533,1.0,True,KBO,weights_alt
2023,SSG,51817.0,추신수,462,3.0,True,KBO,weights_alt
2023,SSG,53827.0,에레디아,523,2.0,True,KBO,weights_alt
2023,SSG,75847.0,최정,552,1.0,True,KBO,weights_alt
2023,두산,53211.0,로하스,464,2.0,True,KBO,weights_alt
2023,두산,76232.0,양의지,510,1.0,True,KBO,weights_alt
2023,두산,79231.0,정수빈,583,3.0,True,KBO,weights_alt
2023,롯데,62802.0,박승욱,338,3.0,True,KBO,weights_alt
2023,롯데,78513.0,전준우,559,1.0,True,KBO,weights_alt
2023,롯데,79608.0,안치홍,494,2.0,True,KBO,weights_alt
2023,삼성,50458.0,김지찬,355,3.0,True,KBO,weights_alt
2023,삼성,62404.0,구자욱,515,1.0,True,KBO,weights_alt
2023,삼성,74540.0,강민호,495,2.0,True,KBO,weights_alt
2023,키움,51344.0,김휘집,435,3.0,False,KBO,weights_alt
2023,키움,67304.0,김혜성,621,2.0,True,KBO,weights_alt
2023,키움,67341.0,이정후,387,1.0,True,KBO,weights_alt
2023,한화,66657.0,이진영,422,3.0,True,KBO,weights_alt
2023,한화,69737.0,노시환,595,1.0,True,KBO,weights_alt
2023,한화,79192.0,채은성,596,2.0,True,KBO,weights_alt
2024,KIA,52605.0,김도영,625,1.0,True,KBO,weights_alt
2024,KIA,52630.0,소크라테스,602,2.0,True,KBO,weights_alt
2024,KIA,62947.0,나성범,424,3.0,True,KBO,weights_alt
2024,KT,64004.0,김민혁,393,2.0,True,KBO,weights_alt
2024,KT,67025.0,로하스,670,1.0,True,KBO,weights_alt
2024,KT,68050.0,강백호,614,3.0,True,KBO,weights_alt
2024,LG,53123.0,오스틴,604,1.0,True,KBO,weights_alt
2024,LG,66108.0,홍창기,636,2.0,True,KBO,weights_alt
2024,LG,69102.0,문보경,602,3.0,True,KBO,weights_alt
2024,NC,54944.0,데이비슨,567,1.0,True,KBO,weights_alt
2024,NC,63963.0,권희동,511,3.0,True,KBO,weights_alt
2024,NC,79215.0,박건우,362,2.0,True,KBO,weights_alt
2024,SSG,53827.0,에레디아,591,2.0,True,KBO,weights_alt
2024,SSG,67893.0,박성한,564,3.0,True,KBO,weights_alt
2024,SSG,75847.0,최정,550,1.0,True,KBO,weights_alt
2024,두산,76232.0,양의지,484,2.0,True,KBO,weights_alt
2024,두산,78224.0,김재환,552,1.0,True,KBO,weights_alt
2024,두산,79240.0,허경민,477,3.0,True,KBO,weights_alt
2024,롯데,50150.0,손호영,428,3.0,True,KBO,weights_alt
2024,롯데,51551.0,나승엽,489,1.0,True,KBO,weights_alt
2024,롯데,54529.0,레이예스,632,2.0,True,KBO,weights_alt
2024,삼성,50458.0,김지찬,535,3.0,True,KBO,weights_alt
2024,삼성,62404.0,구자욱,568,1.0,True,KBO,weights_alt
2024,삼성,74540.0,강민호,452,2.0,True,KBO,weights_alt
2024,키움,53327.0,도슨,428,2.0,True,KBO,weights_alt
2024,키움,65357.0,송성문,602,1.0,True,KBO,weights_alt
2024,키움,67304.0,김혜성,567,3.0,True,KBO,weights_alt
2024,한화,54730.0,페라자,521,1.0,True,KBO,weights_alt
2024,한화,79192.0,채은성,498,3.0,False,KBO,weights_alt
2024,한화,79608.0,안치홍,533,2.0,True,KBO,weights_alt
2025,KIA,62947.0,나성범,310,3.0,True,KBO,weights_alt
2025,KIA,72443.0,최형우,549,1.0,True,KBO,weights_alt
2025,KIA,78603.0,김선빈,308,2.0,True,KBO,weights_alt
2025,KT,52001.0,안현민,482,1.0,True,KBO,weights_alt
2025,KT,67025.0,로하스,384,3.0,False,KBO,weights_alt
2025,KT,68050.0,강백호,369,2.0,True,KBO,weights_alt
2025,LG,53123.0,오스틴,499,1.0,True,KBO,weights_alt
2025,LG,69102.0,문보경,607,2.0,True,KBO,weights_alt
2025,LG,76290.0,김현수,552,3.0,True,KBO,weights_alt
2025,NC,51907.0,김주원,624,2.0,True,KBO,weights_alt
2025,NC,54944.0,데이비슨,439,1.0,True,KBO,weights_alt
2025,NC,62907.0,박민우,468,3.0,True,KBO,weights_alt
2025,SSG,53827.0,에레디아,415,1.0,True,KBO,weights_alt
2025,SSG,67893.0,박성한,538,3.0,True,KBO,weights_alt
2025,SSG,75847.0,최정,406,2.0,True,KBO,weights_alt
2025,두산,55208.0,케이브,593,2.0,True,KBO,weights_alt
2025,두산,76232.0,양의지,517,1.0,True,KBO,weights_alt
2025,두산,78224.0,김재환,407,3.0,True,KBO,weights_alt
2025,롯데,52591.0,윤동희,399,2.0,True,KBO,weights_alt
2025,롯데,54529.0,레이예스,643,1.0,True,KBO,weights_alt
2025,롯데,78513.0,전준우,472,3.0,True,KBO,weights_alt
2025,삼성,54400.0,디아즈,628,1.0,True,KBO,weights_alt
2025,삼성,62404.0,구자욱,616,3.0,True,KBO,weights_alt
2025,삼성,67449.0,김성윤,538,2.0,True,KBO,weights_alt
2025,키움,50167.0,이주형,531,3.0,False,KBO,weights_alt
2025,키움,65357.0,송성문,646,1.0,True,KBO,weights_alt
2025,키움,76267.0,최주환,506,2.0,False,KBO,weights_alt
2025,한화,53764.0,문현빈,592,3.0,True,KBO,weights_alt
2025,한화,69737.0,노시환,624,1.0,True,KBO,weights_alt
2025,한화,78288.0,최재훈,348,2.0,True,KBO,weights_alt
2021,KIA,69652.0,터커,539,2.0,True,KBO,exante
2021,KIA,72443.0,최형우,446,1.0,True,KBO,exante
2021,KIA,78629.0,나지완,102,3.0,True,KBO,exante
2021,KT,68050.0,강백호,627,1.0,True,KBO,exante
2021,KT,73113.0,박경수,280,3.0,True,KBO,exante
2021,KT,76313.0,황재균,507,2.0,True,KBO,exante
2021,LG,50165.0,라모스,205,2.0,True,KBO,exante
2021,LG,76290.0,김현수,595,1.0,True,KBO,exante
2021,LG,78135.0,이형종,281,3.0,True,KBO,exante
2021,NC,62947.0,나성범,623,2.0,True,KBO,exante
2021,NC,74465.0,박석민,205,3.0,True,KBO,exante
2021,NC,76232.0,양의지,570,1.0,True,KBO,exante
2021,SSG,67872.0,로맥,421,1.0,True,KBO,exante
2021,SSG,75847.0,최정,555,2.0,True,KBO,exante
2021,SSG,76267.0,최주환,470,3.0,True,KBO,exante
2021,두산,69209.0,페르난데스,617,1.0,True,KBO,exante
2021,두산,78224.0,김재환,566,2.0,True,KBO,exante
2021,두산,79215.0,박건우,525,3.0,True,KBO,exante
2021,롯데,60523.0,정훈,560,2.0,True,KBO,exante
2021,롯데,77532.0,손아섭,610,1.0,True,KBO,exante
2021,롯데,78513.0,전준우,619,3.0,False,KBO,exante
2021,삼성,62404.0,구자욱,610,2.0,True,KBO,exante
2021,삼성,66838.0,김동엽,203,3.0,True,KBO,exante
2021,삼성,75334.0,오재일,484,1.0,True,KBO,exante
2021,키움,67341.0,이정후,544,1.0,True,KBO,exante
2021,키움,75125.0,박병호,476,3.0,True,KBO,exante
2021,키움,78168.0,서건창,333,2.0,True,KBO,exante
2021,한화,61208.0,정진호,167,3.0,False,KBO,exante
2021,한화,68743.0,정은원,608,2.0,True,KBO,exante
2021,한화,78288.0,최재훈,467,1.0,True,KBO,exante
2022,KIA,62947.0,나성범,649,1.0,False,KBO,exante
2022,KIA,78603.0,김선빈,587,3.0,True,KBO,exante
2022,KIA,79365.0,박동원,407,2.0,False,KBO,exante
2022,KT,64166.0,배정대,575,3.0,True,KBO,exante
2022,KT,68050.0,강백호,264,1.0,True,KBO,exante
2022,KT,76313.0,황재균,581,2.0,True,KBO,exante
2022,LG,66108.0,홍창기,525,1.0,True,KBO,exante
2022,LG,76290.0,김현수,604,2.0,True,KBO,exante
2022,LG,79192.0,채은성,526,3.0,True,KBO,exante
2022,NC,62931.0,노진혁,451,3.0,True,KBO,exante
2022,NC,76232.0,양의지,510,1.0,True,KBO,exante
2022,NC,79215.0,박건우,463,2.0,True,KBO,exante
2022,SSG,51817.0,추신수,499,3.0,True,KBO,exante
2022,SSG,62895.0,한유섬,545,2.0,True,KBO,exante
2022,SSG,75847.0,최정,505,1.0,True,KBO,exante
2022,두산,64153.0,양석환,446,3.0,False,KBO,exante
2022,두산,69209.0,페르난데스,550,2.0,True,KBO,exante
2022,두산,78224.0,김재환,517,1.0,True,KBO,exante
2022,롯데,60523.0,정훈,340,3.0,True,KBO,exante
2022,롯데,78513.0,전준우,517,1.0,True,KBO,exante
2022,롯데,79608.0,안치홍,562,2.0,True,KBO,exante
2022,삼성,51463.0,피렐라,630,3.0,True,KBO,exante
2022,삼성,62404.0,구자욱,442,1.0,True,KBO,exante
2022,삼성,75334.0,오재일,536,2.0,True,KBO,exante
2022,키움,67341.0,이정후,627,1.0,True,KBO,exante
2022,키움,74163.0,이용규,326,3.0,True,KBO,exante
2022,키움,79365.0,박동원,40,2.0,False,KBO,exante
2022,한화,68743.0,정은원,601,2.0,True,KBO,exante
2022,한화,69737.0,노시환,490,1.0,True,KBO,exante
2022,한화,78288.0,최재훈,437,3.0,True,KBO,exante
2023,KIA,52630.0,소크라테스,608,2.0,True,KBO,exante
2023,KIA,62947.0,나성범,253,1.0,True,KBO,exante
2023,KIA,72443.0,최형우,508,3.0,True,KBO,exante
2023,KT,52009.0,알포드,547,2.0,True,KBO,exante
2023,KT,75125.0,박병호,493,1.0,True,KBO,exante
2023,KT,78548.0,장성우,464,3.0,True,KBO,exante
2023,LG,68119.0,문성주,534,1.0,True,KBO,exante
2023,LG,69102.0,문보경,542,3.0,True,KBO,exante
2023,LG,76290.0,김현수,556,2.0,True,KBO,exante
2023,NC,51907.0,김주원,474,2.0,True,KBO,exante
2023,NC,77532.0,손아섭,609,3.0,True,KBO,exante
2023,NC,79215.0,박건우,533,1.0,True,KBO,exante
2023,SSG,51817.0,추신수,462,3.0,True,KBO,exante
2023,SSG,62895.0,한유섬,388,2.0,True,KBO,exante
2023,SSG,75847.0,최정,552,1.0,True,KBO,exante
2023,두산,76232.0,양의지,510,1.0,True,KBO,exante
2023,두산,78224.0,김재환,484,2.0,True,KBO,exante
2023,두산,79240.0,허경민,475,3.0,True,KBO,exante
2023,롯데,62931.0,노진혁,390,2.0,True,KBO,exante
2023,롯데,68525.0,한동희,353,1.0,True,KBO,exante
2023,롯데,79608.0,안치홍,494,3.0,True,KBO,exante
2023,삼성,51463.0,피렐라,605,1.0,True,KBO,exante
2023,삼성,75334.0,오재일,364,2.0,True,KBO,exante
2023,삼성,75566.0,이원석,72,3.0,True,KBO,exante
2023,키움,67304.0,김혜성,621,2.0,True,KBO,exante
2023,키움,67341.0,이정후,387,1.0,True,KBO,exante
2023,키움,75566.0,이원석,273,3.0,True,KBO,exante
2023,한화,68743.0,정은원,459,2.0,True,KBO,exante
2023,한화,69737.0,노시환,595,3.0,True,KBO,exante
2023,한화,79192.0,채은성,596,1.0,True,KBO,exante
2024,KIA,52605.0,김도영,625,2.0,True,KBO,exante
2024,KIA,52630.0,소크라테스,602,3.0,True,KBO,exante
2024,KIA,72443.0,최형우,487,1.0,True,KBO,exante
2024,KT,75125.0,박병호,121,1.0,True,KBO,exante
2024,KT,76313.0,황재균,536,2.0,True,KBO,exante
2024,KT,78548.0,장성우,489,3.0,True,KBO,exante
2024,LG,53123.0,오스틴,604,2.0,True,KBO,exante
2024,LG,66108.0,홍창기,636,1.0,True,KBO,exante
2024,LG,69102.0,문보경,602,3.0,True,KBO,exante
2024,NC,63963.0,권희동,511,3.0,True,KBO,exante
2024,NC,77532.0,손아섭,355,2.0,True,KBO,exante
2024,NC,79215.0,박건우,362,1.0,True,KBO,exante
2024,SSG,51817.0,추신수,302,3.0,True,KBO,exante
2024,SSG,53827.0,에레디아,591,2.0,True,KBO,exante
2024,SSG,75847.0,최정,550,1.0,True,KBO,exante
2024,두산,74206.0,김재호,154,3.0,True,KBO,exante
2024,두산,76232.0,양의지,484,1.0,True,KBO,exante
2024,두산,79231.0,정수빈,606,2.0,True,KBO,exante
2024,롯데,62802.0,박승욱,468,2.0,True,KBO,exante
2024,롯데,62931.0,노진혁,157,3.0,True,KBO,exante
2024,롯데,78513.0,전준우,483,1.0,True,KBO,exante
2024,삼성,50458.0,김지찬,535,3.0,True,KBO,exante
2024,삼성,62404.0,구자욱,568,1.0,True,KBO,exante
2024,삼성,74540.0,강민호,452,2.0,True,KBO,exante
2024,키움,51344.0,김휘집,196,2.0,False,KBO,exante
2024,키움,67304.0,김혜성,567,1.0,True,KBO,exante
2024,키움,76267.0,최주환,544,3.0,False,KBO,exante
2024,한화,69737.0,노시환,601,1.0,True,KBO,exante
2024,한화,79192.0,채은성,498,3.0,True,KBO,exante
2024,한화,79608.0,안치홍,533,2.0,True,KBO,exante
2025,KIA,52605.0,김도영,122,1.0,True,KBO,exante
2025,KIA,62947.0,나성범,310,2.0,True,KBO,exante
2025,KIA,72443.0,최형우,549,3.0,True,KBO,exante
2025,KT,64004.0,김민혁,417,2.0,True,KBO,exante
2025,KT,67025.0,로하스,384,1.0,True,KBO,exante
2025,KT,79240.0,허경민,481,3.0,True,KBO,exante
2025,LG,53123.0,오스틴,499,1.0,True,KBO,exante
2025,LG,66108.0,홍창기,215,2.0,True,KBO,exante
2025,LG,69102.0,문보경,607,3.0,True,KBO,exante
2025,NC,54944.0,데이비슨,439,1.0,True,KBO,exante
2025,NC,63963.0,권희동,456,3.0,True,KBO,exante
2025,NC,79215.0,박건우,442,2.0,True,KBO,exante
2025,SSG,53827.0,에레디아,415,2.0,True,KBO,exante
2025,SSG,67893.0,박성한,538,3.0,True,KBO,exante
2025,SSG,75847.0,최정,406,1.0,True,KBO,exante
2025,두산,64153.0,양석환,294,3.0,False,KBO,exante
2025,두산,76232.0,양의지,517,2.0,True,KBO,exante
2025,두산,78224.0,김재환,407,1.0,True,KBO,exante
2025,롯데,50150.0,손호영,375,3.0,True,KBO,exante
2025,롯데,51551.0,나승엽,392,1.0,True,KBO,exante
2025,롯데,54529.0,레이예스,643,2.0,True,KBO,exante
2025,삼성,50458.0,김지찬,373,3.0,True,KBO,exante
2025,삼성,62404.0,구자욱,616,1.0,True,KBO,exante
2025,삼성,74540.0,강민호,465,2.0,True,KBO,exante
2025,키움,50167.0,이주형,531,2.0,False,KBO,exante
2025,키움,65357.0,송성문,646,1.0,True,KBO,exante
2025,키움,76267.0,최주환,506,3.0,False,KBO,exante
2025,한화,66704.0,김태연,340,3.0,True,KBO,exante
2025,한화,79192.0,채은성,527,2.0,False,KBO,exante
2025,한화,79608.0,안치홍,196,1.0,True,KBO,exante
2021,OAK,643393.0,Tony Kemp,397,2.0,True,MLB,primary
2021,OAK,621566.0,Matt Olson,673,1.0,True,MLB,primary
2021,OAK,592192.0,Mark Canha,625,3.0,True,MLB,primary
2021,PIT,624428.0,Adam Frazier,428,2.0,True,MLB,primary
2021,PIT,668804.0,Bryan Reynolds,646,1.0,True,MLB,primary
2021,PIT,592325.0,Ben Gamel,383,3.0,True,MLB,primary
2021,SD,665487.0,Fernando Tatis Jr.,546,1.0,True,MLB,primary
2021,SD,592518.0,Manny Machado,640,2.0,True,MLB,primary
2021,SD,630105.0,Jake Cronenworth,643,3.0,True,MLB,primary
2021,SEA,664034.0,Ty France,650,1.0,True,MLB,primary
2021,SEA,641487.0,J.P. Crawford,687,3.0,True,MLB,primary
2021,SEA,571745.0,Mitch Haniger,691,2.0,True,MLB,primary
2021,SF,457763.0,Buster Posey,454,3.0,True,MLB,primary
2021,SF,474832.0,Brandon Belt,381,1.0,True,MLB,primary
2021,SF,573131.0,Darin Ruf,312,2.0,True,MLB,primary
2021,STL,502671.0,Paul Goldschmidt,679,2.0,True,MLB,primary
2021,STL,641933.0,Tyler O'Neill,537,1.0,True,MLB,primary
2021,STL,666185.0,Dylan Carlson,619,3.0,True,MLB,primary
2021,TB,668227.0,Randy Arozarena,604,3.0,True,MLB,primary
2021,TB,664040.0,Brandon Lowe,615,1.0,True,MLB,primary
2021,TB,572287.0,Mike Zunino,375,2.0,False,MLB,primary
2021,TEX,663993.0,Nathaniel Lowe,642,2.0,True,MLB,primary
2021,TEX,666969.0,Adolis García,622,3.0,False,MLB,primary
2021,TEX,608336.0,Joey Gallo,388,1.0,True,MLB,primary
2021,TOR,665489.0,Vladimir Guerrero Jr.,698,1.0,True,MLB,primary
2021,TOR,606192.0,Teoscar Hernández,595,3.0,True,MLB,primary
2021,TOR,543807.0,George Springer,342,2.0,True,MLB,primary
2021,MIN,443558.0,Nelson Cruz,346,1.0,True,MLB,primary
2021,MIN,593871.0,Jorge Polanco,644,3.0,True,MLB,primary
2021,MIN,518626.0,Josh Donaldson,543,2.0,True,MLB,primary
2021,PHI,547180.0,Bryce Harper,599,1.0,True,MLB,primary
2021,PHI,516416.0,Jean Segura,567,3.0,True,MLB,primary
2021,PHI,656555.0,Rhys Hoskins,443,2.0,True,MLB,primary
2021,ATL,663586.0,Austin Riley,662,3.0,True,MLB,primary
2021,ATL,518692.0,Freddie Freeman,695,2.0,True,MLB,primary
2021,ATL,660670.0,Ronald Acuña Jr.,360,1.0,True,MLB,primary
2021,CWS,660162.0,Yoán Moncada,616,3.0,True,MLB,primary
2021,CWS,547989.0,José Abreu,659,2.0,True,MLB,primary
2021,CWS,518735.0,Yasmani Grandal,375,1.0,True,MLB,primary
2021,MIA,542583.0,Jesús Aguilar,510,1.0,True,MLB,primary
2021,MIA,665862.0,Jazz Chisholm Jr.,507,3.0,False,MLB,primary
2021,MIA,594807.0,Adam Duvall,339,2.0,False,MLB,primary
2021,NYY,592450.0,Aaron Judge,633,1.0,True,MLB,primary
2021,NYY,519317.0,Giancarlo Stanton,579,2.0,True,MLB,primary
2021,NYY,518934.0,DJ LeMahieu,679,3.0,True,MLB,primary
2021,MIL,642715.0,Willy Adames,413,1.0,True,MLB,primary
2021,MIL,541645.0,Avisaíl García,515,2.0,True,MLB,primary
2021,MIL,649966.0,Luis Urías,570,3.0,True,MLB,primary
2021,LAA,665120.0,Jared Walsh,585,2.0,True,MLB,primary
2021,LAA,660271.0,Shohei Ohtani,639,1.0,True,MLB,primary
2021,LAA,545358.0,Max Stassi,319,3.0,True,MLB,primary
2021,AZ,606466.0,Ketel Marte,374,1.0,True,MLB,primary
2021,AZ,668942.0,Josh Rojas,550,3.0,True,MLB,primary
2021,AZ,608348.0,Carson Kelly,359,2.0,True,MLB,primary
2021,BAL,656775.0,Cedric Mullins,675,1.0,True,MLB,primary
2021,BAL,669720.0,Austin Hays,529,3.0,False,MLB,primary
2021,BAL,663624.0,Ryan Mountcastle,586,2.0,False,MLB,primary
2021,BOS,593428.0,Xander Bogaerts,603,2.0,True,MLB,primary
2021,BOS,502110.0,J.D. Martinez,634,3.0,True,MLB,primary
2021,BOS,646240.0,Rafael Devers,664,1.0,True,MLB,primary
2021,CHC,542364.0,Rafael Ortega,330,2.0,True,MLB,primary
2021,CHC,592178.0,Kris Bryant,374,1.0,True,MLB,primary
2021,CHC,621550.0,Patrick Wisdom,375,3.0,False,MLB,primary
2021,CIN,592206.0,Nick Castellanos,585,3.0,True,MLB,primary
2021,CIN,608385.0,Jesse Winker,485,1.0,True,MLB,primary
2021,CIN,458015.0,Joey Votto,533,2.0,True,MLB,primary
2021,CLE,608070.0,José Ramírez,636,1.0,True,MLB,primary
2021,CLE,614177.0,Franmil Reyes,466,2.0,True,MLB,primary
2021,CLE,514917.0,César Hernández,420,3.0,False,MLB,primary
2021,COL,663898.0,Brendan Rodgers,415,3.0,True,MLB,primary
2021,COL,543068.0,C.J. Cron,547,1.0,True,MLB,primary
2021,COL,596115.0,Trevor Story,595,2.0,True,MLB,primary
2021,DET,600869.0,Jeimer Candelario,626,1.0,True,MLB,primary
2021,DET,668731.0,Akil Baddoo,461,3.0,True,MLB,primary
2021,DET,543257.0,Robbie Grossman,671,2.0,True,MLB,primary
2021,HOU,663656.0,Kyle Tucker,567,1.0,True,MLB,primary
2021,HOU,621043.0,Carlos Correa,640,3.0,True,MLB,primary
2021,HOU,670541.0,Yordan Alvarez,598,2.0,True,MLB,primary
2021,KC,670032.0,Nicky Lopez,565,2.0,True,MLB,primary
2021,KC,643217.0,Andrew Benintendi,538,3.0,True,MLB,primary
2021,KC,521692.0,Salvador Perez,665,1.0,False,MLB,primary
2021,LAD,608369.0,Corey Seager,409,1.0,True,MLB,primary
2021,LAD,572041.0,AJ Pollock,422,3.0,True,MLB,primary
2021,LAD,571970.0,Max Muncy,592,2.0,True,MLB,primary
2021,WSH,607208.0,Trea Turner,420,3.0,True,MLB,primary
2021,WSH,665742.0,Juan Soto,654,1.0,True,MLB,primary
2021,WSH,656941.0,Kyle Schwarber,303,2.0,True,MLB,primary
2021,NYM,607043.0,Brandon Nimmo,386,1.0,True,MLB,primary
2021,NYM,624413.0,Pete Alonso,637,2.0,True,MLB,primary
2021,NYM,624424.0,Michael Conforto,479,3.0,True,MLB,primary
2022,OAK,669221.0,Sean Murphy,612,1.0,True,MLB,primary
2022,OAK,462101.0,Elvis Andrus,386,3.0,False,MLB,primary
2022,OAK,664913.0,Seth Brown,555,2.0,False,MLB,primary
2022,PIT,668804.0,Bryan Reynolds,614,1.0,True,MLB,primary
2022,PIT,665833.0,Oneil Cruz,361,2.0,False,MLB,primary
2022,PIT,669261.0,Jack Suwinski,372,3.0,False,MLB,primary
2022,SD,592518.0,Manny Machado,644,1.0,True,MLB,primary
2022,SD,595777.0,Jurickson Profar,658,2.0,True,MLB,primary
2022,SD,572228.0,Luke Voit,344,3.0,True,MLB,primary
2022,SEA,677594.0,Julio Rodríguez,560,1.0,True,MLB,primary
2022,SEA,664034.0,Ty France,613,3.0,True,MLB,primary
2022,SEA,553993.0,Eugenio Suárez,629,2.0,True,MLB,primary
2022,SF,592626.0,Joc Pederson,433,1.0,True,MLB,primary
2022,SF,596103.0,Austin Slater,325,2.0,True,MLB,primary
2022,SF,642731.0,Thairo Estrada,541,3.0,True,MLB,primary
2022,STL,502671.0,Paul Goldschmidt,651,1.0,True,MLB,primary
2022,STL,571448.0,Nolan Arenado,620,2.0,True,MLB,primary
2022,STL,405395.0,Albert Pujols,351,3.0,True,MLB,primary
2022,TB,623912.0,Harold Ramírez,435,3.0,True,MLB,primary
2022,TB,650490.0,Yandy Díaz,558,1.0,True,MLB,primary
2022,TB,668227.0,Randy Arozarena,645,2.0,True,MLB,primary
2022,TEX,663993.0,Nathaniel Lowe,645,1.0,True,MLB,primary
2022,TEX,666969.0,Adolis García,657,3.0,False,MLB,primary
2022,TEX,608369.0,Corey Seager,663,2.0,True,MLB,primary
2022,TOR,672386.0,Alejandro Kirk,541,3.0,True,MLB,primary
2022,TOR,665489.0,Vladimir Guerrero Jr.,706,2.0,True,MLB,primary
2022,TOR,543807.0,George Springer,583,1.0,True,MLB,primary
2022,MIN,650333.0,Luis Arraez,603,3.0,True,MLB,primary
2022,MIN,621043.0,Carlos Correa,590,1.0,True,MLB,primary
2022,MIN,621439.0,Byron Buxton,382,2.0,False,MLB,primary
2022,PHI,547180.0,Bryce Harper,426,1.0,True,MLB,primary
2022,PHI,592663.0,J.T. Realmuto,562,3.0,True,MLB,primary
2022,PHI,656941.0,Kyle Schwarber,669,2.0,True,MLB,primary
2022,ATL,671739.0,Michael Harris II,441,3.0,True,MLB,primary
2022,ATL,661388.0,William Contreras,376,2.0,True,MLB,primary
2022,ATL,663586.0,Austin Riley,693,1.0,True,MLB,primary
2022,CWS,547989.0,José Abreu,679,2.0,True,MLB,primary
2022,CWS,650391.0,Eloy Jiménez,327,1.0,True,MLB,primary
2022,CWS,683734.0,Andrew Vaughn,555,3.0,True,MLB,primary
2022,MIA,643265.0,Garrett Cooper,469,1.0,True,MLB,primary
2022,MIA,650559.0,Bryan De La Cruz,355,2.0,False,MLB,primary
2022,MIA,624585.0,Jorge Soler,306,3.0,False,MLB,primary
2022,NYY,592450.0,Aaron Judge,696,1.0,True,MLB,primary
2022,NYY,518934.0,DJ LeMahieu,541,3.0,True,MLB,primary
2022,NYY,519203.0,Anthony Rizzo,548,2.0,True,MLB,primary
2022,MIL,592669.0,Hunter Renfroe,522,1.0,True,MLB,primary
2022,MIL,592885.0,Christian Yelich,671,3.0,True,MLB,primary
2022,MIL,543939.0,Kolten Wong,497,2.0,True,MLB,primary
2022,LAA,545361.0,Mike Trout,499,1.0,True,MLB,primary
2022,LAA,621493.0,Taylor Ward,564,3.0,True,MLB,primary
2022,LAA,660271.0,Shohei Ohtani,666,2.0,True,MLB,primary
2022,AZ,664983.0,Jake McCarthy,354,2.0,True,MLB,primary
2022,AZ,444482.0,David Peralta,310,3.0,True,MLB,primary
2022,AZ,572233.0,Christian Walker,667,1.0,True,MLB,primary
2022,BAL,641820.0,Trey Mancini,401,3.0,True,MLB,primary
2022,BAL,668939.0,Adley Rutschman,470,1.0,True,MLB,primary
2022,BAL,623993.0,Anthony Santander,647,2.0,True,MLB,primary
2022,BOS,593428.0,Xander Bogaerts,631,2.0,True,MLB,primary
2022,BOS,646240.0,Rafael Devers,614,1.0,True,MLB,primary
2022,BOS,502110.0,J.D. Martinez,596,3.0,True,MLB,primary
2022,CHC,664023.0,Ian Happ,641,2.0,True,MLB,primary
2022,CHC,673548.0,Seiya Suzuki,446,3.0,True,MLB,primary
2022,CHC,575929.0,Willson Contreras,487,1.0,True,MLB,primary
2022,CIN,456781.0,Donovan Solano,304,2.0,True,MLB,primary
2022,CIN,592273.0,Brandon Drury,385,1.0,True,MLB,primary
2022,CIN,663697.0,Jonathan India,431,3.0,True,MLB,primary
2022,CLE,680757.0,Steven Kwan,638,3.0,True,MLB,primary
2022,CLE,665926.0,Andrés Giménez,557,1.0,True,MLB,primary
2022,CLE,608070.0,José Ramírez,685,2.0,True,MLB,primary
2022,COL,602074.0,Yonathan Daza,408,3.0,True,MLB,primary
2022,COL,543068.0,C.J. Cron,632,1.0,True,MLB,primary
2022,COL,641857.0,Ryan McMahon,597,2.0,True,MLB,primary
2022,DET,605612.0,Harold Castro,443,3.0,False,MLB,primary
2022,DET,606992.0,Eric Haase,351,1.0,False,MLB,primary
2022,DET,682985.0,Riley Greene,418,2.0,True,MLB,primary
2022,HOU,670541.0,Yordan Alvarez,561,1.0,True,MLB,primary
2022,HOU,514888.0,Jose Altuve,604,2.0,True,MLB,primary
2022,HOU,608324.0,Alex Bregman,656,3.0,True,MLB,primary
2022,KC,643217.0,Andrew Benintendi,390,1.0,True,MLB,primary
2022,KC,521692.0,Salvador Perez,473,2.0,False,MLB,primary
2022,KC,669004.0,MJ Melendez,534,3.0,True,MLB,primary
2022,LAD,518692.0,Freddie Freeman,708,1.0,True,MLB,primary
2022,LAD,605141.0,Mookie Betts,639,2.0,True,MLB,primary
2022,LAD,669257.0,Will Smith,578,3.0,True,MLB,primary
2022,WSH,605137.0,Josh Bell,437,2.0,True,MLB,primary
2022,WSH,628450.0,Yadiel Hernandez,327,3.0,True,MLB,primary
2022,WSH,665742.0,Juan Soto,436,1.0,True,MLB,primary
2022,NYM,643446.0,Jeff McNeil,589,2.0,True,MLB,primary
2022,NYM,516782.0,Starling Marte,505,3.0,True,MLB,primary
2022,NYM,624413.0,Pete Alonso,685,1.0,True,MLB,primary
2023,OAK,680869.0,Zack Gelof,300,1.0,True,MLB,primary
2023,OAK,667670.0,Brent Rooker,526,2.0,True,MLB,primary
2023,OAK,676116.0,Ryan Noda,495,3.0,True,MLB,primary
2023,PIT,668804.0,Bryan Reynolds,640,3.0,True,MLB,primary
2023,PIT,457705.0,Andrew McCutchen,473,1.0,True,MLB,primary
2023,PIT,669261.0,Jack Suwinski,534,2.0,True,MLB,primary
2023,SD,593428.0,Xander Bogaerts,665,2.0,True,MLB,primary
2023,SD,665742.0,Juan Soto,708,1.0,True,MLB,primary
2023,SD,592518.0,Manny Machado,601,3.0,False,MLB,primary
2023,SEA,677594.0,Julio Rodríguez,714,2.0,True,MLB,primary
2023,SEA,641487.0,J.P. Crawford,638,1.0,True,MLB,primary
2023,SEA,663728.0,Cal Raleigh,569,3.0,False,MLB,primary
2023,SF,527038.0,Wilmer Flores,454,1.0,True,MLB,primary
2023,SF,664774.0,LaMonte Wade Jr.,519,2.0,True,MLB,primary
2023,SF,573262.0,Mike Yastrzemski,381,3.0,True,MLB,primary
2023,STL,502671.0,Paul Goldschmidt,687,2.0,True,MLB,primary
2023,STL,575929.0,Willson Contreras,495,1.0,True,MLB,primary
2023,STL,663457.0,Lars Nootbaar,503,3.0,True,MLB,primary
2023,TB,650490.0,Yandy Díaz,600,1.0,True,MLB,primary
2023,TB,666139.0,Josh Lowe,501,3.0,True,MLB,primary
2023,TB,670623.0,Isaac Paredes,571,2.0,True,MLB,primary
2023,TEX,608369.0,Corey Seager,536,1.0,True,MLB,primary
2023,TEX,543760.0,Marcus Semien,753,3.0,True,MLB,primary
2023,TEX,641598.0,Mitch Garver,344,2.0,True,MLB,primary
2023,TOR,666182.0,Bo Bichette,601,2.0,True,MLB,primary
2023,TOR,665489.0,Vladimir Guerrero Jr.,682,3.0,True,MLB,primary
2023,TOR,474832.0,Brandon Belt,404,1.0,True,MLB,primary
2023,MIN,680777.0,Ryan Jeffers,335,1.0,True,MLB,primary
2023,MIN,666397.0,Edouard Julien,408,2.0,True,MLB,primary
2023,MIN,596146.0,Max Kepler,491,3.0,True,MLB,primary
2023,PHI,547180.0,Bryce Harper,546,1.0,True,MLB,primary
2023,PHI,669016.0,Brandon Marsh,472,2.0,True,MLB,primary
2023,PHI,656941.0,Kyle Schwarber,720,3.0,True,MLB,primary
2023,ATL,660670.0,Ronald Acuña Jr.,735,1.0,True,MLB,primary
2023,ATL,621566.0,Matt Olson,720,2.0,True,MLB,primary
2023,ATL,542303.0,Marcell Ozuna,592,3.0,True,MLB,primary
2023,CWS,650391.0,Eloy Jiménez,489,3.0,False,MLB,primary
2023,CWS,673357.0,Luis Robert Jr.,595,1.0,False,MLB,primary
2023,CWS,669394.0,Jake Burger,323,2.0,False,MLB,primary
2023,MIA,650333.0,Luis Arraez,617,1.0,True,MLB,primary
2023,MIA,660821.0,Jesús Sánchez,402,3.0,True,MLB,primary
2023,MIA,624585.0,Jorge Soler,580,2.0,True,MLB,primary
2023,NYY,650402.0,Gleyber Torres,672,2.0,True,MLB,primary
2023,NYY,592450.0,Aaron Judge,458,1.0,True,MLB,primary
2023,NYY,518934.0,DJ LeMahieu,562,3.0,True,MLB,primary
2023,MIL,661388.0,William Contreras,611,1.0,True,MLB,primary
2023,MIL,592885.0,Christian Yelich,632,2.0,True,MLB,primary
2023,MIL,642715.0,Willy Adames,638,3.0,False,MLB,primary
2023,LAA,660271.0,Shohei Ohtani,599,1.0,True,MLB,primary
2023,LAA,650859.0,Luis Rengifo,445,3.0,True,MLB,primary
2023,LAA,545361.0,Mike Trout,362,2.0,True,MLB,primary
2023,AZ,682998.0,Corbin Carroll,645,1.0,True,MLB,primary
2023,AZ,606466.0,Ketel Marte,650,2.0,True,MLB,primary
2023,AZ,572233.0,Christian Walker,661,3.0,True,MLB,primary
2023,BAL,668939.0,Adley Rutschman,687,1.0,True,MLB,primary
2023,BAL,623993.0,Anthony Santander,656,3.0,True,MLB,primary
2023,BAL,683002.0,Gunnar Henderson,622,2.0,True,MLB,primary
2023,BOS,680776.0,Jarren Duran,362,3.0,True,MLB,primary
2023,BOS,646240.0,Rafael Devers,656,2.0,True,MLB,primary
2023,BOS,671213.0,Triston Casas,502,1.0,True,MLB,primary
2023,CHC,641355.0,Cody Bellinger,556,1.0,True,MLB,primary
2023,CHC,673548.0,Seiya Suzuki,583,2.0,True,MLB,primary
2023,CHC,664023.0,Ian Happ,691,3.0,True,MLB,primary
2023,CIN,680574.0,Matt McLain,403,2.0,True,MLB,primary
2023,CIN,666181.0,Will Benson,329,1.0,True,MLB,primary
2023,CIN,668715.0,Spencer Steer,665,3.0,True,MLB,primary
2023,CLE,647304.0,Josh Naylor,495,1.0,True,MLB,primary
2023,CLE,608070.0,José Ramírez,691,2.0,True,MLB,primary
2023,CLE,680757.0,Steven Kwan,718,3.0,True,MLB,primary
2023,COL,666134.0,Nolan Jones,424,1.0,True,MLB,primary
2023,COL,453568.0,Charlie Blackmon,413,2.0,True,MLB,primary
2023,COL,641857.0,Ryan McMahon,627,3.0,True,MLB,primary
2023,DET,682985.0,Riley Greene,416,2.0,True,MLB,primary
2023,DET,681481.0,Kerry Carpenter,459,1.0,True,MLB,primary
2023,DET,679529.0,Spencer Torkelson,684,3.0,False,MLB,primary
2023,HOU,514888.0,Jose Altuve,410,2.0,True,MLB,primary
2023,HOU,670541.0,Yordan Alvarez,496,1.0,True,MLB,primary
2023,HOU,663656.0,Kyle Tucker,674,3.0,True,MLB,primary
2023,KC,677951.0,Bobby Witt Jr.,694,1.0,False,MLB,primary
2023,KC,658668.0,Edward Olivares,385,2.0,False,MLB,primary
2023,KC,669004.0,MJ Melendez,602,3.0,False,MLB,primary
2023,LAD,518692.0,Freddie Freeman,730,2.0,True,MLB,primary
2023,LAD,605141.0,Mookie Betts,693,1.0,True,MLB,primary
2023,LAD,502110.0,J.D. Martinez,479,3.0,True,MLB,primary
2023,WSH,608841.0,Joey Meneses,657,3.0,True,MLB,primary
2023,WSH,657041.0,Lane Thomas,682,2.0,False,MLB,primary
2023,WSH,600869.0,Jeimer Candelario,419,1.0,True,MLB,primary
2023,NYM,607043.0,Brandon Nimmo,682,1.0,True,MLB,primary
2023,NYM,596019.0,Francisco Lindor,687,2.0,True,MLB,primary
2023,NYM,624413.0,Pete Alonso,658,3.0,False,MLB,primary
2024,OAK,667670.0,Brent Rooker,614,1.0,True,MLB,primary
2024,OAK,671732.0,Lawrence Butler,451,2.0,True,MLB,primary
2024,OAK,668709.0,JJ Bleday,642,3.0,True,MLB,primary
2024,PIT,668804.0,Bryan Reynolds,692,1.0,True,MLB,primary
2024,PIT,665833.0,Oneil Cruz,599,2.0,True,MLB,primary
2024,PIT,457705.0,Andrew McCutchen,515,3.0,True,MLB,primary
2024,SD,701538.0,Jackson Merrill,593,3.0,True,MLB,primary
2024,SD,595777.0,Jurickson Profar,668,1.0,True,MLB,primary
2024,SD,665487.0,Fernando Tatis Jr.,438,2.0,True,MLB,primary
2024,SEA,677594.0,Julio Rodríguez,613,3.0,True,MLB,primary
2024,SEA,670042.0,Luke Raley,455,1.0,True,MLB,primary
2024,SEA,663728.0,Cal Raleigh,628,2.0,True,MLB,primary
2024,SF,666149.0,Tyler Fitzgerald,341,1.0,True,MLB,primary
2024,SF,664774.0,LaMonte Wade Jr.,401,3.0,True,MLB,primary
2024,SF,656305.0,Matt Chapman,647,2.0,True,MLB,primary
2024,STL,680977.0,Brendan Donovan,652,2.0,True,MLB,primary
2024,STL,575929.0,Willson Contreras,358,1.0,True,MLB,primary
2024,STL,663457.0,Lars Nootbaar,405,3.0,True,MLB,primary
2024,TB,650490.0,Yandy Díaz,621,2.0,True,MLB,primary
2024,TB,664040.0,Brandon Lowe,425,1.0,False,MLB,primary
2024,TB,680700.0,Richie Palacios,316,3.0,True,MLB,primary
2024,TEX,608369.0,Corey Seager,533,1.0,True,MLB,primary
2024,TEX,663993.0,Nathaniel Lowe,565,2.0,True,MLB,primary
2024,TEX,669701.0,Josh Smith,592,3.0,True,MLB,primary
2024,TOR,665489.0,Vladimir Guerrero Jr.,697,1.0,True,MLB,primary
2024,TOR,687462.0,Spencer Horwitz,381,2.0,True,MLB,primary
2024,TOR,457759.0,Justin Turner,349,3.0,True,MLB,primary
2024,MIN,621043.0,Carlos Correa,367,1.0,True,MLB,primary
2024,MIN,621439.0,Byron Buxton,388,2.0,True,MLB,primary
2024,MIN,663616.0,Trevor Larnach,400,3.0,True,MLB,primary
2024,PHI,607208.0,Trea Turner,539,3.0,True,MLB,primary
2024,PHI,547180.0,Bryce Harper,631,1.0,True,MLB,primary
2024,PHI,656941.0,Kyle Schwarber,692,2.0,True,MLB,primary
2024,ATL,542303.0,Marcell Ozuna,688,1.0,True,MLB,primary
2024,ATL,663586.0,Austin Riley,469,3.0,True,MLB,primary
2024,ATL,621566.0,Matt Olson,685,2.0,True,MLB,primary
2024,CWS,683734.0,Andrew Vaughn,619,1.0,False,MLB,primary
2024,CWS,657757.0,Gavin Sheets,501,3.0,False,MLB,primary
2024,CWS,643217.0,Andrew Benintendi,522,2.0,False,MLB,primary
2024,MIA,669364.0,Xavier Edwards,303,1.0,True,MLB,primary
2024,MIA,660821.0,Jesús Sánchez,537,3.0,True,MLB,primary
2024,MIA,669394.0,Jake Burger,579,2.0,False,MLB,primary
2024,NYY,592450.0,Aaron Judge,704,1.0,True,MLB,primary
2024,NYY,665742.0,Juan Soto,713,2.0,True,MLB,primary
2024,NYY,519317.0,Giancarlo Stanton,459,3.0,False,MLB,primary
2024,MIL,592885.0,Christian Yelich,315,1.0,True,MLB,primary
2024,MIL,661388.0,William Contreras,679,2.0,True,MLB,primary
2024,MIL,642715.0,Willy Adames,688,3.0,True,MLB,primary
2024,LAA,650859.0,Luis Rengifo,304,1.0,True,MLB,primary
2024,LAA,687263.0,Zach Neto,602,2.0,True,MLB,primary
2024,LAA,621493.0,Taylor Ward,663,3.0,True,MLB,primary
2024,AZ,606466.0,Ketel Marte,583,2.0,True,MLB,primary
2024,AZ,592626.0,Joc Pederson,449,1.0,True,MLB,primary
2024,AZ,572233.0,Christian Walker,552,3.0,True,MLB,primary
2024,BAL,683002.0,Gunnar Henderson,719,1.0,True,MLB,primary
2024,BAL,676059.0,Jordan Westburg,447,3.0,False,MLB,primary
2024,BAL,623993.0,Anthony Santander,665,2.0,False,MLB,primary
2024,BOS,608701.0,Rob Refsnyder,307,3.0,True,MLB,primary
2024,BOS,646240.0,Rafael Devers,601,1.0,True,MLB,primary
2024,BOS,641933.0,Tyler O'Neill,473,2.0,True,MLB,primary
2024,CHC,673548.0,Seiya Suzuki,585,1.0,True,MLB,primary
2024,CHC,683737.0,Michael Busch,567,3.0,True,MLB,primary
2024,CHC,664023.0,Ian Happ,657,2.0,True,MLB,primary
2024,CIN,682829.0,Elly De La Cruz,696,1.0,True,MLB,primary
2024,CIN,663886.0,Tyler Stephenson,515,2.0,True,MLB,primary
2024,CIN,663697.0,Jonathan India,637,3.0,True,MLB,primary
2024,CLE,680757.0,Steven Kwan,540,2.0,True,MLB,primary
2024,CLE,608070.0,José Ramírez,682,1.0,True,MLB,primary
2024,CLE,681807.0,David Fry,392,3.0,True,MLB,primary
2024,COL,686668.0,Brenton Doyle,603,2.0,True,MLB,primary
2024,COL,453568.0,Charlie Blackmon,499,3.0,True,MLB,primary
2024,COL,669911.0,Michael Toglia,458,1.0,False,MLB,primary
2024,DET,682985.0,Riley Greene,584,1.0,True,MLB,primary
2024,DET,663837.0,Matt Vierling,567,2.0,True,MLB,primary
2024,DET,592192.0,Mark Canha,377,3.0,True,MLB,primary
2024,HOU,670541.0,Yordan Alvarez,635,2.0,True,MLB,primary
2024,HOU,514888.0,Jose Altuve,682,3.0,True,MLB,primary
2024,HOU,663656.0,Kyle Tucker,339,1.0,True,MLB,primary
2024,KC,677951.0,Bobby Witt Jr.,709,1.0,True,MLB,primary
2024,KC,521692.0,Salvador Perez,652,2.0,True,MLB,primary
2024,KC,686469.0,Vinnie Pasquantino,554,3.0,True,MLB,primary
2024,LAD,660271.0,Shohei Ohtani,731,1.0,True,MLB,primary
2024,LAD,605141.0,Mookie Betts,516,2.0,True,MLB,primary
2024,LAD,518692.0,Freddie Freeman,638,3.0,True,MLB,primary
2024,WSH,671277.0,Luis García Jr.,528,2.0,True,MLB,primary
2024,WSH,695578.0,James Wood,336,1.0,True,MLB,primary
2024,WSH,657041.0,Lane Thomas,341,3.0,True,MLB,primary
2024,NYM,596019.0,Francisco Lindor,689,1.0,True,MLB,primary
2024,NYM,668901.0,Mark Vientos,454,2.0,True,MLB,primary
2024,NYM,624413.0,Pete Alonso,695,3.0,True,MLB,primary
2025,ATH,701762.0,Nick Kurtz,489,1.0,True,MLB,primary
2025,ATH,669127.0,Shea Langeliers,523,2.0,True,MLB,primary
2025,ATH,691016.0,Tyler Soderstrom,624,3.0,True,MLB,primary
2025,PIT,687462.0,Spencer Horwitz,411,1.0,True,MLB,primary
2025,PIT,663698.0,Joey Bart,332,2.0,True,MLB,primary
2025,PIT,668804.0,Bryan Reynolds,654,3.0,True,MLB,primary
2025,SD,592518.0,Manny Machado,678,2.0,True,MLB,primary
2025,SD,665487.0,Fernando Tatis Jr.,691,1.0,True,MLB,primary
2025,SD,630105.0,Jake Cronenworth,515,3.0,True,MLB,primary
2025,SEA,677594.0,Julio Rodríguez,710,3.0,True,MLB,primary
2025,SEA,593871.0,Jorge Polanco,524,2.0,True,MLB,primary
2025,SEA,663728.0,Cal Raleigh,705,1.0,True,MLB,primary
2025,SF,646240.0,Rafael Devers,395,1.0,True,MLB,primary
2025,SF,656305.0,Matt Chapman,535,2.0,True,MLB,primary
2025,SF,642715.0,Willy Adames,686,3.0,True,MLB,primary
2025,STL,676475.0,Alec Burleson,546,2.0,True,MLB,primary
2025,STL,671056.0,Iván Herrera,452,1.0,True,MLB,primary
2025,STL,575929.0,Willson Contreras,563,3.0,True,MLB,primary
2025,TB,666018.0,Jonathan Aranda,422,1.0,True,MLB,primary
2025,TB,650490.0,Yandy Díaz,651,2.0,True,MLB,primary
2025,TB,691406.0,Junior Caminero,653,3.0,False,MLB,primary
2025,TEX,608369.0,Corey Seager,445,1.0,True,MLB,primary
2025,TEX,669701.0,Josh Smith,563,3.0,True,MLB,primary
2025,TEX,694671.0,Wyatt Langford,573,2.0,True,MLB,primary
2025,TOR,666182.0,Bo Bichette,628,3.0,True,MLB,primary
2025,TOR,543807.0,George Springer,586,1.0,True,MLB,primary
2025,TOR,665489.0,Vladimir Guerrero Jr.,680,2.0,True,MLB,primary
2025,MIN,680777.0,Ryan Jeffers,464,2.0,True,MLB,primary
2025,MIN,621439.0,Byron Buxton,542,1.0,True,MLB,primary
2025,MIN,670242.0,Matt Wallner,392,3.0,False,MLB,primary
2025,PHI,607208.0,Trea Turner,639,3.0,True,MLB,primary
2025,PHI,547180.0,Bryce Harper,580,2.0,True,MLB,primary
2025,PHI,656941.0,Kyle Schwarber,724,1.0,True,MLB,primary
2025,ATL,660670.0,Ronald Acuña Jr.,412,1.0,True,MLB,primary
2025,ATL,686948.0,Drake Baldwin,446,3.0,True,MLB,primary
2025,ATL,621566.0,Matt Olson,724,2.0,True,MLB,primary
2025,CWS,643565.0,Mike Tauchman,385,1.0,True,MLB,primary
2025,CWS,643217.0,Andrew Benintendi,470,2.0,False,MLB,primary
2025,CWS,678246.0,Miguel Vargas,569,3.0,True,MLB,primary
2025,MIA,669065.0,Kyle Stowers,457,1.0,True,MLB,primary
2025,MIA,669364.0,Xavier Edwards,619,3.0,True,MLB,primary
2025,MIA,689414.0,Liam Hicks,390,2.0,True,MLB,primary
2025,NYY,592450.0,Aaron Judge,679,1.0,True,MLB,primary
2025,NYY,700250.0,Ben Rice,530,2.0,True,MLB,primary
2025,NYY,663757.0,Trent Grisham,581,3.0,True,MLB,primary
2025,MIL,668930.0,Brice Turang,659,1.0,True,MLB,primary
2025,MIL,592885.0,Christian Yelich,644,3.0,True,MLB,primary
2025,MIL,686555.0,Isaac Collins,441,2.0,True,MLB,primary
2025,LAA,687263.0,Zach Neto,554,3.0,True,MLB,primary
2025,LAA,545361.0,Mike Trout,556,1.0,True,MLB,primary
2025,LAA,621493.0,Taylor Ward,663,2.0,True,MLB,primary
2025,AZ,672695.0,Geraldo Perdomo,720,2.0,True,MLB,primary
2025,AZ,606466.0,Ketel Marte,556,1.0,True,MLB,primary
2025,AZ,682998.0,Corbin Carroll,642,3.0,True,MLB,primary
2025,BAL,683002.0,Gunnar Henderson,651,1.0,True,MLB,primary
2025,BAL,676059.0,Jordan Westburg,352,2.0,False,MLB,primary
2025,BAL,702616.0,Jackson Holliday,649,3.0,False,MLB,primary
2025,BOS,663853.0,Romy Gonzalez,341,3.0,True,MLB,primary
2025,BOS,701350.0,Roman Anthony,303,1.0,True,MLB,primary
2025,BOS,608324.0,Alex Bregman,495,2.0,True,MLB,primary
2025,CHC,663656.0,Kyle Tucker,597,2.0,True,MLB,primary
2025,CHC,683737.0,Michael Busch,592,1.0,True,MLB,primary
2025,CHC,673548.0,Seiya Suzuki,651,3.0,True,MLB,primary
2025,CIN,669720.0,Austin Hays,416,3.0,True,MLB,primary
2025,CIN,682829.0,Elly De La Cruz,699,2.0,True,MLB,primary
2025,CIN,670770.0,TJ Friedl,685,1.0,True,MLB,primary
2025,CLE,608070.0,José Ramírez,673,1.0,True,MLB,primary
2025,CLE,680757.0,Steven Kwan,693,3.0,True,MLB,primary
2025,CLE,700932.0,Kyle Manzardo,531,2.0,False,MLB,primary
2025,COL,671289.0,Tyler Freeman,428,3.0,True,MLB,primary
2025,COL,696100.0,Hunter Goodman,579,1.0,True,MLB,primary
2025,COL,666160.0,Mickey Moniak,461,2.0,False,MLB,primary
2025,DET,682985.0,Riley Greene,655,1.0,False,MLB,primary
2025,DET,650402.0,Gleyber Torres,628,3.0,True,MLB,primary
2025,DET,679529.0,Spencer Torkelson,649,2.0,True,MLB,primary
2025,HOU,665161.0,Jeremy Peña,543,1.0,True,MLB,primary
2025,HOU,514888.0,Jose Altuve,654,3.0,True,MLB,primary
2025,HOU,670623.0,Isaac Paredes,438,2.0,True,MLB,primary
2025,KC,677951.0,Bobby Witt Jr.,687,1.0,True,MLB,primary
2025,KC,672580.0,Maikel Garcia,666,2.0,True,MLB,primary
2025,KC,686469.0,Vinnie Pasquantino,682,3.0,True,MLB,primary
2025,LAD,669257.0,Will Smith,436,2.0,True,MLB,primary
2025,LAD,518692.0,Freddie Freeman,627,3.0,True,MLB,primary
2025,LAD,660271.0,Shohei Ohtani,727,1.0,True,MLB,primary
2025,WSH,695734.0,Daylen Lile,351,1.0,True,MLB,primary
2025,WSH,695578.0,James Wood,689,2.0,True,MLB,primary
2025,WSH,605137.0,Josh Bell,533,3.0,True,MLB,primary
2025,NYM,624413.0,Pete Alonso,709,2.0,True,MLB,primary
2025,NYM,596019.0,Francisco Lindor,732,3.0,True,MLB,primary
2025,NYM,665742.0,Juan Soto,715,1.0,True,MLB,primary
2021,OAK,516782.0,Starling Marte,251,2.0,True,MLB,pool_pa200
2021,OAK,643393.0,Tony Kemp,397,3.0,True,MLB,pool_pa200
2021,OAK,621566.0,Matt Olson,673,1.0,True,MLB,pool_pa200
2021,PIT,624428.0,Adam Frazier,428,2.0,True,MLB,pool_pa200
2021,PIT,668804.0,Bryan Reynolds,646,1.0,True,MLB,pool_pa200
2021,PIT,592325.0,Ben Gamel,383,3.0,True,MLB,pool_pa200
2021,SD,665487.0,Fernando Tatis Jr.,546,1.0,True,MLB,pool_pa200
2021,SD,592518.0,Manny Machado,640,2.0,True,MLB,pool_pa200
2021,SD,630105.0,Jake Cronenworth,643,3.0,True,MLB,pool_pa200
2021,SEA,664034.0,Ty France,650,1.0,True,MLB,pool_pa200
2021,SEA,571745.0,Mitch Haniger,691,2.0,True,MLB,pool_pa200
2021,SEA,641584.0,Jake Fraley,265,3.0,True,MLB,pool_pa200
2021,SF,457763.0,Buster Posey,454,3.0,True,MLB,pool_pa200
2021,SF,474832.0,Brandon Belt,381,1.0,True,MLB,pool_pa200
2021,SF,573131.0,Darin Ruf,312,2.0,True,MLB,pool_pa200
2021,STL,502671.0,Paul Goldschmidt,679,2.0,True,MLB,pool_pa200
2021,STL,641933.0,Tyler O'Neill,537,1.0,True,MLB,pool_pa200
2021,STL,666185.0,Dylan Carlson,619,3.0,True,MLB,pool_pa200
2021,TB,668227.0,Randy Arozarena,604,3.0,True,MLB,pool_pa200
2021,TB,664040.0,Brandon Lowe,615,1.0,True,MLB,pool_pa200
2021,TB,572287.0,Mike Zunino,375,2.0,False,MLB,pool_pa200
2021,TEX,628451.0,Andy Ibáñez,272,3.0,True,MLB,pool_pa200
2021,TEX,663993.0,Nathaniel Lowe,642,2.0,True,MLB,pool_pa200
2021,TEX,608336.0,Joey Gallo,388,1.0,True,MLB,pool_pa200
2021,TOR,665489.0,Vladimir Guerrero Jr.,698,1.0,True,MLB,pool_pa200
2021,TOR,606192.0,Teoscar Hernández,595,3.0,True,MLB,pool_pa200
2021,TOR,543807.0,George Springer,342,2.0,True,MLB,pool_pa200
2021,MIN,621439.0,Byron Buxton,254,1.0,True,MLB,pool_pa200
2021,MIN,443558.0,Nelson Cruz,346,2.0,True,MLB,pool_pa200
2021,MIN,641598.0,Mitch Garver,243,3.0,True,MLB,pool_pa200
2021,PHI,547180.0,Bryce Harper,599,1.0,True,MLB,pool_pa200
2021,PHI,516416.0,Jean Segura,567,3.0,True,MLB,pool_pa200
2021,PHI,656555.0,Rhys Hoskins,443,2.0,True,MLB,pool_pa200
2021,ATL,663586.0,Austin Riley,662,3.0,True,MLB,pool_pa200
2021,ATL,518692.0,Freddie Freeman,695,2.0,True,MLB,pool_pa200
2021,ATL,660670.0,Ronald Acuña Jr.,360,1.0,True,MLB,pool_pa200
2021,CWS,673357.0,Luis Robert Jr.,296,2.0,True,MLB,pool_pa200
2021,CWS,547989.0,José Abreu,659,3.0,True,MLB,pool_pa200
2021,CWS,518735.0,Yasmani Grandal,375,1.0,True,MLB,pool_pa200
2021,MIA,516782.0,Starling Marte,275,1.0,True,MLB,pool_pa200
2021,MIA,650559.0,Bryan De La Cruz,219,3.0,True,MLB,pool_pa200
2021,MIA,643265.0,Garrett Cooper,250,2.0,True,MLB,pool_pa200
2021,NYY,592450.0,Aaron Judge,633,1.0,True,MLB,pool_pa200
2021,NYY,519317.0,Giancarlo Stanton,579,2.0,True,MLB,pool_pa200
2021,NYY,519203.0,Anthony Rizzo,200,3.0,True,MLB,pool_pa200
2021,MIL,642715.0,Willy Adames,413,1.0,True,MLB,pool_pa200
2021,MIL,541645.0,Avisaíl García,515,2.0,True,MLB,pool_pa200
2021,MIL,649966.0,Luis Urías,570,3.0,True,MLB,pool_pa200
2021,LAA,665120.0,Jared Walsh,585,2.0,True,MLB,pool_pa200
2021,LAA,660271.0,Shohei Ohtani,639,1.0,True,MLB,pool_pa200
2021,LAA,621493.0,Taylor Ward,237,3.0,True,MLB,pool_pa200
2021,AZ,606466.0,Ketel Marte,374,1.0,True,MLB,pool_pa200
2021,AZ,668942.0,Josh Rojas,550,3.0,True,MLB,pool_pa200
2021,AZ,608348.0,Carson Kelly,359,2.0,True,MLB,pool_pa200
2021,BAL,656775.0,Cedric Mullins,675,1.0,True,MLB,pool_pa200
2021,BAL,602104.0,Ramón Urías,296,2.0,True,MLB,pool_pa200
2021,BAL,663624.0,Ryan Mountcastle,586,3.0,False,MLB,pool_pa200
2021,BOS,593428.0,Xander Bogaerts,603,2.0,True,MLB,pool_pa200
2021,BOS,502110.0,J.D. Martinez,634,3.0,True,MLB,pool_pa200
2021,BOS,646240.0,Rafael Devers,664,1.0,True,MLB,pool_pa200
2021,CHC,643524.0,Frank Schwindel,239,1.0,True,MLB,pool_pa200
2021,CHC,542364.0,Rafael Ortega,330,3.0,True,MLB,pool_pa200
2021,CHC,592178.0,Kris Bryant,374,2.0,True,MLB,pool_pa200
2021,CIN,592206.0,Nick Castellanos,585,3.0,True,MLB,pool_pa200
2021,CIN,608385.0,Jesse Winker,485,1.0,True,MLB,pool_pa200
2021,CIN,458015.0,Joey Votto,533,2.0,True,MLB,pool_pa200
2021,CLE,664702.0,Myles Straw,268,3.0,True,MLB,pool_pa200
2021,CLE,608070.0,José Ramírez,636,1.0,True,MLB,pool_pa200
2021,CLE,614177.0,Franmil Reyes,466,2.0,True,MLB,pool_pa200
2021,COL,656582.0,Connor Joe,211,2.0,True,MLB,pool_pa200
2021,COL,543068.0,C.J. Cron,547,1.0,True,MLB,pool_pa200
2021,COL,596115.0,Trevor Story,595,3.0,True,MLB,pool_pa200
2021,DET,600869.0,Jeimer Candelario,626,1.0,True,MLB,pool_pa200
2021,DET,668731.0,Akil Baddoo,461,3.0,True,MLB,pool_pa200
2021,DET,543257.0,Robbie Grossman,671,2.0,True,MLB,pool_pa200
2021,HOU,663656.0,Kyle Tucker,567,1.0,True,MLB,pool_pa200
2021,HOU,621043.0,Carlos Correa,640,3.0,True,MLB,pool_pa200
2021,HOU,670541.0,Yordan Alvarez,598,2.0,True,MLB,pool_pa200
2021,KC,670032.0,Nicky Lopez,565,2.0,True,MLB,pool_pa200
2021,KC,643217.0,Andrew Benintendi,538,3.0,True,MLB,pool_pa200
2021,KC,521692.0,Salvador Perez,665,1.0,False,MLB,pool_pa200
2021,LAD,607208.0,Trea Turner,226,1.0,True,MLB,pool_pa200
2021,LAD,608369.0,Corey Seager,409,2.0,True,MLB,pool_pa200
2021,LAD,571970.0,Max Muncy,592,3.0,True,MLB,pool_pa200
2021,WSH,607208.0,Trea Turner,420,3.0,True,MLB,pool_pa200
2021,WSH,665742.0,Juan Soto,654,1.0,True,MLB,pool_pa200
2021,WSH,656941.0,Kyle Schwarber,303,2.0,True,MLB,pool_pa200
2021,NYM,607043.0,Brandon Nimmo,386,1.0,True,MLB,pool_pa200
2021,NYM,605204.0,J.D. Davis,211,3.0,True,MLB,pool_pa200
2021,NYM,624413.0,Pete Alonso,637,2.0,True,MLB,pool_pa200
2022,OAK,669221.0,Sean Murphy,612,1.0,True,MLB,pool_pa200
2022,OAK,462101.0,Elvis Andrus,386,3.0,False,MLB,pool_pa200
2022,OAK,664913.0,Seth Brown,555,2.0,False,MLB,pool_pa200
2022,PIT,668804.0,Bryan Reynolds,614,1.0,True,MLB,pool_pa200
2022,PIT,665833.0,Oneil Cruz,361,3.0,False,MLB,pool_pa200
2022,PIT,596129.0,Daniel Vogelbach,278,2.0,True,MLB,pool_pa200
2022,SD,592518.0,Manny Machado,644,1.0,True,MLB,pool_pa200
2022,SD,595777.0,Jurickson Profar,658,3.0,True,MLB,pool_pa200
2022,SD,665742.0,Juan Soto,228,2.0,True,MLB,pool_pa200
2022,SEA,677594.0,Julio Rodríguez,560,1.0,True,MLB,pool_pa200
2022,SEA,553993.0,Eugenio Suárez,629,2.0,True,MLB,pool_pa200
2022,SEA,664238.0,Dylan Moore,255,3.0,True,MLB,pool_pa200
2022,SF,592626.0,Joc Pederson,433,1.0,True,MLB,pool_pa200
2022,SF,596103.0,Austin Slater,325,2.0,True,MLB,pool_pa200
2022,SF,446334.0,Evan Longoria,298,3.0,True,MLB,pool_pa200
2022,STL,502671.0,Paul Goldschmidt,651,1.0,True,MLB,pool_pa200
2022,STL,571448.0,Nolan Arenado,620,2.0,True,MLB,pool_pa200
2022,STL,405395.0,Albert Pujols,351,3.0,True,MLB,pool_pa200
2022,TB,623912.0,Harold Ramírez,435,3.0,True,MLB,pool_pa200
2022,TB,650490.0,Yandy Díaz,558,1.0,True,MLB,pool_pa200
2022,TB,668227.0,Randy Arozarena,645,2.0,True,MLB,pool_pa200
2022,TEX,663993.0,Nathaniel Lowe,645,1.0,True,MLB,pool_pa200
2022,TEX,666969.0,Adolis García,657,3.0,False,MLB,pool_pa200
2022,TEX,608369.0,Corey Seager,663,2.0,True,MLB,pool_pa200
2022,TOR,665489.0,Vladimir Guerrero Jr.,706,3.0,True,MLB,pool_pa200
2022,TOR,543807.0,George Springer,583,2.0,True,MLB,pool_pa200
2022,TOR,643376.0,Danny Jansen,248,1.0,True,MLB,pool_pa200
2022,MIN,650333.0,Luis Arraez,603,3.0,True,MLB,pool_pa200
2022,MIN,621043.0,Carlos Correa,590,1.0,True,MLB,pool_pa200
2022,MIN,621439.0,Byron Buxton,382,2.0,False,MLB,pool_pa200
2022,PHI,547180.0,Bryce Harper,426,1.0,True,MLB,pool_pa200
2022,PHI,592663.0,J.T. Realmuto,562,3.0,True,MLB,pool_pa200
2022,PHI,656941.0,Kyle Schwarber,669,2.0,True,MLB,pool_pa200
2022,ATL,671739.0,Michael Harris II,441,3.0,True,MLB,pool_pa200
2022,ATL,661388.0,William Contreras,376,2.0,True,MLB,pool_pa200
2022,ATL,663586.0,Austin Riley,693,1.0,True,MLB,pool_pa200
2022,CWS,547989.0,José Abreu,679,2.0,True,MLB,pool_pa200
2022,CWS,650391.0,Eloy Jiménez,327,1.0,True,MLB,pool_pa200
2022,CWS,683734.0,Andrew Vaughn,555,3.0,True,MLB,pool_pa200
2022,MIA,643265.0,Garrett Cooper,469,2.0,True,MLB,pool_pa200
2022,MIA,665862.0,Jazz Chisholm Jr.,241,1.0,True,MLB,pool_pa200
2022,MIA,650559.0,Bryan De La Cruz,355,3.0,False,MLB,pool_pa200
2022,NYY,592450.0,Aaron Judge,696,1.0,True,MLB,pool_pa200
2022,NYY,518934.0,DJ LeMahieu,541,3.0,True,MLB,pool_pa200
2022,NYY,519203.0,Anthony Rizzo,548,2.0,True,MLB,pool_pa200
2022,MIL,592669.0,Hunter Renfroe,522,1.0,True,MLB,pool_pa200
2022,MIL,543939.0,Kolten Wong,497,2.0,True,MLB,pool_pa200
2022,MIL,669374.0,Keston Hiura,266,3.0,True,MLB,pool_pa200
2022,LAA,545361.0,Mike Trout,499,1.0,True,MLB,pool_pa200
2022,LAA,621493.0,Taylor Ward,564,3.0,True,MLB,pool_pa200
2022,LAA,660271.0,Shohei Ohtani,666,2.0,True,MLB,pool_pa200
2022,AZ,664983.0,Jake McCarthy,354,2.0,True,MLB,pool_pa200
2022,AZ,444482.0,David Peralta,310,3.0,True,MLB,pool_pa200
2022,AZ,572233.0,Christian Walker,667,1.0,True,MLB,pool_pa200
2022,BAL,641820.0,Trey Mancini,401,3.0,True,MLB,pool_pa200
2022,BAL,668939.0,Adley Rutschman,470,1.0,True,MLB,pool_pa200
2022,BAL,623993.0,Anthony Santander,647,2.0,True,MLB,pool_pa200
2022,BOS,593428.0,Xander Bogaerts,631,2.0,True,MLB,pool_pa200
2022,BOS,646240.0,Rafael Devers,614,1.0,True,MLB,pool_pa200
2022,BOS,502110.0,J.D. Martinez,596,3.0,True,MLB,pool_pa200
2022,CHC,664023.0,Ian Happ,641,2.0,True,MLB,pool_pa200
2022,CHC,673548.0,Seiya Suzuki,446,3.0,True,MLB,pool_pa200
2022,CHC,575929.0,Willson Contreras,487,1.0,True,MLB,pool_pa200
2022,CIN,592273.0,Brandon Drury,385,1.0,True,MLB,pool_pa200
2022,CIN,641584.0,Jake Fraley,247,2.0,True,MLB,pool_pa200
2022,CIN,670770.0,TJ Friedl,258,3.0,True,MLB,pool_pa200
2022,CLE,680757.0,Steven Kwan,638,3.0,True,MLB,pool_pa200
2022,CLE,665926.0,Andrés Giménez,557,1.0,True,MLB,pool_pa200
2022,CLE,608070.0,José Ramírez,685,2.0,True,MLB,pool_pa200
2022,COL,602074.0,Yonathan Daza,408,3.0,True,MLB,pool_pa200
2022,COL,543068.0,C.J. Cron,632,1.0,True,MLB,pool_pa200
2022,COL,641857.0,Ryan McMahon,597,2.0,True,MLB,pool_pa200
2022,DET,605612.0,Harold Castro,443,3.0,False,MLB,pool_pa200
2022,DET,606992.0,Eric Haase,351,1.0,False,MLB,pool_pa200
2022,DET,682985.0,Riley Greene,418,2.0,True,MLB,pool_pa200
2022,HOU,670541.0,Yordan Alvarez,561,1.0,True,MLB,pool_pa200
2022,HOU,514888.0,Jose Altuve,604,2.0,True,MLB,pool_pa200
2022,HOU,608324.0,Alex Bregman,656,3.0,True,MLB,pool_pa200
2022,KC,643217.0,Andrew Benintendi,390,2.0,True,MLB,pool_pa200
2022,KC,686469.0,Vinnie Pasquantino,298,1.0,True,MLB,pool_pa200
2022,KC,521692.0,Salvador Perez,473,3.0,False,MLB,pool_pa200
2022,LAD,518692.0,Freddie Freeman,708,1.0,True,MLB,pool_pa200
2022,LAD,605141.0,Mookie Betts,639,3.0,True,MLB,pool_pa200
2022,LAD,572204.0,Trayce Thompson,239,2.0,True,MLB,pool_pa200
2022,WSH,608841.0,Joey Meneses,240,1.0,True,MLB,pool_pa200
2022,WSH,605137.0,Josh Bell,437,3.0,True,MLB,pool_pa200
2022,WSH,665742.0,Juan Soto,436,2.0,True,MLB,pool_pa200
2022,NYM,643446.0,Jeff McNeil,589,2.0,True,MLB,pool_pa200
2022,NYM,516782.0,Starling Marte,505,3.0,True,MLB,pool_pa200
2022,NYM,624413.0,Pete Alonso,685,1.0,True,MLB,pool_pa200
2023,OAK,680869.0,Zack Gelof,300,1.0,True,MLB,pool_pa200
2023,OAK,667670.0,Brent Rooker,526,2.0,True,MLB,pool_pa200
2023,OAK,676116.0,Ryan Noda,495,3.0,True,MLB,pool_pa200
2023,PIT,669707.0,Jared Triolo,209,1.0,True,MLB,pool_pa200
2023,PIT,457705.0,Andrew McCutchen,473,2.0,True,MLB,pool_pa200
2023,PIT,669261.0,Jack Suwinski,534,3.0,True,MLB,pool_pa200
2023,SD,593428.0,Xander Bogaerts,665,2.0,True,MLB,pool_pa200
2023,SD,665742.0,Juan Soto,708,1.0,True,MLB,pool_pa200
2023,SD,596142.0,Gary Sánchez,260,3.0,False,MLB,pool_pa200
2023,SEA,677594.0,Julio Rodríguez,714,2.0,True,MLB,pool_pa200
2023,SEA,641487.0,J.P. Crawford,638,1.0,True,MLB,pool_pa200
2023,SEA,645801.0,Mike Ford,251,3.0,True,MLB,pool_pa200
2023,SF,527038.0,Wilmer Flores,454,1.0,True,MLB,pool_pa200
2023,SF,664774.0,LaMonte Wade Jr.,519,2.0,True,MLB,pool_pa200
2023,SF,573262.0,Mike Yastrzemski,381,3.0,True,MLB,pool_pa200
2023,STL,502671.0,Paul Goldschmidt,687,2.0,True,MLB,pool_pa200
2023,STL,575929.0,Willson Contreras,495,1.0,True,MLB,pool_pa200
2023,STL,663457.0,Lars Nootbaar,503,3.0,True,MLB,pool_pa200
2023,TB,650490.0,Yandy Díaz,600,1.0,True,MLB,pool_pa200
2023,TB,666139.0,Josh Lowe,501,3.0,True,MLB,pool_pa200
2023,TB,670623.0,Isaac Paredes,571,2.0,True,MLB,pool_pa200
2023,TEX,608369.0,Corey Seager,536,1.0,True,MLB,pool_pa200
2023,TEX,543760.0,Marcus Semien,753,3.0,True,MLB,pool_pa200
2023,TEX,641598.0,Mitch Garver,344,2.0,True,MLB,pool_pa200
2023,TOR,666182.0,Bo Bichette,601,2.0,True,MLB,pool_pa200
2023,TOR,665489.0,Vladimir Guerrero Jr.,682,3.0,True,MLB,pool_pa200
2023,TOR,474832.0,Brandon Belt,404,1.0,True,MLB,pool_pa200
2023,MIN,668904.0,Royce Lewis,239,1.0,True,MLB,pool_pa200
2023,MIN,680777.0,Ryan Jeffers,335,3.0,True,MLB,pool_pa200
2023,MIN,670242.0,Matt Wallner,254,2.0,True,MLB,pool_pa200
2023,PHI,547180.0,Bryce Harper,546,1.0,True,MLB,pool_pa200
2023,PHI,669016.0,Brandon Marsh,472,2.0,True,MLB,pool_pa200
2023,PHI,656941.0,Kyle Schwarber,720,3.0,True,MLB,pool_pa200
2023,ATL,660670.0,Ronald Acuña Jr.,735,1.0,True,MLB,pool_pa200
2023,ATL,621566.0,Matt Olson,720,2.0,True,MLB,pool_pa200
2023,ATL,542303.0,Marcell Ozuna,592,3.0,True,MLB,pool_pa200
2023,CWS,650391.0,Eloy Jiménez,489,3.0,False,MLB,pool_pa200
2023,CWS,673357.0,Luis Robert Jr.,595,1.0,False,MLB,pool_pa200
2023,CWS,669394.0,Jake Burger,323,2.0,False,MLB,pool_pa200
2023,MIA,650333.0,Luis Arraez,617,1.0,True,MLB,pool_pa200
2023,MIA,669394.0,Jake Burger,217,2.0,True,MLB,pool_pa200
2023,MIA,624585.0,Jorge Soler,580,3.0,True,MLB,pool_pa200
2023,NYY,650402.0,Gleyber Torres,672,2.0,True,MLB,pool_pa200
2023,NYY,592450.0,Aaron Judge,458,1.0,True,MLB,pool_pa200
2023,NYY,518934.0,DJ LeMahieu,562,3.0,True,MLB,pool_pa200
2023,MIL,661388.0,William Contreras,611,1.0,True,MLB,pool_pa200
2023,MIL,592192.0,Mark Canha,204,3.0,True,MLB,pool_pa200
2023,MIL,592885.0,Christian Yelich,632,2.0,True,MLB,pool_pa200
2023,LAA,660271.0,Shohei Ohtani,599,1.0,True,MLB,pool_pa200
2023,LAA,650859.0,Luis Rengifo,445,3.0,True,MLB,pool_pa200
2023,LAA,545361.0,Mike Trout,362,2.0,True,MLB,pool_pa200
2023,AZ,682998.0,Corbin Carroll,645,1.0,True,MLB,pool_pa200
2023,AZ,606466.0,Ketel Marte,650,2.0,True,MLB,pool_pa200
2023,AZ,572233.0,Christian Walker,661,3.0,True,MLB,pool_pa200
2023,BAL,668939.0,Adley Rutschman,687,2.0,True,MLB,pool_pa200
2023,BAL,543305.0,Aaron Hicks,236,1.0,True,MLB,pool_pa200
2023,BAL,683002.0,Gunnar Henderson,622,3.0,True,MLB,pool_pa200
2023,BOS,680776.0,Jarren Duran,362,3.0,True,MLB,pool_pa200
2023,BOS,646240.0,Rafael Devers,656,2.0,True,MLB,pool_pa200
2023,BOS,671213.0,Triston Casas,502,1.0,True,MLB,pool_pa200
2023,CHC,641355.0,Cody Bellinger,556,1.0,True,MLB,pool_pa200
2023,CHC,673548.0,Seiya Suzuki,583,2.0,True,MLB,pool_pa200
2023,CHC,664023.0,Ian Happ,691,3.0,True,MLB,pool_pa200
2023,CIN,680574.0,Matt McLain,403,2.0,True,MLB,pool_pa200
2023,CIN,666181.0,Will Benson,329,1.0,True,MLB,pool_pa200
2023,CIN,668715.0,Spencer Steer,665,3.0,True,MLB,pool_pa200
2023,CLE,647304.0,Josh Naylor,495,1.0,True,MLB,pool_pa200
2023,CLE,608070.0,José Ramírez,691,3.0,True,MLB,pool_pa200
2023,CLE,666310.0,Bo Naylor,230,2.0,True,MLB,pool_pa200
2023,COL,545341.0,Randal Grichuk,263,2.0,True,MLB,pool_pa200
2023,COL,666134.0,Nolan Jones,424,1.0,True,MLB,pool_pa200
2023,COL,453568.0,Charlie Blackmon,413,3.0,True,MLB,pool_pa200
2023,DET,682985.0,Riley Greene,416,2.0,True,MLB,pool_pa200
2023,DET,681481.0,Kerry Carpenter,459,1.0,True,MLB,pool_pa200
2023,DET,679529.0,Spencer Torkelson,684,3.0,False,MLB,pool_pa200
2023,HOU,514888.0,Jose Altuve,410,2.0,True,MLB,pool_pa200
2023,HOU,670541.0,Yordan Alvarez,496,1.0,True,MLB,pool_pa200
2023,HOU,663656.0,Kyle Tucker,674,3.0,True,MLB,pool_pa200
2023,KC,666023.0,Freddy Fermin,235,2.0,True,MLB,pool_pa200
2023,KC,677951.0,Bobby Witt Jr.,694,1.0,False,MLB,pool_pa200
2023,KC,658668.0,Edward Olivares,385,3.0,False,MLB,pool_pa200
2023,LAD,518692.0,Freddie Freeman,730,2.0,True,MLB,pool_pa200
2023,LAD,605141.0,Mookie Betts,693,1.0,True,MLB,pool_pa200
2023,LAD,502110.0,J.D. Martinez,479,3.0,True,MLB,pool_pa200
2023,WSH,656448.0,Stone Garrett,271,2.0,True,MLB,pool_pa200
2023,WSH,657041.0,Lane Thomas,682,3.0,False,MLB,pool_pa200
2023,WSH,600869.0,Jeimer Candelario,419,1.0,True,MLB,pool_pa200
2023,NYM,607043.0,Brandon Nimmo,682,1.0,True,MLB,pool_pa200
2023,NYM,502054.0,Tommy Pham,264,2.0,True,MLB,pool_pa200
2023,NYM,596019.0,Francisco Lindor,687,3.0,True,MLB,pool_pa200
2024,OAK,667670.0,Brent Rooker,614,1.0,True,MLB,pool_pa200
2024,OAK,671732.0,Lawrence Butler,451,2.0,True,MLB,pool_pa200
2024,OAK,668709.0,JJ Bleday,642,3.0,True,MLB,pool_pa200
2024,PIT,668804.0,Bryan Reynolds,692,2.0,True,MLB,pool_pa200
2024,PIT,663698.0,Joey Bart,282,1.0,True,MLB,pool_pa200
2024,PIT,665833.0,Oneil Cruz,599,3.0,True,MLB,pool_pa200
2024,SD,701538.0,Jackson Merrill,593,3.0,True,MLB,pool_pa200
2024,SD,595777.0,Jurickson Profar,668,1.0,True,MLB,pool_pa200
2024,SD,665487.0,Fernando Tatis Jr.,438,2.0,True,MLB,pool_pa200
2024,SEA,645302.0,Victor Robles,262,1.0,True,MLB,pool_pa200
2024,SEA,670042.0,Luke Raley,455,2.0,True,MLB,pool_pa200
2024,SEA,668227.0,Randy Arozarena,239,3.0,True,MLB,pool_pa200
2024,SF,666149.0,Tyler Fitzgerald,341,1.0,True,MLB,pool_pa200
2024,SF,664774.0,LaMonte Wade Jr.,401,3.0,True,MLB,pool_pa200
2024,SF,656305.0,Matt Chapman,647,2.0,True,MLB,pool_pa200
2024,STL,671056.0,Iván Herrera,259,2.0,True,MLB,pool_pa200
2024,STL,680977.0,Brendan Donovan,652,3.0,True,MLB,pool_pa200
2024,STL,575929.0,Willson Contreras,358,1.0,True,MLB,pool_pa200
2024,TB,642708.0,Amed Rosario,275,3.0,True,MLB,pool_pa200
2024,TB,650490.0,Yandy Díaz,621,2.0,True,MLB,pool_pa200
2024,TB,664040.0,Brandon Lowe,425,1.0,False,MLB,pool_pa200
2024,TEX,608369.0,Corey Seager,533,1.0,True,MLB,pool_pa200
2024,TEX,663993.0,Nathaniel Lowe,565,2.0,True,MLB,pool_pa200
2024,TEX,669701.0,Josh Smith,592,3.0,True,MLB,pool_pa200
2024,TOR,665489.0,Vladimir Guerrero Jr.,697,1.0,True,MLB,pool_pa200
2024,TOR,643396.0,Isiah Kiner-Falefa,281,3.0,True,MLB,pool_pa200
2024,TOR,687462.0,Spencer Horwitz,381,2.0,True,MLB,pool_pa200
2024,MIN,621043.0,Carlos Correa,367,2.0,True,MLB,pool_pa200
2024,MIN,621439.0,Byron Buxton,388,3.0,True,MLB,pool_pa200
2024,MIN,670242.0,Matt Wallner,261,1.0,True,MLB,pool_pa200
2024,PHI,607208.0,Trea Turner,539,3.0,True,MLB,pool_pa200
2024,PHI,547180.0,Bryce Harper,631,1.0,True,MLB,pool_pa200
2024,PHI,656941.0,Kyle Schwarber,692,2.0,True,MLB,pool_pa200
2024,ATL,542303.0,Marcell Ozuna,688,1.0,True,MLB,pool_pa200
2024,ATL,657656.0,Ramón Laureano,226,2.0,True,MLB,pool_pa200
2024,ATL,621566.0,Matt Olson,685,3.0,True,MLB,pool_pa200
2024,CWS,683734.0,Andrew Vaughn,619,1.0,False,MLB,pool_pa200
2024,CWS,657757.0,Gavin Sheets,501,3.0,False,MLB,pool_pa200
2024,CWS,643217.0,Andrew Benintendi,522,2.0,False,MLB,pool_pa200
2024,MIA,669364.0,Xavier Edwards,303,1.0,True,MLB,pool_pa200
2024,MIA,681146.0,Jonah Bride,272,2.0,True,MLB,pool_pa200
2024,MIA,669394.0,Jake Burger,579,3.0,False,MLB,pool_pa200
2024,NYY,592450.0,Aaron Judge,704,1.0,True,MLB,pool_pa200
2024,NYY,665742.0,Juan Soto,713,2.0,True,MLB,pool_pa200
2024,NYY,519317.0,Giancarlo Stanton,459,3.0,False,MLB,pool_pa200
2024,MIL,592885.0,Christian Yelich,315,1.0,True,MLB,pool_pa200
2024,MIL,661388.0,William Contreras,679,2.0,True,MLB,pool_pa200
2024,MIL,669003.0,Garrett Mitchell,224,3.0,True,MLB,pool_pa200
2024,LAA,650859.0,Luis Rengifo,304,1.0,True,MLB,pool_pa200
2024,LAA,687263.0,Zach Neto,602,2.0,True,MLB,pool_pa200
2024,LAA,621493.0,Taylor Ward,663,3.0,True,MLB,pool_pa200
2024,AZ,606466.0,Ketel Marte,583,2.0,True,MLB,pool_pa200
2024,AZ,545341.0,Randal Grichuk,279,3.0,True,MLB,pool_pa200
2024,AZ,592626.0,Joc Pederson,449,1.0,True,MLB,pool_pa200
2024,BAL,683002.0,Gunnar Henderson,719,1.0,True,MLB,pool_pa200
2024,BAL,676059.0,Jordan Westburg,447,3.0,False,MLB,pool_pa200
2024,BAL,623993.0,Anthony Santander,665,2.0,False,MLB,pool_pa200
2024,BOS,608701.0,Rob Refsnyder,307,3.0,True,MLB,pool_pa200
2024,BOS,646240.0,Rafael Devers,601,1.0,True,MLB,pool_pa200
2024,BOS,641933.0,Tyler O'Neill,473,2.0,True,MLB,pool_pa200
2024,CHC,673548.0,Seiya Suzuki,585,1.0,True,MLB,pool_pa200
2024,CHC,683737.0,Michael Busch,567,3.0,True,MLB,pool_pa200
2024,CHC,664023.0,Ian Happ,657,2.0,True,MLB,pool_pa200
2024,CIN,682829.0,Elly De La Cruz,696,1.0,True,MLB,pool_pa200
2024,CIN,663886.0,Tyler Stephenson,515,2.0,True,MLB,pool_pa200
2024,CIN,663697.0,Jonathan India,637,3.0,True,MLB,pool_pa200
2024,CLE,680757.0,Steven Kwan,540,2.0,True,MLB,pool_pa200
2024,CLE,608070.0,José Ramírez,682,1.0,True,MLB,pool_pa200
2024,CLE,681807.0,David Fry,392,3.0,True,MLB,pool_pa200
2024,COL,607732.0,Jacob Stallings,281,1.0,True,MLB,pool_pa200
2024,COL,686668.0,Brenton Doyle,603,3.0,True,MLB,pool_pa200
2024,COL,669911.0,Michael Toglia,458,2.0,False,MLB,pool_pa200
2024,DET,681481.0,Kerry Carpenter,296,1.0,True,MLB,pool_pa200
2024,DET,682985.0,Riley Greene,584,2.0,True,MLB,pool_pa200
2024,DET,678009.0,Parker Meadows,298,3.0,False,MLB,pool_pa200
2024,HOU,670541.0,Yordan Alvarez,635,2.0,True,MLB,pool_pa200
2024,HOU,514888.0,Jose Altuve,682,3.0,True,MLB,pool_pa200
2024,HOU,663656.0,Kyle Tucker,339,1.0,True,MLB,pool_pa200
2024,KC,677951.0,Bobby Witt Jr.,709,1.0,True,MLB,pool_pa200
2024,KC,521692.0,Salvador Perez,652,2.0,True,MLB,pool_pa200
2024,KC,686469.0,Vinnie Pasquantino,554,3.0,True,MLB,pool_pa200
2024,LAD,660271.0,Shohei Ohtani,731,1.0,True,MLB,pool_pa200
2024,LAD,605141.0,Mookie Betts,516,2.0,True,MLB,pool_pa200
2024,LAD,518692.0,Freddie Freeman,638,3.0,True,MLB,pool_pa200
2024,WSH,660766.0,Juan Yepez,249,2.0,True,MLB,pool_pa200
2024,WSH,671277.0,Luis García Jr.,528,3.0,True,MLB,pool_pa200
2024,WSH,695578.0,James Wood,336,1.0,True,MLB,pool_pa200
2024,NYM,578428.0,Jose Iglesias,291,2.0,True,MLB,pool_pa200
2024,NYM,596019.0,Francisco Lindor,689,1.0,True,MLB,pool_pa200
2024,NYM,668901.0,Mark Vientos,454,3.0,True,MLB,pool_pa200
2025,ATH,701762.0,Nick Kurtz,489,1.0,True,MLB,pool_pa200
2025,ATH,669127.0,Shea Langeliers,523,2.0,True,MLB,pool_pa200
2025,ATH,691016.0,Tyler Soderstrom,624,3.0,True,MLB,pool_pa200
2025,PIT,687462.0,Spencer Horwitz,411,1.0,True,MLB,pool_pa200
2025,PIT,663698.0,Joey Bart,332,2.0,True,MLB,pool_pa200
2025,PIT,668804.0,Bryan Reynolds,654,3.0,True,MLB,pool_pa200
2025,SD,592518.0,Manny Machado,678,2.0,True,MLB,pool_pa200
2025,SD,665487.0,Fernando Tatis Jr.,691,1.0,True,MLB,pool_pa200
2025,SD,630105.0,Jake Cronenworth,515,3.0,True,MLB,pool_pa200
2025,SEA,686527.0,Dominic Canzone,269,2.0,True,MLB,pool_pa200
2025,SEA,647304.0,Josh Naylor,210,3.0,True,MLB,pool_pa200
2025,SEA,663728.0,Cal Raleigh,705,1.0,True,MLB,pool_pa200
2025,SF,642086.0,Dominic Smith,225,3.0,True,MLB,pool_pa200
2025,SF,646240.0,Rafael Devers,395,1.0,True,MLB,pool_pa200
2025,SF,656305.0,Matt Chapman,535,2.0,True,MLB,pool_pa200
2025,STL,676475.0,Alec Burleson,546,2.0,True,MLB,pool_pa200
2025,STL,671056.0,Iván Herrera,452,1.0,True,MLB,pool_pa200
2025,STL,575929.0,Willson Contreras,563,3.0,True,MLB,pool_pa200
2025,TB,666018.0,Jonathan Aranda,422,1.0,True,MLB,pool_pa200
2025,TB,650490.0,Yandy Díaz,651,2.0,True,MLB,pool_pa200
2025,TB,691406.0,Junior Caminero,653,3.0,False,MLB,pool_pa200
2025,TEX,608369.0,Corey Seager,445,1.0,True,MLB,pool_pa200
2025,TEX,694497.0,Evan Carter,220,3.0,True,MLB,pool_pa200
2025,TEX,694671.0,Wyatt Langford,573,2.0,True,MLB,pool_pa200
2025,TOR,666182.0,Bo Bichette,628,3.0,True,MLB,pool_pa200
2025,TOR,543807.0,George Springer,586,1.0,True,MLB,pool_pa200
2025,TOR,665489.0,Vladimir Guerrero Jr.,680,2.0,True,MLB,pool_pa200
2025,MIN,807712.0,Luke Keaschall,207,1.0,True,MLB,pool_pa200
2025,MIN,680777.0,Ryan Jeffers,464,3.0,True,MLB,pool_pa200
2025,MIN,621439.0,Byron Buxton,542,2.0,True,MLB,pool_pa200
2025,PHI,607208.0,Trea Turner,639,3.0,True,MLB,pool_pa200
2025,PHI,547180.0,Bryce Harper,580,2.0,True,MLB,pool_pa200
2025,PHI,656941.0,Kyle Schwarber,724,1.0,True,MLB,pool_pa200
2025,ATL,660670.0,Ronald Acuña Jr.,412,1.0,True,MLB,pool_pa200
2025,ATL,686948.0,Drake Baldwin,446,3.0,True,MLB,pool_pa200
2025,ATL,621566.0,Matt Olson,724,2.0,True,MLB,pool_pa200
2025,CWS,691019.0,Kyle Teel,297,2.0,True,MLB,pool_pa200
2025,CWS,643565.0,Mike Tauchman,385,3.0,True,MLB,pool_pa200
2025,CWS,695657.0,Colson Montgomery,284,1.0,False,MLB,pool_pa200
2025,MIA,805300.0,Jakob Marsee,234,2.0,True,MLB,pool_pa200
2025,MIA,669065.0,Kyle Stowers,457,1.0,True,MLB,pool_pa200
2025,MIA,681715.0,Heriberto Hernández,294,3.0,True,MLB,pool_pa200
2025,NYY,592450.0,Aaron Judge,679,1.0,True,MLB,pool_pa200
2025,NYY,519317.0,Giancarlo Stanton,281,2.0,True,MLB,pool_pa200
2025,NYY,700250.0,Ben Rice,530,3.0,True,MLB,pool_pa200
2025,MIL,683734.0,Andrew Vaughn,254,1.0,True,MLB,pool_pa200
2025,MIL,668930.0,Brice Turang,659,2.0,True,MLB,pool_pa200
2025,MIL,686555.0,Isaac Collins,441,3.0,True,MLB,pool_pa200
2025,LAA,660162.0,Yoán Moncada,289,2.0,True,MLB,pool_pa200
2025,LAA,545361.0,Mike Trout,556,1.0,True,MLB,pool_pa200
2025,LAA,621493.0,Taylor Ward,663,3.0,True,MLB,pool_pa200
2025,AZ,672695.0,Geraldo Perdomo,720,2.0,True,MLB,pool_pa200
2025,AZ,606466.0,Ketel Marte,556,1.0,True,MLB,pool_pa200
2025,AZ,682998.0,Corbin Carroll,642,3.0,True,MLB,pool_pa200
2025,BAL,683002.0,Gunnar Henderson,651,1.0,True,MLB,pool_pa200
2025,BAL,676059.0,Jordan Westburg,352,2.0,False,MLB,pool_pa200
2025,BAL,702616.0,Jackson Holliday,649,3.0,False,MLB,pool_pa200
2025,BOS,701350.0,Roman Anthony,303,1.0,True,MLB,pool_pa200
2025,BOS,608324.0,Alex Bregman,495,3.0,True,MLB,pool_pa200
2025,BOS,608701.0,Rob Refsnyder,209,2.0,True,MLB,pool_pa200
2025,CHC,663656.0,Kyle Tucker,597,2.0,True,MLB,pool_pa200
2025,CHC,683737.0,Michael Busch,592,1.0,True,MLB,pool_pa200
2025,CHC,673548.0,Seiya Suzuki,651,3.0,True,MLB,pool_pa200
2025,CIN,669720.0,Austin Hays,416,3.0,True,MLB,pool_pa200
2025,CIN,682829.0,Elly De La Cruz,699,2.0,True,MLB,pool_pa200
2025,CIN,670770.0,TJ Friedl,685,1.0,True,MLB,pool_pa200
2025,CLE,608070.0,José Ramírez,673,1.0,True,MLB,pool_pa200
2025,CLE,680757.0,Steven Kwan,693,3.0,True,MLB,pool_pa200
2025,CLE,700932.0,Kyle Manzardo,531,2.0,False,MLB,pool_pa200
2025,COL,671289.0,Tyler Freeman,428,3.0,True,MLB,pool_pa200
2025,COL,696100.0,Hunter Goodman,579,1.0,True,MLB,pool_pa200
2025,COL,666160.0,Mickey Moniak,461,2.0,False,MLB,pool_pa200
2025,DET,682985.0,Riley Greene,655,1.0,False,MLB,pool_pa200
2025,DET,650402.0,Gleyber Torres,628,3.0,True,MLB,pool_pa200
2025,DET,679529.0,Spencer Torkelson,649,2.0,True,MLB,pool_pa200
2025,HOU,665161.0,Jeremy Peña,543,1.0,True,MLB,pool_pa200
2025,HOU,621043.0,Carlos Correa,220,3.0,True,MLB,pool_pa200
2025,HOU,670623.0,Isaac Paredes,438,2.0,True,MLB,pool_pa200
2025,KC,677951.0,Bobby Witt Jr.,687,1.0,True,MLB,pool_pa200
2025,KC,672580.0,Maikel Garcia,666,2.0,True,MLB,pool_pa200
2025,KC,686469.0,Vinnie Pasquantino,682,3.0,True,MLB,pool_pa200
2025,LAD,669257.0,Will Smith,436,2.0,True,MLB,pool_pa200
2025,LAD,518692.0,Freddie Freeman,627,3.0,True,MLB,pool_pa200
2025,LAD,660271.0,Shohei Ohtani,727,1.0,True,MLB,pool_pa200
2025,WSH,695734.0,Daylen Lile,351,1.0,True,MLB,pool_pa200
2025,WSH,669743.0,Alex Call,237,3.0,True,MLB,pool_pa200
2025,WSH,695578.0,James Wood,689,2.0,True,MLB,pool_pa200
2025,NYM,624413.0,Pete Alonso,709,2.0,True,MLB,pool_pa200
2025,NYM,596019.0,Francisco Lindor,732,3.0,True,MLB,pool_pa200
2025,NYM,665742.0,Juan Soto,715,1.0,True,MLB,pool_pa200
2021,OAK,621566.0,Matt Olson,673,1.0,True,MLB,pool_pa400
2021,OAK,592192.0,Mark Canha,625,2.0,True,MLB,pool_pa400
2021,OAK,656305.0,Matt Chapman,622,3.0,False,MLB,pool_pa400
2021,PIT,624428.0,Adam Frazier,428,2.0,True,MLB,pool_pa400
2021,PIT,668804.0,Bryan Reynolds,646,1.0,True,MLB,pool_pa400
2021,PIT,607732.0,Jacob Stallings,427,3.0,True,MLB,pool_pa400
2021,SD,665487.0,Fernando Tatis Jr.,546,1.0,True,MLB,pool_pa400
2021,SD,592518.0,Manny Machado,640,2.0,True,MLB,pool_pa400
2021,SD,630105.0,Jake Cronenworth,643,3.0,True,MLB,pool_pa400
2021,SEA,664034.0,Ty France,650,1.0,True,MLB,pool_pa400
2021,SEA,641487.0,J.P. Crawford,687,3.0,True,MLB,pool_pa400
2021,SEA,571745.0,Mitch Haniger,691,2.0,True,MLB,pool_pa400
2021,SF,457763.0,Buster Posey,454,1.0,True,MLB,pool_pa400
2021,SF,543063.0,Brandon Crawford,549,2.0,True,MLB,pool_pa400
2021,SF,527038.0,Wilmer Flores,436,3.0,True,MLB,pool_pa400
2021,STL,502671.0,Paul Goldschmidt,679,2.0,True,MLB,pool_pa400
2021,STL,641933.0,Tyler O'Neill,537,1.0,True,MLB,pool_pa400
2021,STL,666185.0,Dylan Carlson,619,3.0,True,MLB,pool_pa400
2021,TB,668227.0,Randy Arozarena,604,2.0,True,MLB,pool_pa400
2021,TB,664040.0,Brandon Lowe,615,1.0,True,MLB,pool_pa400
2021,TB,640457.0,Austin Meadows,591,3.0,False,MLB,pool_pa400
2021,TEX,663993.0,Nathaniel Lowe,642,1.0,True,MLB,pool_pa400
2021,TEX,666969.0,Adolis García,622,2.0,False,MLB,pool_pa400
2021,TEX,669256.0,Nick Solak,511,3.0,False,MLB,pool_pa400
2021,TOR,665489.0,Vladimir Guerrero Jr.,698,1.0,True,MLB,pool_pa400
2021,TOR,606192.0,Teoscar Hernández,595,2.0,True,MLB,pool_pa400
2021,TOR,543760.0,Marcus Semien,724,3.0,True,MLB,pool_pa400
2021,MIN,593871.0,Jorge Polanco,644,2.0,True,MLB,pool_pa400
2021,MIN,518626.0,Josh Donaldson,543,1.0,True,MLB,pool_pa400
2021,MIN,593934.0,Miguel Sanó,532,3.0,False,MLB,pool_pa400
2021,PHI,547180.0,Bryce Harper,599,1.0,True,MLB,pool_pa400
2021,PHI,516416.0,Jean Segura,567,3.0,True,MLB,pool_pa400
2021,PHI,656555.0,Rhys Hoskins,443,2.0,True,MLB,pool_pa400
2021,ATL,663586.0,Austin Riley,662,2.0,True,MLB,pool_pa400
2021,ATL,518692.0,Freddie Freeman,695,1.0,True,MLB,pool_pa400
2021,ATL,645277.0,Ozzie Albies,686,3.0,False,MLB,pool_pa400
2021,CWS,641313.0,Tim Anderson,551,3.0,True,MLB,pool_pa400
2021,CWS,660162.0,Yoán Moncada,616,2.0,True,MLB,pool_pa400
2021,CWS,547989.0,José Abreu,659,1.0,True,MLB,pool_pa400
2021,MIA,500743.0,Miguel Rojas,539,3.0,True,MLB,pool_pa400
2021,MIA,542583.0,Jesús Aguilar,510,1.0,True,MLB,pool_pa400
2021,MIA,665862.0,Jazz Chisholm Jr.,507,2.0,False,MLB,pool_pa400
2021,NYY,592450.0,Aaron Judge,633,1.0,True,MLB,pool_pa400
2021,NYY,519317.0,Giancarlo Stanton,579,2.0,True,MLB,pool_pa400
2021,NYY,518934.0,DJ LeMahieu,679,3.0,True,MLB,pool_pa400
2021,MIL,642715.0,Willy Adames,413,1.0,True,MLB,pool_pa400
2021,MIL,541645.0,Avisaíl García,515,2.0,True,MLB,pool_pa400
2021,MIL,649966.0,Luis Urías,570,3.0,True,MLB,pool_pa400
2021,LAA,665120.0,Jared Walsh,585,2.0,True,MLB,pool_pa400
2021,LAA,578428.0,Jose Iglesias,447,3.0,False,MLB,pool_pa400
2021,LAA,660271.0,Shohei Ohtani,639,1.0,True,MLB,pool_pa400
2021,AZ,656976.0,Pavin Smith,545,3.0,True,MLB,pool_pa400
2021,AZ,668942.0,Josh Rojas,550,1.0,True,MLB,pool_pa400
2021,AZ,500871.0,Eduardo Escobar,400,2.0,False,MLB,pool_pa400
2021,BAL,656775.0,Cedric Mullins,675,1.0,True,MLB,pool_pa400
2021,BAL,669720.0,Austin Hays,529,3.0,False,MLB,pool_pa400
2021,BAL,663624.0,Ryan Mountcastle,586,2.0,False,MLB,pool_pa400
2021,BOS,593428.0,Xander Bogaerts,603,2.0,True,MLB,pool_pa400
2021,BOS,502110.0,J.D. Martinez,634,3.0,True,MLB,pool_pa400
2021,BOS,646240.0,Rafael Devers,664,1.0,True,MLB,pool_pa400
2021,CHC,575929.0,Willson Contreras,483,1.0,True,MLB,pool_pa400
2021,CHC,664023.0,Ian Happ,535,2.0,True,MLB,pool_pa400
2021,CIN,592206.0,Nick Castellanos,585,3.0,True,MLB,pool_pa400
2021,CIN,608385.0,Jesse Winker,485,1.0,True,MLB,pool_pa400
2021,CIN,458015.0,Joey Votto,533,2.0,True,MLB,pool_pa400
2021,CLE,608070.0,José Ramírez,636,1.0,True,MLB,pool_pa400
2021,CLE,614177.0,Franmil Reyes,466,2.0,True,MLB,pool_pa400
2021,CLE,514917.0,César Hernández,420,3.0,False,MLB,pool_pa400
2021,COL,663898.0,Brendan Rodgers,415,3.0,True,MLB,pool_pa400
2021,COL,543068.0,C.J. Cron,547,1.0,True,MLB,pool_pa400
2021,COL,596115.0,Trevor Story,595,2.0,True,MLB,pool_pa400
2021,DET,600869.0,Jeimer Candelario,626,1.0,True,MLB,pool_pa400
2021,DET,668731.0,Akil Baddoo,461,3.0,True,MLB,pool_pa400
2021,DET,543257.0,Robbie Grossman,671,2.0,True,MLB,pool_pa400
2021,HOU,663656.0,Kyle Tucker,567,1.0,True,MLB,pool_pa400
2021,HOU,621043.0,Carlos Correa,640,3.0,True,MLB,pool_pa400
2021,HOU,670541.0,Yordan Alvarez,598,2.0,True,MLB,pool_pa400
2021,KC,670032.0,Nicky Lopez,565,2.0,True,MLB,pool_pa400
2021,KC,643217.0,Andrew Benintendi,538,3.0,True,MLB,pool_pa400
2021,KC,521692.0,Salvador Perez,665,1.0,False,MLB,pool_pa400
2021,LAD,608369.0,Corey Seager,409,1.0,True,MLB,pool_pa400
2021,LAD,572041.0,AJ Pollock,422,3.0,True,MLB,pool_pa400
2021,LAD,571970.0,Max Muncy,592,2.0,True,MLB,pool_pa400
2021,WSH,607208.0,Trea Turner,420,2.0,True,MLB,pool_pa400
2021,WSH,665742.0,Juan Soto,654,1.0,True,MLB,pool_pa400
2021,WSH,605137.0,Josh Bell,568,3.0,True,MLB,pool_pa400
2021,NYM,624413.0,Pete Alonso,637,1.0,True,MLB,pool_pa400
2021,NYM,542340.0,Jonathan Villar,505,3.0,True,MLB,pool_pa400
2021,NYM,624424.0,Michael Conforto,479,2.0,True,MLB,pool_pa400
2022,OAK,669221.0,Sean Murphy,612,1.0,True,MLB,pool_pa400
2022,OAK,643393.0,Tony Kemp,558,3.0,False,MLB,pool_pa400
2022,OAK,664913.0,Seth Brown,555,2.0,False,MLB,pool_pa400
2022,PIT,668804.0,Bryan Reynolds,614,1.0,True,MLB,pool_pa400
2022,PIT,663647.0,Ke'Bryan Hayes,560,3.0,True,MLB,pool_pa400
2022,PIT,592325.0,Ben Gamel,423,2.0,True,MLB,pool_pa400
2022,SD,592518.0,Manny Machado,644,1.0,True,MLB,pool_pa400
2022,SD,595777.0,Jurickson Profar,658,2.0,True,MLB,pool_pa400
2022,SD,630105.0,Jake Cronenworth,684,3.0,True,MLB,pool_pa400
2022,SEA,677594.0,Julio Rodríguez,560,1.0,True,MLB,pool_pa400
2022,SEA,664034.0,Ty France,613,3.0,True,MLB,pool_pa400
2022,SEA,553993.0,Eugenio Suárez,629,2.0,True,MLB,pool_pa400
2022,SF,592626.0,Joc Pederson,433,1.0,True,MLB,pool_pa400
2022,SF,642731.0,Thairo Estrada,541,2.0,True,MLB,pool_pa400
2022,SF,527038.0,Wilmer Flores,602,3.0,True,MLB,pool_pa400
2022,STL,502671.0,Paul Goldschmidt,651,1.0,True,MLB,pool_pa400
2022,STL,571448.0,Nolan Arenado,620,2.0,True,MLB,pool_pa400
2022,STL,680977.0,Brendan Donovan,468,3.0,True,MLB,pool_pa400
2022,TB,623912.0,Harold Ramírez,435,3.0,True,MLB,pool_pa400
2022,TB,650490.0,Yandy Díaz,558,1.0,True,MLB,pool_pa400
2022,TB,668227.0,Randy Arozarena,645,2.0,True,MLB,pool_pa400
2022,TEX,663993.0,Nathaniel Lowe,645,1.0,True,MLB,pool_pa400
2022,TEX,666969.0,Adolis García,657,3.0,False,MLB,pool_pa400
2022,TEX,608369.0,Corey Seager,663,2.0,True,MLB,pool_pa400
2022,TOR,672386.0,Alejandro Kirk,541,3.0,True,MLB,pool_pa400
2022,TOR,665489.0,Vladimir Guerrero Jr.,706,2.0,True,MLB,pool_pa400
2022,TOR,543807.0,George Springer,583,1.0,True,MLB,pool_pa400
2022,MIN,650333.0,Luis Arraez,603,2.0,True,MLB,pool_pa400
2022,MIN,621043.0,Carlos Correa,590,1.0,True,MLB,pool_pa400
2022,MIN,593871.0,Jorge Polanco,445,3.0,True,MLB,pool_pa400
2022,PHI,547180.0,Bryce Harper,426,1.0,True,MLB,pool_pa400
2022,PHI,592663.0,J.T. Realmuto,562,3.0,True,MLB,pool_pa400
2022,PHI,656941.0,Kyle Schwarber,669,2.0,True,MLB,pool_pa400
2022,ATL,671739.0,Michael Harris II,441,2.0,True,MLB,pool_pa400
2022,ATL,663586.0,Austin Riley,693,1.0,True,MLB,pool_pa400
2022,ATL,621566.0,Matt Olson,699,3.0,True,MLB,pool_pa400
2022,CWS,547989.0,José Abreu,679,1.0,True,MLB,pool_pa400
2022,CWS,673357.0,Luis Robert Jr.,401,3.0,True,MLB,pool_pa400
2022,CWS,683734.0,Andrew Vaughn,555,2.0,True,MLB,pool_pa400
2022,MIA,643265.0,Garrett Cooper,469,1.0,True,MLB,pool_pa400
2022,MIA,542932.0,Jon Berti,404,2.0,True,MLB,pool_pa400
2022,MIA,542583.0,Jesús Aguilar,456,3.0,False,MLB,pool_pa400
2022,NYY,592450.0,Aaron Judge,696,1.0,True,MLB,pool_pa400
2022,NYY,518934.0,DJ LeMahieu,541,3.0,True,MLB,pool_pa400
2022,NYY,519203.0,Anthony Rizzo,548,2.0,True,MLB,pool_pa400
2022,MIL,592669.0,Hunter Renfroe,522,1.0,True,MLB,pool_pa400
2022,MIL,592885.0,Christian Yelich,671,3.0,True,MLB,pool_pa400
2022,MIL,543939.0,Kolten Wong,497,2.0,True,MLB,pool_pa400
2022,LAA,545361.0,Mike Trout,499,1.0,True,MLB,pool_pa400
2022,LAA,621493.0,Taylor Ward,564,3.0,True,MLB,pool_pa400
2022,LAA,660271.0,Shohei Ohtani,666,2.0,True,MLB,pool_pa400
2022,AZ,668942.0,Josh Rojas,510,2.0,True,MLB,pool_pa400
2022,AZ,572233.0,Christian Walker,667,1.0,True,MLB,pool_pa400
2022,AZ,662139.0,Daulton Varsho,592,3.0,False,MLB,pool_pa400
2022,BAL,641820.0,Trey Mancini,401,3.0,True,MLB,pool_pa400
2022,BAL,668939.0,Adley Rutschman,470,1.0,True,MLB,pool_pa400
2022,BAL,623993.0,Anthony Santander,647,2.0,True,MLB,pool_pa400
2022,BOS,593428.0,Xander Bogaerts,631,2.0,True,MLB,pool_pa400
2022,BOS,646240.0,Rafael Devers,614,1.0,True,MLB,pool_pa400
2022,BOS,502110.0,J.D. Martinez,596,3.0,True,MLB,pool_pa400
2022,CHC,664023.0,Ian Happ,641,2.0,True,MLB,pool_pa400
2022,CHC,673548.0,Seiya Suzuki,446,3.0,True,MLB,pool_pa400
2022,CHC,575929.0,Willson Contreras,487,1.0,True,MLB,pool_pa400
2022,CIN,571657.0,Kyle Farmer,583,2.0,True,MLB,pool_pa400
2022,CIN,663697.0,Jonathan India,431,1.0,True,MLB,pool_pa400
2022,CIN,669222.0,Nick Senzel,420,3.0,False,MLB,pool_pa400
2022,CLE,680757.0,Steven Kwan,638,3.0,True,MLB,pool_pa400
2022,CLE,665926.0,Andrés Giménez,557,1.0,True,MLB,pool_pa400
2022,CLE,608070.0,José Ramírez,685,2.0,True,MLB,pool_pa400
2022,COL,602074.0,Yonathan Daza,408,3.0,True,MLB,pool_pa400
2022,COL,543068.0,C.J. Cron,632,1.0,True,MLB,pool_pa400
2022,COL,641857.0,Ryan McMahon,597,2.0,True,MLB,pool_pa400
2022,DET,605612.0,Harold Castro,443,2.0,False,MLB,pool_pa400
2022,DET,682985.0,Riley Greene,418,1.0,True,MLB,pool_pa400
2022,DET,595879.0,Javier Báez,590,3.0,False,MLB,pool_pa400
2022,HOU,670541.0,Yordan Alvarez,561,1.0,True,MLB,pool_pa400
2022,HOU,514888.0,Jose Altuve,604,2.0,True,MLB,pool_pa400
2022,HOU,608324.0,Alex Bregman,656,3.0,True,MLB,pool_pa400
2022,KC,521692.0,Salvador Perez,473,1.0,False,MLB,pool_pa400
2022,KC,677951.0,Bobby Witt Jr.,632,3.0,False,MLB,pool_pa400
2022,KC,669004.0,MJ Melendez,534,2.0,True,MLB,pool_pa400
2022,LAD,518692.0,Freddie Freeman,708,1.0,True,MLB,pool_pa400
2022,LAD,605141.0,Mookie Betts,639,2.0,True,MLB,pool_pa400
2022,LAD,669257.0,Will Smith,578,3.0,True,MLB,pool_pa400
2022,WSH,605137.0,Josh Bell,437,2.0,True,MLB,pool_pa400
2022,WSH,665742.0,Juan Soto,436,1.0,True,MLB,pool_pa400
2022,WSH,657041.0,Lane Thomas,548,3.0,False,MLB,pool_pa400
2022,NYM,643446.0,Jeff McNeil,589,2.0,True,MLB,pool_pa400
2022,NYM,516782.0,Starling Marte,505,3.0,True,MLB,pool_pa400
2022,NYM,624413.0,Pete Alonso,685,1.0,True,MLB,pool_pa400
2023,OAK,667670.0,Brent Rooker,526,1.0,True,MLB,pool_pa400
2023,OAK,676116.0,Ryan Noda,495,2.0,True,MLB,pool_pa400
2023,OAK,669127.0,Shea Langeliers,490,3.0,False,MLB,pool_pa400
2023,PIT,668804.0,Bryan Reynolds,640,3.0,True,MLB,pool_pa400
2023,PIT,457705.0,Andrew McCutchen,473,1.0,True,MLB,pool_pa400
2023,PIT,669261.0,Jack Suwinski,534,2.0,True,MLB,pool_pa400
2023,SD,593428.0,Xander Bogaerts,665,2.0,True,MLB,pool_pa400
2023,SD,665742.0,Juan Soto,708,1.0,True,MLB,pool_pa400
2023,SD,592518.0,Manny Machado,601,3.0,False,MLB,pool_pa400
2023,SEA,677594.0,Julio Rodríguez,714,2.0,True,MLB,pool_pa400
2023,SEA,641487.0,J.P. Crawford,638,1.0,True,MLB,pool_pa400
2023,SEA,663728.0,Cal Raleigh,569,3.0,False,MLB,pool_pa400
2023,SF,527038.0,Wilmer Flores,454,1.0,True,MLB,pool_pa400
2023,SF,664774.0,LaMonte Wade Jr.,519,2.0,True,MLB,pool_pa400
2023,SF,592626.0,Joc Pederson,425,3.0,True,MLB,pool_pa400
2023,STL,502671.0,Paul Goldschmidt,687,2.0,True,MLB,pool_pa400
2023,STL,575929.0,Willson Contreras,495,1.0,True,MLB,pool_pa400
2023,STL,663457.0,Lars Nootbaar,503,3.0,True,MLB,pool_pa400
2023,TB,650490.0,Yandy Díaz,600,1.0,True,MLB,pool_pa400
2023,TB,666139.0,Josh Lowe,501,3.0,True,MLB,pool_pa400
2023,TB,670623.0,Isaac Paredes,571,2.0,True,MLB,pool_pa400
2023,TEX,608369.0,Corey Seager,536,1.0,True,MLB,pool_pa400
2023,TEX,543760.0,Marcus Semien,753,2.0,True,MLB,pool_pa400
2023,TEX,666969.0,Adolis García,632,3.0,True,MLB,pool_pa400
2023,TOR,666182.0,Bo Bichette,601,2.0,True,MLB,pool_pa400
2023,TOR,665489.0,Vladimir Guerrero Jr.,682,3.0,True,MLB,pool_pa400
2023,TOR,474832.0,Brandon Belt,404,1.0,True,MLB,pool_pa400
2023,MIN,456781.0,Donovan Solano,450,3.0,True,MLB,pool_pa400
2023,MIN,666397.0,Edouard Julien,408,1.0,True,MLB,pool_pa400
2023,MIN,596146.0,Max Kepler,491,2.0,True,MLB,pool_pa400
2023,PHI,547180.0,Bryce Harper,546,1.0,True,MLB,pool_pa400
2023,PHI,669016.0,Brandon Marsh,472,2.0,True,MLB,pool_pa400
2023,PHI,656941.0,Kyle Schwarber,720,3.0,True,MLB,pool_pa400
2023,ATL,660670.0,Ronald Acuña Jr.,735,1.0,True,MLB,pool_pa400
2023,ATL,621566.0,Matt Olson,720,2.0,True,MLB,pool_pa400
2023,ATL,542303.0,Marcell Ozuna,592,3.0,True,MLB,pool_pa400
2023,CWS,650391.0,Eloy Jiménez,489,2.0,False,MLB,pool_pa400
2023,CWS,673357.0,Luis Robert Jr.,595,1.0,False,MLB,pool_pa400
2023,CWS,683734.0,Andrew Vaughn,615,3.0,False,MLB,pool_pa400
2023,MIA,650333.0,Luis Arraez,617,1.0,True,MLB,pool_pa400
2023,MIA,660821.0,Jesús Sánchez,402,3.0,True,MLB,pool_pa400
2023,MIA,624585.0,Jorge Soler,580,2.0,True,MLB,pool_pa400
2023,NYY,650402.0,Gleyber Torres,672,2.0,True,MLB,pool_pa400
2023,NYY,592450.0,Aaron Judge,458,1.0,True,MLB,pool_pa400
2023,NYY,518934.0,DJ LeMahieu,562,3.0,True,MLB,pool_pa400
2023,MIL,661388.0,William Contreras,611,1.0,True,MLB,pool_pa400
2023,MIL,592885.0,Christian Yelich,632,2.0,True,MLB,pool_pa400
2023,MIL,642715.0,Willy Adames,638,3.0,False,MLB,pool_pa400
2023,LAA,660271.0,Shohei Ohtani,599,1.0,True,MLB,pool_pa400
2023,LAA,650859.0,Luis Rengifo,445,2.0,True,MLB,pool_pa400
2023,LAA,592273.0,Brandon Drury,523,3.0,False,MLB,pool_pa400
2023,AZ,682998.0,Corbin Carroll,645,1.0,True,MLB,pool_pa400
2023,AZ,606466.0,Ketel Marte,650,2.0,True,MLB,pool_pa400
2023,AZ,572233.0,Christian Walker,661,3.0,True,MLB,pool_pa400
2023,BAL,668939.0,Adley Rutschman,687,1.0,True,MLB,pool_pa400
2023,BAL,623993.0,Anthony Santander,656,3.0,True,MLB,pool_pa400
2023,BAL,683002.0,Gunnar Henderson,622,2.0,True,MLB,pool_pa400
2023,BOS,457759.0,Justin Turner,626,3.0,True,MLB,pool_pa400
2023,BOS,646240.0,Rafael Devers,656,2.0,True,MLB,pool_pa400
2023,BOS,671213.0,Triston Casas,502,1.0,True,MLB,pool_pa400
2023,CHC,641355.0,Cody Bellinger,556,1.0,True,MLB,pool_pa400
2023,CHC,673548.0,Seiya Suzuki,583,2.0,True,MLB,pool_pa400
2023,CHC,664023.0,Ian Happ,691,3.0,True,MLB,pool_pa400
2023,CIN,680574.0,Matt McLain,403,1.0,True,MLB,pool_pa400
2023,CIN,670770.0,TJ Friedl,556,3.0,True,MLB,pool_pa400
2023,CIN,668715.0,Spencer Steer,665,2.0,True,MLB,pool_pa400
2023,CLE,647304.0,Josh Naylor,495,1.0,True,MLB,pool_pa400
2023,CLE,608070.0,José Ramírez,691,2.0,True,MLB,pool_pa400
2023,CLE,680757.0,Steven Kwan,718,3.0,True,MLB,pool_pa400
2023,COL,666134.0,Nolan Jones,424,1.0,True,MLB,pool_pa400
2023,COL,453568.0,Charlie Blackmon,413,2.0,True,MLB,pool_pa400
2023,COL,641857.0,Ryan McMahon,627,3.0,True,MLB,pool_pa400
2023,DET,682985.0,Riley Greene,416,2.0,True,MLB,pool_pa400
2023,DET,681481.0,Kerry Carpenter,459,1.0,True,MLB,pool_pa400
2023,DET,679529.0,Spencer Torkelson,684,3.0,False,MLB,pool_pa400
2023,HOU,514888.0,Jose Altuve,410,2.0,True,MLB,pool_pa400
2023,HOU,670541.0,Yordan Alvarez,496,1.0,True,MLB,pool_pa400
2023,HOU,663656.0,Kyle Tucker,674,3.0,True,MLB,pool_pa400
2023,KC,677951.0,Bobby Witt Jr.,694,1.0,False,MLB,pool_pa400
2023,KC,521692.0,Salvador Perez,580,3.0,False,MLB,pool_pa400
2023,KC,669004.0,MJ Melendez,602,2.0,False,MLB,pool_pa400
2023,LAD,518692.0,Freddie Freeman,730,2.0,True,MLB,pool_pa400
2023,LAD,605141.0,Mookie Betts,693,1.0,True,MLB,pool_pa400
2023,LAD,502110.0,J.D. Martinez,479,3.0,True,MLB,pool_pa400
2023,WSH,608841.0,Joey Meneses,657,3.0,True,MLB,pool_pa400
2023,WSH,657041.0,Lane Thomas,682,2.0,False,MLB,pool_pa400
2023,WSH,600869.0,Jeimer Candelario,419,1.0,True,MLB,pool_pa400
2023,NYM,607043.0,Brandon Nimmo,682,1.0,True,MLB,pool_pa400
2023,NYM,596019.0,Francisco Lindor,687,2.0,True,MLB,pool_pa400
2023,NYM,624413.0,Pete Alonso,658,3.0,False,MLB,pool_pa400
2024,OAK,667670.0,Brent Rooker,614,1.0,True,MLB,pool_pa400
2024,OAK,671732.0,Lawrence Butler,451,2.0,True,MLB,pool_pa400
2024,OAK,668709.0,JJ Bleday,642,3.0,True,MLB,pool_pa400
2024,PIT,668804.0,Bryan Reynolds,692,1.0,True,MLB,pool_pa400
2024,PIT,665833.0,Oneil Cruz,599,2.0,True,MLB,pool_pa400
2024,PIT,457705.0,Andrew McCutchen,515,3.0,True,MLB,pool_pa400
2024,SD,701538.0,Jackson Merrill,593,3.0,True,MLB,pool_pa400
2024,SD,595777.0,Jurickson Profar,668,1.0,True,MLB,pool_pa400
2024,SD,665487.0,Fernando Tatis Jr.,438,2.0,True,MLB,pool_pa400
2024,SEA,677594.0,Julio Rodríguez,613,3.0,True,MLB,pool_pa400
2024,SEA,670042.0,Luke Raley,455,1.0,True,MLB,pool_pa400
2024,SEA,663728.0,Cal Raleigh,628,2.0,True,MLB,pool_pa400
2024,SF,671218.0,Heliot Ramos,518,3.0,True,MLB,pool_pa400
2024,SF,664774.0,LaMonte Wade Jr.,401,2.0,True,MLB,pool_pa400
2024,SF,656305.0,Matt Chapman,647,1.0,True,MLB,pool_pa400
2024,STL,680977.0,Brendan Donovan,652,1.0,True,MLB,pool_pa400
2024,STL,676475.0,Alec Burleson,595,3.0,True,MLB,pool_pa400
2024,STL,663457.0,Lars Nootbaar,405,2.0,True,MLB,pool_pa400
2024,TB,650490.0,Yandy Díaz,621,2.0,True,MLB,pool_pa400
2024,TB,664040.0,Brandon Lowe,425,1.0,False,MLB,pool_pa400
2024,TB,676609.0,José Caballero,483,3.0,False,MLB,pool_pa400
2024,TEX,608369.0,Corey Seager,533,1.0,True,MLB,pool_pa400
2024,TEX,663993.0,Nathaniel Lowe,565,2.0,True,MLB,pool_pa400
2024,TEX,669701.0,Josh Smith,592,3.0,True,MLB,pool_pa400
2024,TOR,665489.0,Vladimir Guerrero Jr.,697,1.0,True,MLB,pool_pa400
2024,TOR,543807.0,George Springer,614,3.0,False,MLB,pool_pa400
2024,TOR,662139.0,Daulton Varsho,513,2.0,False,MLB,pool_pa400
2024,MIN,669304.0,Jose F Miranda,429,3.0,True,MLB,pool_pa400
2024,MIN,663616.0,Trevor Larnach,400,1.0,True,MLB,pool_pa400
2024,MIN,467793.0,Carlos Santana,594,2.0,True,MLB,pool_pa400
2024,PHI,607208.0,Trea Turner,539,3.0,True,MLB,pool_pa400
2024,PHI,547180.0,Bryce Harper,631,1.0,True,MLB,pool_pa400
2024,PHI,656941.0,Kyle Schwarber,692,2.0,True,MLB,pool_pa400
2024,ATL,542303.0,Marcell Ozuna,688,1.0,True,MLB,pool_pa400
2024,ATL,663586.0,Austin Riley,469,3.0,True,MLB,pool_pa400
2024,ATL,621566.0,Matt Olson,685,2.0,True,MLB,pool_pa400
2024,CWS,683734.0,Andrew Vaughn,619,1.0,False,MLB,pool_pa400
2024,CWS,657757.0,Gavin Sheets,501,3.0,False,MLB,pool_pa400
2024,CWS,643217.0,Andrew Benintendi,522,2.0,False,MLB,pool_pa400
2024,MIA,660821.0,Jesús Sánchez,537,2.0,True,MLB,pool_pa400
2024,MIA,669394.0,Jake Burger,579,1.0,False,MLB,pool_pa400
2024,MIA,605137.0,Josh Bell,441,3.0,False,MLB,pool_pa400
2024,NYY,592450.0,Aaron Judge,704,1.0,True,MLB,pool_pa400
2024,NYY,665742.0,Juan Soto,713,2.0,True,MLB,pool_pa400
2024,NYY,519317.0,Giancarlo Stanton,459,3.0,False,MLB,pool_pa400
2024,MIL,661388.0,William Contreras,679,1.0,True,MLB,pool_pa400
2024,MIL,694192.0,Jackson Chourio,573,3.0,True,MLB,pool_pa400
2024,MIL,642715.0,Willy Adames,688,2.0,True,MLB,pool_pa400
2024,LAA,694384.0,Nolan Schanuel,607,3.0,True,MLB,pool_pa400
2024,LAA,687263.0,Zach Neto,602,1.0,True,MLB,pool_pa400
2024,LAA,621493.0,Taylor Ward,663,2.0,True,MLB,pool_pa400
2024,AZ,606466.0,Ketel Marte,583,2.0,True,MLB,pool_pa400
2024,AZ,592626.0,Joc Pederson,449,1.0,True,MLB,pool_pa400
2024,AZ,572233.0,Christian Walker,552,3.0,True,MLB,pool_pa400
2024,BAL,683002.0,Gunnar Henderson,719,1.0,True,MLB,pool_pa400
2024,BAL,676059.0,Jordan Westburg,447,3.0,False,MLB,pool_pa400
2024,BAL,623993.0,Anthony Santander,665,2.0,False,MLB,pool_pa400
2024,BOS,680776.0,Jarren Duran,735,3.0,True,MLB,pool_pa400
2024,BOS,646240.0,Rafael Devers,601,1.0,True,MLB,pool_pa400
2024,BOS,641933.0,Tyler O'Neill,473,2.0,True,MLB,pool_pa400
2024,CHC,673548.0,Seiya Suzuki,585,1.0,True,MLB,pool_pa400
2024,CHC,683737.0,Michael Busch,567,3.0,True,MLB,pool_pa400
2024,CHC,664023.0,Ian Happ,657,2.0,True,MLB,pool_pa400
2024,CIN,682829.0,Elly De La Cruz,696,1.0,True,MLB,pool_pa400
2024,CIN,663886.0,Tyler Stephenson,515,2.0,True,MLB,pool_pa400
2024,CIN,663697.0,Jonathan India,637,3.0,True,MLB,pool_pa400
2024,CLE,680757.0,Steven Kwan,540,2.0,True,MLB,pool_pa400
2024,CLE,608070.0,José Ramírez,682,1.0,True,MLB,pool_pa400
2024,CLE,647304.0,Josh Naylor,633,3.0,True,MLB,pool_pa400
2024,COL,686668.0,Brenton Doyle,603,2.0,True,MLB,pool_pa400
2024,COL,453568.0,Charlie Blackmon,499,3.0,True,MLB,pool_pa400
2024,COL,669911.0,Michael Toglia,458,1.0,False,MLB,pool_pa400
2024,DET,682985.0,Riley Greene,584,1.0,True,MLB,pool_pa400
2024,DET,690993.0,Colt Keith,556,3.0,False,MLB,pool_pa400
2024,DET,663837.0,Matt Vierling,567,2.0,True,MLB,pool_pa400
2024,HOU,670541.0,Yordan Alvarez,635,1.0,True,MLB,pool_pa400
2024,HOU,514888.0,Jose Altuve,682,2.0,True,MLB,pool_pa400
2024,HOU,608324.0,Alex Bregman,634,3.0,True,MLB,pool_pa400
2024,KC,677951.0,Bobby Witt Jr.,709,1.0,True,MLB,pool_pa400
2024,KC,521692.0,Salvador Perez,652,2.0,True,MLB,pool_pa400
2024,KC,686469.0,Vinnie Pasquantino,554,3.0,True,MLB,pool_pa400
2024,LAD,660271.0,Shohei Ohtani,731,1.0,True,MLB,pool_pa400
2024,LAD,605141.0,Mookie Betts,516,2.0,True,MLB,pool_pa400
2024,LAD,518692.0,Freddie Freeman,638,3.0,True,MLB,pool_pa400
2024,WSH,671277.0,Luis García Jr.,528,1.0,True,MLB,pool_pa400
2024,WSH,696285.0,Jacob Young,521,3.0,True,MLB,pool_pa400
2024,WSH,682928.0,CJ Abrams,602,2.0,True,MLB,pool_pa400
2024,NYM,596019.0,Francisco Lindor,689,1.0,True,MLB,pool_pa400
2024,NYM,668901.0,Mark Vientos,454,2.0,True,MLB,pool_pa400
2024,NYM,624413.0,Pete Alonso,695,3.0,True,MLB,pool_pa400
2025,ATH,701762.0,Nick Kurtz,489,1.0,True,MLB,pool_pa400
2025,ATH,669127.0,Shea Langeliers,523,2.0,True,MLB,pool_pa400
2025,ATH,691016.0,Tyler Soderstrom,624,3.0,True,MLB,pool_pa400
2025,PIT,687462.0,Spencer Horwitz,411,1.0,True,MLB,pool_pa400
2025,PIT,668804.0,Bryan Reynolds,654,2.0,True,MLB,pool_pa400
2025,PIT,457705.0,Andrew McCutchen,551,3.0,True,MLB,pool_pa400
2025,SD,592518.0,Manny Machado,678,2.0,True,MLB,pool_pa400
2025,SD,665487.0,Fernando Tatis Jr.,691,1.0,True,MLB,pool_pa400
2025,SD,630105.0,Jake Cronenworth,515,3.0,True,MLB,pool_pa400
2025,SEA,677594.0,Julio Rodríguez,710,3.0,True,MLB,pool_pa400
2025,SEA,593871.0,Jorge Polanco,524,2.0,True,MLB,pool_pa400
2025,SEA,663728.0,Cal Raleigh,705,1.0,True,MLB,pool_pa400
2025,SF,808982.0,Jung Hoo Lee,617,3.0,True,MLB,pool_pa400
2025,SF,656305.0,Matt Chapman,535,1.0,True,MLB,pool_pa400
2025,SF,642715.0,Willy Adames,686,2.0,True,MLB,pool_pa400
2025,STL,676475.0,Alec Burleson,546,2.0,True,MLB,pool_pa400
2025,STL,671056.0,Iván Herrera,452,1.0,True,MLB,pool_pa400
2025,STL,575929.0,Willson Contreras,563,3.0,True,MLB,pool_pa400
2025,TB,666018.0,Jonathan Aranda,422,1.0,True,MLB,pool_pa400
2025,TB,650490.0,Yandy Díaz,651,2.0,True,MLB,pool_pa400
2025,TB,691406.0,Junior Caminero,653,3.0,False,MLB,pool_pa400
2025,TEX,608369.0,Corey Seager,445,1.0,True,MLB,pool_pa400
2025,TEX,669701.0,Josh Smith,563,3.0,True,MLB,pool_pa400
2025,TEX,694671.0,Wyatt Langford,573,2.0,True,MLB,pool_pa400
2025,TOR,666182.0,Bo Bichette,628,3.0,True,MLB,pool_pa400
2025,TOR,543807.0,George Springer,586,1.0,True,MLB,pool_pa400
2025,TOR,665489.0,Vladimir Guerrero Jr.,680,2.0,True,MLB,pool_pa400
2025,MIN,680777.0,Ryan Jeffers,464,2.0,True,MLB,pool_pa400
2025,MIN,621439.0,Byron Buxton,542,1.0,True,MLB,pool_pa400
2025,MIN,663616.0,Trevor Larnach,567,3.0,True,MLB,pool_pa400
2025,PHI,607208.0,Trea Turner,639,3.0,True,MLB,pool_pa400
2025,PHI,547180.0,Bryce Harper,580,2.0,True,MLB,pool_pa400
2025,PHI,656941.0,Kyle Schwarber,724,1.0,True,MLB,pool_pa400
2025,ATL,660670.0,Ronald Acuña Jr.,412,1.0,True,MLB,pool_pa400
2025,ATL,686948.0,Drake Baldwin,446,3.0,True,MLB,pool_pa400
2025,ATL,621566.0,Matt Olson,724,2.0,True,MLB,pool_pa400
2025,CWS,672820.0,Lenyn Sosa,544,3.0,False,MLB,pool_pa400
2025,CWS,643217.0,Andrew Benintendi,470,1.0,False,MLB,pool_pa400
2025,CWS,678246.0,Miguel Vargas,569,2.0,True,MLB,pool_pa400
2025,MIA,669065.0,Kyle Stowers,457,1.0,True,MLB,pool_pa400
2025,MIA,669364.0,Xavier Edwards,619,2.0,True,MLB,pool_pa400
2025,MIA,682663.0,Agustín Ramírez,585,3.0,False,MLB,pool_pa400
2025,NYY,592450.0,Aaron Judge,679,1.0,True,MLB,pool_pa400
2025,NYY,700250.0,Ben Rice,530,2.0,True,MLB,pool_pa400
2025,NYY,663757.0,Trent Grisham,581,3.0,True,MLB,pool_pa400
2025,MIL,668930.0,Brice Turang,659,1.0,True,MLB,pool_pa400
2025,MIL,592885.0,Christian Yelich,644,3.0,True,MLB,pool_pa400
2025,MIL,686555.0,Isaac Collins,441,2.0,True,MLB,pool_pa400
2025,LAA,687263.0,Zach Neto,554,3.0,True,MLB,pool_pa400
2025,LAA,545361.0,Mike Trout,556,1.0,True,MLB,pool_pa400
2025,LAA,621493.0,Taylor Ward,663,2.0,True,MLB,pool_pa400
2025,AZ,672695.0,Geraldo Perdomo,720,2.0,True,MLB,pool_pa400
2025,AZ,606466.0,Ketel Marte,556,1.0,True,MLB,pool_pa400
2025,AZ,682998.0,Corbin Carroll,642,3.0,True,MLB,pool_pa400
2025,BAL,683002.0,Gunnar Henderson,651,1.0,True,MLB,pool_pa400
2025,BAL,702616.0,Jackson Holliday,649,2.0,False,MLB,pool_pa400
2025,BOS,608324.0,Alex Bregman,495,1.0,True,MLB,pool_pa400
2025,BOS,680776.0,Jarren Duran,696,2.0,True,MLB,pool_pa400
2025,BOS,677800.0,Wilyer Abreu,417,3.0,True,MLB,pool_pa400
2025,CHC,663656.0,Kyle Tucker,597,2.0,True,MLB,pool_pa400
2025,CHC,683737.0,Michael Busch,592,1.0,True,MLB,pool_pa400
2025,CHC,673548.0,Seiya Suzuki,651,3.0,True,MLB,pool_pa400
2025,CIN,669720.0,Austin Hays,416,3.0,True,MLB,pool_pa400
2025,CIN,682829.0,Elly De La Cruz,699,2.0,True,MLB,pool_pa400
2025,CIN,670770.0,TJ Friedl,685,1.0,True,MLB,pool_pa400
2025,CLE,608070.0,José Ramírez,673,1.0,True,MLB,pool_pa400
2025,CLE,680757.0,Steven Kwan,693,3.0,True,MLB,pool_pa400
2025,CLE,700932.0,Kyle Manzardo,531,2.0,False,MLB,pool_pa400
2025,COL,671289.0,Tyler Freeman,428,3.0,True,MLB,pool_pa400
2025,COL,696100.0,Hunter Goodman,579,1.0,True,MLB,pool_pa400
2025,COL,666160.0,Mickey Moniak,461,2.0,False,MLB,pool_pa400
2025,DET,682985.0,Riley Greene,655,1.0,False,MLB,pool_pa400
2025,DET,650402.0,Gleyber Torres,628,3.0,True,MLB,pool_pa400
2025,DET,679529.0,Spencer Torkelson,649,2.0,True,MLB,pool_pa400
2025,HOU,665161.0,Jeremy Peña,543,1.0,True,MLB,pool_pa400
2025,HOU,514888.0,Jose Altuve,654,3.0,True,MLB,pool_pa400
2025,HOU,670623.0,Isaac Paredes,438,2.0,True,MLB,pool_pa400
2025,KC,677951.0,Bobby Witt Jr.,687,1.0,True,MLB,pool_pa400
2025,KC,672580.0,Maikel Garcia,666,2.0,True,MLB,pool_pa400
2025,KC,686469.0,Vinnie Pasquantino,682,3.0,True,MLB,pool_pa400
2025,LAD,669257.0,Will Smith,436,2.0,True,MLB,pool_pa400
2025,LAD,518692.0,Freddie Freeman,627,3.0,True,MLB,pool_pa400
2025,LAD,660271.0,Shohei Ohtani,727,1.0,True,MLB,pool_pa400
2025,WSH,682928.0,CJ Abrams,635,3.0,True,MLB,pool_pa400
2025,WSH,695578.0,James Wood,689,1.0,True,MLB,pool_pa400
2025,WSH,605137.0,Josh Bell,533,2.0,True,MLB,pool_pa400
2025,NYM,624413.0,Pete Alonso,709,2.0,True,MLB,pool_pa400
2025,NYM,596019.0,Francisco Lindor,732,3.0,True,MLB,pool_pa400
2025,NYM,665742.0,Juan Soto,715,1.0,True,MLB,pool_pa400
2021,OAK,643393.0,Tony Kemp,397,2.0,True,MLB,obp_pool_top50
2021,OAK,621566.0,Matt Olson,673,1.0,True,MLB,obp_pool_top50
2021,OAK,592192.0,Mark Canha,625,3.0,True,MLB,obp_pool_top50
2021,PIT,624428.0,Adam Frazier,428,2.0,True,MLB,obp_pool_top50
2021,PIT,668804.0,Bryan Reynolds,646,1.0,True,MLB,obp_pool_top50
2021,PIT,592325.0,Ben Gamel,383,3.0,True,MLB,obp_pool_top50
2021,SD,665487.0,Fernando Tatis Jr.,546,1.0,True,MLB,obp_pool_top50
2021,SD,592518.0,Manny Machado,640,2.0,True,MLB,obp_pool_top50
2021,SD,630105.0,Jake Cronenworth,643,3.0,True,MLB,obp_pool_top50
2021,SEA,664034.0,Ty France,650,1.0,True,MLB,obp_pool_top50
2021,SEA,641487.0,J.P. Crawford,687,3.0,True,MLB,obp_pool_top50
2021,SEA,571745.0,Mitch Haniger,691,2.0,False,MLB,obp_pool_top50
2021,SF,457763.0,Buster Posey,454,3.0,True,MLB,obp_pool_top50
2021,SF,474832.0,Brandon Belt,381,1.0,True,MLB,obp_pool_top50
2021,SF,573131.0,Darin Ruf,312,2.0,True,MLB,obp_pool_top50
2021,STL,502671.0,Paul Goldschmidt,679,2.0,True,MLB,obp_pool_top50
2021,STL,641933.0,Tyler O'Neill,537,1.0,True,MLB,obp_pool_top50
2021,STL,666185.0,Dylan Carlson,619,3.0,True,MLB,obp_pool_top50
2021,TB,668227.0,Randy Arozarena,604,3.0,True,MLB,obp_pool_top50
2021,TB,664040.0,Brandon Lowe,615,1.0,True,MLB,obp_pool_top50
2021,TB,572287.0,Mike Zunino,375,2.0,False,MLB,obp_pool_top50
2021,TEX,663993.0,Nathaniel Lowe,642,2.0,True,MLB,obp_pool_top50
2021,TEX,666969.0,Adolis García,622,3.0,False,MLB,obp_pool_top50
2021,TEX,608336.0,Joey Gallo,388,1.0,True,MLB,obp_pool_top50
2021,TOR,665489.0,Vladimir Guerrero Jr.,698,1.0,True,MLB,obp_pool_top50
2021,TOR,606192.0,Teoscar Hernández,595,3.0,True,MLB,obp_pool_top50
2021,TOR,543807.0,George Springer,342,2.0,True,MLB,obp_pool_top50
2021,MIN,443558.0,Nelson Cruz,346,1.0,True,MLB,obp_pool_top50
2021,MIN,593871.0,Jorge Polanco,644,3.0,False,MLB,obp_pool_top50
2021,MIN,518626.0,Josh Donaldson,543,2.0,True,MLB,obp_pool_top50
2021,PHI,547180.0,Bryce Harper,599,1.0,True,MLB,obp_pool_top50
2021,PHI,516416.0,Jean Segura,567,3.0,True,MLB,obp_pool_top50
2021,PHI,656555.0,Rhys Hoskins,443,2.0,True,MLB,obp_pool_top50
2021,ATL,663586.0,Austin Riley,662,3.0,True,MLB,obp_pool_top50
2021,ATL,518692.0,Freddie Freeman,695,2.0,True,MLB,obp_pool_top50
2021,ATL,660670.0,Ronald Acuña Jr.,360,1.0,True,MLB,obp_pool_top50
2021,CWS,660162.0,Yoán Moncada,616,3.0,True,MLB,obp_pool_top50
2021,CWS,547989.0,José Abreu,659,2.0,True,MLB,obp_pool_top50
2021,CWS,518735.0,Yasmani Grandal,375,1.0,True,MLB,obp_pool_top50
2021,MIA,542583.0,Jesús Aguilar,510,1.0,True,MLB,obp_pool_top50
2021,MIA,665862.0,Jazz Chisholm Jr.,507,3.0,False,MLB,obp_pool_top50
2021,MIA,594807.0,Adam Duvall,339,2.0,False,MLB,obp_pool_top50
2021,NYY,592450.0,Aaron Judge,633,1.0,True,MLB,obp_pool_top50
2021,NYY,519317.0,Giancarlo Stanton,579,2.0,True,MLB,obp_pool_top50
2021,NYY,518934.0,DJ LeMahieu,679,3.0,True,MLB,obp_pool_top50
2021,MIL,642715.0,Willy Adames,413,1.0,True,MLB,obp_pool_top50
2021,MIL,541645.0,Avisaíl García,515,2.0,True,MLB,obp_pool_top50
2021,MIL,649966.0,Luis Urías,570,3.0,True,MLB,obp_pool_top50
2021,LAA,665120.0,Jared Walsh,585,2.0,True,MLB,obp_pool_top50
2021,LAA,660271.0,Shohei Ohtani,639,1.0,True,MLB,obp_pool_top50
2021,LAA,545358.0,Max Stassi,319,3.0,False,MLB,obp_pool_top50
2021,AZ,606466.0,Ketel Marte,374,1.0,True,MLB,obp_pool_top50
2021,AZ,668942.0,Josh Rojas,550,3.0,True,MLB,obp_pool_top50
2021,AZ,608348.0,Carson Kelly,359,2.0,True,MLB,obp_pool_top50
2021,BAL,656775.0,Cedric Mullins,675,1.0,True,MLB,obp_pool_top50
2021,BAL,669720.0,Austin Hays,529,3.0,False,MLB,obp_pool_top50
2021,BAL,663624.0,Ryan Mountcastle,586,2.0,False,MLB,obp_pool_top50
2021,BOS,593428.0,Xander Bogaerts,603,2.0,True,MLB,obp_pool_top50
2021,BOS,502110.0,J.D. Martinez,634,3.0,True,MLB,obp_pool_top50
2021,BOS,646240.0,Rafael Devers,664,1.0,True,MLB,obp_pool_top50
2021,CHC,542364.0,Rafael Ortega,330,2.0,True,MLB,obp_pool_top50
2021,CHC,592178.0,Kris Bryant,374,1.0,True,MLB,obp_pool_top50
2021,CHC,621550.0,Patrick Wisdom,375,3.0,False,MLB,obp_pool_top50
2021,CIN,592206.0,Nick Castellanos,585,3.0,True,MLB,obp_pool_top50
2021,CIN,608385.0,Jesse Winker,485,1.0,True,MLB,obp_pool_top50
2021,CIN,458015.0,Joey Votto,533,2.0,True,MLB,obp_pool_top50
2021,CLE,608070.0,José Ramírez,636,1.0,True,MLB,obp_pool_top50
2021,CLE,614177.0,Franmil Reyes,466,2.0,False,MLB,obp_pool_top50
2021,CLE,514917.0,César Hernández,420,3.0,False,MLB,obp_pool_top50
2021,COL,663898.0,Brendan Rodgers,415,3.0,False,MLB,obp_pool_top50
2021,COL,543068.0,C.J. Cron,547,1.0,True,MLB,obp_pool_top50
2021,COL,596115.0,Trevor Story,595,2.0,True,MLB,obp_pool_top50
2021,DET,600869.0,Jeimer Candelario,626,1.0,True,MLB,obp_pool_top50
2021,DET,668731.0,Akil Baddoo,461,3.0,True,MLB,obp_pool_top50
2021,DET,543257.0,Robbie Grossman,671,2.0,True,MLB,obp_pool_top50
2021,HOU,663656.0,Kyle Tucker,567,1.0,True,MLB,obp_pool_top50
2021,HOU,621043.0,Carlos Correa,640,3.0,True,MLB,obp_pool_top50
2021,HOU,670541.0,Yordan Alvarez,598,2.0,True,MLB,obp_pool_top50
2021,KC,670032.0,Nicky Lopez,565,2.0,True,MLB,obp_pool_top50
2021,KC,643217.0,Andrew Benintendi,538,3.0,False,MLB,obp_pool_top50
2021,KC,521692.0,Salvador Perez,665,1.0,False,MLB,obp_pool_top50
2021,LAD,608369.0,Corey Seager,409,1.0,True,MLB,obp_pool_top50
2021,LAD,572041.0,AJ Pollock,422,3.0,True,MLB,obp_pool_top50
2021,LAD,571970.0,Max Muncy,592,2.0,True,MLB,obp_pool_top50
2021,WSH,607208.0,Trea Turner,420,3.0,True,MLB,obp_pool_top50
2021,WSH,665742.0,Juan Soto,654,1.0,True,MLB,obp_pool_top50
2021,WSH,656941.0,Kyle Schwarber,303,2.0,True,MLB,obp_pool_top50
2021,NYM,607043.0,Brandon Nimmo,386,1.0,True,MLB,obp_pool_top50
2021,NYM,624413.0,Pete Alonso,637,2.0,True,MLB,obp_pool_top50
2021,NYM,624424.0,Michael Conforto,479,3.0,True,MLB,obp_pool_top50
2022,OAK,669221.0,Sean Murphy,612,1.0,True,MLB,obp_pool_top50
2022,OAK,462101.0,Elvis Andrus,386,3.0,False,MLB,obp_pool_top50
2022,OAK,664913.0,Seth Brown,555,2.0,False,MLB,obp_pool_top50
2022,PIT,668804.0,Bryan Reynolds,614,1.0,True,MLB,obp_pool_top50
2022,PIT,665833.0,Oneil Cruz,361,2.0,False,MLB,obp_pool_top50
2022,PIT,669261.0,Jack Suwinski,372,3.0,False,MLB,obp_pool_top50
2022,SD,592518.0,Manny Machado,644,1.0,True,MLB,obp_pool_top50
2022,SD,595777.0,Jurickson Profar,658,2.0,True,MLB,obp_pool_top50
2022,SD,572228.0,Luke Voit,344,3.0,True,MLB,obp_pool_top50
2022,SEA,677594.0,Julio Rodríguez,560,1.0,True,MLB,obp_pool_top50
2022,SEA,664034.0,Ty France,613,3.0,True,MLB,obp_pool_top50
2022,SEA,553993.0,Eugenio Suárez,629,2.0,True,MLB,obp_pool_top50
2022,SF,592626.0,Joc Pederson,433,1.0,True,MLB,obp_pool_top50
2022,SF,596103.0,Austin Slater,325,2.0,True,MLB,obp_pool_top50
2022,SF,642731.0,Thairo Estrada,541,3.0,True,MLB,obp_pool_top50
2022,STL,502671.0,Paul Goldschmidt,651,1.0,True,MLB,obp_pool_top50
2022,STL,571448.0,Nolan Arenado,620,2.0,True,MLB,obp_pool_top50
2022,STL,405395.0,Albert Pujols,351,3.0,True,MLB,obp_pool_top50
2022,TB,623912.0,Harold Ramírez,435,3.0,True,MLB,obp_pool_top50
2022,TB,650490.0,Yandy Díaz,558,1.0,True,MLB,obp_pool_top50
2022,TB,668227.0,Randy Arozarena,645,2.0,True,MLB,obp_pool_top50
2022,TEX,663993.0,Nathaniel Lowe,645,1.0,True,MLB,obp_pool_top50
2022,TEX,666969.0,Adolis García,657,3.0,False,MLB,obp_pool_top50
2022,TEX,608369.0,Corey Seager,663,2.0,False,MLB,obp_pool_top50
2022,TOR,672386.0,Alejandro Kirk,541,3.0,True,MLB,obp_pool_top50
2022,TOR,665489.0,Vladimir Guerrero Jr.,706,2.0,True,MLB,obp_pool_top50
2022,TOR,543807.0,George Springer,583,1.0,True,MLB,obp_pool_top50
2022,MIN,650333.0,Luis Arraez,603,3.0,True,MLB,obp_pool_top50
2022,MIN,621043.0,Carlos Correa,590,1.0,True,MLB,obp_pool_top50
2022,MIN,621439.0,Byron Buxton,382,2.0,False,MLB,obp_pool_top50
2022,PHI,547180.0,Bryce Harper,426,1.0,True,MLB,obp_pool_top50
2022,PHI,592663.0,J.T. Realmuto,562,3.0,True,MLB,obp_pool_top50
2022,PHI,656941.0,Kyle Schwarber,669,2.0,True,MLB,obp_pool_top50
2022,ATL,671739.0,Michael Harris II,441,3.0,True,MLB,obp_pool_top50
2022,ATL,661388.0,William Contreras,376,2.0,True,MLB,obp_pool_top50
2022,ATL,663586.0,Austin Riley,693,1.0,True,MLB,obp_pool_top50
2022,CWS,547989.0,José Abreu,679,2.0,True,MLB,obp_pool_top50
2022,CWS,650391.0,Eloy Jiménez,327,1.0,True,MLB,obp_pool_top50
2022,CWS,683734.0,Andrew Vaughn,555,3.0,True,MLB,obp_pool_top50
2022,MIA,643265.0,Garrett Cooper,469,1.0,True,MLB,obp_pool_top50
2022,MIA,650559.0,Bryan De La Cruz,355,2.0,False,MLB,obp_pool_top50
2022,MIA,624585.0,Jorge Soler,306,3.0,False,MLB,obp_pool_top50
2022,NYY,592450.0,Aaron Judge,696,1.0,True,MLB,obp_pool_top50
2022,NYY,518934.0,DJ LeMahieu,541,3.0,True,MLB,obp_pool_top50
2022,NYY,519203.0,Anthony Rizzo,548,2.0,True,MLB,obp_pool_top50
2022,MIL,592669.0,Hunter Renfroe,522,1.0,False,MLB,obp_pool_top50
2022,MIL,592885.0,Christian Yelich,671,3.0,True,MLB,obp_pool_top50
2022,MIL,543939.0,Kolten Wong,497,2.0,True,MLB,obp_pool_top50
2022,LAA,545361.0,Mike Trout,499,1.0,True,MLB,obp_pool_top50
2022,LAA,621493.0,Taylor Ward,564,3.0,True,MLB,obp_pool_top50
2022,LAA,660271.0,Shohei Ohtani,666,2.0,True,MLB,obp_pool_top50
2022,AZ,664983.0,Jake McCarthy,354,2.0,True,MLB,obp_pool_top50
2022,AZ,444482.0,David Peralta,310,3.0,False,MLB,obp_pool_top50
2022,AZ,572233.0,Christian Walker,667,1.0,True,MLB,obp_pool_top50
2022,BAL,641820.0,Trey Mancini,401,3.0,True,MLB,obp_pool_top50
2022,BAL,668939.0,Adley Rutschman,470,1.0,True,MLB,obp_pool_top50
2022,BAL,623993.0,Anthony Santander,647,2.0,True,MLB,obp_pool_top50
2022,BOS,593428.0,Xander Bogaerts,631,2.0,True,MLB,obp_pool_top50
2022,BOS,646240.0,Rafael Devers,614,1.0,True,MLB,obp_pool_top50
2022,BOS,502110.0,J.D. Martinez,596,3.0,True,MLB,obp_pool_top50
2022,CHC,664023.0,Ian Happ,641,2.0,True,MLB,obp_pool_top50
2022,CHC,673548.0,Seiya Suzuki,446,3.0,True,MLB,obp_pool_top50
2022,CHC,575929.0,Willson Contreras,487,1.0,True,MLB,obp_pool_top50
2022,CIN,456781.0,Donovan Solano,304,2.0,True,MLB,obp_pool_top50
2022,CIN,592273.0,Brandon Drury,385,1.0,True,MLB,obp_pool_top50
2022,CIN,663697.0,Jonathan India,431,3.0,True,MLB,obp_pool_top50
2022,CLE,680757.0,Steven Kwan,638,3.0,True,MLB,obp_pool_top50
2022,CLE,665926.0,Andrés Giménez,557,1.0,True,MLB,obp_pool_top50
2022,CLE,608070.0,José Ramírez,685,2.0,True,MLB,obp_pool_top50
2022,COL,602074.0,Yonathan Daza,408,3.0,True,MLB,obp_pool_top50
2022,COL,543068.0,C.J. Cron,632,1.0,False,MLB,obp_pool_top50
2022,COL,641857.0,Ryan McMahon,597,2.0,True,MLB,obp_pool_top50
2022,DET,605612.0,Harold Castro,443,3.0,False,MLB,obp_pool_top50
2022,DET,606992.0,Eric Haase,351,1.0,False,MLB,obp_pool_top50
2022,DET,682985.0,Riley Greene,418,2.0,True,MLB,obp_pool_top50
2022,HOU,670541.0,Yordan Alvarez,561,1.0,True,MLB,obp_pool_top50
2022,HOU,514888.0,Jose Altuve,604,2.0,True,MLB,obp_pool_top50
2022,HOU,608324.0,Alex Bregman,656,3.0,True,MLB,obp_pool_top50
2022,KC,643217.0,Andrew Benintendi,390,1.0,True,MLB,obp_pool_top50
2022,KC,521692.0,Salvador Perez,473,2.0,False,MLB,obp_pool_top50
2022,KC,669004.0,MJ Melendez,534,3.0,False,MLB,obp_pool_top50
2022,LAD,518692.0,Freddie Freeman,708,1.0,True,MLB,obp_pool_top50
2022,LAD,605141.0,Mookie Betts,639,2.0,True,MLB,obp_pool_top50
2022,LAD,669257.0,Will Smith,578,3.0,True,MLB,obp_pool_top50
2022,WSH,605137.0,Josh Bell,437,2.0,True,MLB,obp_pool_top50
2022,WSH,628450.0,Yadiel Hernandez,327,3.0,False,MLB,obp_pool_top50
2022,WSH,665742.0,Juan Soto,436,1.0,True,MLB,obp_pool_top50
2022,NYM,643446.0,Jeff McNeil,589,2.0,True,MLB,obp_pool_top50
2022,NYM,516782.0,Starling Marte,505,3.0,True,MLB,obp_pool_top50
2022,NYM,624413.0,Pete Alonso,685,1.0,True,MLB,obp_pool_top50
2023,OAK,680869.0,Zack Gelof,300,1.0,True,MLB,obp_pool_top50
2023,OAK,667670.0,Brent Rooker,526,2.0,True,MLB,obp_pool_top50
2023,OAK,676116.0,Ryan Noda,495,3.0,True,MLB,obp_pool_top50
2023,PIT,668804.0,Bryan Reynolds,640,3.0,True,MLB,obp_pool_top50
2023,PIT,457705.0,Andrew McCutchen,473,1.0,True,MLB,obp_pool_top50
2023,PIT,669261.0,Jack Suwinski,534,2.0,True,MLB,obp_pool_top50
2023,SD,593428.0,Xander Bogaerts,665,2.0,True,MLB,obp_pool_top50
2023,SD,665742.0,Juan Soto,708,1.0,True,MLB,obp_pool_top50
2023,SD,592518.0,Manny Machado,601,3.0,False,MLB,obp_pool_top50
2023,SEA,677594.0,Julio Rodríguez,714,2.0,True,MLB,obp_pool_top50
2023,SEA,641487.0,J.P. Crawford,638,1.0,True,MLB,obp_pool_top50
2023,SEA,663728.0,Cal Raleigh,569,3.0,False,MLB,obp_pool_top50
2023,SF,527038.0,Wilmer Flores,454,1.0,True,MLB,obp_pool_top50
2023,SF,664774.0,LaMonte Wade Jr.,519,2.0,True,MLB,obp_pool_top50
2023,SF,573262.0,Mike Yastrzemski,381,3.0,True,MLB,obp_pool_top50
2023,STL,502671.0,Paul Goldschmidt,687,2.0,True,MLB,obp_pool_top50
2023,STL,575929.0,Willson Contreras,495,1.0,True,MLB,obp_pool_top50
2023,STL,663457.0,Lars Nootbaar,503,3.0,True,MLB,obp_pool_top50
2023,TB,650490.0,Yandy Díaz,600,1.0,True,MLB,obp_pool_top50
2023,TB,666139.0,Josh Lowe,501,3.0,True,MLB,obp_pool_top50
2023,TB,670623.0,Isaac Paredes,571,2.0,True,MLB,obp_pool_top50
2023,TEX,608369.0,Corey Seager,536,1.0,True,MLB,obp_pool_top50
2023,TEX,543760.0,Marcus Semien,753,3.0,True,MLB,obp_pool_top50
2023,TEX,641598.0,Mitch Garver,344,2.0,True,MLB,obp_pool_top50
2023,TOR,666182.0,Bo Bichette,601,2.0,True,MLB,obp_pool_top50
2023,TOR,665489.0,Vladimir Guerrero Jr.,682,3.0,True,MLB,obp_pool_top50
2023,TOR,474832.0,Brandon Belt,404,1.0,True,MLB,obp_pool_top50
2023,MIN,680777.0,Ryan Jeffers,335,1.0,True,MLB,obp_pool_top50
2023,MIN,666397.0,Edouard Julien,408,2.0,True,MLB,obp_pool_top50
2023,MIN,596146.0,Max Kepler,491,3.0,True,MLB,obp_pool_top50
2023,PHI,547180.0,Bryce Harper,546,1.0,True,MLB,obp_pool_top50
2023,PHI,669016.0,Brandon Marsh,472,2.0,True,MLB,obp_pool_top50
2023,PHI,656941.0,Kyle Schwarber,720,3.0,True,MLB,obp_pool_top50
2023,ATL,660670.0,Ronald Acuña Jr.,735,1.0,True,MLB,obp_pool_top50
2023,ATL,621566.0,Matt Olson,720,2.0,True,MLB,obp_pool_top50
2023,ATL,542303.0,Marcell Ozuna,592,3.0,True,MLB,obp_pool_top50
2023,CWS,650391.0,Eloy Jiménez,489,3.0,False,MLB,obp_pool_top50
2023,CWS,673357.0,Luis Robert Jr.,595,1.0,False,MLB,obp_pool_top50
2023,CWS,669394.0,Jake Burger,323,2.0,False,MLB,obp_pool_top50
2023,MIA,650333.0,Luis Arraez,617,1.0,True,MLB,obp_pool_top50
2023,MIA,660821.0,Jesús Sánchez,402,3.0,True,MLB,obp_pool_top50
2023,MIA,624585.0,Jorge Soler,580,2.0,True,MLB,obp_pool_top50
2023,NYY,650402.0,Gleyber Torres,672,2.0,True,MLB,obp_pool_top50
2023,NYY,592450.0,Aaron Judge,458,1.0,True,MLB,obp_pool_top50
2023,NYY,518934.0,DJ LeMahieu,562,3.0,True,MLB,obp_pool_top50
2023,MIL,661388.0,William Contreras,611,1.0,True,MLB,obp_pool_top50
2023,MIL,592885.0,Christian Yelich,632,2.0,True,MLB,obp_pool_top50
2023,MIL,642715.0,Willy Adames,638,3.0,False,MLB,obp_pool_top50
2023,LAA,660271.0,Shohei Ohtani,599,1.0,True,MLB,obp_pool_top50
2023,LAA,650859.0,Luis Rengifo,445,3.0,True,MLB,obp_pool_top50
2023,LAA,545361.0,Mike Trout,362,2.0,True,MLB,obp_pool_top50
2023,AZ,682998.0,Corbin Carroll,645,1.0,True,MLB,obp_pool_top50
2023,AZ,606466.0,Ketel Marte,650,2.0,True,MLB,obp_pool_top50
2023,AZ,572233.0,Christian Walker,661,3.0,True,MLB,obp_pool_top50
2023,BAL,668939.0,Adley Rutschman,687,1.0,True,MLB,obp_pool_top50
2023,BAL,623993.0,Anthony Santander,656,3.0,True,MLB,obp_pool_top50
2023,BAL,683002.0,Gunnar Henderson,622,2.0,True,MLB,obp_pool_top50
2023,BOS,680776.0,Jarren Duran,362,3.0,True,MLB,obp_pool_top50
2023,BOS,646240.0,Rafael Devers,656,2.0,True,MLB,obp_pool_top50
2023,BOS,671213.0,Triston Casas,502,1.0,True,MLB,obp_pool_top50
2023,CHC,641355.0,Cody Bellinger,556,1.0,True,MLB,obp_pool_top50
2023,CHC,673548.0,Seiya Suzuki,583,2.0,True,MLB,obp_pool_top50
2023,CHC,664023.0,Ian Happ,691,3.0,True,MLB,obp_pool_top50
2023,CIN,680574.0,Matt McLain,403,2.0,True,MLB,obp_pool_top50
2023,CIN,666181.0,Will Benson,329,1.0,True,MLB,obp_pool_top50
2023,CIN,668715.0,Spencer Steer,665,3.0,True,MLB,obp_pool_top50
2023,CLE,647304.0,Josh Naylor,495,1.0,True,MLB,obp_pool_top50
2023,CLE,608070.0,José Ramírez,691,2.0,True,MLB,obp_pool_top50
2023,CLE,680757.0,Steven Kwan,718,3.0,True,MLB,obp_pool_top50
2023,COL,666134.0,Nolan Jones,424,1.0,True,MLB,obp_pool_top50
2023,COL,453568.0,Charlie Blackmon,413,2.0,True,MLB,obp_pool_top50
2023,COL,641857.0,Ryan McMahon,627,3.0,True,MLB,obp_pool_top50
2023,DET,682985.0,Riley Greene,416,2.0,True,MLB,obp_pool_top50
2023,DET,681481.0,Kerry Carpenter,459,1.0,True,MLB,obp_pool_top50
2023,DET,679529.0,Spencer Torkelson,684,3.0,False,MLB,obp_pool_top50
2023,HOU,514888.0,Jose Altuve,410,2.0,True,MLB,obp_pool_top50
2023,HOU,670541.0,Yordan Alvarez,496,1.0,True,MLB,obp_pool_top50
2023,HOU,663656.0,Kyle Tucker,674,3.0,True,MLB,obp_pool_top50
2023,KC,677951.0,Bobby Witt Jr.,694,1.0,False,MLB,obp_pool_top50
2023,KC,658668.0,Edward Olivares,385,2.0,False,MLB,obp_pool_top50
2023,KC,669004.0,MJ Melendez,602,3.0,False,MLB,obp_pool_top50
2023,LAD,518692.0,Freddie Freeman,730,2.0,True,MLB,obp_pool_top50
2023,LAD,605141.0,Mookie Betts,693,1.0,True,MLB,obp_pool_top50
2023,LAD,502110.0,J.D. Martinez,479,3.0,False,MLB,obp_pool_top50
2023,WSH,608841.0,Joey Meneses,657,3.0,False,MLB,obp_pool_top50
2023,WSH,657041.0,Lane Thomas,682,2.0,False,MLB,obp_pool_top50
2023,WSH,600869.0,Jeimer Candelario,419,1.0,True,MLB,obp_pool_top50
2023,NYM,607043.0,Brandon Nimmo,682,1.0,True,MLB,obp_pool_top50
2023,NYM,596019.0,Francisco Lindor,687,2.0,True,MLB,obp_pool_top50
2023,NYM,624413.0,Pete Alonso,658,3.0,False,MLB,obp_pool_top50
2024,OAK,667670.0,Brent Rooker,614,1.0,True,MLB,obp_pool_top50
2024,OAK,671732.0,Lawrence Butler,451,2.0,True,MLB,obp_pool_top50
2024,OAK,668709.0,JJ Bleday,642,3.0,True,MLB,obp_pool_top50
2024,PIT,668804.0,Bryan Reynolds,692,1.0,True,MLB,obp_pool_top50
2024,PIT,665833.0,Oneil Cruz,599,2.0,True,MLB,obp_pool_top50
2024,PIT,457705.0,Andrew McCutchen,515,3.0,True,MLB,obp_pool_top50
2024,SD,701538.0,Jackson Merrill,593,3.0,True,MLB,obp_pool_top50
2024,SD,595777.0,Jurickson Profar,668,1.0,True,MLB,obp_pool_top50
2024,SD,665487.0,Fernando Tatis Jr.,438,2.0,True,MLB,obp_pool_top50
2024,SEA,677594.0,Julio Rodríguez,613,3.0,True,MLB,obp_pool_top50
2024,SEA,670042.0,Luke Raley,455,1.0,True,MLB,obp_pool_top50
2024,SEA,663728.0,Cal Raleigh,628,2.0,False,MLB,obp_pool_top50
2024,SF,666149.0,Tyler Fitzgerald,341,1.0,True,MLB,obp_pool_top50
2024,SF,664774.0,LaMonte Wade Jr.,401,3.0,True,MLB,obp_pool_top50
2024,SF,656305.0,Matt Chapman,647,2.0,True,MLB,obp_pool_top50
2024,STL,680977.0,Brendan Donovan,652,2.0,True,MLB,obp_pool_top50
2024,STL,575929.0,Willson Contreras,358,1.0,True,MLB,obp_pool_top50
2024,STL,663457.0,Lars Nootbaar,405,3.0,True,MLB,obp_pool_top50
2024,TB,650490.0,Yandy Díaz,621,2.0,True,MLB,obp_pool_top50
2024,TB,664040.0,Brandon Lowe,425,1.0,False,MLB,obp_pool_top50
2024,TB,680700.0,Richie Palacios,316,3.0,True,MLB,obp_pool_top50
2024,TEX,608369.0,Corey Seager,533,1.0,True,MLB,obp_pool_top50
2024,TEX,663993.0,Nathaniel Lowe,565,2.0,True,MLB,obp_pool_top50
2024,TEX,669701.0,Josh Smith,592,3.0,True,MLB,obp_pool_top50
2024,TOR,665489.0,Vladimir Guerrero Jr.,697,1.0,True,MLB,obp_pool_top50
2024,TOR,687462.0,Spencer Horwitz,381,2.0,True,MLB,obp_pool_top50
2024,TOR,457759.0,Justin Turner,349,3.0,True,MLB,obp_pool_top50
2024,MIN,621043.0,Carlos Correa,367,1.0,True,MLB,obp_pool_top50
2024,MIN,621439.0,Byron Buxton,388,2.0,True,MLB,obp_pool_top50
2024,MIN,663616.0,Trevor Larnach,400,3.0,True,MLB,obp_pool_top50
2024,PHI,607208.0,Trea Turner,539,3.0,True,MLB,obp_pool_top50
2024,PHI,547180.0,Bryce Harper,631,1.0,True,MLB,obp_pool_top50
2024,PHI,656941.0,Kyle Schwarber,692,2.0,True,MLB,obp_pool_top50
2024,ATL,542303.0,Marcell Ozuna,688,1.0,True,MLB,obp_pool_top50
2024,ATL,663586.0,Austin Riley,469,3.0,True,MLB,obp_pool_top50
2024,ATL,621566.0,Matt Olson,685,2.0,True,MLB,obp_pool_top50
2024,CWS,683734.0,Andrew Vaughn,619,1.0,False,MLB,obp_pool_top50
2024,CWS,657757.0,Gavin Sheets,501,3.0,False,MLB,obp_pool_top50
2024,CWS,643217.0,Andrew Benintendi,522,2.0,False,MLB,obp_pool_top50
2024,MIA,669364.0,Xavier Edwards,303,1.0,True,MLB,obp_pool_top50
2024,MIA,660821.0,Jesús Sánchez,537,3.0,False,MLB,obp_pool_top50
2024,MIA,669394.0,Jake Burger,579,2.0,False,MLB,obp_pool_top50
2024,NYY,592450.0,Aaron Judge,704,1.0,True,MLB,obp_pool_top50
2024,NYY,665742.0,Juan Soto,713,2.0,True,MLB,obp_pool_top50
2024,NYY,519317.0,Giancarlo Stanton,459,3.0,False,MLB,obp_pool_top50
2024,MIL,592885.0,Christian Yelich,315,1.0,True,MLB,obp_pool_top50
2024,MIL,661388.0,William Contreras,679,2.0,True,MLB,obp_pool_top50
2024,MIL,642715.0,Willy Adames,688,3.0,True,MLB,obp_pool_top50
2024,LAA,650859.0,Luis Rengifo,304,1.0,True,MLB,obp_pool_top50
2024,LAA,687263.0,Zach Neto,602,2.0,True,MLB,obp_pool_top50
2024,LAA,621493.0,Taylor Ward,663,3.0,True,MLB,obp_pool_top50
2024,AZ,606466.0,Ketel Marte,583,2.0,True,MLB,obp_pool_top50
2024,AZ,592626.0,Joc Pederson,449,1.0,True,MLB,obp_pool_top50
2024,AZ,572233.0,Christian Walker,552,3.0,True,MLB,obp_pool_top50
2024,BAL,683002.0,Gunnar Henderson,719,1.0,True,MLB,obp_pool_top50
2024,BAL,676059.0,Jordan Westburg,447,3.0,False,MLB,obp_pool_top50
2024,BAL,623993.0,Anthony Santander,665,2.0,False,MLB,obp_pool_top50
2024,BOS,608701.0,Rob Refsnyder,307,3.0,True,MLB,obp_pool_top50
2024,BOS,646240.0,Rafael Devers,601,1.0,True,MLB,obp_pool_top50
2024,BOS,641933.0,Tyler O'Neill,473,2.0,True,MLB,obp_pool_top50
2024,CHC,673548.0,Seiya Suzuki,585,1.0,True,MLB,obp_pool_top50
2024,CHC,683737.0,Michael Busch,567,3.0,True,MLB,obp_pool_top50
2024,CHC,664023.0,Ian Happ,657,2.0,True,MLB,obp_pool_top50
2024,CIN,682829.0,Elly De La Cruz,696,1.0,True,MLB,obp_pool_top50
2024,CIN,663886.0,Tyler Stephenson,515,2.0,True,MLB,obp_pool_top50
2024,CIN,663697.0,Jonathan India,637,3.0,True,MLB,obp_pool_top50
2024,CLE,680757.0,Steven Kwan,540,2.0,True,MLB,obp_pool_top50
2024,CLE,608070.0,José Ramírez,682,1.0,True,MLB,obp_pool_top50
2024,CLE,681807.0,David Fry,392,3.0,True,MLB,obp_pool_top50
2024,COL,686668.0,Brenton Doyle,603,2.0,True,MLB,obp_pool_top50
2024,COL,453568.0,Charlie Blackmon,499,3.0,True,MLB,obp_pool_top50
2024,COL,669911.0,Michael Toglia,458,1.0,False,MLB,obp_pool_top50
2024,DET,682985.0,Riley Greene,584,1.0,True,MLB,obp_pool_top50
2024,DET,663837.0,Matt Vierling,567,2.0,False,MLB,obp_pool_top50
2024,DET,592192.0,Mark Canha,377,3.0,True,MLB,obp_pool_top50
2024,HOU,670541.0,Yordan Alvarez,635,2.0,True,MLB,obp_pool_top50
2024,HOU,514888.0,Jose Altuve,682,3.0,True,MLB,obp_pool_top50
2024,HOU,663656.0,Kyle Tucker,339,1.0,True,MLB,obp_pool_top50
2024,KC,677951.0,Bobby Witt Jr.,709,1.0,True,MLB,obp_pool_top50
2024,KC,521692.0,Salvador Perez,652,2.0,True,MLB,obp_pool_top50
2024,KC,686469.0,Vinnie Pasquantino,554,3.0,False,MLB,obp_pool_top50
2024,LAD,660271.0,Shohei Ohtani,731,1.0,True,MLB,obp_pool_top50
2024,LAD,605141.0,Mookie Betts,516,2.0,True,MLB,obp_pool_top50
2024,LAD,518692.0,Freddie Freeman,638,3.0,True,MLB,obp_pool_top50
2024,WSH,671277.0,Luis García Jr.,528,2.0,True,MLB,obp_pool_top50
2024,WSH,695578.0,James Wood,336,1.0,True,MLB,obp_pool_top50
2024,WSH,657041.0,Lane Thomas,341,3.0,True,MLB,obp_pool_top50
2024,NYM,596019.0,Francisco Lindor,689,1.0,True,MLB,obp_pool_top50
2024,NYM,668901.0,Mark Vientos,454,2.0,True,MLB,obp_pool_top50
2024,NYM,624413.0,Pete Alonso,695,3.0,True,MLB,obp_pool_top50
2025,ATH,701762.0,Nick Kurtz,489,1.0,True,MLB,obp_pool_top50
2025,ATH,669127.0,Shea Langeliers,523,2.0,True,MLB,obp_pool_top50
2025,ATH,691016.0,Tyler Soderstrom,624,3.0,True,MLB,obp_pool_top50
2025,PIT,687462.0,Spencer Horwitz,411,1.0,True,MLB,obp_pool_top50
2025,PIT,663698.0,Joey Bart,332,2.0,True,MLB,obp_pool_top50
2025,PIT,668804.0,Bryan Reynolds,654,3.0,False,MLB,obp_pool_top50
2025,SD,592518.0,Manny Machado,678,2.0,True,MLB,obp_pool_top50
2025,SD,665487.0,Fernando Tatis Jr.,691,1.0,True,MLB,obp_pool_top50
2025,SD,630105.0,Jake Cronenworth,515,3.0,True,MLB,obp_pool_top50
2025,SEA,677594.0,Julio Rodríguez,710,3.0,True,MLB,obp_pool_top50
2025,SEA,593871.0,Jorge Polanco,524,2.0,True,MLB,obp_pool_top50
2025,SEA,663728.0,Cal Raleigh,705,1.0,True,MLB,obp_pool_top50
2025,SF,646240.0,Rafael Devers,395,1.0,True,MLB,obp_pool_top50
2025,SF,656305.0,Matt Chapman,535,2.0,True,MLB,obp_pool_top50
2025,SF,642715.0,Willy Adames,686,3.0,False,MLB,obp_pool_top50
2025,STL,676475.0,Alec Burleson,546,2.0,True,MLB,obp_pool_top50
2025,STL,671056.0,Iván Herrera,452,1.0,True,MLB,obp_pool_top50
2025,STL,575929.0,Willson Contreras,563,3.0,True,MLB,obp_pool_top50
2025,TB,666018.0,Jonathan Aranda,422,1.0,True,MLB,obp_pool_top50
2025,TB,650490.0,Yandy Díaz,651,2.0,True,MLB,obp_pool_top50
2025,TB,691406.0,Junior Caminero,653,3.0,False,MLB,obp_pool_top50
2025,TEX,608369.0,Corey Seager,445,1.0,True,MLB,obp_pool_top50
2025,TEX,669701.0,Josh Smith,563,3.0,True,MLB,obp_pool_top50
2025,TEX,694671.0,Wyatt Langford,573,2.0,True,MLB,obp_pool_top50
2025,TOR,666182.0,Bo Bichette,628,3.0,True,MLB,obp_pool_top50
2025,TOR,543807.0,George Springer,586,1.0,True,MLB,obp_pool_top50
2025,TOR,665489.0,Vladimir Guerrero Jr.,680,2.0,True,MLB,obp_pool_top50
2025,MIN,680777.0,Ryan Jeffers,464,2.0,True,MLB,obp_pool_top50
2025,MIN,621439.0,Byron Buxton,542,1.0,True,MLB,obp_pool_top50
2025,MIN,670242.0,Matt Wallner,392,3.0,False,MLB,obp_pool_top50
2025,PHI,607208.0,Trea Turner,639,3.0,True,MLB,obp_pool_top50
2025,PHI,547180.0,Bryce Harper,580,2.0,True,MLB,obp_pool_top50
2025,PHI,656941.0,Kyle Schwarber,724,1.0,True,MLB,obp_pool_top50
2025,ATL,660670.0,Ronald Acuña Jr.,412,1.0,True,MLB,obp_pool_top50
2025,ATL,686948.0,Drake Baldwin,446,3.0,True,MLB,obp_pool_top50
2025,ATL,621566.0,Matt Olson,724,2.0,True,MLB,obp_pool_top50
2025,CWS,643565.0,Mike Tauchman,385,1.0,True,MLB,obp_pool_top50
2025,CWS,643217.0,Andrew Benintendi,470,2.0,False,MLB,obp_pool_top50
2025,CWS,678246.0,Miguel Vargas,569,3.0,False,MLB,obp_pool_top50
2025,MIA,669065.0,Kyle Stowers,457,1.0,True,MLB,obp_pool_top50
2025,MIA,669364.0,Xavier Edwards,619,3.0,True,MLB,obp_pool_top50
2025,MIA,689414.0,Liam Hicks,390,2.0,True,MLB,obp_pool_top50
2025,NYY,592450.0,Aaron Judge,679,1.0,True,MLB,obp_pool_top50
2025,NYY,700250.0,Ben Rice,530,2.0,True,MLB,obp_pool_top50
2025,NYY,663757.0,Trent Grisham,581,3.0,True,MLB,obp_pool_top50
2025,MIL,668930.0,Brice Turang,659,1.0,True,MLB,obp_pool_top50
2025,MIL,592885.0,Christian Yelich,644,3.0,True,MLB,obp_pool_top50
2025,MIL,686555.0,Isaac Collins,441,2.0,True,MLB,obp_pool_top50
2025,LAA,687263.0,Zach Neto,554,3.0,True,MLB,obp_pool_top50
2025,LAA,545361.0,Mike Trout,556,1.0,True,MLB,obp_pool_top50
2025,LAA,621493.0,Taylor Ward,663,2.0,False,MLB,obp_pool_top50
2025,AZ,672695.0,Geraldo Perdomo,720,2.0,True,MLB,obp_pool_top50
2025,AZ,606466.0,Ketel Marte,556,1.0,True,MLB,obp_pool_top50
2025,AZ,682998.0,Corbin Carroll,642,3.0,True,MLB,obp_pool_top50
2025,BAL,683002.0,Gunnar Henderson,651,1.0,True,MLB,obp_pool_top50
2025,BAL,676059.0,Jordan Westburg,352,2.0,False,MLB,obp_pool_top50
2025,BAL,702616.0,Jackson Holliday,649,3.0,False,MLB,obp_pool_top50
2025,BOS,663853.0,Romy Gonzalez,341,3.0,True,MLB,obp_pool_top50
2025,BOS,701350.0,Roman Anthony,303,1.0,True,MLB,obp_pool_top50
2025,BOS,608324.0,Alex Bregman,495,2.0,True,MLB,obp_pool_top50
2025,CHC,663656.0,Kyle Tucker,597,2.0,True,MLB,obp_pool_top50
2025,CHC,683737.0,Michael Busch,592,1.0,True,MLB,obp_pool_top50
2025,CHC,673548.0,Seiya Suzuki,651,3.0,True,MLB,obp_pool_top50
2025,CIN,669720.0,Austin Hays,416,3.0,False,MLB,obp_pool_top50
2025,CIN,682829.0,Elly De La Cruz,699,2.0,True,MLB,obp_pool_top50
2025,CIN,670770.0,TJ Friedl,685,1.0,True,MLB,obp_pool_top50
2025,CLE,608070.0,José Ramírez,673,1.0,True,MLB,obp_pool_top50
2025,CLE,680757.0,Steven Kwan,693,3.0,True,MLB,obp_pool_top50
2025,CLE,700932.0,Kyle Manzardo,531,2.0,False,MLB,obp_pool_top50
2025,COL,671289.0,Tyler Freeman,428,3.0,True,MLB,obp_pool_top50
2025,COL,696100.0,Hunter Goodman,579,1.0,True,MLB,obp_pool_top50
2025,COL,666160.0,Mickey Moniak,461,2.0,False,MLB,obp_pool_top50
2025,DET,682985.0,Riley Greene,655,1.0,False,MLB,obp_pool_top50
2025,DET,650402.0,Gleyber Torres,628,3.0,True,MLB,obp_pool_top50
2025,DET,679529.0,Spencer Torkelson,649,2.0,True,MLB,obp_pool_top50
2025,HOU,665161.0,Jeremy Peña,543,1.0,True,MLB,obp_pool_top50
2025,HOU,514888.0,Jose Altuve,654,3.0,True,MLB,obp_pool_top50
2025,HOU,670623.0,Isaac Paredes,438,2.0,True,MLB,obp_pool_top50
2025,KC,677951.0,Bobby Witt Jr.,687,1.0,True,MLB,obp_pool_top50
2025,KC,672580.0,Maikel Garcia,666,2.0,True,MLB,obp_pool_top50
2025,KC,686469.0,Vinnie Pasquantino,682,3.0,True,MLB,obp_pool_top50
2025,LAD,669257.0,Will Smith,436,2.0,True,MLB,obp_pool_top50
2025,LAD,518692.0,Freddie Freeman,627,3.0,True,MLB,obp_pool_top50
2025,LAD,660271.0,Shohei Ohtani,727,1.0,True,MLB,obp_pool_top50
2025,WSH,695734.0,Daylen Lile,351,1.0,True,MLB,obp_pool_top50
2025,WSH,695578.0,James Wood,689,2.0,True,MLB,obp_pool_top50
2025,WSH,605137.0,Josh Bell,533,3.0,True,MLB,obp_pool_top50
2025,NYM,624413.0,Pete Alonso,709,2.0,True,MLB,obp_pool_top50
2025,NYM,596019.0,Francisco Lindor,732,3.0,True,MLB,obp_pool_top50
2025,NYM,665742.0,Juan Soto,715,1.0,True,MLB,obp_pool_top50
2021,OAK,643393.0,Tony Kemp,397,2.0,True,MLB,obp_pool_top40
2021,OAK,621566.0,Matt Olson,673,1.0,True,MLB,obp_pool_top40
2021,OAK,592192.0,Mark Canha,625,3.0,True,MLB,obp_pool_top40
2021,PIT,624428.0,Adam Frazier,428,2.0,True,MLB,obp_pool_top40
2021,PIT,668804.0,Bryan Reynolds,646,1.0,True,MLB,obp_pool_top40
2021,PIT,592325.0,Ben Gamel,383,3.0,True,MLB,obp_pool_top40
2021,SD,665487.0,Fernando Tatis Jr.,546,1.0,True,MLB,obp_pool_top40
2021,SD,592518.0,Manny Machado,640,2.0,True,MLB,obp_pool_top40
2021,SD,630105.0,Jake Cronenworth,643,3.0,True,MLB,obp_pool_top40
2021,SEA,664034.0,Ty France,650,1.0,True,MLB,obp_pool_top40
2021,SEA,641487.0,J.P. Crawford,687,3.0,False,MLB,obp_pool_top40
2021,SEA,571745.0,Mitch Haniger,691,2.0,False,MLB,obp_pool_top40
2021,SF,457763.0,Buster Posey,454,3.0,True,MLB,obp_pool_top40
2021,SF,474832.0,Brandon Belt,381,1.0,True,MLB,obp_pool_top40
2021,SF,573131.0,Darin Ruf,312,2.0,True,MLB,obp_pool_top40
2021,STL,502671.0,Paul Goldschmidt,679,2.0,True,MLB,obp_pool_top40
2021,STL,641933.0,Tyler O'Neill,537,1.0,True,MLB,obp_pool_top40
2021,STL,666185.0,Dylan Carlson,619,3.0,True,MLB,obp_pool_top40
2021,TB,668227.0,Randy Arozarena,604,3.0,True,MLB,obp_pool_top40
2021,TB,664040.0,Brandon Lowe,615,1.0,True,MLB,obp_pool_top40
2021,TB,572287.0,Mike Zunino,375,2.0,False,MLB,obp_pool_top40
2021,TEX,663993.0,Nathaniel Lowe,642,2.0,True,MLB,obp_pool_top40
2021,TEX,666969.0,Adolis García,622,3.0,False,MLB,obp_pool_top40
2021,TEX,608336.0,Joey Gallo,388,1.0,True,MLB,obp_pool_top40
2021,TOR,665489.0,Vladimir Guerrero Jr.,698,1.0,True,MLB,obp_pool_top40
2021,TOR,606192.0,Teoscar Hernández,595,3.0,True,MLB,obp_pool_top40
2021,TOR,543807.0,George Springer,342,2.0,True,MLB,obp_pool_top40
2021,MIN,443558.0,Nelson Cruz,346,1.0,True,MLB,obp_pool_top40
2021,MIN,593871.0,Jorge Polanco,644,3.0,False,MLB,obp_pool_top40
2021,MIN,518626.0,Josh Donaldson,543,2.0,True,MLB,obp_pool_top40
2021,PHI,547180.0,Bryce Harper,599,1.0,True,MLB,obp_pool_top40
2021,PHI,516416.0,Jean Segura,567,3.0,True,MLB,obp_pool_top40
2021,PHI,656555.0,Rhys Hoskins,443,2.0,False,MLB,obp_pool_top40
2021,ATL,663586.0,Austin Riley,662,3.0,True,MLB,obp_pool_top40
2021,ATL,518692.0,Freddie Freeman,695,2.0,True,MLB,obp_pool_top40
2021,ATL,660670.0,Ronald Acuña Jr.,360,1.0,True,MLB,obp_pool_top40
2021,CWS,660162.0,Yoán Moncada,616,3.0,True,MLB,obp_pool_top40
2021,CWS,547989.0,José Abreu,659,2.0,True,MLB,obp_pool_top40
2021,CWS,518735.0,Yasmani Grandal,375,1.0,True,MLB,obp_pool_top40
2021,MIA,542583.0,Jesús Aguilar,510,1.0,False,MLB,obp_pool_top40
2021,MIA,665862.0,Jazz Chisholm Jr.,507,3.0,False,MLB,obp_pool_top40
2021,MIA,594807.0,Adam Duvall,339,2.0,False,MLB,obp_pool_top40
2021,NYY,592450.0,Aaron Judge,633,1.0,True,MLB,obp_pool_top40
2021,NYY,519317.0,Giancarlo Stanton,579,2.0,True,MLB,obp_pool_top40
2021,NYY,518934.0,DJ LeMahieu,679,3.0,True,MLB,obp_pool_top40
2021,MIL,642715.0,Willy Adames,413,1.0,True,MLB,obp_pool_top40
2021,MIL,541645.0,Avisaíl García,515,2.0,False,MLB,obp_pool_top40
2021,MIL,649966.0,Luis Urías,570,3.0,True,MLB,obp_pool_top40
2021,LAA,665120.0,Jared Walsh,585,2.0,True,MLB,obp_pool_top40
2021,LAA,660271.0,Shohei Ohtani,639,1.0,True,MLB,obp_pool_top40
2021,LAA,545358.0,Max Stassi,319,3.0,False,MLB,obp_pool_top40
2021,AZ,606466.0,Ketel Marte,374,1.0,True,MLB,obp_pool_top40
2021,AZ,668942.0,Josh Rojas,550,3.0,True,MLB,obp_pool_top40
2021,AZ,608348.0,Carson Kelly,359,2.0,True,MLB,obp_pool_top40
2021,BAL,656775.0,Cedric Mullins,675,1.0,True,MLB,obp_pool_top40
2021,BAL,669720.0,Austin Hays,529,3.0,False,MLB,obp_pool_top40
2021,BAL,663624.0,Ryan Mountcastle,586,2.0,False,MLB,obp_pool_top40
2021,BOS,593428.0,Xander Bogaerts,603,2.0,True,MLB,obp_pool_top40
2021,BOS,502110.0,J.D. Martinez,634,3.0,True,MLB,obp_pool_top40
2021,BOS,646240.0,Rafael Devers,664,1.0,True,MLB,obp_pool_top40
2021,CHC,542364.0,Rafael Ortega,330,2.0,True,MLB,obp_pool_top40
2021,CHC,592178.0,Kris Bryant,374,1.0,True,MLB,obp_pool_top40
2021,CHC,621550.0,Patrick Wisdom,375,3.0,False,MLB,obp_pool_top40
2021,CIN,592206.0,Nick Castellanos,585,3.0,True,MLB,obp_pool_top40
2021,CIN,608385.0,Jesse Winker,485,1.0,True,MLB,obp_pool_top40
2021,CIN,458015.0,Joey Votto,533,2.0,True,MLB,obp_pool_top40
2021,CLE,608070.0,José Ramírez,636,1.0,True,MLB,obp_pool_top40
2021,CLE,614177.0,Franmil Reyes,466,2.0,False,MLB,obp_pool_top40
2021,CLE,514917.0,César Hernández,420,3.0,False,MLB,obp_pool_top40
2021,COL,663898.0,Brendan Rodgers,415,3.0,False,MLB,obp_pool_top40
2021,COL,543068.0,C.J. Cron,547,1.0,True,MLB,obp_pool_top40
2021,COL,596115.0,Trevor Story,595,2.0,False,MLB,obp_pool_top40
2021,DET,600869.0,Jeimer Candelario,626,1.0,True,MLB,obp_pool_top40
2021,DET,668731.0,Akil Baddoo,461,3.0,False,MLB,obp_pool_top40
2021,DET,543257.0,Robbie Grossman,671,2.0,True,MLB,obp_pool_top40
2021,HOU,663656.0,Kyle Tucker,567,1.0,True,MLB,obp_pool_top40
2021,HOU,621043.0,Carlos Correa,640,3.0,True,MLB,obp_pool_top40
2021,HOU,670541.0,Yordan Alvarez,598,2.0,True,MLB,obp_pool_top40
2021,KC,670032.0,Nicky Lopez,565,2.0,True,MLB,obp_pool_top40
2021,KC,643217.0,Andrew Benintendi,538,3.0,False,MLB,obp_pool_top40
2021,KC,521692.0,Salvador Perez,665,1.0,False,MLB,obp_pool_top40
2021,LAD,608369.0,Corey Seager,409,1.0,True,MLB,obp_pool_top40
2021,LAD,572041.0,AJ Pollock,422,3.0,True,MLB,obp_pool_top40
2021,LAD,571970.0,Max Muncy,592,2.0,True,MLB,obp_pool_top40
2021,WSH,607208.0,Trea Turner,420,3.0,True,MLB,obp_pool_top40
2021,WSH,665742.0,Juan Soto,654,1.0,True,MLB,obp_pool_top40
2021,WSH,656941.0,Kyle Schwarber,303,2.0,True,MLB,obp_pool_top40
2021,NYM,607043.0,Brandon Nimmo,386,1.0,True,MLB,obp_pool_top40
2021,NYM,624413.0,Pete Alonso,637,2.0,True,MLB,obp_pool_top40
2021,NYM,624424.0,Michael Conforto,479,3.0,True,MLB,obp_pool_top40
2022,OAK,669221.0,Sean Murphy,612,1.0,True,MLB,obp_pool_top40
2022,OAK,462101.0,Elvis Andrus,386,3.0,False,MLB,obp_pool_top40
2022,OAK,664913.0,Seth Brown,555,2.0,False,MLB,obp_pool_top40
2022,PIT,668804.0,Bryan Reynolds,614,1.0,True,MLB,obp_pool_top40
2022,PIT,665833.0,Oneil Cruz,361,2.0,False,MLB,obp_pool_top40
2022,PIT,669261.0,Jack Suwinski,372,3.0,False,MLB,obp_pool_top40
2022,SD,592518.0,Manny Machado,644,1.0,True,MLB,obp_pool_top40
2022,SD,595777.0,Jurickson Profar,658,2.0,True,MLB,obp_pool_top40
2022,SD,572228.0,Luke Voit,344,3.0,False,MLB,obp_pool_top40
2022,SEA,677594.0,Julio Rodríguez,560,1.0,True,MLB,obp_pool_top40
2022,SEA,664034.0,Ty France,613,3.0,True,MLB,obp_pool_top40
2022,SEA,553993.0,Eugenio Suárez,629,2.0,True,MLB,obp_pool_top40
2022,SF,592626.0,Joc Pederson,433,1.0,True,MLB,obp_pool_top40
2022,SF,596103.0,Austin Slater,325,2.0,True,MLB,obp_pool_top40
2022,SF,642731.0,Thairo Estrada,541,3.0,False,MLB,obp_pool_top40
2022,STL,502671.0,Paul Goldschmidt,651,1.0,True,MLB,obp_pool_top40
2022,STL,571448.0,Nolan Arenado,620,2.0,True,MLB,obp_pool_top40
2022,STL,405395.0,Albert Pujols,351,3.0,True,MLB,obp_pool_top40
2022,TB,623912.0,Harold Ramírez,435,3.0,True,MLB,obp_pool_top40
2022,TB,650490.0,Yandy Díaz,558,1.0,True,MLB,obp_pool_top40
2022,TB,668227.0,Randy Arozarena,645,2.0,True,MLB,obp_pool_top40
2022,TEX,663993.0,Nathaniel Lowe,645,1.0,True,MLB,obp_pool_top40
2022,TEX,666969.0,Adolis García,657,3.0,False,MLB,obp_pool_top40
2022,TEX,608369.0,Corey Seager,663,2.0,False,MLB,obp_pool_top40
2022,TOR,672386.0,Alejandro Kirk,541,3.0,True,MLB,obp_pool_top40
2022,TOR,665489.0,Vladimir Guerrero Jr.,706,2.0,True,MLB,obp_pool_top40
2022,TOR,543807.0,George Springer,583,1.0,True,MLB,obp_pool_top40
2022,MIN,650333.0,Luis Arraez,603,3.0,True,MLB,obp_pool_top40
2022,MIN,621043.0,Carlos Correa,590,1.0,True,MLB,obp_pool_top40
2022,MIN,621439.0,Byron Buxton,382,2.0,False,MLB,obp_pool_top40
2022,PHI,547180.0,Bryce Harper,426,1.0,True,MLB,obp_pool_top40
2022,PHI,592663.0,J.T. Realmuto,562,3.0,True,MLB,obp_pool_top40
2022,PHI,656941.0,Kyle Schwarber,669,2.0,False,MLB,obp_pool_top40
2022,ATL,671739.0,Michael Harris II,441,3.0,True,MLB,obp_pool_top40
2022,ATL,661388.0,William Contreras,376,2.0,True,MLB,obp_pool_top40
2022,ATL,663586.0,Austin Riley,693,1.0,True,MLB,obp_pool_top40
2022,CWS,547989.0,José Abreu,679,2.0,True,MLB,obp_pool_top40
2022,CWS,650391.0,Eloy Jiménez,327,1.0,True,MLB,obp_pool_top40
2022,CWS,683734.0,Andrew Vaughn,555,3.0,False,MLB,obp_pool_top40
2022,MIA,643265.0,Garrett Cooper,469,1.0,True,MLB,obp_pool_top40
2022,MIA,650559.0,Bryan De La Cruz,355,2.0,False,MLB,obp_pool_top40
2022,MIA,624585.0,Jorge Soler,306,3.0,False,MLB,obp_pool_top40
2022,NYY,592450.0,Aaron Judge,696,1.0,True,MLB,obp_pool_top40
2022,NYY,518934.0,DJ LeMahieu,541,3.0,True,MLB,obp_pool_top40
2022,NYY,519203.0,Anthony Rizzo,548,2.0,True,MLB,obp_pool_top40
2022,MIL,592669.0,Hunter Renfroe,522,1.0,False,MLB,obp_pool_top40
2022,MIL,592885.0,Christian Yelich,671,3.0,True,MLB,obp_pool_top40
2022,MIL,543939.0,Kolten Wong,497,2.0,True,MLB,obp_pool_top40
2022,LAA,545361.0,Mike Trout,499,1.0,True,MLB,obp_pool_top40
2022,LAA,621493.0,Taylor Ward,564,3.0,True,MLB,obp_pool_top40
2022,LAA,660271.0,Shohei Ohtani,666,2.0,True,MLB,obp_pool_top40
2022,AZ,664983.0,Jake McCarthy,354,2.0,True,MLB,obp_pool_top40
2022,AZ,444482.0,David Peralta,310,3.0,False,MLB,obp_pool_top40
2022,AZ,572233.0,Christian Walker,667,1.0,True,MLB,obp_pool_top40
2022,BAL,641820.0,Trey Mancini,401,3.0,True,MLB,obp_pool_top40
2022,BAL,668939.0,Adley Rutschman,470,1.0,True,MLB,obp_pool_top40
2022,BAL,623993.0,Anthony Santander,647,2.0,False,MLB,obp_pool_top40
2022,BOS,593428.0,Xander Bogaerts,631,2.0,True,MLB,obp_pool_top40
2022,BOS,646240.0,Rafael Devers,614,1.0,True,MLB,obp_pool_top40
2022,BOS,502110.0,J.D. Martinez,596,3.0,True,MLB,obp_pool_top40
2022,CHC,664023.0,Ian Happ,641,2.0,True,MLB,obp_pool_top40
2022,CHC,673548.0,Seiya Suzuki,446,3.0,True,MLB,obp_pool_top40
2022,CHC,575929.0,Willson Contreras,487,1.0,True,MLB,obp_pool_top40
2022,CIN,456781.0,Donovan Solano,304,2.0,True,MLB,obp_pool_top40
2022,CIN,592273.0,Brandon Drury,385,1.0,True,MLB,obp_pool_top40
2022,CIN,663697.0,Jonathan India,431,3.0,True,MLB,obp_pool_top40
2022,CLE,680757.0,Steven Kwan,638,3.0,True,MLB,obp_pool_top40
2022,CLE,665926.0,Andrés Giménez,557,1.0,True,MLB,obp_pool_top40
2022,CLE,608070.0,José Ramírez,685,2.0,True,MLB,obp_pool_top40
2022,COL,602074.0,Yonathan Daza,408,3.0,True,MLB,obp_pool_top40
2022,COL,543068.0,C.J. Cron,632,1.0,False,MLB,obp_pool_top40
2022,COL,641857.0,Ryan McMahon,597,2.0,True,MLB,obp_pool_top40
2022,DET,605612.0,Harold Castro,443,3.0,False,MLB,obp_pool_top40
2022,DET,606992.0,Eric Haase,351,1.0,False,MLB,obp_pool_top40
2022,DET,682985.0,Riley Greene,418,2.0,False,MLB,obp_pool_top40
2022,HOU,670541.0,Yordan Alvarez,561,1.0,True,MLB,obp_pool_top40
2022,HOU,514888.0,Jose Altuve,604,2.0,True,MLB,obp_pool_top40
2022,HOU,608324.0,Alex Bregman,656,3.0,True,MLB,obp_pool_top40
2022,KC,643217.0,Andrew Benintendi,390,1.0,True,MLB,obp_pool_top40
2022,KC,521692.0,Salvador Perez,473,2.0,False,MLB,obp_pool_top40
2022,KC,669004.0,MJ Melendez,534,3.0,False,MLB,obp_pool_top40
2022,LAD,518692.0,Freddie Freeman,708,1.0,True,MLB,obp_pool_top40
2022,LAD,605141.0,Mookie Betts,639,2.0,True,MLB,obp_pool_top40
2022,LAD,669257.0,Will Smith,578,3.0,True,MLB,obp_pool_top40
2022,WSH,605137.0,Josh Bell,437,2.0,True,MLB,obp_pool_top40
2022,WSH,628450.0,Yadiel Hernandez,327,3.0,False,MLB,obp_pool_top40
2022,WSH,665742.0,Juan Soto,436,1.0,True,MLB,obp_pool_top40
2022,NYM,643446.0,Jeff McNeil,589,2.0,True,MLB,obp_pool_top40
2022,NYM,516782.0,Starling Marte,505,3.0,True,MLB,obp_pool_top40
2022,NYM,624413.0,Pete Alonso,685,1.0,True,MLB,obp_pool_top40
2023,OAK,680869.0,Zack Gelof,300,1.0,True,MLB,obp_pool_top40
2023,OAK,667670.0,Brent Rooker,526,2.0,False,MLB,obp_pool_top40
2023,OAK,676116.0,Ryan Noda,495,3.0,True,MLB,obp_pool_top40
2023,PIT,668804.0,Bryan Reynolds,640,3.0,True,MLB,obp_pool_top40
2023,PIT,457705.0,Andrew McCutchen,473,1.0,True,MLB,obp_pool_top40
2023,PIT,669261.0,Jack Suwinski,534,2.0,True,MLB,obp_pool_top40
2023,SD,593428.0,Xander Bogaerts,665,2.0,True,MLB,obp_pool_top40
2023,SD,665742.0,Juan Soto,708,1.0,True,MLB,obp_pool_top40
2023,SD,592518.0,Manny Machado,601,3.0,False,MLB,obp_pool_top40
2023,SEA,677594.0,Julio Rodríguez,714,2.0,True,MLB,obp_pool_top40
2023,SEA,641487.0,J.P. Crawford,638,1.0,True,MLB,obp_pool_top40
2023,SEA,663728.0,Cal Raleigh,569,3.0,False,MLB,obp_pool_top40
2023,SF,527038.0,Wilmer Flores,454,1.0,True,MLB,obp_pool_top40
2023,SF,664774.0,LaMonte Wade Jr.,519,2.0,True,MLB,obp_pool_top40
2023,SF,573262.0,Mike Yastrzemski,381,3.0,True,MLB,obp_pool_top40
2023,STL,502671.0,Paul Goldschmidt,687,2.0,True,MLB,obp_pool_top40
2023,STL,575929.0,Willson Contreras,495,1.0,True,MLB,obp_pool_top40
2023,STL,663457.0,Lars Nootbaar,503,3.0,True,MLB,obp_pool_top40
2023,TB,650490.0,Yandy Díaz,600,1.0,True,MLB,obp_pool_top40
2023,TB,666139.0,Josh Lowe,501,3.0,True,MLB,obp_pool_top40
2023,TB,670623.0,Isaac Paredes,571,2.0,True,MLB,obp_pool_top40
2023,TEX,608369.0,Corey Seager,536,1.0,True,MLB,obp_pool_top40
2023,TEX,543760.0,Marcus Semien,753,3.0,True,MLB,obp_pool_top40
2023,TEX,641598.0,Mitch Garver,344,2.0,True,MLB,obp_pool_top40
2023,TOR,666182.0,Bo Bichette,601,2.0,True,MLB,obp_pool_top40
2023,TOR,665489.0,Vladimir Guerrero Jr.,682,3.0,True,MLB,obp_pool_top40
2023,TOR,474832.0,Brandon Belt,404,1.0,True,MLB,obp_pool_top40
2023,MIN,680777.0,Ryan Jeffers,335,1.0,True,MLB,obp_pool_top40
2023,MIN,666397.0,Edouard Julien,408,2.0,True,MLB,obp_pool_top40
2023,MIN,596146.0,Max Kepler,491,3.0,True,MLB,obp_pool_top40
2023,PHI,547180.0,Bryce Harper,546,1.0,True,MLB,obp_pool_top40
2023,PHI,669016.0,Brandon Marsh,472,2.0,True,MLB,obp_pool_top40
2023,PHI,656941.0,Kyle Schwarber,720,3.0,True,MLB,obp_pool_top40
2023,ATL,660670.0,Ronald Acuña Jr.,735,1.0,True,MLB,obp_pool_top40
2023,ATL,621566.0,Matt Olson,720,2.0,True,MLB,obp_pool_top40
2023,ATL,542303.0,Marcell Ozuna,592,3.0,True,MLB,obp_pool_top40
2023,CWS,650391.0,Eloy Jiménez,489,3.0,False,MLB,obp_pool_top40
2023,CWS,673357.0,Luis Robert Jr.,595,1.0,False,MLB,obp_pool_top40
2023,CWS,669394.0,Jake Burger,323,2.0,False,MLB,obp_pool_top40
2023,MIA,650333.0,Luis Arraez,617,1.0,True,MLB,obp_pool_top40
2023,MIA,660821.0,Jesús Sánchez,402,3.0,False,MLB,obp_pool_top40
2023,MIA,624585.0,Jorge Soler,580,2.0,True,MLB,obp_pool_top40
2023,NYY,650402.0,Gleyber Torres,672,2.0,True,MLB,obp_pool_top40
2023,NYY,592450.0,Aaron Judge,458,1.0,True,MLB,obp_pool_top40
2023,NYY,518934.0,DJ LeMahieu,562,3.0,False,MLB,obp_pool_top40
2023,MIL,661388.0,William Contreras,611,1.0,True,MLB,obp_pool_top40
2023,MIL,592885.0,Christian Yelich,632,2.0,True,MLB,obp_pool_top40
2023,MIL,642715.0,Willy Adames,638,3.0,False,MLB,obp_pool_top40
2023,LAA,660271.0,Shohei Ohtani,599,1.0,True,MLB,obp_pool_top40
2023,LAA,650859.0,Luis Rengifo,445,3.0,True,MLB,obp_pool_top40
2023,LAA,545361.0,Mike Trout,362,2.0,True,MLB,obp_pool_top40
2023,AZ,682998.0,Corbin Carroll,645,1.0,True,MLB,obp_pool_top40
2023,AZ,606466.0,Ketel Marte,650,2.0,True,MLB,obp_pool_top40
2023,AZ,572233.0,Christian Walker,661,3.0,True,MLB,obp_pool_top40
2023,BAL,668939.0,Adley Rutschman,687,1.0,True,MLB,obp_pool_top40
2023,BAL,623993.0,Anthony Santander,656,3.0,False,MLB,obp_pool_top40
2023,BAL,683002.0,Gunnar Henderson,622,2.0,False,MLB,obp_pool_top40
2023,BOS,680776.0,Jarren Duran,362,3.0,True,MLB,obp_pool_top40
2023,BOS,646240.0,Rafael Devers,656,2.0,True,MLB,obp_pool_top40
2023,BOS,671213.0,Triston Casas,502,1.0,True,MLB,obp_pool_top40
2023,CHC,641355.0,Cody Bellinger,556,1.0,True,MLB,obp_pool_top40
2023,CHC,673548.0,Seiya Suzuki,583,2.0,True,MLB,obp_pool_top40
2023,CHC,664023.0,Ian Happ,691,3.0,True,MLB,obp_pool_top40
2023,CIN,680574.0,Matt McLain,403,2.0,True,MLB,obp_pool_top40
2023,CIN,666181.0,Will Benson,329,1.0,True,MLB,obp_pool_top40
2023,CIN,668715.0,Spencer Steer,665,3.0,True,MLB,obp_pool_top40
2023,CLE,647304.0,Josh Naylor,495,1.0,True,MLB,obp_pool_top40
2023,CLE,608070.0,José Ramírez,691,2.0,True,MLB,obp_pool_top40
2023,CLE,680757.0,Steven Kwan,718,3.0,True,MLB,obp_pool_top40
2023,COL,666134.0,Nolan Jones,424,1.0,True,MLB,obp_pool_top40
2023,COL,453568.0,Charlie Blackmon,413,2.0,True,MLB,obp_pool_top40
2023,COL,641857.0,Ryan McMahon,627,3.0,False,MLB,obp_pool_top40
2023,DET,682985.0,Riley Greene,416,2.0,True,MLB,obp_pool_top40
2023,DET,681481.0,Kerry Carpenter,459,1.0,True,MLB,obp_pool_top40
2023,DET,679529.0,Spencer Torkelson,684,3.0,False,MLB,obp_pool_top40
2023,HOU,514888.0,Jose Altuve,410,2.0,True,MLB,obp_pool_top40
2023,HOU,670541.0,Yordan Alvarez,496,1.0,True,MLB,obp_pool_top40
2023,HOU,663656.0,Kyle Tucker,674,3.0,True,MLB,obp_pool_top40
2023,KC,677951.0,Bobby Witt Jr.,694,1.0,False,MLB,obp_pool_top40
2023,KC,658668.0,Edward Olivares,385,2.0,False,MLB,obp_pool_top40
2023,KC,669004.0,MJ Melendez,602,3.0,False,MLB,obp_pool_top40
2023,LAD,518692.0,Freddie Freeman,730,2.0,True,MLB,obp_pool_top40
2023,LAD,605141.0,Mookie Betts,693,1.0,True,MLB,obp_pool_top40
2023,LAD,502110.0,J.D. Martinez,479,3.0,False,MLB,obp_pool_top40
2023,WSH,608841.0,Joey Meneses,657,3.0,False,MLB,obp_pool_top40
2023,WSH,657041.0,Lane Thomas,682,2.0,False,MLB,obp_pool_top40
2023,WSH,600869.0,Jeimer Candelario,419,1.0,True,MLB,obp_pool_top40
2023,NYM,607043.0,Brandon Nimmo,682,1.0,True,MLB,obp_pool_top40
2023,NYM,596019.0,Francisco Lindor,687,2.0,True,MLB,obp_pool_top40
2023,NYM,624413.0,Pete Alonso,658,3.0,False,MLB,obp_pool_top40
2024,OAK,667670.0,Brent Rooker,614,1.0,True,MLB,obp_pool_top40
2024,OAK,671732.0,Lawrence Butler,451,2.0,False,MLB,obp_pool_top40
2024,OAK,668709.0,JJ Bleday,642,3.0,True,MLB,obp_pool_top40
2024,PIT,668804.0,Bryan Reynolds,692,1.0,True,MLB,obp_pool_top40
2024,PIT,665833.0,Oneil Cruz,599,2.0,True,MLB,obp_pool_top40
2024,PIT,457705.0,Andrew McCutchen,515,3.0,True,MLB,obp_pool_top40
2024,SD,701538.0,Jackson Merrill,593,3.0,True,MLB,obp_pool_top40
2024,SD,595777.0,Jurickson Profar,668,1.0,True,MLB,obp_pool_top40
2024,SD,665487.0,Fernando Tatis Jr.,438,2.0,True,MLB,obp_pool_top40
2024,SEA,677594.0,Julio Rodríguez,613,3.0,True,MLB,obp_pool_top40
2024,SEA,670042.0,Luke Raley,455,1.0,False,MLB,obp_pool_top40
2024,SEA,663728.0,Cal Raleigh,628,2.0,False,MLB,obp_pool_top40
2024,SF,666149.0,Tyler Fitzgerald,341,1.0,True,MLB,obp_pool_top40
2024,SF,664774.0,LaMonte Wade Jr.,401,3.0,True,MLB,obp_pool_top40
2024,SF,656305.0,Matt Chapman,647,2.0,True,MLB,obp_pool_top40
2024,STL,680977.0,Brendan Donovan,652,2.0,True,MLB,obp_pool_top40
2024,STL,575929.0,Willson Contreras,358,1.0,True,MLB,obp_pool_top40
2024,STL,663457.0,Lars Nootbaar,405,3.0,True,MLB,obp_pool_top40
2024,TB,650490.0,Yandy Díaz,621,2.0,True,MLB,obp_pool_top40
2024,TB,664040.0,Brandon Lowe,425,1.0,False,MLB,obp_pool_top40
2024,TB,680700.0,Richie Palacios,316,3.0,True,MLB,obp_pool_top40
2024,TEX,608369.0,Corey Seager,533,1.0,True,MLB,obp_pool_top40
2024,TEX,663993.0,Nathaniel Lowe,565,2.0,True,MLB,obp_pool_top40
2024,TEX,669701.0,Josh Smith,592,3.0,True,MLB,obp_pool_top40
2024,TOR,665489.0,Vladimir Guerrero Jr.,697,1.0,True,MLB,obp_pool_top40
2024,TOR,687462.0,Spencer Horwitz,381,2.0,True,MLB,obp_pool_top40
2024,TOR,457759.0,Justin Turner,349,3.0,True,MLB,obp_pool_top40
2024,MIN,621043.0,Carlos Correa,367,1.0,True,MLB,obp_pool_top40
2024,MIN,621439.0,Byron Buxton,388,2.0,True,MLB,obp_pool_top40
2024,MIN,663616.0,Trevor Larnach,400,3.0,True,MLB,obp_pool_top40
2024,PHI,607208.0,Trea Turner,539,3.0,True,MLB,obp_pool_top40
2024,PHI,547180.0,Bryce Harper,631,1.0,True,MLB,obp_pool_top40
2024,PHI,656941.0,Kyle Schwarber,692,2.0,True,MLB,obp_pool_top40
2024,ATL,542303.0,Marcell Ozuna,688,1.0,True,MLB,obp_pool_top40
2024,ATL,663586.0,Austin Riley,469,3.0,False,MLB,obp_pool_top40
2024,ATL,621566.0,Matt Olson,685,2.0,True,MLB,obp_pool_top40
2024,CWS,683734.0,Andrew Vaughn,619,1.0,False,MLB,obp_pool_top40
2024,CWS,657757.0,Gavin Sheets,501,3.0,False,MLB,obp_pool_top40
2024,CWS,643217.0,Andrew Benintendi,522,2.0,False,MLB,obp_pool_top40
2024,MIA,669364.0,Xavier Edwards,303,1.0,True,MLB,obp_pool_top40
2024,MIA,660821.0,Jesús Sánchez,537,3.0,False,MLB,obp_pool_top40
2024,MIA,669394.0,Jake Burger,579,2.0,False,MLB,obp_pool_top40
2024,NYY,592450.0,Aaron Judge,704,1.0,True,MLB,obp_pool_top40
2024,NYY,665742.0,Juan Soto,713,2.0,True,MLB,obp_pool_top40
2024,NYY,519317.0,Giancarlo Stanton,459,3.0,False,MLB,obp_pool_top40
2024,MIL,592885.0,Christian Yelich,315,1.0,True,MLB,obp_pool_top40
2024,MIL,661388.0,William Contreras,679,2.0,True,MLB,obp_pool_top40
2024,MIL,642715.0,Willy Adames,688,3.0,True,MLB,obp_pool_top40
2024,LAA,650859.0,Luis Rengifo,304,1.0,True,MLB,obp_pool_top40
2024,LAA,687263.0,Zach Neto,602,2.0,False,MLB,obp_pool_top40
2024,LAA,621493.0,Taylor Ward,663,3.0,True,MLB,obp_pool_top40
2024,AZ,606466.0,Ketel Marte,583,2.0,True,MLB,obp_pool_top40
2024,AZ,592626.0,Joc Pederson,449,1.0,True,MLB,obp_pool_top40
2024,AZ,572233.0,Christian Walker,552,3.0,True,MLB,obp_pool_top40
2024,BAL,683002.0,Gunnar Henderson,719,1.0,True,MLB,obp_pool_top40
2024,BAL,676059.0,Jordan Westburg,447,3.0,False,MLB,obp_pool_top40
2024,BAL,623993.0,Anthony Santander,665,2.0,False,MLB,obp_pool_top40
2024,BOS,608701.0,Rob Refsnyder,307,3.0,True,MLB,obp_pool_top40
2024,BOS,646240.0,Rafael Devers,601,1.0,True,MLB,obp_pool_top40
2024,BOS,641933.0,Tyler O'Neill,473,2.0,True,MLB,obp_pool_top40
2024,CHC,673548.0,Seiya Suzuki,585,1.0,True,MLB,obp_pool_top40
2024,CHC,683737.0,Michael Busch,567,3.0,True,MLB,obp_pool_top40
2024,CHC,664023.0,Ian Happ,657,2.0,True,MLB,obp_pool_top40
2024,CIN,682829.0,Elly De La Cruz,696,1.0,True,MLB,obp_pool_top40
2024,CIN,663886.0,Tyler Stephenson,515,2.0,True,MLB,obp_pool_top40
2024,CIN,663697.0,Jonathan India,637,3.0,True,MLB,obp_pool_top40
2024,CLE,680757.0,Steven Kwan,540,2.0,True,MLB,obp_pool_top40
2024,CLE,608070.0,José Ramírez,682,1.0,True,MLB,obp_pool_top40
2024,CLE,681807.0,David Fry,392,3.0,True,MLB,obp_pool_top40
2024,COL,686668.0,Brenton Doyle,603,2.0,False,MLB,obp_pool_top40
2024,COL,453568.0,Charlie Blackmon,499,3.0,True,MLB,obp_pool_top40
2024,COL,669911.0,Michael Toglia,458,1.0,False,MLB,obp_pool_top40
2024,DET,682985.0,Riley Greene,584,1.0,True,MLB,obp_pool_top40
2024,DET,663837.0,Matt Vierling,567,2.0,False,MLB,obp_pool_top40
2024,DET,592192.0,Mark Canha,377,3.0,True,MLB,obp_pool_top40
2024,HOU,670541.0,Yordan Alvarez,635,2.0,True,MLB,obp_pool_top40
2024,HOU,514888.0,Jose Altuve,682,3.0,True,MLB,obp_pool_top40
2024,HOU,663656.0,Kyle Tucker,339,1.0,True,MLB,obp_pool_top40
2024,KC,677951.0,Bobby Witt Jr.,709,1.0,True,MLB,obp_pool_top40
2024,KC,521692.0,Salvador Perez,652,2.0,True,MLB,obp_pool_top40
2024,KC,686469.0,Vinnie Pasquantino,554,3.0,False,MLB,obp_pool_top40
2024,LAD,660271.0,Shohei Ohtani,731,1.0,True,MLB,obp_pool_top40
2024,LAD,605141.0,Mookie Betts,516,2.0,True,MLB,obp_pool_top40
2024,LAD,518692.0,Freddie Freeman,638,3.0,True,MLB,obp_pool_top40
2024,WSH,671277.0,Luis García Jr.,528,2.0,False,MLB,obp_pool_top40
2024,WSH,695578.0,James Wood,336,1.0,True,MLB,obp_pool_top40
2024,WSH,657041.0,Lane Thomas,341,3.0,True,MLB,obp_pool_top40
2024,NYM,596019.0,Francisco Lindor,689,1.0,True,MLB,obp_pool_top40
2024,NYM,668901.0,Mark Vientos,454,2.0,False,MLB,obp_pool_top40
2024,NYM,624413.0,Pete Alonso,695,3.0,True,MLB,obp_pool_top40
2025,ATH,701762.0,Nick Kurtz,489,1.0,True,MLB,obp_pool_top40
2025,ATH,669127.0,Shea Langeliers,523,2.0,False,MLB,obp_pool_top40
2025,ATH,691016.0,Tyler Soderstrom,624,3.0,True,MLB,obp_pool_top40
2025,PIT,687462.0,Spencer Horwitz,411,1.0,True,MLB,obp_pool_top40
2025,PIT,663698.0,Joey Bart,332,2.0,True,MLB,obp_pool_top40
2025,PIT,668804.0,Bryan Reynolds,654,3.0,False,MLB,obp_pool_top40
2025,SD,592518.0,Manny Machado,678,2.0,True,MLB,obp_pool_top40
2025,SD,665487.0,Fernando Tatis Jr.,691,1.0,True,MLB,obp_pool_top40
2025,SD,630105.0,Jake Cronenworth,515,3.0,True,MLB,obp_pool_top40
2025,SEA,677594.0,Julio Rodríguez,710,3.0,False,MLB,obp_pool_top40
2025,SEA,593871.0,Jorge Polanco,524,2.0,False,MLB,obp_pool_top40
2025,SEA,663728.0,Cal Raleigh,705,1.0,True,MLB,obp_pool_top40
2025,SF,646240.0,Rafael Devers,395,1.0,True,MLB,obp_pool_top40
2025,SF,656305.0,Matt Chapman,535,2.0,True,MLB,obp_pool_top40
2025,SF,642715.0,Willy Adames,686,3.0,False,MLB,obp_pool_top40
2025,STL,676475.0,Alec Burleson,546,2.0,True,MLB,obp_pool_top40
2025,STL,671056.0,Iván Herrera,452,1.0,True,MLB,obp_pool_top40
2025,STL,575929.0,Willson Contreras,563,3.0,True,MLB,obp_pool_top40
2025,TB,666018.0,Jonathan Aranda,422,1.0,True,MLB,obp_pool_top40
2025,TB,650490.0,Yandy Díaz,651,2.0,True,MLB,obp_pool_top40
2025,TB,691406.0,Junior Caminero,653,3.0,False,MLB,obp_pool_top40
2025,TEX,608369.0,Corey Seager,445,1.0,True,MLB,obp_pool_top40
2025,TEX,669701.0,Josh Smith,563,3.0,True,MLB,obp_pool_top40
2025,TEX,694671.0,Wyatt Langford,573,2.0,True,MLB,obp_pool_top40
2025,TOR,666182.0,Bo Bichette,628,3.0,True,MLB,obp_pool_top40
2025,TOR,543807.0,George Springer,586,1.0,True,MLB,obp_pool_top40
2025,TOR,665489.0,Vladimir Guerrero Jr.,680,2.0,True,MLB,obp_pool_top40
2025,MIN,680777.0,Ryan Jeffers,464,2.0,True,MLB,obp_pool_top40
2025,MIN,621439.0,Byron Buxton,542,1.0,False,MLB,obp_pool_top40
2025,MIN,670242.0,Matt Wallner,392,3.0,False,MLB,obp_pool_top40
2025,PHI,607208.0,Trea Turner,639,3.0,True,MLB,obp_pool_top40
2025,PHI,547180.0,Bryce Harper,580,2.0,True,MLB,obp_pool_top40
2025,PHI,656941.0,Kyle Schwarber,724,1.0,True,MLB,obp_pool_top40
2025,ATL,660670.0,Ronald Acuña Jr.,412,1.0,True,MLB,obp_pool_top40
2025,ATL,686948.0,Drake Baldwin,446,3.0,True,MLB,obp_pool_top40
2025,ATL,621566.0,Matt Olson,724,2.0,True,MLB,obp_pool_top40
2025,CWS,643565.0,Mike Tauchman,385,1.0,True,MLB,obp_pool_top40
2025,CWS,643217.0,Andrew Benintendi,470,2.0,False,MLB,obp_pool_top40
2025,CWS,678246.0,Miguel Vargas,569,3.0,False,MLB,obp_pool_top40
2025,MIA,669065.0,Kyle Stowers,457,1.0,True,MLB,obp_pool_top40
2025,MIA,669364.0,Xavier Edwards,619,3.0,True,MLB,obp_pool_top40
2025,MIA,689414.0,Liam Hicks,390,2.0,True,MLB,obp_pool_top40
2025,NYY,592450.0,Aaron Judge,679,1.0,True,MLB,obp_pool_top40
2025,NYY,700250.0,Ben Rice,530,2.0,True,MLB,obp_pool_top40
2025,NYY,663757.0,Trent Grisham,581,3.0,True,MLB,obp_pool_top40
2025,MIL,668930.0,Brice Turang,659,1.0,True,MLB,obp_pool_top40
2025,MIL,592885.0,Christian Yelich,644,3.0,True,MLB,obp_pool_top40
2025,MIL,686555.0,Isaac Collins,441,2.0,True,MLB,obp_pool_top40
2025,LAA,687263.0,Zach Neto,554,3.0,False,MLB,obp_pool_top40
2025,LAA,545361.0,Mike Trout,556,1.0,True,MLB,obp_pool_top40
2025,LAA,621493.0,Taylor Ward,663,2.0,False,MLB,obp_pool_top40
2025,AZ,672695.0,Geraldo Perdomo,720,2.0,True,MLB,obp_pool_top40
2025,AZ,606466.0,Ketel Marte,556,1.0,True,MLB,obp_pool_top40
2025,AZ,682998.0,Corbin Carroll,642,3.0,True,MLB,obp_pool_top40
2025,BAL,683002.0,Gunnar Henderson,651,1.0,True,MLB,obp_pool_top40
2025,BAL,676059.0,Jordan Westburg,352,2.0,False,MLB,obp_pool_top40
2025,BAL,702616.0,Jackson Holliday,649,3.0,False,MLB,obp_pool_top40
2025,BOS,663853.0,Romy Gonzalez,341,3.0,True,MLB,obp_pool_top40
2025,BOS,701350.0,Roman Anthony,303,1.0,True,MLB,obp_pool_top40
2025,BOS,608324.0,Alex Bregman,495,2.0,True,MLB,obp_pool_top40
2025,CHC,663656.0,Kyle Tucker,597,2.0,True,MLB,obp_pool_top40
2025,CHC,683737.0,Michael Busch,592,1.0,True,MLB,obp_pool_top40
2025,CHC,673548.0,Seiya Suzuki,651,3.0,False,MLB,obp_pool_top40
2025,CIN,669720.0,Austin Hays,416,3.0,False,MLB,obp_pool_top40
2025,CIN,682829.0,Elly De La Cruz,699,2.0,True,MLB,obp_pool_top40
2025,CIN,670770.0,TJ Friedl,685,1.0,True,MLB,obp_pool_top40
2025,CLE,608070.0,José Ramírez,673,1.0,True,MLB,obp_pool_top40
2025,CLE,680757.0,Steven Kwan,693,3.0,True,MLB,obp_pool_top40
2025,CLE,700932.0,Kyle Manzardo,531,2.0,False,MLB,obp_pool_top40
2025,COL,671289.0,Tyler Freeman,428,3.0,True,MLB,obp_pool_top40
2025,COL,696100.0,Hunter Goodman,579,1.0,False,MLB,obp_pool_top40
2025,COL,666160.0,Mickey Moniak,461,2.0,False,MLB,obp_pool_top40
2025,DET,682985.0,Riley Greene,655,1.0,False,MLB,obp_pool_top40
2025,DET,650402.0,Gleyber Torres,628,3.0,True,MLB,obp_pool_top40
2025,DET,679529.0,Spencer Torkelson,649,2.0,True,MLB,obp_pool_top40
2025,HOU,665161.0,Jeremy Peña,543,1.0,True,MLB,obp_pool_top40
2025,HOU,514888.0,Jose Altuve,654,3.0,False,MLB,obp_pool_top40
2025,HOU,670623.0,Isaac Paredes,438,2.0,True,MLB,obp_pool_top40
2025,KC,677951.0,Bobby Witt Jr.,687,1.0,True,MLB,obp_pool_top40
2025,KC,672580.0,Maikel Garcia,666,2.0,True,MLB,obp_pool_top40
2025,KC,686469.0,Vinnie Pasquantino,682,3.0,False,MLB,obp_pool_top40
2025,LAD,669257.0,Will Smith,436,2.0,True,MLB,obp_pool_top40
2025,LAD,518692.0,Freddie Freeman,627,3.0,True,MLB,obp_pool_top40
2025,LAD,660271.0,Shohei Ohtani,727,1.0,True,MLB,obp_pool_top40
2025,WSH,695734.0,Daylen Lile,351,1.0,True,MLB,obp_pool_top40
2025,WSH,695578.0,James Wood,689,2.0,True,MLB,obp_pool_top40
2025,WSH,605137.0,Josh Bell,533,3.0,False,MLB,obp_pool_top40
2025,NYM,624413.0,Pete Alonso,709,2.0,True,MLB,obp_pool_top40
2025,NYM,596019.0,Francisco Lindor,732,3.0,True,MLB,obp_pool_top40
2025,NYM,665742.0,Juan Soto,715,1.0,True,MLB,obp_pool_top40
2021,OAK,643393.0,Tony Kemp,397,2.0,True,MLB,obp_pool_top33
2021,OAK,621566.0,Matt Olson,673,1.0,True,MLB,obp_pool_top33
2021,OAK,592192.0,Mark Canha,625,3.0,True,MLB,obp_pool_top33
2021,PIT,624428.0,Adam Frazier,428,2.0,True,MLB,obp_pool_top33
2021,PIT,668804.0,Bryan Reynolds,646,1.0,True,MLB,obp_pool_top33
2021,PIT,592325.0,Ben Gamel,383,3.0,True,MLB,obp_pool_top33
2021,SD,665487.0,Fernando Tatis Jr.,546,1.0,True,MLB,obp_pool_top33
2021,SD,592518.0,Manny Machado,640,2.0,True,MLB,obp_pool_top33
2021,SD,630105.0,Jake Cronenworth,643,3.0,False,MLB,obp_pool_top33
2021,SEA,664034.0,Ty France,650,1.0,True,MLB,obp_pool_top33
2021,SEA,641487.0,J.P. Crawford,687,3.0,False,MLB,obp_pool_top33
2021,SEA,571745.0,Mitch Haniger,691,2.0,False,MLB,obp_pool_top33
2021,SF,457763.0,Buster Posey,454,3.0,True,MLB,obp_pool_top33
2021,SF,474832.0,Brandon Belt,381,1.0,True,MLB,obp_pool_top33
2021,SF,573131.0,Darin Ruf,312,2.0,True,MLB,obp_pool_top33
2021,STL,502671.0,Paul Goldschmidt,679,2.0,True,MLB,obp_pool_top33
2021,STL,641933.0,Tyler O'Neill,537,1.0,True,MLB,obp_pool_top33
2021,STL,666185.0,Dylan Carlson,619,3.0,False,MLB,obp_pool_top33
2021,TB,668227.0,Randy Arozarena,604,3.0,True,MLB,obp_pool_top33
2021,TB,664040.0,Brandon Lowe,615,1.0,False,MLB,obp_pool_top33
2021,TB,572287.0,Mike Zunino,375,2.0,False,MLB,obp_pool_top33
2021,TEX,663993.0,Nathaniel Lowe,642,2.0,True,MLB,obp_pool_top33
2021,TEX,666969.0,Adolis García,622,3.0,False,MLB,obp_pool_top33
2021,TEX,608336.0,Joey Gallo,388,1.0,True,MLB,obp_pool_top33
2021,TOR,665489.0,Vladimir Guerrero Jr.,698,1.0,True,MLB,obp_pool_top33
2021,TOR,606192.0,Teoscar Hernández,595,3.0,True,MLB,obp_pool_top33
2021,TOR,543807.0,George Springer,342,2.0,True,MLB,obp_pool_top33
2021,MIN,443558.0,Nelson Cruz,346,1.0,True,MLB,obp_pool_top33
2021,MIN,593871.0,Jorge Polanco,644,3.0,False,MLB,obp_pool_top33
2021,MIN,518626.0,Josh Donaldson,543,2.0,True,MLB,obp_pool_top33
2021,PHI,547180.0,Bryce Harper,599,1.0,True,MLB,obp_pool_top33
2021,PHI,516416.0,Jean Segura,567,3.0,True,MLB,obp_pool_top33
2021,PHI,656555.0,Rhys Hoskins,443,2.0,False,MLB,obp_pool_top33
2021,ATL,663586.0,Austin Riley,662,3.0,True,MLB,obp_pool_top33
2021,ATL,518692.0,Freddie Freeman,695,2.0,True,MLB,obp_pool_top33
2021,ATL,660670.0,Ronald Acuña Jr.,360,1.0,True,MLB,obp_pool_top33
2021,CWS,660162.0,Yoán Moncada,616,3.0,True,MLB,obp_pool_top33
2021,CWS,547989.0,José Abreu,659,2.0,True,MLB,obp_pool_top33
2021,CWS,518735.0,Yasmani Grandal,375,1.0,True,MLB,obp_pool_top33
2021,MIA,542583.0,Jesús Aguilar,510,1.0,False,MLB,obp_pool_top33
2021,MIA,665862.0,Jazz Chisholm Jr.,507,3.0,False,MLB,obp_pool_top33
2021,MIA,594807.0,Adam Duvall,339,2.0,False,MLB,obp_pool_top33
2021,NYY,592450.0,Aaron Judge,633,1.0,True,MLB,obp_pool_top33
2021,NYY,519317.0,Giancarlo Stanton,579,2.0,True,MLB,obp_pool_top33
2021,NYY,518934.0,DJ LeMahieu,679,3.0,True,MLB,obp_pool_top33
2021,MIL,642715.0,Willy Adames,413,1.0,True,MLB,obp_pool_top33
2021,MIL,541645.0,Avisaíl García,515,2.0,False,MLB,obp_pool_top33
2021,MIL,649966.0,Luis Urías,570,3.0,True,MLB,obp_pool_top33
2021,LAA,665120.0,Jared Walsh,585,2.0,False,MLB,obp_pool_top33
2021,LAA,660271.0,Shohei Ohtani,639,1.0,True,MLB,obp_pool_top33
2021,LAA,545358.0,Max Stassi,319,3.0,False,MLB,obp_pool_top33
2021,AZ,606466.0,Ketel Marte,374,1.0,True,MLB,obp_pool_top33
2021,AZ,668942.0,Josh Rojas,550,3.0,False,MLB,obp_pool_top33
2021,AZ,608348.0,Carson Kelly,359,2.0,False,MLB,obp_pool_top33
2021,BAL,656775.0,Cedric Mullins,675,1.0,True,MLB,obp_pool_top33
2021,BAL,669720.0,Austin Hays,529,3.0,False,MLB,obp_pool_top33
2021,BAL,663624.0,Ryan Mountcastle,586,2.0,False,MLB,obp_pool_top33
2021,BOS,593428.0,Xander Bogaerts,603,2.0,True,MLB,obp_pool_top33
2021,BOS,502110.0,J.D. Martinez,634,3.0,True,MLB,obp_pool_top33
2021,BOS,646240.0,Rafael Devers,664,1.0,True,MLB,obp_pool_top33
2021,CHC,542364.0,Rafael Ortega,330,2.0,True,MLB,obp_pool_top33
2021,CHC,592178.0,Kris Bryant,374,1.0,True,MLB,obp_pool_top33
2021,CHC,621550.0,Patrick Wisdom,375,3.0,False,MLB,obp_pool_top33
2021,CIN,592206.0,Nick Castellanos,585,3.0,True,MLB,obp_pool_top33
2021,CIN,608385.0,Jesse Winker,485,1.0,True,MLB,obp_pool_top33
2021,CIN,458015.0,Joey Votto,533,2.0,True,MLB,obp_pool_top33
2021,CLE,608070.0,José Ramírez,636,1.0,True,MLB,obp_pool_top33
2021,CLE,614177.0,Franmil Reyes,466,2.0,False,MLB,obp_pool_top33
2021,CLE,514917.0,César Hernández,420,3.0,False,MLB,obp_pool_top33
2021,COL,663898.0,Brendan Rodgers,415,3.0,False,MLB,obp_pool_top33
2021,COL,543068.0,C.J. Cron,547,1.0,True,MLB,obp_pool_top33
2021,COL,596115.0,Trevor Story,595,2.0,False,MLB,obp_pool_top33
2021,DET,600869.0,Jeimer Candelario,626,1.0,True,MLB,obp_pool_top33
2021,DET,668731.0,Akil Baddoo,461,3.0,False,MLB,obp_pool_top33
2021,DET,543257.0,Robbie Grossman,671,2.0,True,MLB,obp_pool_top33
2021,HOU,663656.0,Kyle Tucker,567,1.0,True,MLB,obp_pool_top33
2021,HOU,621043.0,Carlos Correa,640,3.0,True,MLB,obp_pool_top33
2021,HOU,670541.0,Yordan Alvarez,598,2.0,True,MLB,obp_pool_top33
2021,KC,670032.0,Nicky Lopez,565,2.0,True,MLB,obp_pool_top33
2021,KC,643217.0,Andrew Benintendi,538,3.0,False,MLB,obp_pool_top33
2021,KC,521692.0,Salvador Perez,665,1.0,False,MLB,obp_pool_top33
2021,LAD,608369.0,Corey Seager,409,1.0,True,MLB,obp_pool_top33
2021,LAD,572041.0,AJ Pollock,422,3.0,True,MLB,obp_pool_top33
2021,LAD,571970.0,Max Muncy,592,2.0,True,MLB,obp_pool_top33
2021,WSH,607208.0,Trea Turner,420,3.0,True,MLB,obp_pool_top33
2021,WSH,665742.0,Juan Soto,654,1.0,True,MLB,obp_pool_top33
2021,WSH,656941.0,Kyle Schwarber,303,2.0,False,MLB,obp_pool_top33
2021,NYM,607043.0,Brandon Nimmo,386,1.0,True,MLB,obp_pool_top33
2021,NYM,624413.0,Pete Alonso,637,2.0,False,MLB,obp_pool_top33
2021,NYM,624424.0,Michael Conforto,479,3.0,False,MLB,obp_pool_top33
2022,OAK,669221.0,Sean Murphy,612,1.0,True,MLB,obp_pool_top33
2022,OAK,462101.0,Elvis Andrus,386,3.0,False,MLB,obp_pool_top33
2022,OAK,664913.0,Seth Brown,555,2.0,False,MLB,obp_pool_top33
2022,PIT,668804.0,Bryan Reynolds,614,1.0,True,MLB,obp_pool_top33
2022,PIT,665833.0,Oneil Cruz,361,2.0,False,MLB,obp_pool_top33
2022,PIT,669261.0,Jack Suwinski,372,3.0,False,MLB,obp_pool_top33
2022,SD,592518.0,Manny Machado,644,1.0,True,MLB,obp_pool_top33
2022,SD,595777.0,Jurickson Profar,658,2.0,False,MLB,obp_pool_top33
2022,SD,572228.0,Luke Voit,344,3.0,False,MLB,obp_pool_top33
2022,SEA,677594.0,Julio Rodríguez,560,1.0,True,MLB,obp_pool_top33
2022,SEA,664034.0,Ty France,613,3.0,True,MLB,obp_pool_top33
2022,SEA,553993.0,Eugenio Suárez,629,2.0,True,MLB,obp_pool_top33
2022,SF,592626.0,Joc Pederson,433,1.0,True,MLB,obp_pool_top33
2022,SF,596103.0,Austin Slater,325,2.0,True,MLB,obp_pool_top33
2022,SF,642731.0,Thairo Estrada,541,3.0,False,MLB,obp_pool_top33
2022,STL,502671.0,Paul Goldschmidt,651,1.0,True,MLB,obp_pool_top33
2022,STL,571448.0,Nolan Arenado,620,2.0,True,MLB,obp_pool_top33
2022,STL,405395.0,Albert Pujols,351,3.0,True,MLB,obp_pool_top33
2022,TB,623912.0,Harold Ramírez,435,3.0,True,MLB,obp_pool_top33
2022,TB,650490.0,Yandy Díaz,558,1.0,True,MLB,obp_pool_top33
2022,TB,668227.0,Randy Arozarena,645,2.0,False,MLB,obp_pool_top33
2022,TEX,663993.0,Nathaniel Lowe,645,1.0,True,MLB,obp_pool_top33
2022,TEX,666969.0,Adolis García,657,3.0,False,MLB,obp_pool_top33
2022,TEX,608369.0,Corey Seager,663,2.0,False,MLB,obp_pool_top33
2022,TOR,672386.0,Alejandro Kirk,541,3.0,True,MLB,obp_pool_top33
2022,TOR,665489.0,Vladimir Guerrero Jr.,706,2.0,True,MLB,obp_pool_top33
2022,TOR,543807.0,George Springer,583,1.0,True,MLB,obp_pool_top33
2022,MIN,650333.0,Luis Arraez,603,3.0,True,MLB,obp_pool_top33
2022,MIN,621043.0,Carlos Correa,590,1.0,True,MLB,obp_pool_top33
2022,MIN,621439.0,Byron Buxton,382,2.0,False,MLB,obp_pool_top33
2022,PHI,547180.0,Bryce Harper,426,1.0,True,MLB,obp_pool_top33
2022,PHI,592663.0,J.T. Realmuto,562,3.0,True,MLB,obp_pool_top33
2022,PHI,656941.0,Kyle Schwarber,669,2.0,False,MLB,obp_pool_top33
2022,ATL,671739.0,Michael Harris II,441,3.0,True,MLB,obp_pool_top33
2022,ATL,661388.0,William Contreras,376,2.0,True,MLB,obp_pool_top33
2022,ATL,663586.0,Austin Riley,693,1.0,True,MLB,obp_pool_top33
2022,CWS,547989.0,José Abreu,679,2.0,True,MLB,obp_pool_top33
2022,CWS,650391.0,Eloy Jiménez,327,1.0,True,MLB,obp_pool_top33
2022,CWS,683734.0,Andrew Vaughn,555,3.0,False,MLB,obp_pool_top33
2022,MIA,643265.0,Garrett Cooper,469,1.0,True,MLB,obp_pool_top33
2022,MIA,650559.0,Bryan De La Cruz,355,2.0,False,MLB,obp_pool_top33
2022,MIA,624585.0,Jorge Soler,306,3.0,False,MLB,obp_pool_top33
2022,NYY,592450.0,Aaron Judge,696,1.0,True,MLB,obp_pool_top33
2022,NYY,518934.0,DJ LeMahieu,541,3.0,True,MLB,obp_pool_top33
2022,NYY,519203.0,Anthony Rizzo,548,2.0,True,MLB,obp_pool_top33
2022,MIL,592669.0,Hunter Renfroe,522,1.0,False,MLB,obp_pool_top33
2022,MIL,592885.0,Christian Yelich,671,3.0,True,MLB,obp_pool_top33
2022,MIL,543939.0,Kolten Wong,497,2.0,True,MLB,obp_pool_top33
2022,LAA,545361.0,Mike Trout,499,1.0,True,MLB,obp_pool_top33
2022,LAA,621493.0,Taylor Ward,564,3.0,True,MLB,obp_pool_top33
2022,LAA,660271.0,Shohei Ohtani,666,2.0,True,MLB,obp_pool_top33
2022,AZ,664983.0,Jake McCarthy,354,2.0,True,MLB,obp_pool_top33
2022,AZ,444482.0,David Peralta,310,3.0,False,MLB,obp_pool_top33
2022,AZ,572233.0,Christian Walker,667,1.0,False,MLB,obp_pool_top33
2022,BAL,641820.0,Trey Mancini,401,3.0,True,MLB,obp_pool_top33
2022,BAL,668939.0,Adley Rutschman,470,1.0,True,MLB,obp_pool_top33
2022,BAL,623993.0,Anthony Santander,647,2.0,False,MLB,obp_pool_top33
2022,BOS,593428.0,Xander Bogaerts,631,2.0,True,MLB,obp_pool_top33
2022,BOS,646240.0,Rafael Devers,614,1.0,True,MLB,obp_pool_top33
2022,BOS,502110.0,J.D. Martinez,596,3.0,True,MLB,obp_pool_top33
2022,CHC,664023.0,Ian Happ,641,2.0,True,MLB,obp_pool_top33
2022,CHC,673548.0,Seiya Suzuki,446,3.0,True,MLB,obp_pool_top33
2022,CHC,575929.0,Willson Contreras,487,1.0,True,MLB,obp_pool_top33
2022,CIN,456781.0,Donovan Solano,304,2.0,True,MLB,obp_pool_top33
2022,CIN,592273.0,Brandon Drury,385,1.0,True,MLB,obp_pool_top33
2022,CIN,663697.0,Jonathan India,431,3.0,False,MLB,obp_pool_top33
2022,CLE,680757.0,Steven Kwan,638,3.0,True,MLB,obp_pool_top33
2022,CLE,665926.0,Andrés Giménez,557,1.0,True,MLB,obp_pool_top33
2022,CLE,608070.0,José Ramírez,685,2.0,True,MLB,obp_pool_top33
2022,COL,602074.0,Yonathan Daza,408,3.0,True,MLB,obp_pool_top33
2022,COL,543068.0,C.J. Cron,632,1.0,False,MLB,obp_pool_top33
2022,COL,641857.0,Ryan McMahon,597,2.0,False,MLB,obp_pool_top33
2022,DET,605612.0,Harold Castro,443,3.0,False,MLB,obp_pool_top33
2022,DET,606992.0,Eric Haase,351,1.0,False,MLB,obp_pool_top33
2022,DET,682985.0,Riley Greene,418,2.0,False,MLB,obp_pool_top33
2022,HOU,670541.0,Yordan Alvarez,561,1.0,True,MLB,obp_pool_top33
2022,HOU,514888.0,Jose Altuve,604,2.0,True,MLB,obp_pool_top33
2022,HOU,608324.0,Alex Bregman,656,3.0,True,MLB,obp_pool_top33
2022,KC,643217.0,Andrew Benintendi,390,1.0,True,MLB,obp_pool_top33
2022,KC,521692.0,Salvador Perez,473,2.0,False,MLB,obp_pool_top33
2022,KC,669004.0,MJ Melendez,534,3.0,False,MLB,obp_pool_top33
2022,LAD,518692.0,Freddie Freeman,708,1.0,True,MLB,obp_pool_top33
2022,LAD,605141.0,Mookie Betts,639,2.0,True,MLB,obp_pool_top33
2022,LAD,669257.0,Will Smith,578,3.0,True,MLB,obp_pool_top33
2022,WSH,605137.0,Josh Bell,437,2.0,True,MLB,obp_pool_top33
2022,WSH,628450.0,Yadiel Hernandez,327,3.0,False,MLB,obp_pool_top33
2022,WSH,665742.0,Juan Soto,436,1.0,True,MLB,obp_pool_top33
2022,NYM,643446.0,Jeff McNeil,589,2.0,True,MLB,obp_pool_top33
2022,NYM,516782.0,Starling Marte,505,3.0,True,MLB,obp_pool_top33
2022,NYM,624413.0,Pete Alonso,685,1.0,True,MLB,obp_pool_top33
2023,OAK,680869.0,Zack Gelof,300,1.0,False,MLB,obp_pool_top33
2023,OAK,667670.0,Brent Rooker,526,2.0,False,MLB,obp_pool_top33
2023,OAK,676116.0,Ryan Noda,495,3.0,True,MLB,obp_pool_top33
2023,PIT,668804.0,Bryan Reynolds,640,3.0,False,MLB,obp_pool_top33
2023,PIT,457705.0,Andrew McCutchen,473,1.0,True,MLB,obp_pool_top33
2023,PIT,669261.0,Jack Suwinski,534,2.0,True,MLB,obp_pool_top33
2023,SD,593428.0,Xander Bogaerts,665,2.0,True,MLB,obp_pool_top33
2023,SD,665742.0,Juan Soto,708,1.0,True,MLB,obp_pool_top33
2023,SD,592518.0,Manny Machado,601,3.0,False,MLB,obp_pool_top33
2023,SEA,677594.0,Julio Rodríguez,714,2.0,False,MLB,obp_pool_top33
2023,SEA,641487.0,J.P. Crawford,638,1.0,True,MLB,obp_pool_top33
2023,SEA,663728.0,Cal Raleigh,569,3.0,False,MLB,obp_pool_top33
2023,SF,527038.0,Wilmer Flores,454,1.0,True,MLB,obp_pool_top33
2023,SF,664774.0,LaMonte Wade Jr.,519,2.0,True,MLB,obp_pool_top33
2023,SF,573262.0,Mike Yastrzemski,381,3.0,False,MLB,obp_pool_top33
2023,STL,502671.0,Paul Goldschmidt,687,2.0,True,MLB,obp_pool_top33
2023,STL,575929.0,Willson Contreras,495,1.0,True,MLB,obp_pool_top33
2023,STL,663457.0,Lars Nootbaar,503,3.0,True,MLB,obp_pool_top33
2023,TB,650490.0,Yandy Díaz,600,1.0,True,MLB,obp_pool_top33
2023,TB,666139.0,Josh Lowe,501,3.0,False,MLB,obp_pool_top33
2023,TB,670623.0,Isaac Paredes,571,2.0,True,MLB,obp_pool_top33
2023,TEX,608369.0,Corey Seager,536,1.0,True,MLB,obp_pool_top33
2023,TEX,543760.0,Marcus Semien,753,3.0,True,MLB,obp_pool_top33
2023,TEX,641598.0,Mitch Garver,344,2.0,True,MLB,obp_pool_top33
2023,TOR,666182.0,Bo Bichette,601,2.0,True,MLB,obp_pool_top33
2023,TOR,665489.0,Vladimir Guerrero Jr.,682,3.0,True,MLB,obp_pool_top33
2023,TOR,474832.0,Brandon Belt,404,1.0,True,MLB,obp_pool_top33
2023,MIN,680777.0,Ryan Jeffers,335,1.0,True,MLB,obp_pool_top33
2023,MIN,666397.0,Edouard Julien,408,2.0,True,MLB,obp_pool_top33
2023,MIN,596146.0,Max Kepler,491,3.0,False,MLB,obp_pool_top33
2023,PHI,547180.0,Bryce Harper,546,1.0,True,MLB,obp_pool_top33
2023,PHI,669016.0,Brandon Marsh,472,2.0,True,MLB,obp_pool_top33
2023,PHI,656941.0,Kyle Schwarber,720,3.0,True,MLB,obp_pool_top33
2023,ATL,660670.0,Ronald Acuña Jr.,735,1.0,True,MLB,obp_pool_top33
2023,ATL,621566.0,Matt Olson,720,2.0,True,MLB,obp_pool_top33
2023,ATL,542303.0,Marcell Ozuna,592,3.0,True,MLB,obp_pool_top33
2023,CWS,650391.0,Eloy Jiménez,489,3.0,False,MLB,obp_pool_top33
2023,CWS,673357.0,Luis Robert Jr.,595,1.0,False,MLB,obp_pool_top33
2023,CWS,669394.0,Jake Burger,323,2.0,False,MLB,obp_pool_top33
2023,MIA,650333.0,Luis Arraez,617,1.0,True,MLB,obp_pool_top33
2023,MIA,660821.0,Jesús Sánchez,402,3.0,False,MLB,obp_pool_top33
2023,MIA,624585.0,Jorge Soler,580,2.0,True,MLB,obp_pool_top33
2023,NYY,650402.0,Gleyber Torres,672,2.0,True,MLB,obp_pool_top33
2023,NYY,592450.0,Aaron Judge,458,1.0,True,MLB,obp_pool_top33
2023,NYY,518934.0,DJ LeMahieu,562,3.0,False,MLB,obp_pool_top33
2023,MIL,661388.0,William Contreras,611,1.0,True,MLB,obp_pool_top33
2023,MIL,592885.0,Christian Yelich,632,2.0,True,MLB,obp_pool_top33
2023,MIL,642715.0,Willy Adames,638,3.0,False,MLB,obp_pool_top33
2023,LAA,660271.0,Shohei Ohtani,599,1.0,True,MLB,obp_pool_top33
2023,LAA,650859.0,Luis Rengifo,445,3.0,True,MLB,obp_pool_top33
2023,LAA,545361.0,Mike Trout,362,2.0,True,MLB,obp_pool_top33
2023,AZ,682998.0,Corbin Carroll,645,1.0,True,MLB,obp_pool_top33
2023,AZ,606466.0,Ketel Marte,650,2.0,True,MLB,obp_pool_top33
2023,AZ,572233.0,Christian Walker,661,3.0,False,MLB,obp_pool_top33
2023,BAL,668939.0,Adley Rutschman,687,1.0,True,MLB,obp_pool_top33
2023,BAL,623993.0,Anthony Santander,656,3.0,False,MLB,obp_pool_top33
2023,BAL,683002.0,Gunnar Henderson,622,2.0,False,MLB,obp_pool_top33
2023,BOS,680776.0,Jarren Duran,362,3.0,True,MLB,obp_pool_top33
2023,BOS,646240.0,Rafael Devers,656,2.0,True,MLB,obp_pool_top33
2023,BOS,671213.0,Triston Casas,502,1.0,True,MLB,obp_pool_top33
2023,CHC,641355.0,Cody Bellinger,556,1.0,True,MLB,obp_pool_top33
2023,CHC,673548.0,Seiya Suzuki,583,2.0,True,MLB,obp_pool_top33
2023,CHC,664023.0,Ian Happ,691,3.0,True,MLB,obp_pool_top33
2023,CIN,680574.0,Matt McLain,403,2.0,True,MLB,obp_pool_top33
2023,CIN,666181.0,Will Benson,329,1.0,True,MLB,obp_pool_top33
2023,CIN,668715.0,Spencer Steer,665,3.0,True,MLB,obp_pool_top33
2023,CLE,647304.0,Josh Naylor,495,1.0,True,MLB,obp_pool_top33
2023,CLE,608070.0,José Ramírez,691,2.0,True,MLB,obp_pool_top33
2023,CLE,680757.0,Steven Kwan,718,3.0,True,MLB,obp_pool_top33
2023,COL,666134.0,Nolan Jones,424,1.0,True,MLB,obp_pool_top33
2023,COL,453568.0,Charlie Blackmon,413,2.0,True,MLB,obp_pool_top33
2023,COL,641857.0,Ryan McMahon,627,3.0,False,MLB,obp_pool_top33
2023,DET,682985.0,Riley Greene,416,2.0,True,MLB,obp_pool_top33
2023,DET,681481.0,Kerry Carpenter,459,1.0,True,MLB,obp_pool_top33
2023,DET,679529.0,Spencer Torkelson,684,3.0,False,MLB,obp_pool_top33
2023,HOU,514888.0,Jose Altuve,410,2.0,True,MLB,obp_pool_top33
2023,HOU,670541.0,Yordan Alvarez,496,1.0,True,MLB,obp_pool_top33
2023,HOU,663656.0,Kyle Tucker,674,3.0,True,MLB,obp_pool_top33
2023,KC,677951.0,Bobby Witt Jr.,694,1.0,False,MLB,obp_pool_top33
2023,KC,658668.0,Edward Olivares,385,2.0,False,MLB,obp_pool_top33
2023,KC,669004.0,MJ Melendez,602,3.0,False,MLB,obp_pool_top33
2023,LAD,518692.0,Freddie Freeman,730,2.0,True,MLB,obp_pool_top33
2023,LAD,605141.0,Mookie Betts,693,1.0,True,MLB,obp_pool_top33
2023,LAD,502110.0,J.D. Martinez,479,3.0,False,MLB,obp_pool_top33
2023,WSH,608841.0,Joey Meneses,657,3.0,False,MLB,obp_pool_top33
2023,WSH,657041.0,Lane Thomas,682,2.0,False,MLB,obp_pool_top33
2023,WSH,600869.0,Jeimer Candelario,419,1.0,True,MLB,obp_pool_top33
2023,NYM,607043.0,Brandon Nimmo,682,1.0,True,MLB,obp_pool_top33
2023,NYM,596019.0,Francisco Lindor,687,2.0,False,MLB,obp_pool_top33
2023,NYM,624413.0,Pete Alonso,658,3.0,False,MLB,obp_pool_top33
2024,OAK,667670.0,Brent Rooker,614,1.0,True,MLB,obp_pool_top33
2024,OAK,671732.0,Lawrence Butler,451,2.0,False,MLB,obp_pool_top33
2024,OAK,668709.0,JJ Bleday,642,3.0,False,MLB,obp_pool_top33
2024,PIT,668804.0,Bryan Reynolds,692,1.0,True,MLB,obp_pool_top33
2024,PIT,665833.0,Oneil Cruz,599,2.0,False,MLB,obp_pool_top33
2024,PIT,457705.0,Andrew McCutchen,515,3.0,True,MLB,obp_pool_top33
2024,SD,701538.0,Jackson Merrill,593,3.0,False,MLB,obp_pool_top33
2024,SD,595777.0,Jurickson Profar,668,1.0,True,MLB,obp_pool_top33
2024,SD,665487.0,Fernando Tatis Jr.,438,2.0,True,MLB,obp_pool_top33
2024,SEA,677594.0,Julio Rodríguez,613,3.0,False,MLB,obp_pool_top33
2024,SEA,670042.0,Luke Raley,455,1.0,False,MLB,obp_pool_top33
2024,SEA,663728.0,Cal Raleigh,628,2.0,False,MLB,obp_pool_top33
2024,SF,666149.0,Tyler Fitzgerald,341,1.0,True,MLB,obp_pool_top33
2024,SF,664774.0,LaMonte Wade Jr.,401,3.0,True,MLB,obp_pool_top33
2024,SF,656305.0,Matt Chapman,647,2.0,True,MLB,obp_pool_top33
2024,STL,680977.0,Brendan Donovan,652,2.0,True,MLB,obp_pool_top33
2024,STL,575929.0,Willson Contreras,358,1.0,True,MLB,obp_pool_top33
2024,STL,663457.0,Lars Nootbaar,405,3.0,True,MLB,obp_pool_top33
2024,TB,650490.0,Yandy Díaz,621,2.0,True,MLB,obp_pool_top33
2024,TB,664040.0,Brandon Lowe,425,1.0,False,MLB,obp_pool_top33
2024,TB,680700.0,Richie Palacios,316,3.0,True,MLB,obp_pool_top33
2024,TEX,608369.0,Corey Seager,533,1.0,True,MLB,obp_pool_top33
2024,TEX,663993.0,Nathaniel Lowe,565,2.0,True,MLB,obp_pool_top33
2024,TEX,669701.0,Josh Smith,592,3.0,True,MLB,obp_pool_top33
2024,TOR,665489.0,Vladimir Guerrero Jr.,697,1.0,True,MLB,obp_pool_top33
2024,TOR,687462.0,Spencer Horwitz,381,2.0,True,MLB,obp_pool_top33
2024,TOR,457759.0,Justin Turner,349,3.0,True,MLB,obp_pool_top33
2024,MIN,621043.0,Carlos Correa,367,1.0,True,MLB,obp_pool_top33
2024,MIN,621439.0,Byron Buxton,388,2.0,True,MLB,obp_pool_top33
2024,MIN,663616.0,Trevor Larnach,400,3.0,True,MLB,obp_pool_top33
2024,PHI,607208.0,Trea Turner,539,3.0,True,MLB,obp_pool_top33
2024,PHI,547180.0,Bryce Harper,631,1.0,True,MLB,obp_pool_top33
2024,PHI,656941.0,Kyle Schwarber,692,2.0,True,MLB,obp_pool_top33
2024,ATL,542303.0,Marcell Ozuna,688,1.0,True,MLB,obp_pool_top33
2024,ATL,663586.0,Austin Riley,469,3.0,False,MLB,obp_pool_top33
2024,ATL,621566.0,Matt Olson,685,2.0,True,MLB,obp_pool_top33
2024,CWS,683734.0,Andrew Vaughn,619,1.0,False,MLB,obp_pool_top33
2024,CWS,657757.0,Gavin Sheets,501,3.0,False,MLB,obp_pool_top33
2024,CWS,643217.0,Andrew Benintendi,522,2.0,False,MLB,obp_pool_top33
2024,MIA,669364.0,Xavier Edwards,303,1.0,True,MLB,obp_pool_top33
2024,MIA,660821.0,Jesús Sánchez,537,3.0,False,MLB,obp_pool_top33
2024,MIA,669394.0,Jake Burger,579,2.0,False,MLB,obp_pool_top33
2024,NYY,592450.0,Aaron Judge,704,1.0,True,MLB,obp_pool_top33
2024,NYY,665742.0,Juan Soto,713,2.0,True,MLB,obp_pool_top33
2024,NYY,519317.0,Giancarlo Stanton,459,3.0,False,MLB,obp_pool_top33
2024,MIL,592885.0,Christian Yelich,315,1.0,True,MLB,obp_pool_top33
2024,MIL,661388.0,William Contreras,679,2.0,True,MLB,obp_pool_top33
2024,MIL,642715.0,Willy Adames,688,3.0,True,MLB,obp_pool_top33
2024,LAA,650859.0,Luis Rengifo,304,1.0,True,MLB,obp_pool_top33
2024,LAA,687263.0,Zach Neto,602,2.0,False,MLB,obp_pool_top33
2024,LAA,621493.0,Taylor Ward,663,3.0,False,MLB,obp_pool_top33
2024,AZ,606466.0,Ketel Marte,583,2.0,True,MLB,obp_pool_top33
2024,AZ,592626.0,Joc Pederson,449,1.0,True,MLB,obp_pool_top33
2024,AZ,572233.0,Christian Walker,552,3.0,True,MLB,obp_pool_top33
2024,BAL,683002.0,Gunnar Henderson,719,1.0,True,MLB,obp_pool_top33
2024,BAL,676059.0,Jordan Westburg,447,3.0,False,MLB,obp_pool_top33
2024,BAL,623993.0,Anthony Santander,665,2.0,False,MLB,obp_pool_top33
2024,BOS,608701.0,Rob Refsnyder,307,3.0,True,MLB,obp_pool_top33
2024,BOS,646240.0,Rafael Devers,601,1.0,True,MLB,obp_pool_top33
2024,BOS,641933.0,Tyler O'Neill,473,2.0,True,MLB,obp_pool_top33
2024,CHC,673548.0,Seiya Suzuki,585,1.0,True,MLB,obp_pool_top33
2024,CHC,683737.0,Michael Busch,567,3.0,True,MLB,obp_pool_top33
2024,CHC,664023.0,Ian Happ,657,2.0,True,MLB,obp_pool_top33
2024,CIN,682829.0,Elly De La Cruz,696,1.0,True,MLB,obp_pool_top33
2024,CIN,663886.0,Tyler Stephenson,515,2.0,True,MLB,obp_pool_top33
2024,CIN,663697.0,Jonathan India,637,3.0,True,MLB,obp_pool_top33
2024,CLE,680757.0,Steven Kwan,540,2.0,True,MLB,obp_pool_top33
2024,CLE,608070.0,José Ramírez,682,1.0,True,MLB,obp_pool_top33
2024,CLE,681807.0,David Fry,392,3.0,True,MLB,obp_pool_top33
2024,COL,686668.0,Brenton Doyle,603,2.0,False,MLB,obp_pool_top33
2024,COL,453568.0,Charlie Blackmon,499,3.0,True,MLB,obp_pool_top33
2024,COL,669911.0,Michael Toglia,458,1.0,False,MLB,obp_pool_top33
2024,DET,682985.0,Riley Greene,584,1.0,True,MLB,obp_pool_top33
2024,DET,663837.0,Matt Vierling,567,2.0,False,MLB,obp_pool_top33
2024,DET,592192.0,Mark Canha,377,3.0,True,MLB,obp_pool_top33
2024,HOU,670541.0,Yordan Alvarez,635,2.0,True,MLB,obp_pool_top33
2024,HOU,514888.0,Jose Altuve,682,3.0,True,MLB,obp_pool_top33
2024,HOU,663656.0,Kyle Tucker,339,1.0,True,MLB,obp_pool_top33
2024,KC,677951.0,Bobby Witt Jr.,709,1.0,True,MLB,obp_pool_top33
2024,KC,521692.0,Salvador Perez,652,2.0,True,MLB,obp_pool_top33
2024,KC,686469.0,Vinnie Pasquantino,554,3.0,False,MLB,obp_pool_top33
2024,LAD,660271.0,Shohei Ohtani,731,1.0,True,MLB,obp_pool_top33
2024,LAD,605141.0,Mookie Betts,516,2.0,True,MLB,obp_pool_top33
2024,LAD,518692.0,Freddie Freeman,638,3.0,True,MLB,obp_pool_top33
2024,WSH,671277.0,Luis García Jr.,528,2.0,False,MLB,obp_pool_top33
2024,WSH,695578.0,James Wood,336,1.0,True,MLB,obp_pool_top33
2024,WSH,657041.0,Lane Thomas,341,3.0,True,MLB,obp_pool_top33
2024,NYM,596019.0,Francisco Lindor,689,1.0,True,MLB,obp_pool_top33
2024,NYM,668901.0,Mark Vientos,454,2.0,False,MLB,obp_pool_top33
2024,NYM,624413.0,Pete Alonso,695,3.0,True,MLB,obp_pool_top33
2025,ATH,701762.0,Nick Kurtz,489,1.0,True,MLB,obp_pool_top33
2025,ATH,669127.0,Shea Langeliers,523,2.0,False,MLB,obp_pool_top33
2025,ATH,691016.0,Tyler Soderstrom,624,3.0,True,MLB,obp_pool_top33
2025,PIT,687462.0,Spencer Horwitz,411,1.0,True,MLB,obp_pool_top33
2025,PIT,663698.0,Joey Bart,332,2.0,True,MLB,obp_pool_top33
2025,PIT,668804.0,Bryan Reynolds,654,3.0,False,MLB,obp_pool_top33
2025,SD,592518.0,Manny Machado,678,2.0,True,MLB,obp_pool_top33
2025,SD,665487.0,Fernando Tatis Jr.,691,1.0,True,MLB,obp_pool_top33
2025,SD,630105.0,Jake Cronenworth,515,3.0,True,MLB,obp_pool_top33
2025,SEA,677594.0,Julio Rodríguez,710,3.0,False,MLB,obp_pool_top33
2025,SEA,593871.0,Jorge Polanco,524,2.0,False,MLB,obp_pool_top33
2025,SEA,663728.0,Cal Raleigh,705,1.0,True,MLB,obp_pool_top33
2025,SF,646240.0,Rafael Devers,395,1.0,True,MLB,obp_pool_top33
2025,SF,656305.0,Matt Chapman,535,2.0,True,MLB,obp_pool_top33
2025,SF,642715.0,Willy Adames,686,3.0,False,MLB,obp_pool_top33
2025,STL,676475.0,Alec Burleson,546,2.0,True,MLB,obp_pool_top33
2025,STL,671056.0,Iván Herrera,452,1.0,True,MLB,obp_pool_top33
2025,STL,575929.0,Willson Contreras,563,3.0,True,MLB,obp_pool_top33
2025,TB,666018.0,Jonathan Aranda,422,1.0,True,MLB,obp_pool_top33
2025,TB,650490.0,Yandy Díaz,651,2.0,True,MLB,obp_pool_top33
2025,TB,691406.0,Junior Caminero,653,3.0,False,MLB,obp_pool_top33
2025,TEX,608369.0,Corey Seager,445,1.0,True,MLB,obp_pool_top33
2025,TEX,669701.0,Josh Smith,563,3.0,True,MLB,obp_pool_top33
2025,TEX,694671.0,Wyatt Langford,573,2.0,True,MLB,obp_pool_top33
2025,TOR,666182.0,Bo Bichette,628,3.0,True,MLB,obp_pool_top33
2025,TOR,543807.0,George Springer,586,1.0,True,MLB,obp_pool_top33
2025,TOR,665489.0,Vladimir Guerrero Jr.,680,2.0,True,MLB,obp_pool_top33
2025,MIN,680777.0,Ryan Jeffers,464,2.0,True,MLB,obp_pool_top33
2025,MIN,621439.0,Byron Buxton,542,1.0,False,MLB,obp_pool_top33
2025,MIN,670242.0,Matt Wallner,392,3.0,False,MLB,obp_pool_top33
2025,PHI,607208.0,Trea Turner,639,3.0,True,MLB,obp_pool_top33
2025,PHI,547180.0,Bryce Harper,580,2.0,True,MLB,obp_pool_top33
2025,PHI,656941.0,Kyle Schwarber,724,1.0,True,MLB,obp_pool_top33
2025,ATL,660670.0,Ronald Acuña Jr.,412,1.0,True,MLB,obp_pool_top33
2025,ATL,686948.0,Drake Baldwin,446,3.0,True,MLB,obp_pool_top33
2025,ATL,621566.0,Matt Olson,724,2.0,True,MLB,obp_pool_top33
2025,CWS,643565.0,Mike Tauchman,385,1.0,True,MLB,obp_pool_top33
2025,CWS,643217.0,Andrew Benintendi,470,2.0,False,MLB,obp_pool_top33
2025,CWS,678246.0,Miguel Vargas,569,3.0,False,MLB,obp_pool_top33
2025,MIA,669065.0,Kyle Stowers,457,1.0,True,MLB,obp_pool_top33
2025,MIA,669364.0,Xavier Edwards,619,3.0,True,MLB,obp_pool_top33
2025,MIA,689414.0,Liam Hicks,390,2.0,True,MLB,obp_pool_top33
2025,NYY,592450.0,Aaron Judge,679,1.0,True,MLB,obp_pool_top33
2025,NYY,700250.0,Ben Rice,530,2.0,True,MLB,obp_pool_top33
2025,NYY,663757.0,Trent Grisham,581,3.0,True,MLB,obp_pool_top33
2025,MIL,668930.0,Brice Turang,659,1.0,True,MLB,obp_pool_top33
2025,MIL,592885.0,Christian Yelich,644,3.0,True,MLB,obp_pool_top33
2025,MIL,686555.0,Isaac Collins,441,2.0,True,MLB,obp_pool_top33
2025,LAA,687263.0,Zach Neto,554,3.0,False,MLB,obp_pool_top33
2025,LAA,545361.0,Mike Trout,556,1.0,True,MLB,obp_pool_top33
2025,LAA,621493.0,Taylor Ward,663,2.0,False,MLB,obp_pool_top33
2025,AZ,672695.0,Geraldo Perdomo,720,2.0,True,MLB,obp_pool_top33
2025,AZ,606466.0,Ketel Marte,556,1.0,True,MLB,obp_pool_top33
2025,AZ,682998.0,Corbin Carroll,642,3.0,True,MLB,obp_pool_top33
2025,BAL,683002.0,Gunnar Henderson,651,1.0,True,MLB,obp_pool_top33
2025,BAL,676059.0,Jordan Westburg,352,2.0,False,MLB,obp_pool_top33
2025,BAL,702616.0,Jackson Holliday,649,3.0,False,MLB,obp_pool_top33
2025,BOS,663853.0,Romy Gonzalez,341,3.0,True,MLB,obp_pool_top33
2025,BOS,701350.0,Roman Anthony,303,1.0,True,MLB,obp_pool_top33
2025,BOS,608324.0,Alex Bregman,495,2.0,True,MLB,obp_pool_top33
2025,CHC,663656.0,Kyle Tucker,597,2.0,True,MLB,obp_pool_top33
2025,CHC,683737.0,Michael Busch,592,1.0,True,MLB,obp_pool_top33
2025,CHC,673548.0,Seiya Suzuki,651,3.0,False,MLB,obp_pool_top33
2025,CIN,669720.0,Austin Hays,416,3.0,False,MLB,obp_pool_top33
2025,CIN,682829.0,Elly De La Cruz,699,2.0,True,MLB,obp_pool_top33
2025,CIN,670770.0,TJ Friedl,685,1.0,True,MLB,obp_pool_top33
2025,CLE,608070.0,José Ramírez,673,1.0,True,MLB,obp_pool_top33
2025,CLE,680757.0,Steven Kwan,693,3.0,False,MLB,obp_pool_top33
2025,CLE,700932.0,Kyle Manzardo,531,2.0,False,MLB,obp_pool_top33
2025,COL,671289.0,Tyler Freeman,428,3.0,True,MLB,obp_pool_top33
2025,COL,696100.0,Hunter Goodman,579,1.0,False,MLB,obp_pool_top33
2025,COL,666160.0,Mickey Moniak,461,2.0,False,MLB,obp_pool_top33
2025,DET,682985.0,Riley Greene,655,1.0,False,MLB,obp_pool_top33
2025,DET,650402.0,Gleyber Torres,628,3.0,True,MLB,obp_pool_top33
2025,DET,679529.0,Spencer Torkelson,649,2.0,False,MLB,obp_pool_top33
2025,HOU,665161.0,Jeremy Peña,543,1.0,True,MLB,obp_pool_top33
2025,HOU,514888.0,Jose Altuve,654,3.0,False,MLB,obp_pool_top33
2025,HOU,670623.0,Isaac Paredes,438,2.0,True,MLB,obp_pool_top33
2025,KC,677951.0,Bobby Witt Jr.,687,1.0,True,MLB,obp_pool_top33
2025,KC,672580.0,Maikel Garcia,666,2.0,True,MLB,obp_pool_top33
2025,KC,686469.0,Vinnie Pasquantino,682,3.0,False,MLB,obp_pool_top33
2025,LAD,669257.0,Will Smith,436,2.0,True,MLB,obp_pool_top33
2025,LAD,518692.0,Freddie Freeman,627,3.0,True,MLB,obp_pool_top33
2025,LAD,660271.0,Shohei Ohtani,727,1.0,True,MLB,obp_pool_top33
2025,WSH,695734.0,Daylen Lile,351,1.0,True,MLB,obp_pool_top33
2025,WSH,695578.0,James Wood,689,2.0,True,MLB,obp_pool_top33
2025,WSH,605137.0,Josh Bell,533,3.0,False,MLB,obp_pool_top33
2025,NYM,624413.0,Pete Alonso,709,2.0,True,MLB,obp_pool_top33
2025,NYM,596019.0,Francisco Lindor,732,3.0,True,MLB,obp_pool_top33
2025,NYM,665742.0,Juan Soto,715,1.0,True,MLB,obp_pool_top33
2021,OAK,643393.0,Tony Kemp,397,2.0,True,MLB,onbase_bb_pct
2021,OAK,621566.0,Matt Olson,673,1.0,True,MLB,onbase_bb_pct
2021,OAK,592192.0,Mark Canha,625,3.0,True,MLB,onbase_bb_pct
2021,PIT,624428.0,Adam Frazier,428,2.0,False,MLB,onbase_bb_pct
2021,PIT,668804.0,Bryan Reynolds,646,1.0,True,MLB,onbase_bb_pct
2021,PIT,592325.0,Ben Gamel,383,3.0,True,MLB,onbase_bb_pct
2021,SD,665487.0,Fernando Tatis Jr.,546,1.0,True,MLB,onbase_bb_pct
2021,SD,592518.0,Manny Machado,640,2.0,True,MLB,onbase_bb_pct
2021,SD,630105.0,Jake Cronenworth,643,3.0,False,MLB,onbase_bb_pct
2021,SEA,664034.0,Ty France,650,1.0,False,MLB,onbase_bb_pct
2021,SEA,641487.0,J.P. Crawford,687,3.0,False,MLB,onbase_bb_pct
2021,SEA,571745.0,Mitch Haniger,691,2.0,False,MLB,onbase_bb_pct
2021,SF,457763.0,Buster Posey,454,3.0,True,MLB,onbase_bb_pct
2021,SF,474832.0,Brandon Belt,381,1.0,True,MLB,onbase_bb_pct
2021,SF,573131.0,Darin Ruf,312,2.0,True,MLB,onbase_bb_pct
2021,STL,502671.0,Paul Goldschmidt,679,2.0,True,MLB,onbase_bb_pct
2021,STL,641933.0,Tyler O'Neill,537,1.0,False,MLB,onbase_bb_pct
2021,STL,666185.0,Dylan Carlson,619,3.0,True,MLB,onbase_bb_pct
2021,TB,668227.0,Randy Arozarena,604,3.0,True,MLB,onbase_bb_pct
2021,TB,664040.0,Brandon Lowe,615,1.0,True,MLB,onbase_bb_pct
2021,TB,572287.0,Mike Zunino,375,2.0,True,MLB,onbase_bb_pct
2021,TEX,663993.0,Nathaniel Lowe,642,2.0,True,MLB,onbase_bb_pct
2021,TEX,666969.0,Adolis García,622,3.0,False,MLB,onbase_bb_pct
2021,TEX,608336.0,Joey Gallo,388,1.0,True,MLB,onbase_bb_pct
2021,TOR,665489.0,Vladimir Guerrero Jr.,698,1.0,True,MLB,onbase_bb_pct
2021,TOR,606192.0,Teoscar Hernández,595,3.0,False,MLB,onbase_bb_pct
2021,TOR,543807.0,George Springer,342,2.0,True,MLB,onbase_bb_pct
2021,MIN,443558.0,Nelson Cruz,346,1.0,True,MLB,onbase_bb_pct
2021,MIN,593871.0,Jorge Polanco,644,3.0,False,MLB,onbase_bb_pct
2021,MIN,518626.0,Josh Donaldson,543,2.0,True,MLB,onbase_bb_pct
2021,PHI,547180.0,Bryce Harper,599,1.0,True,MLB,onbase_bb_pct
2021,PHI,516416.0,Jean Segura,567,3.0,False,MLB,onbase_bb_pct
2021,PHI,656555.0,Rhys Hoskins,443,2.0,True,MLB,onbase_bb_pct
2021,ATL,663586.0,Austin Riley,662,3.0,False,MLB,onbase_bb_pct
2021,ATL,518692.0,Freddie Freeman,695,2.0,True,MLB,onbase_bb_pct
2021,ATL,660670.0,Ronald Acuña Jr.,360,1.0,True,MLB,onbase_bb_pct
2021,CWS,660162.0,Yoán Moncada,616,3.0,True,MLB,onbase_bb_pct
2021,CWS,547989.0,José Abreu,659,2.0,True,MLB,onbase_bb_pct
2021,CWS,518735.0,Yasmani Grandal,375,1.0,True,MLB,onbase_bb_pct
2021,MIA,542583.0,Jesús Aguilar,510,1.0,True,MLB,onbase_bb_pct
2021,MIA,665862.0,Jazz Chisholm Jr.,507,3.0,False,MLB,onbase_bb_pct
2021,MIA,594807.0,Adam Duvall,339,2.0,False,MLB,onbase_bb_pct
2021,NYY,592450.0,Aaron Judge,633,1.0,True,MLB,onbase_bb_pct
2021,NYY,519317.0,Giancarlo Stanton,579,2.0,True,MLB,onbase_bb_pct
2021,NYY,518934.0,DJ LeMahieu,679,3.0,True,MLB,onbase_bb_pct
2021,MIL,642715.0,Willy Adames,413,1.0,True,MLB,onbase_bb_pct
2021,MIL,541645.0,Avisaíl García,515,2.0,False,MLB,onbase_bb_pct
2021,MIL,649966.0,Luis Urías,570,3.0,True,MLB,onbase_bb_pct
2021,LAA,665120.0,Jared Walsh,585,2.0,False,MLB,onbase_bb_pct
2021,LAA,660271.0,Shohei Ohtani,639,1.0,True,MLB,onbase_bb_pct
2021,LAA,545358.0,Max Stassi,319,3.0,True,MLB,onbase_bb_pct
2021,AZ,606466.0,Ketel Marte,374,1.0,False,MLB,onbase_bb_pct
2021,AZ,668942.0,Josh Rojas,550,3.0,True,MLB,onbase_bb_pct
2021,AZ,608348.0,Carson Kelly,359,2.0,True,MLB,onbase_bb_pct
2021,BAL,656775.0,Cedric Mullins,675,1.0,True,MLB,onbase_bb_pct
2021,BAL,669720.0,Austin Hays,529,3.0,False,MLB,onbase_bb_pct
2021,BAL,663624.0,Ryan Mountcastle,586,2.0,False,MLB,onbase_bb_pct
2021,BOS,593428.0,Xander Bogaerts,603,2.0,True,MLB,onbase_bb_pct
2021,BOS,502110.0,J.D. Martinez,634,3.0,False,MLB,onbase_bb_pct
2021,BOS,646240.0,Rafael Devers,664,1.0,True,MLB,onbase_bb_pct
2021,CHC,542364.0,Rafael Ortega,330,2.0,True,MLB,onbase_bb_pct
2021,CHC,592178.0,Kris Bryant,374,1.0,True,MLB,onbase_bb_pct
2021,CHC,621550.0,Patrick Wisdom,375,3.0,False,MLB,onbase_bb_pct
2021,CIN,592206.0,Nick Castellanos,585,3.0,False,MLB,onbase_bb_pct
2021,CIN,608385.0,Jesse Winker,485,1.0,True,MLB,onbase_bb_pct
2021,CIN,458015.0,Joey Votto,533,2.0,True,MLB,onbase_bb_pct
2021,CLE,608070.0,José Ramírez,636,1.0,True,MLB,onbase_bb_pct
2021,CLE,614177.0,Franmil Reyes,466,2.0,True,MLB,onbase_bb_pct
2021,CLE,514917.0,César Hernández,420,3.0,True,MLB,onbase_bb_pct
2021,COL,663898.0,Brendan Rodgers,415,3.0,False,MLB,onbase_bb_pct
2021,COL,543068.0,C.J. Cron,547,1.0,True,MLB,onbase_bb_pct
2021,COL,596115.0,Trevor Story,595,2.0,True,MLB,onbase_bb_pct
2021,DET,600869.0,Jeimer Candelario,626,1.0,True,MLB,onbase_bb_pct
2021,DET,668731.0,Akil Baddoo,461,3.0,True,MLB,onbase_bb_pct
2021,DET,543257.0,Robbie Grossman,671,2.0,True,MLB,onbase_bb_pct
2021,HOU,663656.0,Kyle Tucker,567,1.0,True,MLB,onbase_bb_pct
2021,HOU,621043.0,Carlos Correa,640,3.0,True,MLB,onbase_bb_pct
2021,HOU,670541.0,Yordan Alvarez,598,2.0,False,MLB,onbase_bb_pct
2021,KC,670032.0,Nicky Lopez,565,2.0,False,MLB,onbase_bb_pct
2021,KC,643217.0,Andrew Benintendi,538,3.0,False,MLB,onbase_bb_pct
2021,KC,521692.0,Salvador Perez,665,1.0,False,MLB,onbase_bb_pct
2021,LAD,608369.0,Corey Seager,409,1.0,True,MLB,onbase_bb_pct
2021,LAD,572041.0,AJ Pollock,422,3.0,False,MLB,onbase_bb_pct
2021,LAD,571970.0,Max Muncy,592,2.0,True,MLB,onbase_bb_pct
2021,WSH,607208.0,Trea Turner,420,3.0,False,MLB,onbase_bb_pct
2021,WSH,665742.0,Juan Soto,654,1.0,True,MLB,onbase_bb_pct
2021,WSH,656941.0,Kyle Schwarber,303,2.0,True,MLB,onbase_bb_pct
2021,NYM,607043.0,Brandon Nimmo,386,1.0,True,MLB,onbase_bb_pct
2021,NYM,624413.0,Pete Alonso,637,2.0,True,MLB,onbase_bb_pct
2021,NYM,624424.0,Michael Conforto,479,3.0,True,MLB,onbase_bb_pct
2022,OAK,669221.0,Sean Murphy,612,1.0,True,MLB,onbase_bb_pct
2022,OAK,462101.0,Elvis Andrus,386,3.0,False,MLB,onbase_bb_pct
2022,OAK,664913.0,Seth Brown,555,2.0,True,MLB,onbase_bb_pct
2022,PIT,668804.0,Bryan Reynolds,614,1.0,True,MLB,onbase_bb_pct
2022,PIT,665833.0,Oneil Cruz,361,2.0,False,MLB,onbase_bb_pct
2022,PIT,669261.0,Jack Suwinski,372,3.0,True,MLB,onbase_bb_pct
2022,SD,592518.0,Manny Machado,644,1.0,True,MLB,onbase_bb_pct
2022,SD,595777.0,Jurickson Profar,658,2.0,True,MLB,onbase_bb_pct
2022,SD,572228.0,Luke Voit,344,3.0,True,MLB,onbase_bb_pct
2022,SEA,677594.0,Julio Rodríguez,560,1.0,False,MLB,onbase_bb_pct
2022,SEA,664034.0,Ty France,613,3.0,False,MLB,onbase_bb_pct
2022,SEA,553993.0,Eugenio Suárez,629,2.0,True,MLB,onbase_bb_pct
2022,SF,592626.0,Joc Pederson,433,1.0,True,MLB,onbase_bb_pct
2022,SF,596103.0,Austin Slater,325,2.0,True,MLB,onbase_bb_pct
2022,SF,642731.0,Thairo Estrada,541,3.0,False,MLB,onbase_bb_pct
2022,STL,502671.0,Paul Goldschmidt,651,1.0,True,MLB,onbase_bb_pct
2022,STL,571448.0,Nolan Arenado,620,2.0,True,MLB,onbase_bb_pct
2022,STL,405395.0,Albert Pujols,351,3.0,False,MLB,onbase_bb_pct
2022,TB,623912.0,Harold Ramírez,435,3.0,False,MLB,onbase_bb_pct
2022,TB,650490.0,Yandy Díaz,558,1.0,True,MLB,onbase_bb_pct
2022,TB,668227.0,Randy Arozarena,645,2.0,False,MLB,onbase_bb_pct
2022,TEX,663993.0,Nathaniel Lowe,645,1.0,False,MLB,onbase_bb_pct
2022,TEX,666969.0,Adolis García,657,3.0,False,MLB,onbase_bb_pct
2022,TEX,608369.0,Corey Seager,663,2.0,True,MLB,onbase_bb_pct
2022,TOR,672386.0,Alejandro Kirk,541,3.0,True,MLB,onbase_bb_pct
2022,TOR,665489.0,Vladimir Guerrero Jr.,706,2.0,True,MLB,onbase_bb_pct
2022,TOR,543807.0,George Springer,583,1.0,True,MLB,onbase_bb_pct
2022,MIN,650333.0,Luis Arraez,603,3.0,True,MLB,onbase_bb_pct
2022,MIN,621043.0,Carlos Correa,590,1.0,True,MLB,onbase_bb_pct
2022,MIN,621439.0,Byron Buxton,382,2.0,True,MLB,onbase_bb_pct
2022,PHI,547180.0,Bryce Harper,426,1.0,True,MLB,onbase_bb_pct
2022,PHI,592663.0,J.T. Realmuto,562,3.0,False,MLB,onbase_bb_pct
2022,PHI,656941.0,Kyle Schwarber,669,2.0,True,MLB,onbase_bb_pct
2022,ATL,671739.0,Michael Harris II,441,3.0,False,MLB,onbase_bb_pct
2022,ATL,661388.0,William Contreras,376,2.0,True,MLB,onbase_bb_pct
2022,ATL,663586.0,Austin Riley,693,1.0,True,MLB,onbase_bb_pct
2022,CWS,547989.0,José Abreu,679,2.0,True,MLB,onbase_bb_pct
2022,CWS,650391.0,Eloy Jiménez,327,1.0,True,MLB,onbase_bb_pct
2022,CWS,683734.0,Andrew Vaughn,555,3.0,False,MLB,onbase_bb_pct
2022,MIA,643265.0,Garrett Cooper,469,1.0,True,MLB,onbase_bb_pct
2022,MIA,650559.0,Bryan De La Cruz,355,2.0,False,MLB,onbase_bb_pct
2022,MIA,624585.0,Jorge Soler,306,3.0,True,MLB,onbase_bb_pct
2022,NYY,592450.0,Aaron Judge,696,1.0,True,MLB,onbase_bb_pct
2022,NYY,518934.0,DJ LeMahieu,541,3.0,True,MLB,onbase_bb_pct
2022,NYY,519203.0,Anthony Rizzo,548,2.0,True,MLB,onbase_bb_pct
2022,MIL,592669.0,Hunter Renfroe,522,1.0,False,MLB,onbase_bb_pct
2022,MIL,592885.0,Christian Yelich,671,3.0,True,MLB,onbase_bb_pct
2022,MIL,543939.0,Kolten Wong,497,2.0,True,MLB,onbase_bb_pct
2022,LAA,545361.0,Mike Trout,499,1.0,True,MLB,onbase_bb_pct
2022,LAA,621493.0,Taylor Ward,564,3.0,True,MLB,onbase_bb_pct
2022,LAA,660271.0,Shohei Ohtani,666,2.0,True,MLB,onbase_bb_pct
2022,AZ,664983.0,Jake McCarthy,354,2.0,False,MLB,onbase_bb_pct
2022,AZ,444482.0,David Peralta,310,3.0,True,MLB,onbase_bb_pct
2022,AZ,572233.0,Christian Walker,667,1.0,True,MLB,onbase_bb_pct
2022,BAL,641820.0,Trey Mancini,401,3.0,True,MLB,onbase_bb_pct
2022,BAL,668939.0,Adley Rutschman,470,1.0,True,MLB,onbase_bb_pct
2022,BAL,623993.0,Anthony Santander,647,2.0,True,MLB,onbase_bb_pct
2022,BOS,593428.0,Xander Bogaerts,631,2.0,True,MLB,onbase_bb_pct
2022,BOS,646240.0,Rafael Devers,614,1.0,False,MLB,onbase_bb_pct
2022,BOS,502110.0,J.D. Martinez,596,3.0,True,MLB,onbase_bb_pct
2022,CHC,664023.0,Ian Happ,641,2.0,True,MLB,onbase_bb_pct
2022,CHC,673548.0,Seiya Suzuki,446,3.0,True,MLB,onbase_bb_pct
2022,CHC,575929.0,Willson Contreras,487,1.0,True,MLB,onbase_bb_pct
2022,CIN,456781.0,Donovan Solano,304,2.0,False,MLB,onbase_bb_pct
2022,CIN,592273.0,Brandon Drury,385,1.0,False,MLB,onbase_bb_pct
2022,CIN,663697.0,Jonathan India,431,3.0,False,MLB,onbase_bb_pct
2022,CLE,680757.0,Steven Kwan,638,3.0,True,MLB,onbase_bb_pct
2022,CLE,665926.0,Andrés Giménez,557,1.0,False,MLB,onbase_bb_pct
2022,CLE,608070.0,José Ramírez,685,2.0,True,MLB,onbase_bb_pct
2022,COL,602074.0,Yonathan Daza,408,3.0,False,MLB,onbase_bb_pct
2022,COL,543068.0,C.J. Cron,632,1.0,False,MLB,onbase_bb_pct
2022,COL,641857.0,Ryan McMahon,597,2.0,True,MLB,onbase_bb_pct
2022,DET,605612.0,Harold Castro,443,3.0,False,MLB,onbase_bb_pct
2022,DET,606992.0,Eric Haase,351,1.0,False,MLB,onbase_bb_pct
2022,DET,682985.0,Riley Greene,418,2.0,True,MLB,onbase_bb_pct
2022,HOU,670541.0,Yordan Alvarez,561,1.0,True,MLB,onbase_bb_pct
2022,HOU,514888.0,Jose Altuve,604,2.0,True,MLB,onbase_bb_pct
2022,HOU,608324.0,Alex Bregman,656,3.0,True,MLB,onbase_bb_pct
2022,KC,643217.0,Andrew Benintendi,390,1.0,True,MLB,onbase_bb_pct
2022,KC,521692.0,Salvador Perez,473,2.0,False,MLB,onbase_bb_pct
2022,KC,669004.0,MJ Melendez,534,3.0,True,MLB,onbase_bb_pct
2022,LAD,518692.0,Freddie Freeman,708,1.0,True,MLB,onbase_bb_pct
2022,LAD,605141.0,Mookie Betts,639,2.0,True,MLB,onbase_bb_pct
2022,LAD,669257.0,Will Smith,578,3.0,True,MLB,onbase_bb_pct
2022,WSH,605137.0,Josh Bell,437,2.0,True,MLB,onbase_bb_pct
2022,WSH,628450.0,Yadiel Hernandez,327,3.0,False,MLB,onbase_bb_pct
2022,WSH,665742.0,Juan Soto,436,1.0,True,MLB,onbase_bb_pct
2022,NYM,643446.0,Jeff McNeil,589,2.0,False,MLB,onbase_bb_pct
2022,NYM,516782.0,Starling Marte,505,3.0,False,MLB,onbase_bb_pct
2022,NYM,624413.0,Pete Alonso,685,1.0,True,MLB,onbase_bb_pct
2023,OAK,680869.0,Zack Gelof,300,1.0,True,MLB,onbase_bb_pct
2023,OAK,667670.0,Brent Rooker,526,2.0,True,MLB,onbase_bb_pct
2023,OAK,676116.0,Ryan Noda,495,3.0,True,MLB,onbase_bb_pct
2023,PIT,668804.0,Bryan Reynolds,640,3.0,False,MLB,onbase_bb_pct
2023,PIT,457705.0,Andrew McCutchen,473,1.0,True,MLB,onbase_bb_pct
2023,PIT,669261.0,Jack Suwinski,534,2.0,True,MLB,onbase_bb_pct
2023,SD,593428.0,Xander Bogaerts,665,2.0,False,MLB,onbase_bb_pct
2023,SD,665742.0,Juan Soto,708,1.0,True,MLB,onbase_bb_pct
2023,SD,592518.0,Manny Machado,601,3.0,False,MLB,onbase_bb_pct
2023,SEA,677594.0,Julio Rodríguez,714,2.0,False,MLB,onbase_bb_pct
2023,SEA,641487.0,J.P. Crawford,638,1.0,True,MLB,onbase_bb_pct
2023,SEA,663728.0,Cal Raleigh,569,3.0,True,MLB,onbase_bb_pct
2023,SF,527038.0,Wilmer Flores,454,1.0,True,MLB,onbase_bb_pct
2023,SF,664774.0,LaMonte Wade Jr.,519,2.0,True,MLB,onbase_bb_pct
2023,SF,573262.0,Mike Yastrzemski,381,3.0,True,MLB,onbase_bb_pct
2023,STL,502671.0,Paul Goldschmidt,687,2.0,True,MLB,onbase_bb_pct
2023,STL,575929.0,Willson Contreras,495,1.0,True,MLB,onbase_bb_pct
2023,STL,663457.0,Lars Nootbaar,503,3.0,True,MLB,onbase_bb_pct
2023,TB,650490.0,Yandy Díaz,600,1.0,True,MLB,onbase_bb_pct
2023,TB,666139.0,Josh Lowe,501,3.0,False,MLB,onbase_bb_pct
2023,TB,670623.0,Isaac Paredes,571,2.0,True,MLB,onbase_bb_pct
2023,TEX,608369.0,Corey Seager,536,1.0,True,MLB,onbase_bb_pct
2023,TEX,543760.0,Marcus Semien,753,3.0,True,MLB,onbase_bb_pct
2023,TEX,641598.0,Mitch Garver,344,2.0,True,MLB,onbase_bb_pct
2023,TOR,666182.0,Bo Bichette,601,2.0,False,MLB,onbase_bb_pct
2023,TOR,665489.0,Vladimir Guerrero Jr.,682,3.0,True,MLB,onbase_bb_pct
2023,TOR,474832.0,Brandon Belt,404,1.0,True,MLB,onbase_bb_pct
2023,MIN,680777.0,Ryan Jeffers,335,1.0,True,MLB,onbase_bb_pct
2023,MIN,666397.0,Edouard Julien,408,2.0,True,MLB,onbase_bb_pct
2023,MIN,596146.0,Max Kepler,491,3.0,True,MLB,onbase_bb_pct
2023,PHI,547180.0,Bryce Harper,546,1.0,True,MLB,onbase_bb_pct
2023,PHI,669016.0,Brandon Marsh,472,2.0,True,MLB,onbase_bb_pct
2023,PHI,656941.0,Kyle Schwarber,720,3.0,True,MLB,onbase_bb_pct
2023,ATL,660670.0,Ronald Acuña Jr.,735,1.0,True,MLB,onbase_bb_pct
2023,ATL,621566.0,Matt Olson,720,2.0,True,MLB,onbase_bb_pct
2023,ATL,542303.0,Marcell Ozuna,592,3.0,True,MLB,onbase_bb_pct
2023,CWS,650391.0,Eloy Jiménez,489,3.0,False,MLB,onbase_bb_pct
2023,CWS,673357.0,Luis Robert Jr.,595,1.0,False,MLB,onbase_bb_pct
2023,CWS,669394.0,Jake Burger,323,2.0,False,MLB,onbase_bb_pct
2023,MIA,650333.0,Luis Arraez,617,1.0,False,MLB,onbase_bb_pct
2023,MIA,660821.0,Jesús Sánchez,402,3.0,True,MLB,onbase_bb_pct
2023,MIA,624585.0,Jorge Soler,580,2.0,True,MLB,onbase_bb_pct
2023,NYY,650402.0,Gleyber Torres,672,2.0,True,MLB,onbase_bb_pct
2023,NYY,592450.0,Aaron Judge,458,1.0,True,MLB,onbase_bb_pct
2023,NYY,518934.0,DJ LeMahieu,562,3.0,True,MLB,onbase_bb_pct
2023,MIL,661388.0,William Contreras,611,1.0,True,MLB,onbase_bb_pct
2023,MIL,592885.0,Christian Yelich,632,2.0,True,MLB,onbase_bb_pct
2023,MIL,642715.0,Willy Adames,638,3.0,True,MLB,onbase_bb_pct
2023,LAA,660271.0,Shohei Ohtani,599,1.0,True,MLB,onbase_bb_pct
2023,LAA,650859.0,Luis Rengifo,445,3.0,True,MLB,onbase_bb_pct
2023,LAA,545361.0,Mike Trout,362,2.0,True,MLB,onbase_bb_pct
2023,AZ,682998.0,Corbin Carroll,645,1.0,True,MLB,onbase_bb_pct
2023,AZ,606466.0,Ketel Marte,650,2.0,True,MLB,onbase_bb_pct
2023,AZ,572233.0,Christian Walker,661,3.0,True,MLB,onbase_bb_pct
2023,BAL,668939.0,Adley Rutschman,687,1.0,True,MLB,onbase_bb_pct
2023,BAL,623993.0,Anthony Santander,656,3.0,False,MLB,onbase_bb_pct
2023,BAL,683002.0,Gunnar Henderson,622,2.0,True,MLB,onbase_bb_pct
2023,BOS,680776.0,Jarren Duran,362,3.0,False,MLB,onbase_bb_pct
2023,BOS,646240.0,Rafael Devers,656,2.0,True,MLB,onbase_bb_pct
2023,BOS,671213.0,Triston Casas,502,1.0,True,MLB,onbase_bb_pct
2023,CHC,641355.0,Cody Bellinger,556,1.0,False,MLB,onbase_bb_pct
2023,CHC,673548.0,Seiya Suzuki,583,2.0,True,MLB,onbase_bb_pct
2023,CHC,664023.0,Ian Happ,691,3.0,True,MLB,onbase_bb_pct
2023,CIN,680574.0,Matt McLain,403,2.0,False,MLB,onbase_bb_pct
2023,CIN,666181.0,Will Benson,329,1.0,True,MLB,onbase_bb_pct
2023,CIN,668715.0,Spencer Steer,665,3.0,True,MLB,onbase_bb_pct
2023,CLE,647304.0,Josh Naylor,495,1.0,False,MLB,onbase_bb_pct
2023,CLE,608070.0,José Ramírez,691,2.0,True,MLB,onbase_bb_pct
2023,CLE,680757.0,Steven Kwan,718,3.0,True,MLB,onbase_bb_pct
2023,COL,666134.0,Nolan Jones,424,1.0,True,MLB,onbase_bb_pct
2023,COL,453568.0,Charlie Blackmon,413,2.0,True,MLB,onbase_bb_pct
2023,COL,641857.0,Ryan McMahon,627,3.0,True,MLB,onbase_bb_pct
2023,DET,682985.0,Riley Greene,416,2.0,False,MLB,onbase_bb_pct
2023,DET,681481.0,Kerry Carpenter,459,1.0,False,MLB,onbase_bb_pct
2023,DET,679529.0,Spencer Torkelson,684,3.0,True,MLB,onbase_bb_pct
2023,HOU,514888.0,Jose Altuve,410,2.0,True,MLB,onbase_bb_pct
2023,HOU,670541.0,Yordan Alvarez,496,1.0,True,MLB,onbase_bb_pct
2023,HOU,663656.0,Kyle Tucker,674,3.0,True,MLB,onbase_bb_pct
2023,KC,677951.0,Bobby Witt Jr.,694,1.0,False,MLB,onbase_bb_pct
2023,KC,658668.0,Edward Olivares,385,2.0,False,MLB,onbase_bb_pct
2023,KC,669004.0,MJ Melendez,602,3.0,True,MLB,onbase_bb_pct
2023,LAD,518692.0,Freddie Freeman,730,2.0,True,MLB,onbase_bb_pct
2023,LAD,605141.0,Mookie Betts,693,1.0,True,MLB,onbase_bb_pct
2023,LAD,502110.0,J.D. Martinez,479,3.0,False,MLB,onbase_bb_pct
2023,WSH,608841.0,Joey Meneses,657,3.0,False,MLB,onbase_bb_pct
2023,WSH,657041.0,Lane Thomas,682,2.0,False,MLB,onbase_bb_pct
2023,WSH,600869.0,Jeimer Candelario,419,1.0,False,MLB,onbase_bb_pct
2023,NYM,607043.0,Brandon Nimmo,682,1.0,True,MLB,onbase_bb_pct
2023,NYM,596019.0,Francisco Lindor,687,2.0,True,MLB,onbase_bb_pct
2023,NYM,624413.0,Pete Alonso,658,3.0,True,MLB,onbase_bb_pct
2024,OAK,667670.0,Brent Rooker,614,1.0,True,MLB,onbase_bb_pct
2024,OAK,671732.0,Lawrence Butler,451,2.0,False,MLB,onbase_bb_pct
2024,OAK,668709.0,JJ Bleday,642,3.0,True,MLB,onbase_bb_pct
2024,PIT,668804.0,Bryan Reynolds,692,1.0,True,MLB,onbase_bb_pct
2024,PIT,665833.0,Oneil Cruz,599,2.0,True,MLB,onbase_bb_pct
2024,PIT,457705.0,Andrew McCutchen,515,3.0,True,MLB,onbase_bb_pct
2024,SD,701538.0,Jackson Merrill,593,3.0,False,MLB,onbase_bb_pct
2024,SD,595777.0,Jurickson Profar,668,1.0,True,MLB,onbase_bb_pct
2024,SD,665487.0,Fernando Tatis Jr.,438,2.0,False,MLB,onbase_bb_pct
2024,SEA,677594.0,Julio Rodríguez,613,3.0,False,MLB,onbase_bb_pct
2024,SEA,670042.0,Luke Raley,455,1.0,False,MLB,onbase_bb_pct
2024,SEA,663728.0,Cal Raleigh,628,2.0,True,MLB,onbase_bb_pct
2024,SF,666149.0,Tyler Fitzgerald,341,1.0,False,MLB,onbase_bb_pct
2024,SF,664774.0,LaMonte Wade Jr.,401,3.0,True,MLB,onbase_bb_pct
2024,SF,656305.0,Matt Chapman,647,2.0,True,MLB,onbase_bb_pct
2024,STL,680977.0,Brendan Donovan,652,2.0,False,MLB,onbase_bb_pct
2024,STL,575929.0,Willson Contreras,358,1.0,True,MLB,onbase_bb_pct
2024,STL,663457.0,Lars Nootbaar,405,3.0,True,MLB,onbase_bb_pct
2024,TB,650490.0,Yandy Díaz,621,2.0,False,MLB,onbase_bb_pct
2024,TB,664040.0,Brandon Lowe,425,1.0,False,MLB,onbase_bb_pct
2024,TB,680700.0,Richie Palacios,316,3.0,True,MLB,onbase_bb_pct
2024,TEX,608369.0,Corey Seager,533,1.0,True,MLB,onbase_bb_pct
2024,TEX,663993.0,Nathaniel Lowe,565,2.0,True,MLB,onbase_bb_pct
2024,TEX,669701.0,Josh Smith,592,3.0,False,MLB,onbase_bb_pct
2024,TOR,665489.0,Vladimir Guerrero Jr.,697,1.0,True,MLB,onbase_bb_pct
2024,TOR,687462.0,Spencer Horwitz,381,2.0,True,MLB,onbase_bb_pct
2024,TOR,457759.0,Justin Turner,349,3.0,True,MLB,onbase_bb_pct
2024,MIN,621043.0,Carlos Correa,367,1.0,True,MLB,onbase_bb_pct
2024,MIN,621439.0,Byron Buxton,388,2.0,False,MLB,onbase_bb_pct
2024,MIN,663616.0,Trevor Larnach,400,3.0,True,MLB,onbase_bb_pct
2024,PHI,607208.0,Trea Turner,539,3.0,False,MLB,onbase_bb_pct
2024,PHI,547180.0,Bryce Harper,631,1.0,True,MLB,onbase_bb_pct
2024,PHI,656941.0,Kyle Schwarber,692,2.0,True,MLB,onbase_bb_pct
2024,ATL,542303.0,Marcell Ozuna,688,1.0,True,MLB,onbase_bb_pct
2024,ATL,663586.0,Austin Riley,469,3.0,False,MLB,onbase_bb_pct
2024,ATL,621566.0,Matt Olson,685,2.0,True,MLB,onbase_bb_pct
2024,CWS,683734.0,Andrew Vaughn,619,1.0,False,MLB,onbase_bb_pct
2024,CWS,657757.0,Gavin Sheets,501,3.0,True,MLB,onbase_bb_pct
2024,CWS,643217.0,Andrew Benintendi,522,2.0,False,MLB,onbase_bb_pct
2024,MIA,669364.0,Xavier Edwards,303,1.0,True,MLB,onbase_bb_pct
2024,MIA,660821.0,Jesús Sánchez,537,3.0,False,MLB,onbase_bb_pct
2024,MIA,669394.0,Jake Burger,579,2.0,False,MLB,onbase_bb_pct
2024,NYY,592450.0,Aaron Judge,704,1.0,True,MLB,onbase_bb_pct
2024,NYY,665742.0,Juan Soto,713,2.0,True,MLB,onbase_bb_pct
2024,NYY,519317.0,Giancarlo Stanton,459,3.0,True,MLB,onbase_bb_pct
2024,MIL,592885.0,Christian Yelich,315,1.0,True,MLB,onbase_bb_pct
2024,MIL,661388.0,William Contreras,679,2.0,True,MLB,onbase_bb_pct
2024,MIL,642715.0,Willy Adames,688,3.0,True,MLB,onbase_bb_pct
2024,LAA,650859.0,Luis Rengifo,304,1.0,False,MLB,onbase_bb_pct
2024,LAA,687263.0,Zach Neto,602,2.0,False,MLB,onbase_bb_pct
2024,LAA,621493.0,Taylor Ward,663,3.0,True,MLB,onbase_bb_pct
2024,AZ,606466.0,Ketel Marte,583,2.0,True,MLB,onbase_bb_pct
2024,AZ,592626.0,Joc Pederson,449,1.0,True,MLB,onbase_bb_pct
2024,AZ,572233.0,Christian Walker,552,3.0,True,MLB,onbase_bb_pct
2024,BAL,683002.0,Gunnar Henderson,719,1.0,True,MLB,onbase_bb_pct
2024,BAL,676059.0,Jordan Westburg,447,3.0,False,MLB,onbase_bb_pct
2024,BAL,623993.0,Anthony Santander,665,2.0,True,MLB,onbase_bb_pct
2024,BOS,608701.0,Rob Refsnyder,307,3.0,True,MLB,onbase_bb_pct
2024,BOS,646240.0,Rafael Devers,601,1.0,True,MLB,onbase_bb_pct
2024,BOS,641933.0,Tyler O'Neill,473,2.0,True,MLB,onbase_bb_pct
2024,CHC,673548.0,Seiya Suzuki,585,1.0,True,MLB,onbase_bb_pct
2024,CHC,683737.0,Michael Busch,567,3.0,True,MLB,onbase_bb_pct
2024,CHC,664023.0,Ian Happ,657,2.0,True,MLB,onbase_bb_pct
2024,CIN,682829.0,Elly De La Cruz,696,1.0,True,MLB,onbase_bb_pct
2024,CIN,663886.0,Tyler Stephenson,515,2.0,True,MLB,onbase_bb_pct
2024,CIN,663697.0,Jonathan India,637,3.0,True,MLB,onbase_bb_pct
2024,CLE,680757.0,Steven Kwan,540,2.0,True,MLB,onbase_bb_pct
2024,CLE,608070.0,José Ramírez,682,1.0,False,MLB,onbase_bb_pct
2024,CLE,681807.0,David Fry,392,3.0,True,MLB,onbase_bb_pct
2024,COL,686668.0,Brenton Doyle,603,2.0,False,MLB,onbase_bb_pct
2024,COL,453568.0,Charlie Blackmon,499,3.0,True,MLB,onbase_bb_pct
2024,COL,669911.0,Michael Toglia,458,1.0,True,MLB,onbase_bb_pct
2024,DET,682985.0,Riley Greene,584,1.0,True,MLB,onbase_bb_pct
2024,DET,663837.0,Matt Vierling,567,2.0,False,MLB,onbase_bb_pct
2024,DET,592192.0,Mark Canha,377,3.0,True,MLB,onbase_bb_pct
2024,HOU,670541.0,Yordan Alvarez,635,2.0,True,MLB,onbase_bb_pct
2024,HOU,514888.0,Jose Altuve,682,3.0,False,MLB,onbase_bb_pct
2024,HOU,663656.0,Kyle Tucker,339,1.0,True,MLB,onbase_bb_pct
2024,KC,677951.0,Bobby Witt Jr.,709,1.0,False,MLB,onbase_bb_pct
2024,KC,521692.0,Salvador Perez,652,2.0,False,MLB,onbase_bb_pct
2024,KC,686469.0,Vinnie Pasquantino,554,3.0,False,MLB,onbase_bb_pct
2024,LAD,660271.0,Shohei Ohtani,731,1.0,True,MLB,onbase_bb_pct
2024,LAD,605141.0,Mookie Betts,516,2.0,True,MLB,onbase_bb_pct
2024,LAD,518692.0,Freddie Freeman,638,3.0,True,MLB,onbase_bb_pct
2024,WSH,671277.0,Luis García Jr.,528,2.0,False,MLB,onbase_bb_pct
2024,WSH,695578.0,James Wood,336,1.0,True,MLB,onbase_bb_pct
2024,WSH,657041.0,Lane Thomas,341,3.0,True,MLB,onbase_bb_pct
2024,NYM,596019.0,Francisco Lindor,689,1.0,False,MLB,onbase_bb_pct
2024,NYM,668901.0,Mark Vientos,454,2.0,False,MLB,onbase_bb_pct
2024,NYM,624413.0,Pete Alonso,695,3.0,True,MLB,onbase_bb_pct
2025,ATH,701762.0,Nick Kurtz,489,1.0,True,MLB,onbase_bb_pct
2025,ATH,669127.0,Shea Langeliers,523,2.0,False,MLB,onbase_bb_pct
2025,ATH,691016.0,Tyler Soderstrom,624,3.0,True,MLB,onbase_bb_pct
2025,PIT,687462.0,Spencer Horwitz,411,1.0,True,MLB,onbase_bb_pct
2025,PIT,663698.0,Joey Bart,332,2.0,True,MLB,onbase_bb_pct
2025,PIT,668804.0,Bryan Reynolds,654,3.0,True,MLB,onbase_bb_pct
2025,SD,592518.0,Manny Machado,678,2.0,False,MLB,onbase_bb_pct
2025,SD,665487.0,Fernando Tatis Jr.,691,1.0,True,MLB,onbase_bb_pct
2025,SD,630105.0,Jake Cronenworth,515,3.0,True,MLB,onbase_bb_pct
2025,SEA,677594.0,Julio Rodríguez,710,3.0,False,MLB,onbase_bb_pct
2025,SEA,593871.0,Jorge Polanco,524,2.0,False,MLB,onbase_bb_pct
2025,SEA,663728.0,Cal Raleigh,705,1.0,True,MLB,onbase_bb_pct
2025,SF,646240.0,Rafael Devers,395,1.0,True,MLB,onbase_bb_pct
2025,SF,656305.0,Matt Chapman,535,2.0,True,MLB,onbase_bb_pct
2025,SF,642715.0,Willy Adames,686,3.0,True,MLB,onbase_bb_pct
2025,STL,676475.0,Alec Burleson,546,2.0,False,MLB,onbase_bb_pct
2025,STL,671056.0,Iván Herrera,452,1.0,True,MLB,onbase_bb_pct
2025,STL,575929.0,Willson Contreras,563,3.0,False,MLB,onbase_bb_pct
2025,TB,666018.0,Jonathan Aranda,422,1.0,True,MLB,onbase_bb_pct
2025,TB,650490.0,Yandy Díaz,651,2.0,True,MLB,onbase_bb_pct
2025,TB,691406.0,Junior Caminero,653,3.0,False,MLB,onbase_bb_pct
2025,TEX,608369.0,Corey Seager,445,1.0,True,MLB,onbase_bb_pct
2025,TEX,669701.0,Josh Smith,563,3.0,True,MLB,onbase_bb_pct
2025,TEX,694671.0,Wyatt Langford,573,2.0,True,MLB,onbase_bb_pct
2025,TOR,666182.0,Bo Bichette,628,3.0,False,MLB,onbase_bb_pct
2025,TOR,543807.0,George Springer,586,1.0,True,MLB,onbase_bb_pct
2025,TOR,665489.0,Vladimir Guerrero Jr.,680,2.0,True,MLB,onbase_bb_pct
2025,MIN,680777.0,Ryan Jeffers,464,2.0,True,MLB,onbase_bb_pct
2025,MIN,621439.0,Byron Buxton,542,1.0,False,MLB,onbase_bb_pct
2025,MIN,670242.0,Matt Wallner,392,3.0,True,MLB,onbase_bb_pct
2025,PHI,607208.0,Trea Turner,639,3.0,False,MLB,onbase_bb_pct
2025,PHI,547180.0,Bryce Harper,580,2.0,True,MLB,onbase_bb_pct
2025,PHI,656941.0,Kyle Schwarber,724,1.0,True,MLB,onbase_bb_pct
2025,ATL,660670.0,Ronald Acuña Jr.,412,1.0,True,MLB,onbase_bb_pct
2025,ATL,686948.0,Drake Baldwin,446,3.0,True,MLB,onbase_bb_pct
2025,ATL,621566.0,Matt Olson,724,2.0,True,MLB,onbase_bb_pct
2025,CWS,643565.0,Mike Tauchman,385,1.0,True,MLB,onbase_bb_pct
2025,CWS,643217.0,Andrew Benintendi,470,2.0,True,MLB,onbase_bb_pct
2025,CWS,678246.0,Miguel Vargas,569,3.0,True,MLB,onbase_bb_pct
2025,MIA,669065.0,Kyle Stowers,457,1.0,True,MLB,onbase_bb_pct
2025,MIA,669364.0,Xavier Edwards,619,3.0,False,MLB,onbase_bb_pct
2025,MIA,689414.0,Liam Hicks,390,2.0,True,MLB,onbase_bb_pct
2025,NYY,592450.0,Aaron Judge,679,1.0,True,MLB,onbase_bb_pct
2025,NYY,700250.0,Ben Rice,530,2.0,True,MLB,onbase_bb_pct
2025,NYY,663757.0,Trent Grisham,581,3.0,True,MLB,onbase_bb_pct
2025,MIL,668930.0,Brice Turang,659,1.0,True,MLB,onbase_bb_pct
2025,MIL,592885.0,Christian Yelich,644,3.0,True,MLB,onbase_bb_pct
2025,MIL,686555.0,Isaac Collins,441,2.0,True,MLB,onbase_bb_pct
2025,LAA,687263.0,Zach Neto,554,3.0,False,MLB,onbase_bb_pct
2025,LAA,545361.0,Mike Trout,556,1.0,True,MLB,onbase_bb_pct
2025,LAA,621493.0,Taylor Ward,663,2.0,True,MLB,onbase_bb_pct
2025,AZ,672695.0,Geraldo Perdomo,720,2.0,True,MLB,onbase_bb_pct
2025,AZ,606466.0,Ketel Marte,556,1.0,True,MLB,onbase_bb_pct
2025,AZ,682998.0,Corbin Carroll,642,3.0,True,MLB,onbase_bb_pct
2025,BAL,683002.0,Gunnar Henderson,651,1.0,True,MLB,onbase_bb_pct
2025,BAL,676059.0,Jordan Westburg,352,2.0,False,MLB,onbase_bb_pct
2025,BAL,702616.0,Jackson Holliday,649,3.0,True,MLB,onbase_bb_pct
2025,BOS,663853.0,Romy Gonzalez,341,3.0,False,MLB,onbase_bb_pct
2025,BOS,701350.0,Roman Anthony,303,1.0,True,MLB,onbase_bb_pct
2025,BOS,608324.0,Alex Bregman,495,2.0,True,MLB,onbase_bb_pct
2025,CHC,663656.0,Kyle Tucker,597,2.0,True,MLB,onbase_bb_pct
2025,CHC,683737.0,Michael Busch,592,1.0,True,MLB,onbase_bb_pct
2025,CHC,673548.0,Seiya Suzuki,651,3.0,True,MLB,onbase_bb_pct
2025,CIN,669720.0,Austin Hays,416,3.0,False,MLB,onbase_bb_pct
2025,CIN,682829.0,Elly De La Cruz,699,2.0,True,MLB,onbase_bb_pct
2025,CIN,670770.0,TJ Friedl,685,1.0,True,MLB,onbase_bb_pct
2025,CLE,608070.0,José Ramírez,673,1.0,True,MLB,onbase_bb_pct
2025,CLE,680757.0,Steven Kwan,693,3.0,False,MLB,onbase_bb_pct
2025,CLE,700932.0,Kyle Manzardo,531,2.0,True,MLB,onbase_bb_pct
2025,COL,671289.0,Tyler Freeman,428,3.0,False,MLB,onbase_bb_pct
2025,COL,696100.0,Hunter Goodman,579,1.0,False,MLB,onbase_bb_pct
2025,COL,666160.0,Mickey Moniak,461,2.0,False,MLB,onbase_bb_pct
2025,DET,682985.0,Riley Greene,655,1.0,False,MLB,onbase_bb_pct
2025,DET,650402.0,Gleyber Torres,628,3.0,True,MLB,onbase_bb_pct
2025,DET,679529.0,Spencer Torkelson,649,2.0,True,MLB,onbase_bb_pct
2025,HOU,665161.0,Jeremy Peña,543,1.0,False,MLB,onbase_bb_pct
2025,HOU,514888.0,Jose Altuve,654,3.0,True,MLB,onbase_bb_pct
2025,HOU,670623.0,Isaac Paredes,438,2.0,True,MLB,onbase_bb_pct
2025,KC,677951.0,Bobby Witt Jr.,687,1.0,False,MLB,onbase_bb_pct
2025,KC,672580.0,Maikel Garcia,666,2.0,True,MLB,onbase_bb_pct
2025,KC,686469.0,Vinnie Pasquantino,682,3.0,False,MLB,onbase_bb_pct
2025,LAD,669257.0,Will Smith,436,2.0,True,MLB,onbase_bb_pct
2025,LAD,518692.0,Freddie Freeman,627,3.0,True,MLB,onbase_bb_pct
2025,LAD,660271.0,Shohei Ohtani,727,1.0,True,MLB,onbase_bb_pct
2025,WSH,695734.0,Daylen Lile,351,1.0,False,MLB,onbase_bb_pct
2025,WSH,695578.0,James Wood,689,2.0,True,MLB,onbase_bb_pct
2025,WSH,605137.0,Josh Bell,533,3.0,True,MLB,onbase_bb_pct
2025,NYM,624413.0,Pete Alonso,709,2.0,True,MLB,onbase_bb_pct
2025,NYM,596019.0,Francisco Lindor,732,3.0,True,MLB,onbase_bb_pct
2025,NYM,665742.0,Juan Soto,715,1.0,True,MLB,onbase_bb_pct
2021,OAK,643393.0,Tony Kemp,397,2.0,True,MLB,onbase_obp_minus_avg
2021,OAK,621566.0,Matt Olson,673,1.0,True,MLB,onbase_obp_minus_avg
2021,OAK,592192.0,Mark Canha,625,3.0,True,MLB,onbase_obp_minus_avg
2021,PIT,624428.0,Adam Frazier,428,2.0,False,MLB,onbase_obp_minus_avg
2021,PIT,668804.0,Bryan Reynolds,646,1.0,True,MLB,onbase_obp_minus_avg
2021,PIT,592325.0,Ben Gamel,383,3.0,True,MLB,onbase_obp_minus_avg
2021,SD,665487.0,Fernando Tatis Jr.,546,1.0,True,MLB,onbase_obp_minus_avg
2021,SD,592518.0,Manny Machado,640,2.0,False,MLB,onbase_obp_minus_avg
2021,SD,630105.0,Jake Cronenworth,643,3.0,True,MLB,onbase_obp_minus_avg
2021,SEA,664034.0,Ty France,650,1.0,True,MLB,onbase_obp_minus_avg
2021,SEA,641487.0,J.P. Crawford,687,3.0,False,MLB,onbase_obp_minus_avg
2021,SEA,571745.0,Mitch Haniger,691,2.0,False,MLB,onbase_obp_minus_avg
2021,SF,457763.0,Buster Posey,454,3.0,True,MLB,onbase_obp_minus_avg
2021,SF,474832.0,Brandon Belt,381,1.0,True,MLB,onbase_obp_minus_avg
2021,SF,573131.0,Darin Ruf,312,2.0,True,MLB,onbase_obp_minus_avg
2021,STL,502671.0,Paul Goldschmidt,679,2.0,False,MLB,onbase_obp_minus_avg
2021,STL,641933.0,Tyler O'Neill,537,1.0,False,MLB,onbase_obp_minus_avg
2021,STL,666185.0,Dylan Carlson,619,3.0,True,MLB,onbase_obp_minus_avg
2021,TB,668227.0,Randy Arozarena,604,3.0,True,MLB,onbase_obp_minus_avg
2021,TB,664040.0,Brandon Lowe,615,1.0,True,MLB,onbase_obp_minus_avg
2021,TB,572287.0,Mike Zunino,375,2.0,True,MLB,onbase_obp_minus_avg
2021,TEX,663993.0,Nathaniel Lowe,642,2.0,True,MLB,onbase_obp_minus_avg
2021,TEX,666969.0,Adolis García,622,3.0,False,MLB,onbase_obp_minus_avg
2021,TEX,608336.0,Joey Gallo,388,1.0,True,MLB,onbase_obp_minus_avg
2021,TOR,665489.0,Vladimir Guerrero Jr.,698,1.0,True,MLB,onbase_obp_minus_avg
2021,TOR,606192.0,Teoscar Hernández,595,3.0,False,MLB,onbase_obp_minus_avg
2021,TOR,543807.0,George Springer,342,2.0,True,MLB,onbase_obp_minus_avg
2021,MIN,443558.0,Nelson Cruz,346,1.0,True,MLB,onbase_obp_minus_avg
2021,MIN,593871.0,Jorge Polanco,644,3.0,False,MLB,onbase_obp_minus_avg
2021,MIN,518626.0,Josh Donaldson,543,2.0,True,MLB,onbase_obp_minus_avg
2021,PHI,547180.0,Bryce Harper,599,1.0,True,MLB,onbase_obp_minus_avg
2021,PHI,516416.0,Jean Segura,567,3.0,False,MLB,onbase_obp_minus_avg
2021,PHI,656555.0,Rhys Hoskins,443,2.0,True,MLB,onbase_obp_minus_avg
2021,ATL,663586.0,Austin Riley,662,3.0,False,MLB,onbase_obp_minus_avg
2021,ATL,518692.0,Freddie Freeman,695,2.0,True,MLB,onbase_obp_minus_avg
2021,ATL,660670.0,Ronald Acuña Jr.,360,1.0,True,MLB,onbase_obp_minus_avg
2021,CWS,660162.0,Yoán Moncada,616,3.0,True,MLB,onbase_obp_minus_avg
2021,CWS,547989.0,José Abreu,659,2.0,True,MLB,onbase_obp_minus_avg
2021,CWS,518735.0,Yasmani Grandal,375,1.0,True,MLB,onbase_obp_minus_avg
2021,MIA,542583.0,Jesús Aguilar,510,1.0,False,MLB,onbase_obp_minus_avg
2021,MIA,665862.0,Jazz Chisholm Jr.,507,3.0,False,MLB,onbase_obp_minus_avg
2021,MIA,594807.0,Adam Duvall,339,2.0,False,MLB,onbase_obp_minus_avg
2021,NYY,592450.0,Aaron Judge,633,1.0,True,MLB,onbase_obp_minus_avg
2021,NYY,519317.0,Giancarlo Stanton,579,2.0,True,MLB,onbase_obp_minus_avg
2021,NYY,518934.0,DJ LeMahieu,679,3.0,True,MLB,onbase_obp_minus_avg
2021,MIL,642715.0,Willy Adames,413,1.0,True,MLB,onbase_obp_minus_avg
2021,MIL,541645.0,Avisaíl García,515,2.0,False,MLB,onbase_obp_minus_avg
2021,MIL,649966.0,Luis Urías,570,3.0,True,MLB,onbase_obp_minus_avg
2021,LAA,665120.0,Jared Walsh,585,2.0,False,MLB,onbase_obp_minus_avg
2021,LAA,660271.0,Shohei Ohtani,639,1.0,True,MLB,onbase_obp_minus_avg
2021,LAA,545358.0,Max Stassi,319,3.0,True,MLB,onbase_obp_minus_avg
2021,AZ,606466.0,Ketel Marte,374,1.0,False,MLB,onbase_obp_minus_avg
2021,AZ,668942.0,Josh Rojas,550,3.0,True,MLB,onbase_obp_minus_avg
2021,AZ,608348.0,Carson Kelly,359,2.0,True,MLB,onbase_obp_minus_avg
2021,BAL,656775.0,Cedric Mullins,675,1.0,False,MLB,onbase_obp_minus_avg
2021,BAL,669720.0,Austin Hays,529,3.0,False,MLB,onbase_obp_minus_avg
2021,BAL,663624.0,Ryan Mountcastle,586,2.0,False,MLB,onbase_obp_minus_avg
2021,BOS,593428.0,Xander Bogaerts,603,2.0,True,MLB,onbase_obp_minus_avg
2021,BOS,502110.0,J.D. Martinez,634,3.0,False,MLB,onbase_obp_minus_avg
2021,BOS,646240.0,Rafael Devers,664,1.0,False,MLB,onbase_obp_minus_avg
2021,CHC,542364.0,Rafael Ortega,330,2.0,False,MLB,onbase_obp_minus_avg
2021,CHC,592178.0,Kris Bryant,374,1.0,True,MLB,onbase_obp_minus_avg
2021,CHC,621550.0,Patrick Wisdom,375,3.0,True,MLB,onbase_obp_minus_avg
2021,CIN,592206.0,Nick Castellanos,585,3.0,False,MLB,onbase_obp_minus_avg
2021,CIN,608385.0,Jesse Winker,485,1.0,True,MLB,onbase_obp_minus_avg
2021,CIN,458015.0,Joey Votto,533,2.0,True,MLB,onbase_obp_minus_avg
2021,CLE,608070.0,José Ramírez,636,1.0,True,MLB,onbase_obp_minus_avg
2021,CLE,614177.0,Franmil Reyes,466,2.0,False,MLB,onbase_obp_minus_avg
2021,CLE,514917.0,César Hernández,420,3.0,True,MLB,onbase_obp_minus_avg
2021,COL,663898.0,Brendan Rodgers,415,3.0,False,MLB,onbase_obp_minus_avg
2021,COL,543068.0,C.J. Cron,547,1.0,True,MLB,onbase_obp_minus_avg
2021,COL,596115.0,Trevor Story,595,2.0,True,MLB,onbase_obp_minus_avg
2021,DET,600869.0,Jeimer Candelario,626,1.0,True,MLB,onbase_obp_minus_avg
2021,DET,668731.0,Akil Baddoo,461,3.0,False,MLB,onbase_obp_minus_avg
2021,DET,543257.0,Robbie Grossman,671,2.0,True,MLB,onbase_obp_minus_avg
2021,HOU,663656.0,Kyle Tucker,567,1.0,False,MLB,onbase_obp_minus_avg
2021,HOU,621043.0,Carlos Correa,640,3.0,True,MLB,onbase_obp_minus_avg
2021,HOU,670541.0,Yordan Alvarez,598,2.0,False,MLB,onbase_obp_minus_avg
2021,KC,670032.0,Nicky Lopez,565,2.0,False,MLB,onbase_obp_minus_avg
2021,KC,643217.0,Andrew Benintendi,538,3.0,False,MLB,onbase_obp_minus_avg
2021,KC,521692.0,Salvador Perez,665,1.0,False,MLB,onbase_obp_minus_avg
2021,LAD,608369.0,Corey Seager,409,1.0,True,MLB,onbase_obp_minus_avg
2021,LAD,572041.0,AJ Pollock,422,3.0,False,MLB,onbase_obp_minus_avg
2021,LAD,571970.0,Max Muncy,592,2.0,True,MLB,onbase_obp_minus_avg
2021,WSH,607208.0,Trea Turner,420,3.0,False,MLB,onbase_obp_minus_avg
2021,WSH,665742.0,Juan Soto,654,1.0,True,MLB,onbase_obp_minus_avg
2021,WSH,656941.0,Kyle Schwarber,303,2.0,True,MLB,onbase_obp_minus_avg
2021,NYM,607043.0,Brandon Nimmo,386,1.0,True,MLB,onbase_obp_minus_avg
2021,NYM,624413.0,Pete Alonso,637,2.0,True,MLB,onbase_obp_minus_avg
2021,NYM,624424.0,Michael Conforto,479,3.0,True,MLB,onbase_obp_minus_avg
2022,OAK,669221.0,Sean Murphy,612,1.0,True,MLB,onbase_obp_minus_avg
2022,OAK,462101.0,Elvis Andrus,386,3.0,False,MLB,onbase_obp_minus_avg
2022,OAK,664913.0,Seth Brown,555,2.0,True,MLB,onbase_obp_minus_avg
2022,PIT,668804.0,Bryan Reynolds,614,1.0,True,MLB,onbase_obp_minus_avg
2022,PIT,665833.0,Oneil Cruz,361,2.0,False,MLB,onbase_obp_minus_avg
2022,PIT,669261.0,Jack Suwinski,372,3.0,True,MLB,onbase_obp_minus_avg
2022,SD,592518.0,Manny Machado,644,1.0,True,MLB,onbase_obp_minus_avg
2022,SD,595777.0,Jurickson Profar,658,2.0,True,MLB,onbase_obp_minus_avg
2022,SD,572228.0,Luke Voit,344,3.0,True,MLB,onbase_obp_minus_avg
2022,SEA,677594.0,Julio Rodríguez,560,1.0,False,MLB,onbase_obp_minus_avg
2022,SEA,664034.0,Ty France,613,3.0,False,MLB,onbase_obp_minus_avg
2022,SEA,553993.0,Eugenio Suárez,629,2.0,True,MLB,onbase_obp_minus_avg
2022,SF,592626.0,Joc Pederson,433,1.0,True,MLB,onbase_obp_minus_avg
2022,SF,596103.0,Austin Slater,325,2.0,True,MLB,onbase_obp_minus_avg
2022,SF,642731.0,Thairo Estrada,541,3.0,False,MLB,onbase_obp_minus_avg
2022,STL,502671.0,Paul Goldschmidt,651,1.0,True,MLB,onbase_obp_minus_avg
2022,STL,571448.0,Nolan Arenado,620,2.0,False,MLB,onbase_obp_minus_avg
2022,STL,405395.0,Albert Pujols,351,3.0,True,MLB,onbase_obp_minus_avg
2022,TB,623912.0,Harold Ramírez,435,3.0,False,MLB,onbase_obp_minus_avg
2022,TB,650490.0,Yandy Díaz,558,1.0,True,MLB,onbase_obp_minus_avg
2022,TB,668227.0,Randy Arozarena,645,2.0,False,MLB,onbase_obp_minus_avg
2022,TEX,663993.0,Nathaniel Lowe,645,1.0,False,MLB,onbase_obp_minus_avg
2022,TEX,666969.0,Adolis García,657,3.0,False,MLB,onbase_obp_minus_avg
2022,TEX,608369.0,Corey Seager,663,2.0,True,MLB,onbase_obp_minus_avg
2022,TOR,672386.0,Alejandro Kirk,541,3.0,True,MLB,onbase_obp_minus_avg
2022,TOR,665489.0,Vladimir Guerrero Jr.,706,2.0,False,MLB,onbase_obp_minus_avg
2022,TOR,543807.0,George Springer,583,1.0,True,MLB,onbase_obp_minus_avg
2022,MIN,650333.0,Luis Arraez,603,3.0,False,MLB,onbase_obp_minus_avg
2022,MIN,621043.0,Carlos Correa,590,1.0,True,MLB,onbase_obp_minus_avg
2022,MIN,621439.0,Byron Buxton,382,2.0,True,MLB,onbase_obp_minus_avg
2022,PHI,547180.0,Bryce Harper,426,1.0,True,MLB,onbase_obp_minus_avg
2022,PHI,592663.0,J.T. Realmuto,562,3.0,False,MLB,onbase_obp_minus_avg
2022,PHI,656941.0,Kyle Schwarber,669,2.0,True,MLB,onbase_obp_minus_avg
2022,ATL,671739.0,Michael Harris II,441,3.0,False,MLB,onbase_obp_minus_avg
2022,ATL,661388.0,William Contreras,376,2.0,True,MLB,onbase_obp_minus_avg
2022,ATL,663586.0,Austin Riley,693,1.0,True,MLB,onbase_obp_minus_avg
2022,CWS,547989.0,José Abreu,679,2.0,True,MLB,onbase_obp_minus_avg
2022,CWS,650391.0,Eloy Jiménez,327,1.0,False,MLB,onbase_obp_minus_avg
2022,CWS,683734.0,Andrew Vaughn,555,3.0,False,MLB,onbase_obp_minus_avg
2022,MIA,643265.0,Garrett Cooper,469,1.0,True,MLB,onbase_obp_minus_avg
2022,MIA,650559.0,Bryan De La Cruz,355,2.0,False,MLB,onbase_obp_minus_avg
2022,MIA,624585.0,Jorge Soler,306,3.0,True,MLB,onbase_obp_minus_avg
2022,NYY,592450.0,Aaron Judge,696,1.0,True,MLB,onbase_obp_minus_avg
2022,NYY,518934.0,DJ LeMahieu,541,3.0,True,MLB,onbase_obp_minus_avg
2022,NYY,519203.0,Anthony Rizzo,548,2.0,True,MLB,onbase_obp_minus_avg
2022,MIL,592669.0,Hunter Renfroe,522,1.0,False,MLB,onbase_obp_minus_avg
2022,MIL,592885.0,Christian Yelich,671,3.0,True,MLB,onbase_obp_minus_avg
2022,MIL,543939.0,Kolten Wong,497,2.0,True,MLB,onbase_obp_minus_avg
2022,LAA,545361.0,Mike Trout,499,1.0,True,MLB,onbase_obp_minus_avg
2022,LAA,621493.0,Taylor Ward,564,3.0,True,MLB,onbase_obp_minus_avg
2022,LAA,660271.0,Shohei Ohtani,666,2.0,True,MLB,onbase_obp_minus_avg
2022,AZ,664983.0,Jake McCarthy,354,2.0,False,MLB,onbase_obp_minus_avg
2022,AZ,444482.0,David Peralta,310,3.0,False,MLB,onbase_obp_minus_avg
2022,AZ,572233.0,Christian Walker,667,1.0,True,MLB,onbase_obp_minus_avg
2022,BAL,641820.0,Trey Mancini,401,3.0,True,MLB,onbase_obp_minus_avg
2022,BAL,668939.0,Adley Rutschman,470,1.0,True,MLB,onbase_obp_minus_avg
2022,BAL,623993.0,Anthony Santander,647,2.0,True,MLB,onbase_obp_minus_avg
2022,BOS,593428.0,Xander Bogaerts,631,2.0,True,MLB,onbase_obp_minus_avg
2022,BOS,646240.0,Rafael Devers,614,1.0,False,MLB,onbase_obp_minus_avg
2022,BOS,502110.0,J.D. Martinez,596,3.0,False,MLB,onbase_obp_minus_avg
2022,CHC,664023.0,Ian Happ,641,2.0,True,MLB,onbase_obp_minus_avg
2022,CHC,673548.0,Seiya Suzuki,446,3.0,True,MLB,onbase_obp_minus_avg
2022,CHC,575929.0,Willson Contreras,487,1.0,True,MLB,onbase_obp_minus_avg
2022,CIN,456781.0,Donovan Solano,304,2.0,False,MLB,onbase_obp_minus_avg
2022,CIN,592273.0,Brandon Drury,385,1.0,False,MLB,onbase_obp_minus_avg
2022,CIN,663697.0,Jonathan India,431,3.0,True,MLB,onbase_obp_minus_avg
2022,CLE,680757.0,Steven Kwan,638,3.0,True,MLB,onbase_obp_minus_avg
2022,CLE,665926.0,Andrés Giménez,557,1.0,True,MLB,onbase_obp_minus_avg
2022,CLE,608070.0,José Ramírez,685,2.0,True,MLB,onbase_obp_minus_avg
2022,COL,602074.0,Yonathan Daza,408,3.0,False,MLB,onbase_obp_minus_avg
2022,COL,543068.0,C.J. Cron,632,1.0,False,MLB,onbase_obp_minus_avg
2022,COL,641857.0,Ryan McMahon,597,2.0,True,MLB,onbase_obp_minus_avg
2022,DET,605612.0,Harold Castro,443,3.0,False,MLB,onbase_obp_minus_avg
2022,DET,606992.0,Eric Haase,351,1.0,False,MLB,onbase_obp_minus_avg
2022,DET,682985.0,Riley Greene,418,2.0,False,MLB,onbase_obp_minus_avg
2022,HOU,670541.0,Yordan Alvarez,561,1.0,True,MLB,onbase_obp_minus_avg
2022,HOU,514888.0,Jose Altuve,604,2.0,True,MLB,onbase_obp_minus_avg
2022,HOU,608324.0,Alex Bregman,656,3.0,True,MLB,onbase_obp_minus_avg
2022,KC,643217.0,Andrew Benintendi,390,1.0,False,MLB,onbase_obp_minus_avg
2022,KC,521692.0,Salvador Perez,473,2.0,False,MLB,onbase_obp_minus_avg
2022,KC,669004.0,MJ Melendez,534,3.0,True,MLB,onbase_obp_minus_avg
2022,LAD,518692.0,Freddie Freeman,708,1.0,True,MLB,onbase_obp_minus_avg
2022,LAD,605141.0,Mookie Betts,639,2.0,True,MLB,onbase_obp_minus_avg
2022,LAD,669257.0,Will Smith,578,3.0,True,MLB,onbase_obp_minus_avg
2022,WSH,605137.0,Josh Bell,437,2.0,True,MLB,onbase_obp_minus_avg
2022,WSH,628450.0,Yadiel Hernandez,327,3.0,False,MLB,onbase_obp_minus_avg
2022,WSH,665742.0,Juan Soto,436,1.0,True,MLB,onbase_obp_minus_avg
2022,NYM,643446.0,Jeff McNeil,589,2.0,False,MLB,onbase_obp_minus_avg
2022,NYM,516782.0,Starling Marte,505,3.0,False,MLB,onbase_obp_minus_avg
2022,NYM,624413.0,Pete Alonso,685,1.0,True,MLB,onbase_obp_minus_avg
2023,OAK,680869.0,Zack Gelof,300,1.0,False,MLB,onbase_obp_minus_avg
2023,OAK,667670.0,Brent Rooker,526,2.0,True,MLB,onbase_obp_minus_avg
2023,OAK,676116.0,Ryan Noda,495,3.0,True,MLB,onbase_obp_minus_avg
2023,PIT,668804.0,Bryan Reynolds,640,3.0,False,MLB,onbase_obp_minus_avg
2023,PIT,457705.0,Andrew McCutchen,473,1.0,True,MLB,onbase_obp_minus_avg
2023,PIT,669261.0,Jack Suwinski,534,2.0,True,MLB,onbase_obp_minus_avg
2023,SD,593428.0,Xander Bogaerts,665,2.0,False,MLB,onbase_obp_minus_avg
2023,SD,665742.0,Juan Soto,708,1.0,True,MLB,onbase_obp_minus_avg
2023,SD,592518.0,Manny Machado,601,3.0,False,MLB,onbase_obp_minus_avg
2023,SEA,677594.0,Julio Rodríguez,714,2.0,False,MLB,onbase_obp_minus_avg
2023,SEA,641487.0,J.P. Crawford,638,1.0,True,MLB,onbase_obp_minus_avg
2023,SEA,663728.0,Cal Raleigh,569,3.0,True,MLB,onbase_obp_minus_avg
2023,SF,527038.0,Wilmer Flores,454,1.0,False,MLB,onbase_obp_minus_avg
2023,SF,664774.0,LaMonte Wade Jr.,519,2.0,True,MLB,onbase_obp_minus_avg
2023,SF,573262.0,Mike Yastrzemski,381,3.0,True,MLB,onbase_obp_minus_avg
2023,STL,502671.0,Paul Goldschmidt,687,2.0,True,MLB,onbase_obp_minus_avg
2023,STL,575929.0,Willson Contreras,495,1.0,True,MLB,onbase_obp_minus_avg
2023,STL,663457.0,Lars Nootbaar,503,3.0,True,MLB,onbase_obp_minus_avg
2023,TB,650490.0,Yandy Díaz,600,1.0,True,MLB,onbase_obp_minus_avg
2023,TB,666139.0,Josh Lowe,501,3.0,False,MLB,onbase_obp_minus_avg
2023,TB,670623.0,Isaac Paredes,571,2.0,True,MLB,onbase_obp_minus_avg
2023,TEX,608369.0,Corey Seager,536,1.0,False,MLB,onbase_obp_minus_avg
2023,TEX,543760.0,Marcus Semien,753,3.0,True,MLB,onbase_obp_minus_avg
2023,TEX,641598.0,Mitch Garver,344,2.0,True,MLB,onbase_obp_minus_avg
2023,TOR,666182.0,Bo Bichette,601,2.0,False,MLB,onbase_obp_minus_avg
2023,TOR,665489.0,Vladimir Guerrero Jr.,682,3.0,True,MLB,onbase_obp_minus_avg
2023,TOR,474832.0,Brandon Belt,404,1.0,True,MLB,onbase_obp_minus_avg
2023,MIN,680777.0,Ryan Jeffers,335,1.0,True,MLB,onbase_obp_minus_avg
2023,MIN,666397.0,Edouard Julien,408,2.0,True,MLB,onbase_obp_minus_avg
2023,MIN,596146.0,Max Kepler,491,3.0,False,MLB,onbase_obp_minus_avg
2023,PHI,547180.0,Bryce Harper,546,1.0,True,MLB,onbase_obp_minus_avg
2023,PHI,669016.0,Brandon Marsh,472,2.0,True,MLB,onbase_obp_minus_avg
2023,PHI,656941.0,Kyle Schwarber,720,3.0,True,MLB,onbase_obp_minus_avg
2023,ATL,660670.0,Ronald Acuña Jr.,735,1.0,True,MLB,onbase_obp_minus_avg
2023,ATL,621566.0,Matt Olson,720,2.0,True,MLB,onbase_obp_minus_avg
2023,ATL,542303.0,Marcell Ozuna,592,3.0,True,MLB,onbase_obp_minus_avg
2023,CWS,650391.0,Eloy Jiménez,489,3.0,False,MLB,onbase_obp_minus_avg
2023,CWS,673357.0,Luis Robert Jr.,595,1.0,False,MLB,onbase_obp_minus_avg
2023,CWS,669394.0,Jake Burger,323,2.0,False,MLB,onbase_obp_minus_avg
2023,MIA,650333.0,Luis Arraez,617,1.0,False,MLB,onbase_obp_minus_avg
2023,MIA,660821.0,Jesús Sánchez,402,3.0,True,MLB,onbase_obp_minus_avg
2023,MIA,624585.0,Jorge Soler,580,2.0,True,MLB,onbase_obp_minus_avg
2023,NYY,650402.0,Gleyber Torres,672,2.0,True,MLB,onbase_obp_minus_avg
2023,NYY,592450.0,Aaron Judge,458,1.0,True,MLB,onbase_obp_minus_avg
2023,NYY,518934.0,DJ LeMahieu,562,3.0,True,MLB,onbase_obp_minus_avg
2023,MIL,661388.0,William Contreras,611,1.0,True,MLB,onbase_obp_minus_avg
2023,MIL,592885.0,Christian Yelich,632,2.0,True,MLB,onbase_obp_minus_avg
2023,MIL,642715.0,Willy Adames,638,3.0,True,MLB,onbase_obp_minus_avg
2023,LAA,660271.0,Shohei Ohtani,599,1.0,True,MLB,onbase_obp_minus_avg
2023,LAA,650859.0,Luis Rengifo,445,3.0,True,MLB,onbase_obp_minus_avg
2023,LAA,545361.0,Mike Trout,362,2.0,True,MLB,onbase_obp_minus_avg
2023,AZ,682998.0,Corbin Carroll,645,1.0,True,MLB,onbase_obp_minus_avg
2023,AZ,606466.0,Ketel Marte,650,2.0,True,MLB,onbase_obp_minus_avg
2023,AZ,572233.0,Christian Walker,661,3.0,True,MLB,onbase_obp_minus_avg
2023,BAL,668939.0,Adley Rutschman,687,1.0,True,MLB,onbase_obp_minus_avg
2023,BAL,623993.0,Anthony Santander,656,3.0,False,MLB,onbase_obp_minus_avg
2023,BAL,683002.0,Gunnar Henderson,622,2.0,False,MLB,onbase_obp_minus_avg
2023,BOS,680776.0,Jarren Duran,362,3.0,False,MLB,onbase_obp_minus_avg
2023,BOS,646240.0,Rafael Devers,656,2.0,True,MLB,onbase_obp_minus_avg
2023,BOS,671213.0,Triston Casas,502,1.0,True,MLB,onbase_obp_minus_avg
2023,CHC,641355.0,Cody Bellinger,556,1.0,False,MLB,onbase_obp_minus_avg
2023,CHC,673548.0,Seiya Suzuki,583,2.0,False,MLB,onbase_obp_minus_avg
2023,CHC,664023.0,Ian Happ,691,3.0,True,MLB,onbase_obp_minus_avg
2023,CIN,680574.0,Matt McLain,403,2.0,False,MLB,onbase_obp_minus_avg
2023,CIN,666181.0,Will Benson,329,1.0,True,MLB,onbase_obp_minus_avg
2023,CIN,668715.0,Spencer Steer,665,3.0,True,MLB,onbase_obp_minus_avg
2023,CLE,647304.0,Josh Naylor,495,1.0,False,MLB,onbase_obp_minus_avg
2023,CLE,608070.0,José Ramírez,691,2.0,True,MLB,onbase_obp_minus_avg
2023,CLE,680757.0,Steven Kwan,718,3.0,True,MLB,onbase_obp_minus_avg
2023,COL,666134.0,Nolan Jones,424,1.0,True,MLB,onbase_obp_minus_avg
2023,COL,453568.0,Charlie Blackmon,413,2.0,True,MLB,onbase_obp_minus_avg
2023,COL,641857.0,Ryan McMahon,627,3.0,True,MLB,onbase_obp_minus_avg
2023,DET,682985.0,Riley Greene,416,2.0,False,MLB,onbase_obp_minus_avg
2023,DET,681481.0,Kerry Carpenter,459,1.0,False,MLB,onbase_obp_minus_avg
2023,DET,679529.0,Spencer Torkelson,684,3.0,True,MLB,onbase_obp_minus_avg
2023,HOU,514888.0,Jose Altuve,410,2.0,True,MLB,onbase_obp_minus_avg
2023,HOU,670541.0,Yordan Alvarez,496,1.0,True,MLB,onbase_obp_minus_avg
2023,HOU,663656.0,Kyle Tucker,674,3.0,True,MLB,onbase_obp_minus_avg
2023,KC,677951.0,Bobby Witt Jr.,694,1.0,False,MLB,onbase_obp_minus_avg
2023,KC,658668.0,Edward Olivares,385,2.0,False,MLB,onbase_obp_minus_avg
2023,KC,669004.0,MJ Melendez,602,3.0,True,MLB,onbase_obp_minus_avg
2023,LAD,518692.0,Freddie Freeman,730,2.0,True,MLB,onbase_obp_minus_avg
2023,LAD,605141.0,Mookie Betts,693,1.0,True,MLB,onbase_obp_minus_avg
2023,LAD,502110.0,J.D. Martinez,479,3.0,False,MLB,onbase_obp_minus_avg
2023,WSH,608841.0,Joey Meneses,657,3.0,False,MLB,onbase_obp_minus_avg
2023,WSH,657041.0,Lane Thomas,682,2.0,False,MLB,onbase_obp_minus_avg
2023,WSH,600869.0,Jeimer Candelario,419,1.0,True,MLB,onbase_obp_minus_avg
2023,NYM,607043.0,Brandon Nimmo,682,1.0,True,MLB,onbase_obp_minus_avg
2023,NYM,596019.0,Francisco Lindor,687,2.0,True,MLB,onbase_obp_minus_avg
2023,NYM,624413.0,Pete Alonso,658,3.0,True,MLB,onbase_obp_minus_avg
2024,OAK,667670.0,Brent Rooker,614,1.0,True,MLB,onbase_obp_minus_avg
2024,OAK,671732.0,Lawrence Butler,451,2.0,False,MLB,onbase_obp_minus_avg
2024,OAK,668709.0,JJ Bleday,642,3.0,True,MLB,onbase_obp_minus_avg
2024,PIT,668804.0,Bryan Reynolds,692,1.0,True,MLB,onbase_obp_minus_avg
2024,PIT,665833.0,Oneil Cruz,599,2.0,False,MLB,onbase_obp_minus_avg
2024,PIT,457705.0,Andrew McCutchen,515,3.0,True,MLB,onbase_obp_minus_avg
2024,SD,701538.0,Jackson Merrill,593,3.0,False,MLB,onbase_obp_minus_avg
2024,SD,595777.0,Jurickson Profar,668,1.0,True,MLB,onbase_obp_minus_avg
2024,SD,665487.0,Fernando Tatis Jr.,438,2.0,False,MLB,onbase_obp_minus_avg
2024,SEA,677594.0,Julio Rodríguez,613,3.0,False,MLB,onbase_obp_minus_avg
2024,SEA,670042.0,Luke Raley,455,1.0,True,MLB,onbase_obp_minus_avg
2024,SEA,663728.0,Cal Raleigh,628,2.0,True,MLB,onbase_obp_minus_avg
2024,SF,666149.0,Tyler Fitzgerald,341,1.0,False,MLB,onbase_obp_minus_avg
2024,SF,664774.0,LaMonte Wade Jr.,401,3.0,True,MLB,onbase_obp_minus_avg
2024,SF,656305.0,Matt Chapman,647,2.0,True,MLB,onbase_obp_minus_avg
2024,STL,680977.0,Brendan Donovan,652,2.0,False,MLB,onbase_obp_minus_avg
2024,STL,575929.0,Willson Contreras,358,1.0,True,MLB,onbase_obp_minus_avg
2024,STL,663457.0,Lars Nootbaar,405,3.0,True,MLB,onbase_obp_minus_avg
2024,TB,650490.0,Yandy Díaz,621,2.0,False,MLB,onbase_obp_minus_avg
2024,TB,664040.0,Brandon Lowe,425,1.0,False,MLB,onbase_obp_minus_avg
2024,TB,680700.0,Richie Palacios,316,3.0,True,MLB,onbase_obp_minus_avg
2024,TEX,608369.0,Corey Seager,533,1.0,True,MLB,onbase_obp_minus_avg
2024,TEX,663993.0,Nathaniel Lowe,565,2.0,True,MLB,onbase_obp_minus_avg
2024,TEX,669701.0,Josh Smith,592,3.0,True,MLB,onbase_obp_minus_avg
2024,TOR,665489.0,Vladimir Guerrero Jr.,697,1.0,True,MLB,onbase_obp_minus_avg
2024,TOR,687462.0,Spencer Horwitz,381,2.0,True,MLB,onbase_obp_minus_avg
2024,TOR,457759.0,Justin Turner,349,3.0,True,MLB,onbase_obp_minus_avg
2024,MIN,621043.0,Carlos Correa,367,1.0,True,MLB,onbase_obp_minus_avg
2024,MIN,621439.0,Byron Buxton,388,2.0,False,MLB,onbase_obp_minus_avg
2024,MIN,663616.0,Trevor Larnach,400,3.0,True,MLB,onbase_obp_minus_avg
2024,PHI,607208.0,Trea Turner,539,3.0,False,MLB,onbase_obp_minus_avg
2024,PHI,547180.0,Bryce Harper,631,1.0,True,MLB,onbase_obp_minus_avg
2024,PHI,656941.0,Kyle Schwarber,692,2.0,True,MLB,onbase_obp_minus_avg
2024,ATL,542303.0,Marcell Ozuna,688,1.0,True,MLB,onbase_obp_minus_avg
2024,ATL,663586.0,Austin Riley,469,3.0,False,MLB,onbase_obp_minus_avg
2024,ATL,621566.0,Matt Olson,685,2.0,True,MLB,onbase_obp_minus_avg
2024,CWS,683734.0,Andrew Vaughn,619,1.0,False,MLB,onbase_obp_minus_avg
2024,CWS,657757.0,Gavin Sheets,501,3.0,True,MLB,onbase_obp_minus_avg
2024,CWS,643217.0,Andrew Benintendi,522,2.0,False,MLB,onbase_obp_minus_avg
2024,MIA,669364.0,Xavier Edwards,303,1.0,True,MLB,onbase_obp_minus_avg
2024,MIA,660821.0,Jesús Sánchez,537,3.0,False,MLB,onbase_obp_minus_avg
2024,MIA,669394.0,Jake Burger,579,2.0,False,MLB,onbase_obp_minus_avg
2024,NYY,592450.0,Aaron Judge,704,1.0,True,MLB,onbase_obp_minus_avg
2024,NYY,665742.0,Juan Soto,713,2.0,True,MLB,onbase_obp_minus_avg
2024,NYY,519317.0,Giancarlo Stanton,459,3.0,False,MLB,onbase_obp_minus_avg
2024,MIL,592885.0,Christian Yelich,315,1.0,True,MLB,onbase_obp_minus_avg
2024,MIL,661388.0,William Contreras,679,2.0,True,MLB,onbase_obp_minus_avg
2024,MIL,642715.0,Willy Adames,688,3.0,True,MLB,onbase_obp_minus_avg
2024,LAA,650859.0,Luis Rengifo,304,1.0,False,MLB,onbase_obp_minus_avg
2024,LAA,687263.0,Zach Neto,602,2.0,True,MLB,onbase_obp_minus_avg
2024,LAA,621493.0,Taylor Ward,663,3.0,True,MLB,onbase_obp_minus_avg
2024,AZ,606466.0,Ketel Marte,583,2.0,True,MLB,onbase_obp_minus_avg
2024,AZ,592626.0,Joc Pederson,449,1.0,True,MLB,onbase_obp_minus_avg
2024,AZ,572233.0,Christian Walker,552,3.0,True,MLB,onbase_obp_minus_avg
2024,BAL,683002.0,Gunnar Henderson,719,1.0,True,MLB,onbase_obp_minus_avg
2024,BAL,676059.0,Jordan Westburg,447,3.0,False,MLB,onbase_obp_minus_avg
2024,BAL,623993.0,Anthony Santander,665,2.0,True,MLB,onbase_obp_minus_avg
2024,BOS,608701.0,Rob Refsnyder,307,3.0,True,MLB,onbase_obp_minus_avg
2024,BOS,646240.0,Rafael Devers,601,1.0,True,MLB,onbase_obp_minus_avg
2024,BOS,641933.0,Tyler O'Neill,473,2.0,True,MLB,onbase_obp_minus_avg
2024,CHC,673548.0,Seiya Suzuki,585,1.0,True,MLB,onbase_obp_minus_avg
2024,CHC,683737.0,Michael Busch,567,3.0,True,MLB,onbase_obp_minus_avg
2024,CHC,664023.0,Ian Happ,657,2.0,True,MLB,onbase_obp_minus_avg
2024,CIN,682829.0,Elly De La Cruz,696,1.0,True,MLB,onbase_obp_minus_avg
2024,CIN,663886.0,Tyler Stephenson,515,2.0,True,MLB,onbase_obp_minus_avg
2024,CIN,663697.0,Jonathan India,637,3.0,True,MLB,onbase_obp_minus_avg
2024,CLE,680757.0,Steven Kwan,540,2.0,True,MLB,onbase_obp_minus_avg
2024,CLE,608070.0,José Ramírez,682,1.0,False,MLB,onbase_obp_minus_avg
2024,CLE,681807.0,David Fry,392,3.0,True,MLB,onbase_obp_minus_avg
2024,COL,686668.0,Brenton Doyle,603,2.0,False,MLB,onbase_obp_minus_avg
2024,COL,453568.0,Charlie Blackmon,499,3.0,True,MLB,onbase_obp_minus_avg
2024,COL,669911.0,Michael Toglia,458,1.0,True,MLB,onbase_obp_minus_avg
2024,DET,682985.0,Riley Greene,584,1.0,True,MLB,onbase_obp_minus_avg
2024,DET,663837.0,Matt Vierling,567,2.0,False,MLB,onbase_obp_minus_avg
2024,DET,592192.0,Mark Canha,377,3.0,True,MLB,onbase_obp_minus_avg
2024,HOU,670541.0,Yordan Alvarez,635,2.0,True,MLB,onbase_obp_minus_avg
2024,HOU,514888.0,Jose Altuve,682,3.0,False,MLB,onbase_obp_minus_avg
2024,HOU,663656.0,Kyle Tucker,339,1.0,True,MLB,onbase_obp_minus_avg
2024,KC,677951.0,Bobby Witt Jr.,709,1.0,False,MLB,onbase_obp_minus_avg
2024,KC,521692.0,Salvador Perez,652,2.0,False,MLB,onbase_obp_minus_avg
2024,KC,686469.0,Vinnie Pasquantino,554,3.0,False,MLB,onbase_obp_minus_avg
2024,LAD,660271.0,Shohei Ohtani,731,1.0,True,MLB,onbase_obp_minus_avg
2024,LAD,605141.0,Mookie Betts,516,2.0,True,MLB,onbase_obp_minus_avg
2024,LAD,518692.0,Freddie Freeman,638,3.0,True,MLB,onbase_obp_minus_avg
2024,WSH,671277.0,Luis García Jr.,528,2.0,False,MLB,onbase_obp_minus_avg
2024,WSH,695578.0,James Wood,336,1.0,True,MLB,onbase_obp_minus_avg
2024,WSH,657041.0,Lane Thomas,341,3.0,True,MLB,onbase_obp_minus_avg
2024,NYM,596019.0,Francisco Lindor,689,1.0,True,MLB,onbase_obp_minus_avg
2024,NYM,668901.0,Mark Vientos,454,2.0,False,MLB,onbase_obp_minus_avg
2024,NYM,624413.0,Pete Alonso,695,3.0,True,MLB,onbase_obp_minus_avg
2025,ATH,701762.0,Nick Kurtz,489,1.0,True,MLB,onbase_obp_minus_avg
2025,ATH,669127.0,Shea Langeliers,523,2.0,False,MLB,onbase_obp_minus_avg
2025,ATH,691016.0,Tyler Soderstrom,624,3.0,True,MLB,onbase_obp_minus_avg
2025,PIT,687462.0,Spencer Horwitz,411,1.0,True,MLB,onbase_obp_minus_avg
2025,PIT,663698.0,Joey Bart,332,2.0,True,MLB,onbase_obp_minus_avg
2025,PIT,668804.0,Bryan Reynolds,654,3.0,True,MLB,onbase_obp_minus_avg
2025,SD,592518.0,Manny Machado,678,2.0,False,MLB,onbase_obp_minus_avg
2025,SD,665487.0,Fernando Tatis Jr.,691,1.0,True,MLB,onbase_obp_minus_avg
2025,SD,630105.0,Jake Cronenworth,515,3.0,True,MLB,onbase_obp_minus_avg
2025,SEA,677594.0,Julio Rodríguez,710,3.0,False,MLB,onbase_obp_minus_avg
2025,SEA,593871.0,Jorge Polanco,524,2.0,False,MLB,onbase_obp_minus_avg
2025,SEA,663728.0,Cal Raleigh,705,1.0,True,MLB,onbase_obp_minus_avg
2025,SF,646240.0,Rafael Devers,395,1.0,True,MLB,onbase_obp_minus_avg
2025,SF,656305.0,Matt Chapman,535,2.0,True,MLB,onbase_obp_minus_avg
2025,SF,642715.0,Willy Adames,686,3.0,True,MLB,onbase_obp_minus_avg
2025,STL,676475.0,Alec Burleson,546,2.0,False,MLB,onbase_obp_minus_avg
2025,STL,671056.0,Iván Herrera,452,1.0,True,MLB,onbase_obp_minus_avg
2025,STL,575929.0,Willson Contreras,563,3.0,True,MLB,onbase_obp_minus_avg
2025,TB,666018.0,Jonathan Aranda,422,1.0,True,MLB,onbase_obp_minus_avg
2025,TB,650490.0,Yandy Díaz,651,2.0,False,MLB,onbase_obp_minus_avg
2025,TB,691406.0,Junior Caminero,653,3.0,False,MLB,onbase_obp_minus_avg
2025,TEX,608369.0,Corey Seager,445,1.0,True,MLB,onbase_obp_minus_avg
2025,TEX,669701.0,Josh Smith,563,3.0,True,MLB,onbase_obp_minus_avg
2025,TEX,694671.0,Wyatt Langford,573,2.0,True,MLB,onbase_obp_minus_avg
2025,TOR,666182.0,Bo Bichette,628,3.0,False,MLB,onbase_obp_minus_avg
2025,TOR,543807.0,George Springer,586,1.0,True,MLB,onbase_obp_minus_avg
2025,TOR,665489.0,Vladimir Guerrero Jr.,680,2.0,True,MLB,onbase_obp_minus_avg
2025,MIN,680777.0,Ryan Jeffers,464,2.0,True,MLB,onbase_obp_minus_avg
2025,MIN,621439.0,Byron Buxton,542,1.0,False,MLB,onbase_obp_minus_avg
2025,MIN,670242.0,Matt Wallner,392,3.0,True,MLB,onbase_obp_minus_avg
2025,PHI,607208.0,Trea Turner,639,3.0,False,MLB,onbase_obp_minus_avg
2025,PHI,547180.0,Bryce Harper,580,2.0,True,MLB,onbase_obp_minus_avg
2025,PHI,656941.0,Kyle Schwarber,724,1.0,True,MLB,onbase_obp_minus_avg
2025,ATL,660670.0,Ronald Acuña Jr.,412,1.0,True,MLB,onbase_obp_minus_avg
2025,ATL,686948.0,Drake Baldwin,446,3.0,False,MLB,onbase_obp_minus_avg
2025,ATL,621566.0,Matt Olson,724,2.0,True,MLB,onbase_obp_minus_avg
2025,CWS,643565.0,Mike Tauchman,385,1.0,True,MLB,onbase_obp_minus_avg
2025,CWS,643217.0,Andrew Benintendi,470,2.0,False,MLB,onbase_obp_minus_avg
2025,CWS,678246.0,Miguel Vargas,569,3.0,True,MLB,onbase_obp_minus_avg
2025,MIA,669065.0,Kyle Stowers,457,1.0,True,MLB,onbase_obp_minus_avg
2025,MIA,669364.0,Xavier Edwards,619,3.0,False,MLB,onbase_obp_minus_avg
2025,MIA,689414.0,Liam Hicks,390,2.0,True,MLB,onbase_obp_minus_avg
2025,NYY,592450.0,Aaron Judge,679,1.0,True,MLB,onbase_obp_minus_avg
2025,NYY,700250.0,Ben Rice,530,2.0,True,MLB,onbase_obp_minus_avg
2025,NYY,663757.0,Trent Grisham,581,3.0,True,MLB,onbase_obp_minus_avg
2025,MIL,668930.0,Brice Turang,659,1.0,True,MLB,onbase_obp_minus_avg
2025,MIL,592885.0,Christian Yelich,644,3.0,True,MLB,onbase_obp_minus_avg
2025,MIL,686555.0,Isaac Collins,441,2.0,True,MLB,onbase_obp_minus_avg
2025,LAA,687263.0,Zach Neto,554,3.0,False,MLB,onbase_obp_minus_avg
2025,LAA,545361.0,Mike Trout,556,1.0,True,MLB,onbase_obp_minus_avg
2025,LAA,621493.0,Taylor Ward,663,2.0,True,MLB,onbase_obp_minus_avg
2025,AZ,672695.0,Geraldo Perdomo,720,2.0,True,MLB,onbase_obp_minus_avg
2025,AZ,606466.0,Ketel Marte,556,1.0,True,MLB,onbase_obp_minus_avg
2025,AZ,682998.0,Corbin Carroll,642,3.0,True,MLB,onbase_obp_minus_avg
2025,BAL,683002.0,Gunnar Henderson,651,1.0,True,MLB,onbase_obp_minus_avg
2025,BAL,676059.0,Jordan Westburg,352,2.0,False,MLB,onbase_obp_minus_avg
2025,BAL,702616.0,Jackson Holliday,649,3.0,True,MLB,onbase_obp_minus_avg
2025,BOS,663853.0,Romy Gonzalez,341,3.0,False,MLB,onbase_obp_minus_avg
2025,BOS,701350.0,Roman Anthony,303,1.0,True,MLB,onbase_obp_minus_avg
2025,BOS,608324.0,Alex Bregman,495,2.0,True,MLB,onbase_obp_minus_avg
2025,CHC,663656.0,Kyle Tucker,597,2.0,True,MLB,onbase_obp_minus_avg
2025,CHC,683737.0,Michael Busch,592,1.0,True,MLB,onbase_obp_minus_avg
2025,CHC,673548.0,Seiya Suzuki,651,3.0,True,MLB,onbase_obp_minus_avg
2025,CIN,669720.0,Austin Hays,416,3.0,False,MLB,onbase_obp_minus_avg
2025,CIN,682829.0,Elly De La Cruz,699,2.0,True,MLB,onbase_obp_minus_avg
2025,CIN,670770.0,TJ Friedl,685,1.0,True,MLB,onbase_obp_minus_avg
2025,CLE,608070.0,José Ramírez,673,1.0,True,MLB,onbase_obp_minus_avg
2025,CLE,680757.0,Steven Kwan,693,3.0,False,MLB,onbase_obp_minus_avg
2025,CLE,700932.0,Kyle Manzardo,531,2.0,True,MLB,onbase_obp_minus_avg
2025,COL,671289.0,Tyler Freeman,428,3.0,True,MLB,onbase_obp_minus_avg
2025,COL,696100.0,Hunter Goodman,579,1.0,False,MLB,onbase_obp_minus_avg
2025,COL,666160.0,Mickey Moniak,461,2.0,False,MLB,onbase_obp_minus_avg
2025,DET,682985.0,Riley Greene,655,1.0,False,MLB,onbase_obp_minus_avg
2025,DET,650402.0,Gleyber Torres,628,3.0,True,MLB,onbase_obp_minus_avg
2025,DET,679529.0,Spencer Torkelson,649,2.0,True,MLB,onbase_obp_minus_avg
2025,HOU,665161.0,Jeremy Peña,543,1.0,False,MLB,onbase_obp_minus_avg
2025,HOU,514888.0,Jose Altuve,654,3.0,False,MLB,onbase_obp_minus_avg
2025,HOU,670623.0,Isaac Paredes,438,2.0,True,MLB,onbase_obp_minus_avg
2025,KC,677951.0,Bobby Witt Jr.,687,1.0,False,MLB,onbase_obp_minus_avg
2025,KC,672580.0,Maikel Garcia,666,2.0,False,MLB,onbase_obp_minus_avg
2025,KC,686469.0,Vinnie Pasquantino,682,3.0,False,MLB,onbase_obp_minus_avg
2025,LAD,669257.0,Will Smith,436,2.0,True,MLB,onbase_obp_minus_avg
2025,LAD,518692.0,Freddie Freeman,627,3.0,True,MLB,onbase_obp_minus_avg
2025,LAD,660271.0,Shohei Ohtani,727,1.0,True,MLB,onbase_obp_minus_avg
2025,WSH,695734.0,Daylen Lile,351,1.0,False,MLB,onbase_obp_minus_avg
2025,WSH,695578.0,James Wood,689,2.0,True,MLB,onbase_obp_minus_avg
2025,WSH,605137.0,Josh Bell,533,3.0,True,MLB,onbase_obp_minus_avg
2025,NYM,624413.0,Pete Alonso,709,2.0,True,MLB,onbase_obp_minus_avg
2025,NYM,596019.0,Francisco Lindor,732,3.0,True,MLB,onbase_obp_minus_avg
2025,NYM,665742.0,Juan Soto,715,1.0,True,MLB,onbase_obp_minus_avg
2021,OAK,643393.0,Tony Kemp,397,2.0,True,MLB,prod_woba
2021,OAK,621566.0,Matt Olson,673,1.0,True,MLB,prod_woba
2021,OAK,592192.0,Mark Canha,625,3.0,True,MLB,prod_woba
2021,PIT,624428.0,Adam Frazier,428,2.0,True,MLB,prod_woba
2021,PIT,668804.0,Bryan Reynolds,646,1.0,True,MLB,prod_woba
2021,PIT,592325.0,Ben Gamel,383,3.0,True,MLB,prod_woba
2021,SD,665487.0,Fernando Tatis Jr.,546,1.0,True,MLB,prod_woba
2021,SD,592518.0,Manny Machado,640,2.0,True,MLB,prod_woba
2021,SD,630105.0,Jake Cronenworth,643,3.0,True,MLB,prod_woba
2021,SEA,664034.0,Ty France,650,1.0,True,MLB,prod_woba
2021,SEA,641487.0,J.P. Crawford,687,3.0,True,MLB,prod_woba
2021,SEA,571745.0,Mitch Haniger,691,2.0,True,MLB,prod_woba
2021,SF,457763.0,Buster Posey,454,3.0,True,MLB,prod_woba
2021,SF,474832.0,Brandon Belt,381,1.0,True,MLB,prod_woba
2021,SF,573131.0,Darin Ruf,312,2.0,True,MLB,prod_woba
2021,STL,502671.0,Paul Goldschmidt,679,2.0,True,MLB,prod_woba
2021,STL,641933.0,Tyler O'Neill,537,1.0,True,MLB,prod_woba
2021,STL,666185.0,Dylan Carlson,619,3.0,True,MLB,prod_woba
2021,TB,668227.0,Randy Arozarena,604,3.0,True,MLB,prod_woba
2021,TB,664040.0,Brandon Lowe,615,1.0,True,MLB,prod_woba
2021,TB,572287.0,Mike Zunino,375,2.0,False,MLB,prod_woba
2021,TEX,663993.0,Nathaniel Lowe,642,2.0,True,MLB,prod_woba
2021,TEX,666969.0,Adolis García,622,3.0,False,MLB,prod_woba
2021,TEX,608336.0,Joey Gallo,388,1.0,True,MLB,prod_woba
2021,TOR,665489.0,Vladimir Guerrero Jr.,698,1.0,True,MLB,prod_woba
2021,TOR,606192.0,Teoscar Hernández,595,3.0,True,MLB,prod_woba
2021,TOR,543807.0,George Springer,342,2.0,True,MLB,prod_woba
2021,MIN,443558.0,Nelson Cruz,346,1.0,True,MLB,prod_woba
2021,MIN,593871.0,Jorge Polanco,644,3.0,True,MLB,prod_woba
2021,MIN,518626.0,Josh Donaldson,543,2.0,True,MLB,prod_woba
2021,PHI,547180.0,Bryce Harper,599,1.0,True,MLB,prod_woba
2021,PHI,516416.0,Jean Segura,567,3.0,True,MLB,prod_woba
2021,PHI,656555.0,Rhys Hoskins,443,2.0,True,MLB,prod_woba
2021,ATL,663586.0,Austin Riley,662,3.0,True,MLB,prod_woba
2021,ATL,518692.0,Freddie Freeman,695,2.0,True,MLB,prod_woba
2021,ATL,660670.0,Ronald Acuña Jr.,360,1.0,True,MLB,prod_woba
2021,CWS,660162.0,Yoán Moncada,616,3.0,True,MLB,prod_woba
2021,CWS,547989.0,José Abreu,659,2.0,True,MLB,prod_woba
2021,CWS,518735.0,Yasmani Grandal,375,1.0,True,MLB,prod_woba
2021,MIA,542583.0,Jesús Aguilar,510,1.0,True,MLB,prod_woba
2021,MIA,665862.0,Jazz Chisholm Jr.,507,3.0,False,MLB,prod_woba
2021,MIA,594807.0,Adam Duvall,339,2.0,False,MLB,prod_woba
2021,NYY,592450.0,Aaron Judge,633,1.0,True,MLB,prod_woba
2021,NYY,519317.0,Giancarlo Stanton,579,2.0,True,MLB,prod_woba
2021,NYY,518934.0,DJ LeMahieu,679,3.0,True,MLB,prod_woba
2021,MIL,642715.0,Willy Adames,413,1.0,True,MLB,prod_woba
2021,MIL,541645.0,Avisaíl García,515,2.0,True,MLB,prod_woba
2021,MIL,649966.0,Luis Urías,570,3.0,True,MLB,prod_woba
2021,LAA,665120.0,Jared Walsh,585,2.0,True,MLB,prod_woba
2021,LAA,660271.0,Shohei Ohtani,639,1.0,True,MLB,prod_woba
2021,LAA,545358.0,Max Stassi,319,3.0,True,MLB,prod_woba
2021,AZ,606466.0,Ketel Marte,374,1.0,True,MLB,prod_woba
2021,AZ,668942.0,Josh Rojas,550,3.0,True,MLB,prod_woba
2021,AZ,608348.0,Carson Kelly,359,2.0,True,MLB,prod_woba
2021,BAL,656775.0,Cedric Mullins,675,1.0,True,MLB,prod_woba
2021,BAL,669720.0,Austin Hays,529,3.0,False,MLB,prod_woba
2021,BAL,663624.0,Ryan Mountcastle,586,2.0,False,MLB,prod_woba
2021,BOS,593428.0,Xander Bogaerts,603,2.0,True,MLB,prod_woba
2021,BOS,502110.0,J.D. Martinez,634,3.0,True,MLB,prod_woba
2021,BOS,646240.0,Rafael Devers,664,1.0,True,MLB,prod_woba
2021,CHC,542364.0,Rafael Ortega,330,2.0,True,MLB,prod_woba
2021,CHC,592178.0,Kris Bryant,374,1.0,True,MLB,prod_woba
2021,CHC,621550.0,Patrick Wisdom,375,3.0,False,MLB,prod_woba
2021,CIN,592206.0,Nick Castellanos,585,3.0,True,MLB,prod_woba
2021,CIN,608385.0,Jesse Winker,485,1.0,True,MLB,prod_woba
2021,CIN,458015.0,Joey Votto,533,2.0,True,MLB,prod_woba
2021,CLE,608070.0,José Ramírez,636,1.0,True,MLB,prod_woba
2021,CLE,614177.0,Franmil Reyes,466,2.0,True,MLB,prod_woba
2021,CLE,514917.0,César Hernández,420,3.0,False,MLB,prod_woba
2021,COL,663898.0,Brendan Rodgers,415,3.0,True,MLB,prod_woba
2021,COL,543068.0,C.J. Cron,547,1.0,True,MLB,prod_woba
2021,COL,596115.0,Trevor Story,595,2.0,True,MLB,prod_woba
2021,DET,600869.0,Jeimer Candelario,626,1.0,True,MLB,prod_woba
2021,DET,668731.0,Akil Baddoo,461,3.0,True,MLB,prod_woba
2021,DET,543257.0,Robbie Grossman,671,2.0,True,MLB,prod_woba
2021,HOU,663656.0,Kyle Tucker,567,1.0,True,MLB,prod_woba
2021,HOU,621043.0,Carlos Correa,640,3.0,True,MLB,prod_woba
2021,HOU,670541.0,Yordan Alvarez,598,2.0,True,MLB,prod_woba
2021,KC,670032.0,Nicky Lopez,565,2.0,True,MLB,prod_woba
2021,KC,643217.0,Andrew Benintendi,538,3.0,True,MLB,prod_woba
2021,KC,521692.0,Salvador Perez,665,1.0,False,MLB,prod_woba
2021,LAD,608369.0,Corey Seager,409,1.0,True,MLB,prod_woba
2021,LAD,572041.0,AJ Pollock,422,3.0,True,MLB,prod_woba
2021,LAD,571970.0,Max Muncy,592,2.0,True,MLB,prod_woba
2021,WSH,607208.0,Trea Turner,420,3.0,True,MLB,prod_woba
2021,WSH,665742.0,Juan Soto,654,1.0,True,MLB,prod_woba
2021,WSH,656941.0,Kyle Schwarber,303,2.0,True,MLB,prod_woba
2021,NYM,607043.0,Brandon Nimmo,386,1.0,True,MLB,prod_woba
2021,NYM,624413.0,Pete Alonso,637,2.0,True,MLB,prod_woba
2021,NYM,624424.0,Michael Conforto,479,3.0,True,MLB,prod_woba
2022,OAK,669221.0,Sean Murphy,612,1.0,True,MLB,prod_woba
2022,OAK,462101.0,Elvis Andrus,386,3.0,False,MLB,prod_woba
2022,OAK,664913.0,Seth Brown,555,2.0,False,MLB,prod_woba
2022,PIT,668804.0,Bryan Reynolds,614,1.0,True,MLB,prod_woba
2022,PIT,665833.0,Oneil Cruz,361,2.0,False,MLB,prod_woba
2022,PIT,669261.0,Jack Suwinski,372,3.0,False,MLB,prod_woba
2022,SD,592518.0,Manny Machado,644,1.0,True,MLB,prod_woba
2022,SD,595777.0,Jurickson Profar,658,2.0,True,MLB,prod_woba
2022,SD,572228.0,Luke Voit,344,3.0,True,MLB,prod_woba
2022,SEA,677594.0,Julio Rodríguez,560,1.0,True,MLB,prod_woba
2022,SEA,664034.0,Ty France,613,3.0,True,MLB,prod_woba
2022,SEA,553993.0,Eugenio Suárez,629,2.0,True,MLB,prod_woba
2022,SF,592626.0,Joc Pederson,433,1.0,True,MLB,prod_woba
2022,SF,596103.0,Austin Slater,325,2.0,True,MLB,prod_woba
2022,SF,642731.0,Thairo Estrada,541,3.0,True,MLB,prod_woba
2022,STL,502671.0,Paul Goldschmidt,651,1.0,True,MLB,prod_woba
2022,STL,571448.0,Nolan Arenado,620,2.0,True,MLB,prod_woba
2022,STL,405395.0,Albert Pujols,351,3.0,True,MLB,prod_woba
2022,TB,623912.0,Harold Ramírez,435,3.0,True,MLB,prod_woba
2022,TB,650490.0,Yandy Díaz,558,1.0,True,MLB,prod_woba
2022,TB,668227.0,Randy Arozarena,645,2.0,True,MLB,prod_woba
2022,TEX,663993.0,Nathaniel Lowe,645,1.0,True,MLB,prod_woba
2022,TEX,666969.0,Adolis García,657,3.0,False,MLB,prod_woba
2022,TEX,608369.0,Corey Seager,663,2.0,True,MLB,prod_woba
2022,TOR,672386.0,Alejandro Kirk,541,3.0,True,MLB,prod_woba
2022,TOR,665489.0,Vladimir Guerrero Jr.,706,2.0,True,MLB,prod_woba
2022,TOR,543807.0,George Springer,583,1.0,True,MLB,prod_woba
2022,MIN,650333.0,Luis Arraez,603,3.0,True,MLB,prod_woba
2022,MIN,621043.0,Carlos Correa,590,1.0,True,MLB,prod_woba
2022,MIN,621439.0,Byron Buxton,382,2.0,False,MLB,prod_woba
2022,PHI,547180.0,Bryce Harper,426,1.0,True,MLB,prod_woba
2022,PHI,592663.0,J.T. Realmuto,562,3.0,True,MLB,prod_woba
2022,PHI,656941.0,Kyle Schwarber,669,2.0,True,MLB,prod_woba
2022,ATL,671739.0,Michael Harris II,441,3.0,True,MLB,prod_woba
2022,ATL,661388.0,William Contreras,376,2.0,True,MLB,prod_woba
2022,ATL,663586.0,Austin Riley,693,1.0,True,MLB,prod_woba
2022,CWS,547989.0,José Abreu,679,2.0,True,MLB,prod_woba
2022,CWS,650391.0,Eloy Jiménez,327,1.0,True,MLB,prod_woba
2022,CWS,683734.0,Andrew Vaughn,555,3.0,True,MLB,prod_woba
2022,MIA,643265.0,Garrett Cooper,469,1.0,True,MLB,prod_woba
2022,MIA,650559.0,Bryan De La Cruz,355,2.0,False,MLB,prod_woba
2022,MIA,624585.0,Jorge Soler,306,3.0,False,MLB,prod_woba
2022,NYY,592450.0,Aaron Judge,696,1.0,True,MLB,prod_woba
2022,NYY,518934.0,DJ LeMahieu,541,3.0,True,MLB,prod_woba
2022,NYY,519203.0,Anthony Rizzo,548,2.0,True,MLB,prod_woba
2022,MIL,592669.0,Hunter Renfroe,522,1.0,True,MLB,prod_woba
2022,MIL,592885.0,Christian Yelich,671,3.0,True,MLB,prod_woba
2022,MIL,543939.0,Kolten Wong,497,2.0,True,MLB,prod_woba
2022,LAA,545361.0,Mike Trout,499,1.0,True,MLB,prod_woba
2022,LAA,621493.0,Taylor Ward,564,3.0,True,MLB,prod_woba
2022,LAA,660271.0,Shohei Ohtani,666,2.0,True,MLB,prod_woba
2022,AZ,664983.0,Jake McCarthy,354,2.0,True,MLB,prod_woba
2022,AZ,444482.0,David Peralta,310,3.0,True,MLB,prod_woba
2022,AZ,572233.0,Christian Walker,667,1.0,True,MLB,prod_woba
2022,BAL,641820.0,Trey Mancini,401,3.0,True,MLB,prod_woba
2022,BAL,668939.0,Adley Rutschman,470,1.0,True,MLB,prod_woba
2022,BAL,623993.0,Anthony Santander,647,2.0,True,MLB,prod_woba
2022,BOS,593428.0,Xander Bogaerts,631,2.0,True,MLB,prod_woba
2022,BOS,646240.0,Rafael Devers,614,1.0,True,MLB,prod_woba
2022,BOS,502110.0,J.D. Martinez,596,3.0,True,MLB,prod_woba
2022,CHC,664023.0,Ian Happ,641,2.0,True,MLB,prod_woba
2022,CHC,673548.0,Seiya Suzuki,446,3.0,True,MLB,prod_woba
2022,CHC,575929.0,Willson Contreras,487,1.0,True,MLB,prod_woba
2022,CIN,456781.0,Donovan Solano,304,2.0,True,MLB,prod_woba
2022,CIN,592273.0,Brandon Drury,385,1.0,True,MLB,prod_woba
2022,CIN,663697.0,Jonathan India,431,3.0,True,MLB,prod_woba
2022,CLE,680757.0,Steven Kwan,638,3.0,True,MLB,prod_woba
2022,CLE,665926.0,Andrés Giménez,557,1.0,True,MLB,prod_woba
2022,CLE,608070.0,José Ramírez,685,2.0,True,MLB,prod_woba
2022,COL,602074.0,Yonathan Daza,408,3.0,True,MLB,prod_woba
2022,COL,543068.0,C.J. Cron,632,1.0,True,MLB,prod_woba
2022,COL,641857.0,Ryan McMahon,597,2.0,True,MLB,prod_woba
2022,DET,605612.0,Harold Castro,443,3.0,False,MLB,prod_woba
2022,DET,606992.0,Eric Haase,351,1.0,False,MLB,prod_woba
2022,DET,682985.0,Riley Greene,418,2.0,True,MLB,prod_woba
2022,HOU,670541.0,Yordan Alvarez,561,1.0,True,MLB,prod_woba
2022,HOU,514888.0,Jose Altuve,604,2.0,True,MLB,prod_woba
2022,HOU,608324.0,Alex Bregman,656,3.0,True,MLB,prod_woba
2022,KC,643217.0,Andrew Benintendi,390,1.0,True,MLB,prod_woba
2022,KC,521692.0,Salvador Perez,473,2.0,False,MLB,prod_woba
2022,KC,669004.0,MJ Melendez,534,3.0,True,MLB,prod_woba
2022,LAD,518692.0,Freddie Freeman,708,1.0,True,MLB,prod_woba
2022,LAD,605141.0,Mookie Betts,639,2.0,True,MLB,prod_woba
2022,LAD,669257.0,Will Smith,578,3.0,True,MLB,prod_woba
2022,WSH,605137.0,Josh Bell,437,2.0,True,MLB,prod_woba
2022,WSH,628450.0,Yadiel Hernandez,327,3.0,True,MLB,prod_woba
2022,WSH,665742.0,Juan Soto,436,1.0,True,MLB,prod_woba
2022,NYM,643446.0,Jeff McNeil,589,2.0,True,MLB,prod_woba
2022,NYM,516782.0,Starling Marte,505,3.0,True,MLB,prod_woba
2022,NYM,624413.0,Pete Alonso,685,1.0,True,MLB,prod_woba
2023,OAK,680869.0,Zack Gelof,300,1.0,True,MLB,prod_woba
2023,OAK,667670.0,Brent Rooker,526,2.0,True,MLB,prod_woba
2023,OAK,676116.0,Ryan Noda,495,3.0,True,MLB,prod_woba
2023,PIT,668804.0,Bryan Reynolds,640,3.0,True,MLB,prod_woba
2023,PIT,457705.0,Andrew McCutchen,473,1.0,True,MLB,prod_woba
2023,PIT,669261.0,Jack Suwinski,534,2.0,True,MLB,prod_woba
2023,SD,593428.0,Xander Bogaerts,665,2.0,True,MLB,prod_woba
2023,SD,665742.0,Juan Soto,708,1.0,True,MLB,prod_woba
2023,SD,592518.0,Manny Machado,601,3.0,False,MLB,prod_woba
2023,SEA,677594.0,Julio Rodríguez,714,2.0,True,MLB,prod_woba
2023,SEA,641487.0,J.P. Crawford,638,1.0,True,MLB,prod_woba
2023,SEA,663728.0,Cal Raleigh,569,3.0,False,MLB,prod_woba
2023,SF,527038.0,Wilmer Flores,454,1.0,True,MLB,prod_woba
2023,SF,664774.0,LaMonte Wade Jr.,519,2.0,True,MLB,prod_woba
2023,SF,573262.0,Mike Yastrzemski,381,3.0,True,MLB,prod_woba
2023,STL,502671.0,Paul Goldschmidt,687,2.0,True,MLB,prod_woba
2023,STL,575929.0,Willson Contreras,495,1.0,True,MLB,prod_woba
2023,STL,663457.0,Lars Nootbaar,503,3.0,True,MLB,prod_woba
2023,TB,650490.0,Yandy Díaz,600,1.0,True,MLB,prod_woba
2023,TB,666139.0,Josh Lowe,501,3.0,True,MLB,prod_woba
2023,TB,670623.0,Isaac Paredes,571,2.0,True,MLB,prod_woba
2023,TEX,608369.0,Corey Seager,536,1.0,True,MLB,prod_woba
2023,TEX,543760.0,Marcus Semien,753,3.0,True,MLB,prod_woba
2023,TEX,641598.0,Mitch Garver,344,2.0,True,MLB,prod_woba
2023,TOR,666182.0,Bo Bichette,601,2.0,True,MLB,prod_woba
2023,TOR,665489.0,Vladimir Guerrero Jr.,682,3.0,True,MLB,prod_woba
2023,TOR,474832.0,Brandon Belt,404,1.0,True,MLB,prod_woba
2023,MIN,680777.0,Ryan Jeffers,335,1.0,True,MLB,prod_woba
2023,MIN,666397.0,Edouard Julien,408,2.0,True,MLB,prod_woba
2023,MIN,596146.0,Max Kepler,491,3.0,True,MLB,prod_woba
2023,PHI,547180.0,Bryce Harper,546,1.0,True,MLB,prod_woba
2023,PHI,669016.0,Brandon Marsh,472,2.0,True,MLB,prod_woba
2023,PHI,656941.0,Kyle Schwarber,720,3.0,True,MLB,prod_woba
2023,ATL,660670.0,Ronald Acuña Jr.,735,1.0,True,MLB,prod_woba
2023,ATL,621566.0,Matt Olson,720,2.0,True,MLB,prod_woba
2023,ATL,542303.0,Marcell Ozuna,592,3.0,True,MLB,prod_woba
2023,CWS,650391.0,Eloy Jiménez,489,3.0,False,MLB,prod_woba
2023,CWS,673357.0,Luis Robert Jr.,595,1.0,False,MLB,prod_woba
2023,CWS,669394.0,Jake Burger,323,2.0,False,MLB,prod_woba
2023,MIA,650333.0,Luis Arraez,617,1.0,True,MLB,prod_woba
2023,MIA,660821.0,Jesús Sánchez,402,3.0,True,MLB,prod_woba
2023,MIA,624585.0,Jorge Soler,580,2.0,True,MLB,prod_woba
2023,NYY,650402.0,Gleyber Torres,672,2.0,True,MLB,prod_woba
2023,NYY,592450.0,Aaron Judge,458,1.0,True,MLB,prod_woba
2023,NYY,518934.0,DJ LeMahieu,562,3.0,True,MLB,prod_woba
2023,MIL,661388.0,William Contreras,611,1.0,True,MLB,prod_woba
2023,MIL,592885.0,Christian Yelich,632,2.0,True,MLB,prod_woba
2023,MIL,642715.0,Willy Adames,638,3.0,False,MLB,prod_woba
2023,LAA,660271.0,Shohei Ohtani,599,1.0,True,MLB,prod_woba
2023,LAA,650859.0,Luis Rengifo,445,3.0,True,MLB,prod_woba
2023,LAA,545361.0,Mike Trout,362,2.0,True,MLB,prod_woba
2023,AZ,682998.0,Corbin Carroll,645,1.0,True,MLB,prod_woba
2023,AZ,606466.0,Ketel Marte,650,2.0,True,MLB,prod_woba
2023,AZ,572233.0,Christian Walker,661,3.0,True,MLB,prod_woba
2023,BAL,668939.0,Adley Rutschman,687,1.0,True,MLB,prod_woba
2023,BAL,623993.0,Anthony Santander,656,3.0,True,MLB,prod_woba
2023,BAL,683002.0,Gunnar Henderson,622,2.0,True,MLB,prod_woba
2023,BOS,680776.0,Jarren Duran,362,3.0,True,MLB,prod_woba
2023,BOS,646240.0,Rafael Devers,656,2.0,True,MLB,prod_woba
2023,BOS,671213.0,Triston Casas,502,1.0,True,MLB,prod_woba
2023,CHC,641355.0,Cody Bellinger,556,1.0,True,MLB,prod_woba
2023,CHC,673548.0,Seiya Suzuki,583,2.0,True,MLB,prod_woba
2023,CHC,664023.0,Ian Happ,691,3.0,True,MLB,prod_woba
2023,CIN,680574.0,Matt McLain,403,2.0,True,MLB,prod_woba
2023,CIN,666181.0,Will Benson,329,1.0,True,MLB,prod_woba
2023,CIN,668715.0,Spencer Steer,665,3.0,True,MLB,prod_woba
2023,CLE,647304.0,Josh Naylor,495,1.0,True,MLB,prod_woba
2023,CLE,608070.0,José Ramírez,691,2.0,True,MLB,prod_woba
2023,CLE,680757.0,Steven Kwan,718,3.0,True,MLB,prod_woba
2023,COL,666134.0,Nolan Jones,424,1.0,True,MLB,prod_woba
2023,COL,453568.0,Charlie Blackmon,413,2.0,True,MLB,prod_woba
2023,COL,641857.0,Ryan McMahon,627,3.0,True,MLB,prod_woba
2023,DET,682985.0,Riley Greene,416,2.0,True,MLB,prod_woba
2023,DET,681481.0,Kerry Carpenter,459,1.0,True,MLB,prod_woba
2023,DET,679529.0,Spencer Torkelson,684,3.0,False,MLB,prod_woba
2023,HOU,514888.0,Jose Altuve,410,2.0,True,MLB,prod_woba
2023,HOU,670541.0,Yordan Alvarez,496,1.0,True,MLB,prod_woba
2023,HOU,663656.0,Kyle Tucker,674,3.0,True,MLB,prod_woba
2023,KC,677951.0,Bobby Witt Jr.,694,1.0,False,MLB,prod_woba
2023,KC,658668.0,Edward Olivares,385,2.0,False,MLB,prod_woba
2023,KC,669004.0,MJ Melendez,602,3.0,False,MLB,prod_woba
2023,LAD,518692.0,Freddie Freeman,730,2.0,True,MLB,prod_woba
2023,LAD,605141.0,Mookie Betts,693,1.0,True,MLB,prod_woba
2023,LAD,502110.0,J.D. Martinez,479,3.0,True,MLB,prod_woba
2023,WSH,608841.0,Joey Meneses,657,3.0,True,MLB,prod_woba
2023,WSH,657041.0,Lane Thomas,682,2.0,False,MLB,prod_woba
2023,WSH,600869.0,Jeimer Candelario,419,1.0,True,MLB,prod_woba
2023,NYM,607043.0,Brandon Nimmo,682,1.0,True,MLB,prod_woba
2023,NYM,596019.0,Francisco Lindor,687,2.0,True,MLB,prod_woba
2023,NYM,624413.0,Pete Alonso,658,3.0,False,MLB,prod_woba
2024,OAK,667670.0,Brent Rooker,614,1.0,True,MLB,prod_woba
2024,OAK,671732.0,Lawrence Butler,451,2.0,True,MLB,prod_woba
2024,OAK,668709.0,JJ Bleday,642,3.0,True,MLB,prod_woba
2024,PIT,668804.0,Bryan Reynolds,692,1.0,True,MLB,prod_woba
2024,PIT,665833.0,Oneil Cruz,599,2.0,True,MLB,prod_woba
2024,PIT,457705.0,Andrew McCutchen,515,3.0,True,MLB,prod_woba
2024,SD,701538.0,Jackson Merrill,593,3.0,True,MLB,prod_woba
2024,SD,595777.0,Jurickson Profar,668,1.0,True,MLB,prod_woba
2024,SD,665487.0,Fernando Tatis Jr.,438,2.0,True,MLB,prod_woba
2024,SEA,677594.0,Julio Rodríguez,613,3.0,True,MLB,prod_woba
2024,SEA,670042.0,Luke Raley,455,1.0,True,MLB,prod_woba
2024,SEA,663728.0,Cal Raleigh,628,2.0,True,MLB,prod_woba
2024,SF,666149.0,Tyler Fitzgerald,341,1.0,True,MLB,prod_woba
2024,SF,664774.0,LaMonte Wade Jr.,401,3.0,True,MLB,prod_woba
2024,SF,656305.0,Matt Chapman,647,2.0,True,MLB,prod_woba
2024,STL,680977.0,Brendan Donovan,652,2.0,True,MLB,prod_woba
2024,STL,575929.0,Willson Contreras,358,1.0,True,MLB,prod_woba
2024,STL,663457.0,Lars Nootbaar,405,3.0,True,MLB,prod_woba
2024,TB,650490.0,Yandy Díaz,621,2.0,True,MLB,prod_woba
2024,TB,664040.0,Brandon Lowe,425,1.0,False,MLB,prod_woba
2024,TB,680700.0,Richie Palacios,316,3.0,True,MLB,prod_woba
2024,TEX,608369.0,Corey Seager,533,1.0,True,MLB,prod_woba
2024,TEX,663993.0,Nathaniel Lowe,565,2.0,True,MLB,prod_woba
2024,TEX,669701.0,Josh Smith,592,3.0,True,MLB,prod_woba
2024,TOR,665489.0,Vladimir Guerrero Jr.,697,1.0,True,MLB,prod_woba
2024,TOR,687462.0,Spencer Horwitz,381,2.0,True,MLB,prod_woba
2024,TOR,457759.0,Justin Turner,349,3.0,True,MLB,prod_woba
2024,MIN,621043.0,Carlos Correa,367,1.0,True,MLB,prod_woba
2024,MIN,621439.0,Byron Buxton,388,2.0,True,MLB,prod_woba
2024,MIN,663616.0,Trevor Larnach,400,3.0,True,MLB,prod_woba
2024,PHI,607208.0,Trea Turner,539,3.0,True,MLB,prod_woba
2024,PHI,547180.0,Bryce Harper,631,1.0,True,MLB,prod_woba
2024,PHI,656941.0,Kyle Schwarber,692,2.0,True,MLB,prod_woba
2024,ATL,542303.0,Marcell Ozuna,688,1.0,True,MLB,prod_woba
2024,ATL,663586.0,Austin Riley,469,3.0,True,MLB,prod_woba
2024,ATL,621566.0,Matt Olson,685,2.0,True,MLB,prod_woba
2024,CWS,683734.0,Andrew Vaughn,619,1.0,False,MLB,prod_woba
2024,CWS,657757.0,Gavin Sheets,501,3.0,False,MLB,prod_woba
2024,CWS,643217.0,Andrew Benintendi,522,2.0,False,MLB,prod_woba
2024,MIA,669364.0,Xavier Edwards,303,1.0,True,MLB,prod_woba
2024,MIA,660821.0,Jesús Sánchez,537,3.0,True,MLB,prod_woba
2024,MIA,669394.0,Jake Burger,579,2.0,False,MLB,prod_woba
2024,NYY,592450.0,Aaron Judge,704,1.0,True,MLB,prod_woba
2024,NYY,665742.0,Juan Soto,713,2.0,True,MLB,prod_woba
2024,NYY,519317.0,Giancarlo Stanton,459,3.0,False,MLB,prod_woba
2024,MIL,592885.0,Christian Yelich,315,1.0,True,MLB,prod_woba
2024,MIL,661388.0,William Contreras,679,2.0,True,MLB,prod_woba
2024,MIL,642715.0,Willy Adames,688,3.0,True,MLB,prod_woba
2024,LAA,650859.0,Luis Rengifo,304,1.0,True,MLB,prod_woba
2024,LAA,687263.0,Zach Neto,602,2.0,True,MLB,prod_woba
2024,LAA,621493.0,Taylor Ward,663,3.0,True,MLB,prod_woba
2024,AZ,606466.0,Ketel Marte,583,2.0,True,MLB,prod_woba
2024,AZ,592626.0,Joc Pederson,449,1.0,True,MLB,prod_woba
2024,AZ,572233.0,Christian Walker,552,3.0,True,MLB,prod_woba
2024,BAL,683002.0,Gunnar Henderson,719,1.0,True,MLB,prod_woba
2024,BAL,676059.0,Jordan Westburg,447,3.0,False,MLB,prod_woba
2024,BAL,623993.0,Anthony Santander,665,2.0,False,MLB,prod_woba
2024,BOS,608701.0,Rob Refsnyder,307,3.0,True,MLB,prod_woba
2024,BOS,646240.0,Rafael Devers,601,1.0,True,MLB,prod_woba
2024,BOS,641933.0,Tyler O'Neill,473,2.0,True,MLB,prod_woba
2024,CHC,673548.0,Seiya Suzuki,585,1.0,True,MLB,prod_woba
2024,CHC,683737.0,Michael Busch,567,3.0,True,MLB,prod_woba
2024,CHC,664023.0,Ian Happ,657,2.0,True,MLB,prod_woba
2024,CIN,682829.0,Elly De La Cruz,696,1.0,True,MLB,prod_woba
2024,CIN,663886.0,Tyler Stephenson,515,2.0,True,MLB,prod_woba
2024,CIN,663697.0,Jonathan India,637,3.0,True,MLB,prod_woba
2024,CLE,680757.0,Steven Kwan,540,2.0,True,MLB,prod_woba
2024,CLE,608070.0,José Ramírez,682,1.0,True,MLB,prod_woba
2024,CLE,681807.0,David Fry,392,3.0,True,MLB,prod_woba
2024,COL,686668.0,Brenton Doyle,603,2.0,True,MLB,prod_woba
2024,COL,453568.0,Charlie Blackmon,499,3.0,True,MLB,prod_woba
2024,COL,669911.0,Michael Toglia,458,1.0,False,MLB,prod_woba
2024,DET,682985.0,Riley Greene,584,1.0,True,MLB,prod_woba
2024,DET,663837.0,Matt Vierling,567,2.0,True,MLB,prod_woba
2024,DET,592192.0,Mark Canha,377,3.0,True,MLB,prod_woba
2024,HOU,670541.0,Yordan Alvarez,635,2.0,True,MLB,prod_woba
2024,HOU,514888.0,Jose Altuve,682,3.0,True,MLB,prod_woba
2024,HOU,663656.0,Kyle Tucker,339,1.0,True,MLB,prod_woba
2024,KC,677951.0,Bobby Witt Jr.,709,1.0,True,MLB,prod_woba
2024,KC,521692.0,Salvador Perez,652,2.0,True,MLB,prod_woba
2024,KC,686469.0,Vinnie Pasquantino,554,3.0,True,MLB,prod_woba
2024,LAD,660271.0,Shohei Ohtani,731,1.0,True,MLB,prod_woba
2024,LAD,605141.0,Mookie Betts,516,2.0,True,MLB,prod_woba
2024,LAD,518692.0,Freddie Freeman,638,3.0,True,MLB,prod_woba
2024,WSH,671277.0,Luis García Jr.,528,2.0,True,MLB,prod_woba
2024,WSH,695578.0,James Wood,336,1.0,True,MLB,prod_woba
2024,WSH,657041.0,Lane Thomas,341,3.0,True,MLB,prod_woba
2024,NYM,596019.0,Francisco Lindor,689,1.0,True,MLB,prod_woba
2024,NYM,668901.0,Mark Vientos,454,2.0,True,MLB,prod_woba
2024,NYM,624413.0,Pete Alonso,695,3.0,True,MLB,prod_woba
2025,ATH,701762.0,Nick Kurtz,489,1.0,True,MLB,prod_woba
2025,ATH,669127.0,Shea Langeliers,523,2.0,True,MLB,prod_woba
2025,ATH,691016.0,Tyler Soderstrom,624,3.0,True,MLB,prod_woba
2025,PIT,687462.0,Spencer Horwitz,411,1.0,True,MLB,prod_woba
2025,PIT,663698.0,Joey Bart,332,2.0,True,MLB,prod_woba
2025,PIT,668804.0,Bryan Reynolds,654,3.0,True,MLB,prod_woba
2025,SD,592518.0,Manny Machado,678,2.0,True,MLB,prod_woba
2025,SD,665487.0,Fernando Tatis Jr.,691,1.0,True,MLB,prod_woba
2025,SD,630105.0,Jake Cronenworth,515,3.0,True,MLB,prod_woba
2025,SEA,677594.0,Julio Rodríguez,710,3.0,True,MLB,prod_woba
2025,SEA,593871.0,Jorge Polanco,524,2.0,True,MLB,prod_woba
2025,SEA,663728.0,Cal Raleigh,705,1.0,True,MLB,prod_woba
2025,SF,646240.0,Rafael Devers,395,1.0,True,MLB,prod_woba
2025,SF,656305.0,Matt Chapman,535,2.0,True,MLB,prod_woba
2025,SF,642715.0,Willy Adames,686,3.0,True,MLB,prod_woba
2025,STL,676475.0,Alec Burleson,546,2.0,True,MLB,prod_woba
2025,STL,671056.0,Iván Herrera,452,1.0,True,MLB,prod_woba
2025,STL,575929.0,Willson Contreras,563,3.0,True,MLB,prod_woba
2025,TB,666018.0,Jonathan Aranda,422,1.0,True,MLB,prod_woba
2025,TB,650490.0,Yandy Díaz,651,2.0,True,MLB,prod_woba
2025,TB,691406.0,Junior Caminero,653,3.0,False,MLB,prod_woba
2025,TEX,608369.0,Corey Seager,445,1.0,True,MLB,prod_woba
2025,TEX,669701.0,Josh Smith,563,3.0,True,MLB,prod_woba
2025,TEX,694671.0,Wyatt Langford,573,2.0,True,MLB,prod_woba
2025,TOR,666182.0,Bo Bichette,628,3.0,True,MLB,prod_woba
2025,TOR,543807.0,George Springer,586,1.0,True,MLB,prod_woba
2025,TOR,665489.0,Vladimir Guerrero Jr.,680,2.0,True,MLB,prod_woba
2025,MIN,680777.0,Ryan Jeffers,464,2.0,True,MLB,prod_woba
2025,MIN,621439.0,Byron Buxton,542,1.0,True,MLB,prod_woba
2025,MIN,670242.0,Matt Wallner,392,3.0,False,MLB,prod_woba
2025,PHI,607208.0,Trea Turner,639,3.0,True,MLB,prod_woba
2025,PHI,547180.0,Bryce Harper,580,2.0,True,MLB,prod_woba
2025,PHI,656941.0,Kyle Schwarber,724,1.0,True,MLB,prod_woba
2025,ATL,660670.0,Ronald Acuña Jr.,412,1.0,True,MLB,prod_woba
2025,ATL,686948.0,Drake Baldwin,446,3.0,True,MLB,prod_woba
2025,ATL,621566.0,Matt Olson,724,2.0,True,MLB,prod_woba
2025,CWS,643565.0,Mike Tauchman,385,1.0,True,MLB,prod_woba
2025,CWS,643217.0,Andrew Benintendi,470,2.0,False,MLB,prod_woba
2025,CWS,678246.0,Miguel Vargas,569,3.0,True,MLB,prod_woba
2025,MIA,669065.0,Kyle Stowers,457,1.0,True,MLB,prod_woba
2025,MIA,669364.0,Xavier Edwards,619,3.0,True,MLB,prod_woba
2025,MIA,689414.0,Liam Hicks,390,2.0,True,MLB,prod_woba
2025,NYY,592450.0,Aaron Judge,679,1.0,True,MLB,prod_woba
2025,NYY,700250.0,Ben Rice,530,2.0,True,MLB,prod_woba
2025,NYY,663757.0,Trent Grisham,581,3.0,True,MLB,prod_woba
2025,MIL,668930.0,Brice Turang,659,1.0,True,MLB,prod_woba
2025,MIL,592885.0,Christian Yelich,644,3.0,True,MLB,prod_woba
2025,MIL,686555.0,Isaac Collins,441,2.0,True,MLB,prod_woba
2025,LAA,687263.0,Zach Neto,554,3.0,True,MLB,prod_woba
2025,LAA,545361.0,Mike Trout,556,1.0,True,MLB,prod_woba
2025,LAA,621493.0,Taylor Ward,663,2.0,True,MLB,prod_woba
2025,AZ,672695.0,Geraldo Perdomo,720,2.0,True,MLB,prod_woba
2025,AZ,606466.0,Ketel Marte,556,1.0,True,MLB,prod_woba
2025,AZ,682998.0,Corbin Carroll,642,3.0,True,MLB,prod_woba
2025,BAL,683002.0,Gunnar Henderson,651,1.0,True,MLB,prod_woba
2025,BAL,676059.0,Jordan Westburg,352,2.0,False,MLB,prod_woba
2025,BAL,702616.0,Jackson Holliday,649,3.0,False,MLB,prod_woba
2025,BOS,663853.0,Romy Gonzalez,341,3.0,True,MLB,prod_woba
2025,BOS,701350.0,Roman Anthony,303,1.0,True,MLB,prod_woba
2025,BOS,608324.0,Alex Bregman,495,2.0,True,MLB,prod_woba
2025,CHC,663656.0,Kyle Tucker,597,2.0,True,MLB,prod_woba
2025,CHC,683737.0,Michael Busch,592,1.0,True,MLB,prod_woba
2025,CHC,673548.0,Seiya Suzuki,651,3.0,True,MLB,prod_woba
2025,CIN,669720.0,Austin Hays,416,3.0,True,MLB,prod_woba
2025,CIN,682829.0,Elly De La Cruz,699,2.0,True,MLB,prod_woba
2025,CIN,670770.0,TJ Friedl,685,1.0,True,MLB,prod_woba
2025,CLE,608070.0,José Ramírez,673,1.0,True,MLB,prod_woba
2025,CLE,680757.0,Steven Kwan,693,3.0,True,MLB,prod_woba
2025,CLE,700932.0,Kyle Manzardo,531,2.0,False,MLB,prod_woba
2025,COL,671289.0,Tyler Freeman,428,3.0,True,MLB,prod_woba
2025,COL,696100.0,Hunter Goodman,579,1.0,True,MLB,prod_woba
2025,COL,666160.0,Mickey Moniak,461,2.0,False,MLB,prod_woba
2025,DET,682985.0,Riley Greene,655,1.0,False,MLB,prod_woba
2025,DET,650402.0,Gleyber Torres,628,3.0,True,MLB,prod_woba
2025,DET,679529.0,Spencer Torkelson,649,2.0,True,MLB,prod_woba
2025,HOU,665161.0,Jeremy Peña,543,1.0,True,MLB,prod_woba
2025,HOU,514888.0,Jose Altuve,654,3.0,True,MLB,prod_woba
2025,HOU,670623.0,Isaac Paredes,438,2.0,True,MLB,prod_woba
2025,KC,677951.0,Bobby Witt Jr.,687,1.0,True,MLB,prod_woba
2025,KC,672580.0,Maikel Garcia,666,2.0,True,MLB,prod_woba
2025,KC,686469.0,Vinnie Pasquantino,682,3.0,True,MLB,prod_woba
2025,LAD,669257.0,Will Smith,436,2.0,True,MLB,prod_woba
2025,LAD,518692.0,Freddie Freeman,627,3.0,True,MLB,prod_woba
2025,LAD,660271.0,Shohei Ohtani,727,1.0,True,MLB,prod_woba
2025,WSH,695734.0,Daylen Lile,351,1.0,True,MLB,prod_woba
2025,WSH,695578.0,James Wood,689,2.0,True,MLB,prod_woba
2025,WSH,605137.0,Josh Bell,533,3.0,True,MLB,prod_woba
2025,NYM,624413.0,Pete Alonso,709,2.0,True,MLB,prod_woba
2025,NYM,596019.0,Francisco Lindor,732,3.0,True,MLB,prod_woba
2025,NYM,665742.0,Juan Soto,715,1.0,True,MLB,prod_woba
2021,OAK,643393.0,Tony Kemp,397,2.0,True,MLB,prod_wrc_pf
2021,OAK,621566.0,Matt Olson,673,1.0,True,MLB,prod_wrc_pf
2021,OAK,592192.0,Mark Canha,625,3.0,True,MLB,prod_wrc_pf
2021,PIT,624428.0,Adam Frazier,428,2.0,True,MLB,prod_wrc_pf
2021,PIT,668804.0,Bryan Reynolds,646,1.0,True,MLB,prod_wrc_pf
2021,PIT,592325.0,Ben Gamel,383,3.0,True,MLB,prod_wrc_pf
2021,SD,665487.0,Fernando Tatis Jr.,546,1.0,True,MLB,prod_wrc_pf
2021,SD,592518.0,Manny Machado,640,2.0,True,MLB,prod_wrc_pf
2021,SD,630105.0,Jake Cronenworth,643,3.0,True,MLB,prod_wrc_pf
2021,SEA,664034.0,Ty France,650,1.0,True,MLB,prod_wrc_pf
2021,SEA,641487.0,J.P. Crawford,687,3.0,True,MLB,prod_wrc_pf
2021,SEA,571745.0,Mitch Haniger,691,2.0,True,MLB,prod_wrc_pf
2021,SF,457763.0,Buster Posey,454,3.0,True,MLB,prod_wrc_pf
2021,SF,474832.0,Brandon Belt,381,1.0,True,MLB,prod_wrc_pf
2021,SF,573131.0,Darin Ruf,312,2.0,True,MLB,prod_wrc_pf
2021,STL,502671.0,Paul Goldschmidt,679,2.0,True,MLB,prod_wrc_pf
2021,STL,641933.0,Tyler O'Neill,537,1.0,True,MLB,prod_wrc_pf
2021,STL,666185.0,Dylan Carlson,619,3.0,True,MLB,prod_wrc_pf
2021,TB,668227.0,Randy Arozarena,604,3.0,True,MLB,prod_wrc_pf
2021,TB,664040.0,Brandon Lowe,615,1.0,True,MLB,prod_wrc_pf
2021,TB,572287.0,Mike Zunino,375,2.0,False,MLB,prod_wrc_pf
2021,TEX,663993.0,Nathaniel Lowe,642,2.0,True,MLB,prod_wrc_pf
2021,TEX,666969.0,Adolis García,622,3.0,False,MLB,prod_wrc_pf
2021,TEX,608336.0,Joey Gallo,388,1.0,True,MLB,prod_wrc_pf
2021,TOR,665489.0,Vladimir Guerrero Jr.,698,1.0,True,MLB,prod_wrc_pf
2021,TOR,606192.0,Teoscar Hernández,595,3.0,True,MLB,prod_wrc_pf
2021,TOR,543807.0,George Springer,342,2.0,True,MLB,prod_wrc_pf
2021,MIN,443558.0,Nelson Cruz,346,1.0,True,MLB,prod_wrc_pf
2021,MIN,593871.0,Jorge Polanco,644,3.0,True,MLB,prod_wrc_pf
2021,MIN,518626.0,Josh Donaldson,543,2.0,True,MLB,prod_wrc_pf
2021,PHI,547180.0,Bryce Harper,599,1.0,True,MLB,prod_wrc_pf
2021,PHI,516416.0,Jean Segura,567,3.0,True,MLB,prod_wrc_pf
2021,PHI,656555.0,Rhys Hoskins,443,2.0,True,MLB,prod_wrc_pf
2021,ATL,663586.0,Austin Riley,662,3.0,True,MLB,prod_wrc_pf
2021,ATL,518692.0,Freddie Freeman,695,2.0,True,MLB,prod_wrc_pf
2021,ATL,660670.0,Ronald Acuña Jr.,360,1.0,True,MLB,prod_wrc_pf
2021,CWS,660162.0,Yoán Moncada,616,3.0,True,MLB,prod_wrc_pf
2021,CWS,547989.0,José Abreu,659,2.0,True,MLB,prod_wrc_pf
2021,CWS,518735.0,Yasmani Grandal,375,1.0,True,MLB,prod_wrc_pf
2021,MIA,542583.0,Jesús Aguilar,510,1.0,True,MLB,prod_wrc_pf
2021,MIA,665862.0,Jazz Chisholm Jr.,507,3.0,False,MLB,prod_wrc_pf
2021,MIA,594807.0,Adam Duvall,339,2.0,False,MLB,prod_wrc_pf
2021,NYY,592450.0,Aaron Judge,633,1.0,True,MLB,prod_wrc_pf
2021,NYY,519317.0,Giancarlo Stanton,579,2.0,True,MLB,prod_wrc_pf
2021,NYY,518934.0,DJ LeMahieu,679,3.0,True,MLB,prod_wrc_pf
2021,MIL,642715.0,Willy Adames,413,1.0,True,MLB,prod_wrc_pf
2021,MIL,541645.0,Avisaíl García,515,2.0,True,MLB,prod_wrc_pf
2021,MIL,649966.0,Luis Urías,570,3.0,True,MLB,prod_wrc_pf
2021,LAA,665120.0,Jared Walsh,585,2.0,True,MLB,prod_wrc_pf
2021,LAA,660271.0,Shohei Ohtani,639,1.0,True,MLB,prod_wrc_pf
2021,LAA,545358.0,Max Stassi,319,3.0,True,MLB,prod_wrc_pf
2021,AZ,606466.0,Ketel Marte,374,1.0,True,MLB,prod_wrc_pf
2021,AZ,668942.0,Josh Rojas,550,3.0,True,MLB,prod_wrc_pf
2021,AZ,608348.0,Carson Kelly,359,2.0,True,MLB,prod_wrc_pf
2021,BAL,656775.0,Cedric Mullins,675,1.0,True,MLB,prod_wrc_pf
2021,BAL,669720.0,Austin Hays,529,3.0,False,MLB,prod_wrc_pf
2021,BAL,663624.0,Ryan Mountcastle,586,2.0,False,MLB,prod_wrc_pf
2021,BOS,593428.0,Xander Bogaerts,603,2.0,True,MLB,prod_wrc_pf
2021,BOS,502110.0,J.D. Martinez,634,3.0,True,MLB,prod_wrc_pf
2021,BOS,646240.0,Rafael Devers,664,1.0,True,MLB,prod_wrc_pf
2021,CHC,542364.0,Rafael Ortega,330,2.0,True,MLB,prod_wrc_pf
2021,CHC,592178.0,Kris Bryant,374,1.0,True,MLB,prod_wrc_pf
2021,CHC,621550.0,Patrick Wisdom,375,3.0,False,MLB,prod_wrc_pf
2021,CIN,592206.0,Nick Castellanos,585,3.0,True,MLB,prod_wrc_pf
2021,CIN,608385.0,Jesse Winker,485,1.0,True,MLB,prod_wrc_pf
2021,CIN,458015.0,Joey Votto,533,2.0,True,MLB,prod_wrc_pf
2021,CLE,608070.0,José Ramírez,636,1.0,True,MLB,prod_wrc_pf
2021,CLE,614177.0,Franmil Reyes,466,2.0,True,MLB,prod_wrc_pf
2021,CLE,514917.0,César Hernández,420,3.0,False,MLB,prod_wrc_pf
2021,COL,663898.0,Brendan Rodgers,415,3.0,True,MLB,prod_wrc_pf
2021,COL,543068.0,C.J. Cron,547,1.0,True,MLB,prod_wrc_pf
2021,COL,596115.0,Trevor Story,595,2.0,True,MLB,prod_wrc_pf
2021,DET,600869.0,Jeimer Candelario,626,1.0,True,MLB,prod_wrc_pf
2021,DET,668731.0,Akil Baddoo,461,3.0,True,MLB,prod_wrc_pf
2021,DET,543257.0,Robbie Grossman,671,2.0,True,MLB,prod_wrc_pf
2021,HOU,663656.0,Kyle Tucker,567,1.0,True,MLB,prod_wrc_pf
2021,HOU,621043.0,Carlos Correa,640,3.0,True,MLB,prod_wrc_pf
2021,HOU,670541.0,Yordan Alvarez,598,2.0,True,MLB,prod_wrc_pf
2021,KC,670032.0,Nicky Lopez,565,2.0,True,MLB,prod_wrc_pf
2021,KC,643217.0,Andrew Benintendi,538,3.0,True,MLB,prod_wrc_pf
2021,KC,521692.0,Salvador Perez,665,1.0,False,MLB,prod_wrc_pf
2021,LAD,608369.0,Corey Seager,409,1.0,True,MLB,prod_wrc_pf
2021,LAD,572041.0,AJ Pollock,422,3.0,True,MLB,prod_wrc_pf
2021,LAD,571970.0,Max Muncy,592,2.0,True,MLB,prod_wrc_pf
2021,WSH,607208.0,Trea Turner,420,3.0,True,MLB,prod_wrc_pf
2021,WSH,665742.0,Juan Soto,654,1.0,True,MLB,prod_wrc_pf
2021,WSH,656941.0,Kyle Schwarber,303,2.0,True,MLB,prod_wrc_pf
2021,NYM,607043.0,Brandon Nimmo,386,1.0,True,MLB,prod_wrc_pf
2021,NYM,624413.0,Pete Alonso,637,2.0,True,MLB,prod_wrc_pf
2021,NYM,624424.0,Michael Conforto,479,3.0,True,MLB,prod_wrc_pf
2022,OAK,669221.0,Sean Murphy,612,1.0,True,MLB,prod_wrc_pf
2022,OAK,462101.0,Elvis Andrus,386,3.0,False,MLB,prod_wrc_pf
2022,OAK,664913.0,Seth Brown,555,2.0,False,MLB,prod_wrc_pf
2022,PIT,668804.0,Bryan Reynolds,614,1.0,True,MLB,prod_wrc_pf
2022,PIT,665833.0,Oneil Cruz,361,2.0,False,MLB,prod_wrc_pf
2022,PIT,669261.0,Jack Suwinski,372,3.0,False,MLB,prod_wrc_pf
2022,SD,592518.0,Manny Machado,644,1.0,True,MLB,prod_wrc_pf
2022,SD,595777.0,Jurickson Profar,658,2.0,True,MLB,prod_wrc_pf
2022,SD,572228.0,Luke Voit,344,3.0,True,MLB,prod_wrc_pf
2022,SEA,677594.0,Julio Rodríguez,560,1.0,True,MLB,prod_wrc_pf
2022,SEA,664034.0,Ty France,613,3.0,True,MLB,prod_wrc_pf
2022,SEA,553993.0,Eugenio Suárez,629,2.0,True,MLB,prod_wrc_pf
2022,SF,592626.0,Joc Pederson,433,1.0,True,MLB,prod_wrc_pf
2022,SF,596103.0,Austin Slater,325,2.0,True,MLB,prod_wrc_pf
2022,SF,642731.0,Thairo Estrada,541,3.0,True,MLB,prod_wrc_pf
2022,STL,502671.0,Paul Goldschmidt,651,1.0,True,MLB,prod_wrc_pf
2022,STL,571448.0,Nolan Arenado,620,2.0,True,MLB,prod_wrc_pf
2022,STL,405395.0,Albert Pujols,351,3.0,True,MLB,prod_wrc_pf
2022,TB,623912.0,Harold Ramírez,435,3.0,True,MLB,prod_wrc_pf
2022,TB,650490.0,Yandy Díaz,558,1.0,True,MLB,prod_wrc_pf
2022,TB,668227.0,Randy Arozarena,645,2.0,True,MLB,prod_wrc_pf
2022,TEX,663993.0,Nathaniel Lowe,645,1.0,True,MLB,prod_wrc_pf
2022,TEX,666969.0,Adolis García,657,3.0,False,MLB,prod_wrc_pf
2022,TEX,608369.0,Corey Seager,663,2.0,True,MLB,prod_wrc_pf
2022,TOR,672386.0,Alejandro Kirk,541,3.0,True,MLB,prod_wrc_pf
2022,TOR,665489.0,Vladimir Guerrero Jr.,706,2.0,True,MLB,prod_wrc_pf
2022,TOR,543807.0,George Springer,583,1.0,True,MLB,prod_wrc_pf
2022,MIN,650333.0,Luis Arraez,603,3.0,True,MLB,prod_wrc_pf
2022,MIN,621043.0,Carlos Correa,590,1.0,True,MLB,prod_wrc_pf
2022,MIN,621439.0,Byron Buxton,382,2.0,False,MLB,prod_wrc_pf
2022,PHI,547180.0,Bryce Harper,426,1.0,True,MLB,prod_wrc_pf
2022,PHI,592663.0,J.T. Realmuto,562,3.0,True,MLB,prod_wrc_pf
2022,PHI,656941.0,Kyle Schwarber,669,2.0,True,MLB,prod_wrc_pf
2022,ATL,671739.0,Michael Harris II,441,3.0,True,MLB,prod_wrc_pf
2022,ATL,661388.0,William Contreras,376,2.0,True,MLB,prod_wrc_pf
2022,ATL,663586.0,Austin Riley,693,1.0,True,MLB,prod_wrc_pf
2022,CWS,547989.0,José Abreu,679,2.0,True,MLB,prod_wrc_pf
2022,CWS,650391.0,Eloy Jiménez,327,1.0,True,MLB,prod_wrc_pf
2022,CWS,683734.0,Andrew Vaughn,555,3.0,True,MLB,prod_wrc_pf
2022,MIA,643265.0,Garrett Cooper,469,1.0,True,MLB,prod_wrc_pf
2022,MIA,650559.0,Bryan De La Cruz,355,2.0,False,MLB,prod_wrc_pf
2022,MIA,624585.0,Jorge Soler,306,3.0,False,MLB,prod_wrc_pf
2022,NYY,592450.0,Aaron Judge,696,1.0,True,MLB,prod_wrc_pf
2022,NYY,518934.0,DJ LeMahieu,541,3.0,True,MLB,prod_wrc_pf
2022,NYY,519203.0,Anthony Rizzo,548,2.0,True,MLB,prod_wrc_pf
2022,MIL,592669.0,Hunter Renfroe,522,1.0,True,MLB,prod_wrc_pf
2022,MIL,592885.0,Christian Yelich,671,3.0,True,MLB,prod_wrc_pf
2022,MIL,543939.0,Kolten Wong,497,2.0,True,MLB,prod_wrc_pf
2022,LAA,545361.0,Mike Trout,499,1.0,True,MLB,prod_wrc_pf
2022,LAA,621493.0,Taylor Ward,564,3.0,True,MLB,prod_wrc_pf
2022,LAA,660271.0,Shohei Ohtani,666,2.0,True,MLB,prod_wrc_pf
2022,AZ,664983.0,Jake McCarthy,354,2.0,True,MLB,prod_wrc_pf
2022,AZ,444482.0,David Peralta,310,3.0,True,MLB,prod_wrc_pf
2022,AZ,572233.0,Christian Walker,667,1.0,True,MLB,prod_wrc_pf
2022,BAL,641820.0,Trey Mancini,401,3.0,True,MLB,prod_wrc_pf
2022,BAL,668939.0,Adley Rutschman,470,1.0,True,MLB,prod_wrc_pf
2022,BAL,623993.0,Anthony Santander,647,2.0,True,MLB,prod_wrc_pf
2022,BOS,593428.0,Xander Bogaerts,631,2.0,True,MLB,prod_wrc_pf
2022,BOS,646240.0,Rafael Devers,614,1.0,True,MLB,prod_wrc_pf
2022,BOS,502110.0,J.D. Martinez,596,3.0,True,MLB,prod_wrc_pf
2022,CHC,664023.0,Ian Happ,641,2.0,True,MLB,prod_wrc_pf
2022,CHC,673548.0,Seiya Suzuki,446,3.0,True,MLB,prod_wrc_pf
2022,CHC,575929.0,Willson Contreras,487,1.0,True,MLB,prod_wrc_pf
2022,CIN,456781.0,Donovan Solano,304,2.0,True,MLB,prod_wrc_pf
2022,CIN,592273.0,Brandon Drury,385,1.0,True,MLB,prod_wrc_pf
2022,CIN,663697.0,Jonathan India,431,3.0,True,MLB,prod_wrc_pf
2022,CLE,680757.0,Steven Kwan,638,3.0,True,MLB,prod_wrc_pf
2022,CLE,665926.0,Andrés Giménez,557,1.0,True,MLB,prod_wrc_pf
2022,CLE,608070.0,José Ramírez,685,2.0,True,MLB,prod_wrc_pf
2022,COL,602074.0,Yonathan Daza,408,3.0,True,MLB,prod_wrc_pf
2022,COL,543068.0,C.J. Cron,632,1.0,True,MLB,prod_wrc_pf
2022,COL,641857.0,Ryan McMahon,597,2.0,True,MLB,prod_wrc_pf
2022,DET,605612.0,Harold Castro,443,3.0,False,MLB,prod_wrc_pf
2022,DET,606992.0,Eric Haase,351,1.0,False,MLB,prod_wrc_pf
2022,DET,682985.0,Riley Greene,418,2.0,True,MLB,prod_wrc_pf
2022,HOU,670541.0,Yordan Alvarez,561,1.0,True,MLB,prod_wrc_pf
2022,HOU,514888.0,Jose Altuve,604,2.0,True,MLB,prod_wrc_pf
2022,HOU,608324.0,Alex Bregman,656,3.0,True,MLB,prod_wrc_pf
2022,KC,643217.0,Andrew Benintendi,390,1.0,True,MLB,prod_wrc_pf
2022,KC,521692.0,Salvador Perez,473,2.0,False,MLB,prod_wrc_pf
2022,KC,669004.0,MJ Melendez,534,3.0,True,MLB,prod_wrc_pf
2022,LAD,518692.0,Freddie Freeman,708,1.0,True,MLB,prod_wrc_pf
2022,LAD,605141.0,Mookie Betts,639,2.0,True,MLB,prod_wrc_pf
2022,LAD,669257.0,Will Smith,578,3.0,True,MLB,prod_wrc_pf
2022,WSH,605137.0,Josh Bell,437,2.0,True,MLB,prod_wrc_pf
2022,WSH,628450.0,Yadiel Hernandez,327,3.0,True,MLB,prod_wrc_pf
2022,WSH,665742.0,Juan Soto,436,1.0,True,MLB,prod_wrc_pf
2022,NYM,643446.0,Jeff McNeil,589,2.0,True,MLB,prod_wrc_pf
2022,NYM,516782.0,Starling Marte,505,3.0,True,MLB,prod_wrc_pf
2022,NYM,624413.0,Pete Alonso,685,1.0,True,MLB,prod_wrc_pf
2023,OAK,680869.0,Zack Gelof,300,1.0,True,MLB,prod_wrc_pf
2023,OAK,667670.0,Brent Rooker,526,2.0,True,MLB,prod_wrc_pf
2023,OAK,676116.0,Ryan Noda,495,3.0,True,MLB,prod_wrc_pf
2023,PIT,668804.0,Bryan Reynolds,640,3.0,True,MLB,prod_wrc_pf
2023,PIT,457705.0,Andrew McCutchen,473,1.0,True,MLB,prod_wrc_pf
2023,PIT,669261.0,Jack Suwinski,534,2.0,True,MLB,prod_wrc_pf
2023,SD,593428.0,Xander Bogaerts,665,2.0,True,MLB,prod_wrc_pf
2023,SD,665742.0,Juan Soto,708,1.0,True,MLB,prod_wrc_pf
2023,SD,592518.0,Manny Machado,601,3.0,False,MLB,prod_wrc_pf
2023,SEA,677594.0,Julio Rodríguez,714,2.0,True,MLB,prod_wrc_pf
2023,SEA,641487.0,J.P. Crawford,638,1.0,True,MLB,prod_wrc_pf
2023,SEA,663728.0,Cal Raleigh,569,3.0,False,MLB,prod_wrc_pf
2023,SF,527038.0,Wilmer Flores,454,1.0,True,MLB,prod_wrc_pf
2023,SF,664774.0,LaMonte Wade Jr.,519,2.0,True,MLB,prod_wrc_pf
2023,SF,573262.0,Mike Yastrzemski,381,3.0,True,MLB,prod_wrc_pf
2023,STL,502671.0,Paul Goldschmidt,687,2.0,True,MLB,prod_wrc_pf
2023,STL,575929.0,Willson Contreras,495,1.0,True,MLB,prod_wrc_pf
2023,STL,663457.0,Lars Nootbaar,503,3.0,True,MLB,prod_wrc_pf
2023,TB,650490.0,Yandy Díaz,600,1.0,True,MLB,prod_wrc_pf
2023,TB,666139.0,Josh Lowe,501,3.0,True,MLB,prod_wrc_pf
2023,TB,670623.0,Isaac Paredes,571,2.0,True,MLB,prod_wrc_pf
2023,TEX,608369.0,Corey Seager,536,1.0,True,MLB,prod_wrc_pf
2023,TEX,543760.0,Marcus Semien,753,3.0,True,MLB,prod_wrc_pf
2023,TEX,641598.0,Mitch Garver,344,2.0,True,MLB,prod_wrc_pf
2023,TOR,666182.0,Bo Bichette,601,2.0,True,MLB,prod_wrc_pf
2023,TOR,665489.0,Vladimir Guerrero Jr.,682,3.0,True,MLB,prod_wrc_pf
2023,TOR,474832.0,Brandon Belt,404,1.0,True,MLB,prod_wrc_pf
2023,MIN,680777.0,Ryan Jeffers,335,1.0,True,MLB,prod_wrc_pf
2023,MIN,666397.0,Edouard Julien,408,2.0,True,MLB,prod_wrc_pf
2023,MIN,596146.0,Max Kepler,491,3.0,True,MLB,prod_wrc_pf
2023,PHI,547180.0,Bryce Harper,546,1.0,True,MLB,prod_wrc_pf
2023,PHI,669016.0,Brandon Marsh,472,2.0,True,MLB,prod_wrc_pf
2023,PHI,656941.0,Kyle Schwarber,720,3.0,True,MLB,prod_wrc_pf
2023,ATL,660670.0,Ronald Acuña Jr.,735,1.0,True,MLB,prod_wrc_pf
2023,ATL,621566.0,Matt Olson,720,2.0,True,MLB,prod_wrc_pf
2023,ATL,542303.0,Marcell Ozuna,592,3.0,True,MLB,prod_wrc_pf
2023,CWS,650391.0,Eloy Jiménez,489,3.0,False,MLB,prod_wrc_pf
2023,CWS,673357.0,Luis Robert Jr.,595,1.0,False,MLB,prod_wrc_pf
2023,CWS,669394.0,Jake Burger,323,2.0,False,MLB,prod_wrc_pf
2023,MIA,650333.0,Luis Arraez,617,1.0,True,MLB,prod_wrc_pf
2023,MIA,660821.0,Jesús Sánchez,402,3.0,True,MLB,prod_wrc_pf
2023,MIA,624585.0,Jorge Soler,580,2.0,True,MLB,prod_wrc_pf
2023,NYY,650402.0,Gleyber Torres,672,2.0,True,MLB,prod_wrc_pf
2023,NYY,592450.0,Aaron Judge,458,1.0,True,MLB,prod_wrc_pf
2023,NYY,518934.0,DJ LeMahieu,562,3.0,True,MLB,prod_wrc_pf
2023,MIL,661388.0,William Contreras,611,1.0,True,MLB,prod_wrc_pf
2023,MIL,592885.0,Christian Yelich,632,2.0,True,MLB,prod_wrc_pf
2023,MIL,642715.0,Willy Adames,638,3.0,False,MLB,prod_wrc_pf
2023,LAA,660271.0,Shohei Ohtani,599,1.0,True,MLB,prod_wrc_pf
2023,LAA,650859.0,Luis Rengifo,445,3.0,True,MLB,prod_wrc_pf
2023,LAA,545361.0,Mike Trout,362,2.0,True,MLB,prod_wrc_pf
2023,AZ,682998.0,Corbin Carroll,645,1.0,True,MLB,prod_wrc_pf
2023,AZ,606466.0,Ketel Marte,650,2.0,True,MLB,prod_wrc_pf
2023,AZ,572233.0,Christian Walker,661,3.0,True,MLB,prod_wrc_pf
2023,BAL,668939.0,Adley Rutschman,687,1.0,True,MLB,prod_wrc_pf
2023,BAL,623993.0,Anthony Santander,656,3.0,True,MLB,prod_wrc_pf
2023,BAL,683002.0,Gunnar Henderson,622,2.0,True,MLB,prod_wrc_pf
2023,BOS,680776.0,Jarren Duran,362,3.0,True,MLB,prod_wrc_pf
2023,BOS,646240.0,Rafael Devers,656,2.0,True,MLB,prod_wrc_pf
2023,BOS,671213.0,Triston Casas,502,1.0,True,MLB,prod_wrc_pf
2023,CHC,641355.0,Cody Bellinger,556,1.0,True,MLB,prod_wrc_pf
2023,CHC,673548.0,Seiya Suzuki,583,2.0,True,MLB,prod_wrc_pf
2023,CHC,664023.0,Ian Happ,691,3.0,True,MLB,prod_wrc_pf
2023,CIN,680574.0,Matt McLain,403,2.0,True,MLB,prod_wrc_pf
2023,CIN,666181.0,Will Benson,329,1.0,True,MLB,prod_wrc_pf
2023,CIN,668715.0,Spencer Steer,665,3.0,True,MLB,prod_wrc_pf
2023,CLE,647304.0,Josh Naylor,495,1.0,True,MLB,prod_wrc_pf
2023,CLE,608070.0,José Ramírez,691,2.0,True,MLB,prod_wrc_pf
2023,CLE,680757.0,Steven Kwan,718,3.0,True,MLB,prod_wrc_pf
2023,COL,666134.0,Nolan Jones,424,1.0,True,MLB,prod_wrc_pf
2023,COL,453568.0,Charlie Blackmon,413,2.0,True,MLB,prod_wrc_pf
2023,COL,641857.0,Ryan McMahon,627,3.0,True,MLB,prod_wrc_pf
2023,DET,682985.0,Riley Greene,416,2.0,True,MLB,prod_wrc_pf
2023,DET,681481.0,Kerry Carpenter,459,1.0,True,MLB,prod_wrc_pf
2023,DET,679529.0,Spencer Torkelson,684,3.0,False,MLB,prod_wrc_pf
2023,HOU,514888.0,Jose Altuve,410,2.0,True,MLB,prod_wrc_pf
2023,HOU,670541.0,Yordan Alvarez,496,1.0,True,MLB,prod_wrc_pf
2023,HOU,663656.0,Kyle Tucker,674,3.0,True,MLB,prod_wrc_pf
2023,KC,677951.0,Bobby Witt Jr.,694,1.0,False,MLB,prod_wrc_pf
2023,KC,658668.0,Edward Olivares,385,2.0,False,MLB,prod_wrc_pf
2023,KC,669004.0,MJ Melendez,602,3.0,False,MLB,prod_wrc_pf
2023,LAD,518692.0,Freddie Freeman,730,2.0,True,MLB,prod_wrc_pf
2023,LAD,605141.0,Mookie Betts,693,1.0,True,MLB,prod_wrc_pf
2023,LAD,502110.0,J.D. Martinez,479,3.0,True,MLB,prod_wrc_pf
2023,WSH,608841.0,Joey Meneses,657,3.0,True,MLB,prod_wrc_pf
2023,WSH,657041.0,Lane Thomas,682,2.0,False,MLB,prod_wrc_pf
2023,WSH,600869.0,Jeimer Candelario,419,1.0,True,MLB,prod_wrc_pf
2023,NYM,607043.0,Brandon Nimmo,682,1.0,True,MLB,prod_wrc_pf
2023,NYM,596019.0,Francisco Lindor,687,2.0,True,MLB,prod_wrc_pf
2023,NYM,624413.0,Pete Alonso,658,3.0,False,MLB,prod_wrc_pf
2024,OAK,667670.0,Brent Rooker,614,1.0,True,MLB,prod_wrc_pf
2024,OAK,671732.0,Lawrence Butler,451,2.0,True,MLB,prod_wrc_pf
2024,OAK,668709.0,JJ Bleday,642,3.0,True,MLB,prod_wrc_pf
2024,PIT,668804.0,Bryan Reynolds,692,1.0,True,MLB,prod_wrc_pf
2024,PIT,665833.0,Oneil Cruz,599,2.0,True,MLB,prod_wrc_pf
2024,PIT,457705.0,Andrew McCutchen,515,3.0,True,MLB,prod_wrc_pf
2024,SD,701538.0,Jackson Merrill,593,3.0,True,MLB,prod_wrc_pf
2024,SD,595777.0,Jurickson Profar,668,1.0,True,MLB,prod_wrc_pf
2024,SD,665487.0,Fernando Tatis Jr.,438,2.0,True,MLB,prod_wrc_pf
2024,SEA,677594.0,Julio Rodríguez,613,3.0,True,MLB,prod_wrc_pf
2024,SEA,670042.0,Luke Raley,455,1.0,True,MLB,prod_wrc_pf
2024,SEA,663728.0,Cal Raleigh,628,2.0,True,MLB,prod_wrc_pf
2024,SF,666149.0,Tyler Fitzgerald,341,1.0,True,MLB,prod_wrc_pf
2024,SF,664774.0,LaMonte Wade Jr.,401,3.0,True,MLB,prod_wrc_pf
2024,SF,656305.0,Matt Chapman,647,2.0,True,MLB,prod_wrc_pf
2024,STL,680977.0,Brendan Donovan,652,2.0,True,MLB,prod_wrc_pf
2024,STL,575929.0,Willson Contreras,358,1.0,True,MLB,prod_wrc_pf
2024,STL,663457.0,Lars Nootbaar,405,3.0,True,MLB,prod_wrc_pf
2024,TB,650490.0,Yandy Díaz,621,2.0,True,MLB,prod_wrc_pf
2024,TB,664040.0,Brandon Lowe,425,1.0,False,MLB,prod_wrc_pf
2024,TB,680700.0,Richie Palacios,316,3.0,True,MLB,prod_wrc_pf
2024,TEX,608369.0,Corey Seager,533,1.0,True,MLB,prod_wrc_pf
2024,TEX,663993.0,Nathaniel Lowe,565,2.0,True,MLB,prod_wrc_pf
2024,TEX,669701.0,Josh Smith,592,3.0,True,MLB,prod_wrc_pf
2024,TOR,665489.0,Vladimir Guerrero Jr.,697,1.0,True,MLB,prod_wrc_pf
2024,TOR,687462.0,Spencer Horwitz,381,2.0,True,MLB,prod_wrc_pf
2024,TOR,457759.0,Justin Turner,349,3.0,True,MLB,prod_wrc_pf
2024,MIN,621043.0,Carlos Correa,367,1.0,True,MLB,prod_wrc_pf
2024,MIN,621439.0,Byron Buxton,388,2.0,True,MLB,prod_wrc_pf
2024,MIN,663616.0,Trevor Larnach,400,3.0,True,MLB,prod_wrc_pf
2024,PHI,607208.0,Trea Turner,539,3.0,True,MLB,prod_wrc_pf
2024,PHI,547180.0,Bryce Harper,631,1.0,True,MLB,prod_wrc_pf
2024,PHI,656941.0,Kyle Schwarber,692,2.0,True,MLB,prod_wrc_pf
2024,ATL,542303.0,Marcell Ozuna,688,1.0,True,MLB,prod_wrc_pf
2024,ATL,663586.0,Austin Riley,469,3.0,True,MLB,prod_wrc_pf
2024,ATL,621566.0,Matt Olson,685,2.0,True,MLB,prod_wrc_pf
2024,CWS,683734.0,Andrew Vaughn,619,1.0,False,MLB,prod_wrc_pf
2024,CWS,657757.0,Gavin Sheets,501,3.0,False,MLB,prod_wrc_pf
2024,CWS,643217.0,Andrew Benintendi,522,2.0,False,MLB,prod_wrc_pf
2024,MIA,669364.0,Xavier Edwards,303,1.0,True,MLB,prod_wrc_pf
2024,MIA,660821.0,Jesús Sánchez,537,3.0,True,MLB,prod_wrc_pf
2024,MIA,669394.0,Jake Burger,579,2.0,False,MLB,prod_wrc_pf
2024,NYY,592450.0,Aaron Judge,704,1.0,True,MLB,prod_wrc_pf
2024,NYY,665742.0,Juan Soto,713,2.0,True,MLB,prod_wrc_pf
2024,NYY,519317.0,Giancarlo Stanton,459,3.0,False,MLB,prod_wrc_pf
2024,MIL,592885.0,Christian Yelich,315,1.0,True,MLB,prod_wrc_pf
2024,MIL,661388.0,William Contreras,679,2.0,True,MLB,prod_wrc_pf
2024,MIL,642715.0,Willy Adames,688,3.0,True,MLB,prod_wrc_pf
2024,LAA,650859.0,Luis Rengifo,304,1.0,True,MLB,prod_wrc_pf
2024,LAA,687263.0,Zach Neto,602,2.0,True,MLB,prod_wrc_pf
2024,LAA,621493.0,Taylor Ward,663,3.0,True,MLB,prod_wrc_pf
2024,AZ,606466.0,Ketel Marte,583,2.0,True,MLB,prod_wrc_pf
2024,AZ,592626.0,Joc Pederson,449,1.0,True,MLB,prod_wrc_pf
2024,AZ,572233.0,Christian Walker,552,3.0,True,MLB,prod_wrc_pf
2024,BAL,683002.0,Gunnar Henderson,719,1.0,True,MLB,prod_wrc_pf
2024,BAL,676059.0,Jordan Westburg,447,3.0,False,MLB,prod_wrc_pf
2024,BAL,623993.0,Anthony Santander,665,2.0,False,MLB,prod_wrc_pf
2024,BOS,608701.0,Rob Refsnyder,307,3.0,True,MLB,prod_wrc_pf
2024,BOS,646240.0,Rafael Devers,601,1.0,True,MLB,prod_wrc_pf
2024,BOS,641933.0,Tyler O'Neill,473,2.0,True,MLB,prod_wrc_pf
2024,CHC,673548.0,Seiya Suzuki,585,1.0,True,MLB,prod_wrc_pf
2024,CHC,683737.0,Michael Busch,567,3.0,True,MLB,prod_wrc_pf
2024,CHC,664023.0,Ian Happ,657,2.0,True,MLB,prod_wrc_pf
2024,CIN,682829.0,Elly De La Cruz,696,1.0,True,MLB,prod_wrc_pf
2024,CIN,663886.0,Tyler Stephenson,515,2.0,True,MLB,prod_wrc_pf
2024,CIN,663697.0,Jonathan India,637,3.0,True,MLB,prod_wrc_pf
2024,CLE,680757.0,Steven Kwan,540,2.0,True,MLB,prod_wrc_pf
2024,CLE,608070.0,José Ramírez,682,1.0,True,MLB,prod_wrc_pf
2024,CLE,681807.0,David Fry,392,3.0,True,MLB,prod_wrc_pf
2024,COL,686668.0,Brenton Doyle,603,2.0,True,MLB,prod_wrc_pf
2024,COL,453568.0,Charlie Blackmon,499,3.0,True,MLB,prod_wrc_pf
2024,COL,669911.0,Michael Toglia,458,1.0,False,MLB,prod_wrc_pf
2024,DET,682985.0,Riley Greene,584,1.0,True,MLB,prod_wrc_pf
2024,DET,663837.0,Matt Vierling,567,2.0,True,MLB,prod_wrc_pf
2024,DET,592192.0,Mark Canha,377,3.0,True,MLB,prod_wrc_pf
2024,HOU,670541.0,Yordan Alvarez,635,2.0,True,MLB,prod_wrc_pf
2024,HOU,514888.0,Jose Altuve,682,3.0,True,MLB,prod_wrc_pf
2024,HOU,663656.0,Kyle Tucker,339,1.0,True,MLB,prod_wrc_pf
2024,KC,677951.0,Bobby Witt Jr.,709,1.0,True,MLB,prod_wrc_pf
2024,KC,521692.0,Salvador Perez,652,2.0,True,MLB,prod_wrc_pf
2024,KC,686469.0,Vinnie Pasquantino,554,3.0,True,MLB,prod_wrc_pf
2024,LAD,660271.0,Shohei Ohtani,731,1.0,True,MLB,prod_wrc_pf
2024,LAD,605141.0,Mookie Betts,516,2.0,True,MLB,prod_wrc_pf
2024,LAD,518692.0,Freddie Freeman,638,3.0,True,MLB,prod_wrc_pf
2024,WSH,671277.0,Luis García Jr.,528,2.0,True,MLB,prod_wrc_pf
2024,WSH,695578.0,James Wood,336,1.0,True,MLB,prod_wrc_pf
2024,WSH,657041.0,Lane Thomas,341,3.0,True,MLB,prod_wrc_pf
2024,NYM,596019.0,Francisco Lindor,689,1.0,True,MLB,prod_wrc_pf
2024,NYM,668901.0,Mark Vientos,454,2.0,True,MLB,prod_wrc_pf
2024,NYM,624413.0,Pete Alonso,695,3.0,True,MLB,prod_wrc_pf
2025,ATH,701762.0,Nick Kurtz,489,1.0,True,MLB,prod_wrc_pf
2025,ATH,669127.0,Shea Langeliers,523,2.0,True,MLB,prod_wrc_pf
2025,ATH,691016.0,Tyler Soderstrom,624,3.0,True,MLB,prod_wrc_pf
2025,PIT,687462.0,Spencer Horwitz,411,1.0,True,MLB,prod_wrc_pf
2025,PIT,663698.0,Joey Bart,332,2.0,True,MLB,prod_wrc_pf
2025,PIT,668804.0,Bryan Reynolds,654,3.0,True,MLB,prod_wrc_pf
2025,SD,592518.0,Manny Machado,678,2.0,True,MLB,prod_wrc_pf
2025,SD,665487.0,Fernando Tatis Jr.,691,1.0,True,MLB,prod_wrc_pf
2025,SD,630105.0,Jake Cronenworth,515,3.0,True,MLB,prod_wrc_pf
2025,SEA,677594.0,Julio Rodríguez,710,3.0,True,MLB,prod_wrc_pf
2025,SEA,593871.0,Jorge Polanco,524,2.0,True,MLB,prod_wrc_pf
2025,SEA,663728.0,Cal Raleigh,705,1.0,True,MLB,prod_wrc_pf
2025,SF,646240.0,Rafael Devers,395,1.0,True,MLB,prod_wrc_pf
2025,SF,656305.0,Matt Chapman,535,2.0,True,MLB,prod_wrc_pf
2025,SF,642715.0,Willy Adames,686,3.0,True,MLB,prod_wrc_pf
2025,STL,676475.0,Alec Burleson,546,2.0,True,MLB,prod_wrc_pf
2025,STL,671056.0,Iván Herrera,452,1.0,True,MLB,prod_wrc_pf
2025,STL,575929.0,Willson Contreras,563,3.0,True,MLB,prod_wrc_pf
2025,TB,666018.0,Jonathan Aranda,422,1.0,True,MLB,prod_wrc_pf
2025,TB,650490.0,Yandy Díaz,651,2.0,True,MLB,prod_wrc_pf
2025,TB,691406.0,Junior Caminero,653,3.0,False,MLB,prod_wrc_pf
2025,TEX,608369.0,Corey Seager,445,1.0,True,MLB,prod_wrc_pf
2025,TEX,669701.0,Josh Smith,563,3.0,True,MLB,prod_wrc_pf
2025,TEX,694671.0,Wyatt Langford,573,2.0,True,MLB,prod_wrc_pf
2025,TOR,666182.0,Bo Bichette,628,3.0,True,MLB,prod_wrc_pf
2025,TOR,543807.0,George Springer,586,1.0,True,MLB,prod_wrc_pf
2025,TOR,665489.0,Vladimir Guerrero Jr.,680,2.0,True,MLB,prod_wrc_pf
2025,MIN,680777.0,Ryan Jeffers,464,2.0,True,MLB,prod_wrc_pf
2025,MIN,621439.0,Byron Buxton,542,1.0,True,MLB,prod_wrc_pf
2025,MIN,670242.0,Matt Wallner,392,3.0,False,MLB,prod_wrc_pf
2025,PHI,607208.0,Trea Turner,639,3.0,True,MLB,prod_wrc_pf
2025,PHI,547180.0,Bryce Harper,580,2.0,True,MLB,prod_wrc_pf
2025,PHI,656941.0,Kyle Schwarber,724,1.0,True,MLB,prod_wrc_pf
2025,ATL,660670.0,Ronald Acuña Jr.,412,1.0,True,MLB,prod_wrc_pf
2025,ATL,686948.0,Drake Baldwin,446,3.0,True,MLB,prod_wrc_pf
2025,ATL,621566.0,Matt Olson,724,2.0,True,MLB,prod_wrc_pf
2025,CWS,643565.0,Mike Tauchman,385,1.0,True,MLB,prod_wrc_pf
2025,CWS,643217.0,Andrew Benintendi,470,2.0,False,MLB,prod_wrc_pf
2025,CWS,678246.0,Miguel Vargas,569,3.0,True,MLB,prod_wrc_pf
2025,MIA,669065.0,Kyle Stowers,457,1.0,True,MLB,prod_wrc_pf
2025,MIA,669364.0,Xavier Edwards,619,3.0,True,MLB,prod_wrc_pf
2025,MIA,689414.0,Liam Hicks,390,2.0,True,MLB,prod_wrc_pf
2025,NYY,592450.0,Aaron Judge,679,1.0,True,MLB,prod_wrc_pf
2025,NYY,700250.0,Ben Rice,530,2.0,True,MLB,prod_wrc_pf
2025,NYY,663757.0,Trent Grisham,581,3.0,True,MLB,prod_wrc_pf
2025,MIL,668930.0,Brice Turang,659,1.0,True,MLB,prod_wrc_pf
2025,MIL,592885.0,Christian Yelich,644,3.0,True,MLB,prod_wrc_pf
2025,MIL,686555.0,Isaac Collins,441,2.0,True,MLB,prod_wrc_pf
2025,LAA,687263.0,Zach Neto,554,3.0,True,MLB,prod_wrc_pf
2025,LAA,545361.0,Mike Trout,556,1.0,True,MLB,prod_wrc_pf
2025,LAA,621493.0,Taylor Ward,663,2.0,True,MLB,prod_wrc_pf
2025,AZ,672695.0,Geraldo Perdomo,720,2.0,True,MLB,prod_wrc_pf
2025,AZ,606466.0,Ketel Marte,556,1.0,True,MLB,prod_wrc_pf
2025,AZ,682998.0,Corbin Carroll,642,3.0,True,MLB,prod_wrc_pf
2025,BAL,683002.0,Gunnar Henderson,651,1.0,True,MLB,prod_wrc_pf
2025,BAL,676059.0,Jordan Westburg,352,2.0,False,MLB,prod_wrc_pf
2025,BAL,702616.0,Jackson Holliday,649,3.0,False,MLB,prod_wrc_pf
2025,BOS,663853.0,Romy Gonzalez,341,3.0,True,MLB,prod_wrc_pf
2025,BOS,701350.0,Roman Anthony,303,1.0,True,MLB,prod_wrc_pf
2025,BOS,608324.0,Alex Bregman,495,2.0,True,MLB,prod_wrc_pf
2025,CHC,663656.0,Kyle Tucker,597,2.0,True,MLB,prod_wrc_pf
2025,CHC,683737.0,Michael Busch,592,1.0,True,MLB,prod_wrc_pf
2025,CHC,673548.0,Seiya Suzuki,651,3.0,True,MLB,prod_wrc_pf
2025,CIN,669720.0,Austin Hays,416,3.0,True,MLB,prod_wrc_pf
2025,CIN,682829.0,Elly De La Cruz,699,2.0,True,MLB,prod_wrc_pf
2025,CIN,670770.0,TJ Friedl,685,1.0,True,MLB,prod_wrc_pf
2025,CLE,608070.0,José Ramírez,673,1.0,True,MLB,prod_wrc_pf
2025,CLE,680757.0,Steven Kwan,693,3.0,True,MLB,prod_wrc_pf
2025,CLE,700932.0,Kyle Manzardo,531,2.0,False,MLB,prod_wrc_pf
2025,COL,671289.0,Tyler Freeman,428,3.0,True,MLB,prod_wrc_pf
2025,COL,696100.0,Hunter Goodman,579,1.0,True,MLB,prod_wrc_pf
2025,COL,666160.0,Mickey Moniak,461,2.0,False,MLB,prod_wrc_pf
2025,DET,682985.0,Riley Greene,655,1.0,False,MLB,prod_wrc_pf
2025,DET,650402.0,Gleyber Torres,628,3.0,True,MLB,prod_wrc_pf
2025,DET,679529.0,Spencer Torkelson,649,2.0,True,MLB,prod_wrc_pf
2025,HOU,665161.0,Jeremy Peña,543,1.0,True,MLB,prod_wrc_pf
2025,HOU,514888.0,Jose Altuve,654,3.0,True,MLB,prod_wrc_pf
2025,HOU,670623.0,Isaac Paredes,438,2.0,True,MLB,prod_wrc_pf
2025,KC,677951.0,Bobby Witt Jr.,687,1.0,True,MLB,prod_wrc_pf
2025,KC,672580.0,Maikel Garcia,666,2.0,True,MLB,prod_wrc_pf
2025,KC,686469.0,Vinnie Pasquantino,682,3.0,True,MLB,prod_wrc_pf
2025,LAD,669257.0,Will Smith,436,2.0,True,MLB,prod_wrc_pf
2025,LAD,518692.0,Freddie Freeman,627,3.0,True,MLB,prod_wrc_pf
2025,LAD,660271.0,Shohei Ohtani,727,1.0,True,MLB,prod_wrc_pf
2025,WSH,695734.0,Daylen Lile,351,1.0,True,MLB,prod_wrc_pf
2025,WSH,695578.0,James Wood,689,2.0,True,MLB,prod_wrc_pf
2025,WSH,605137.0,Josh Bell,533,3.0,True,MLB,prod_wrc_pf
2025,NYM,624413.0,Pete Alonso,709,2.0,True,MLB,prod_wrc_pf
2025,NYM,596019.0,Francisco Lindor,732,3.0,True,MLB,prod_wrc_pf
2025,NYM,665742.0,Juan Soto,715,1.0,True,MLB,prod_wrc_pf
2021,OAK,643393.0,Tony Kemp,397,2.0,True,MLB,weights_alt
2021,OAK,621566.0,Matt Olson,673,1.0,True,MLB,weights_alt
2021,OAK,592192.0,Mark Canha,625,3.0,True,MLB,weights_alt
2021,PIT,624428.0,Adam Frazier,428,2.0,True,MLB,weights_alt
2021,PIT,668804.0,Bryan Reynolds,646,1.0,True,MLB,weights_alt
2021,PIT,592325.0,Ben Gamel,383,3.0,True,MLB,weights_alt
2021,SD,665487.0,Fernando Tatis Jr.,546,1.0,True,MLB,weights_alt
2021,SD,592518.0,Manny Machado,640,2.0,True,MLB,weights_alt
2021,SD,630105.0,Jake Cronenworth,643,3.0,True,MLB,weights_alt
2021,SEA,664034.0,Ty France,650,1.0,True,MLB,weights_alt
2021,SEA,641487.0,J.P. Crawford,687,3.0,True,MLB,weights_alt
2021,SEA,571745.0,Mitch Haniger,691,2.0,True,MLB,weights_alt
2021,SF,457763.0,Buster Posey,454,3.0,True,MLB,weights_alt
2021,SF,474832.0,Brandon Belt,381,1.0,True,MLB,weights_alt
2021,SF,573131.0,Darin Ruf,312,2.0,True,MLB,weights_alt
2021,STL,502671.0,Paul Goldschmidt,679,2.0,True,MLB,weights_alt
2021,STL,641933.0,Tyler O'Neill,537,1.0,True,MLB,weights_alt
2021,STL,571448.0,Nolan Arenado,653,3.0,False,MLB,weights_alt
2021,TB,668227.0,Randy Arozarena,604,3.0,True,MLB,weights_alt
2021,TB,664040.0,Brandon Lowe,615,1.0,True,MLB,weights_alt
2021,TB,572287.0,Mike Zunino,375,2.0,False,MLB,weights_alt
2021,TEX,663993.0,Nathaniel Lowe,642,2.0,True,MLB,weights_alt
2021,TEX,666969.0,Adolis García,622,3.0,False,MLB,weights_alt
2021,TEX,608336.0,Joey Gallo,388,1.0,True,MLB,weights_alt
2021,TOR,665489.0,Vladimir Guerrero Jr.,698,1.0,True,MLB,weights_alt
2021,TOR,606192.0,Teoscar Hernández,595,3.0,True,MLB,weights_alt
2021,TOR,543807.0,George Springer,342,2.0,True,MLB,weights_alt
2021,MIN,443558.0,Nelson Cruz,346,1.0,True,MLB,weights_alt
2021,MIN,593871.0,Jorge Polanco,644,3.0,True,MLB,weights_alt
2021,MIN,518626.0,Josh Donaldson,543,2.0,True,MLB,weights_alt
2021,PHI,547180.0,Bryce Harper,599,1.0,True,MLB,weights_alt
2021,PHI,516416.0,Jean Segura,567,3.0,True,MLB,weights_alt
2021,PHI,656555.0,Rhys Hoskins,443,2.0,True,MLB,weights_alt
2021,ATL,663586.0,Austin Riley,662,2.0,True,MLB,weights_alt
2021,ATL,518692.0,Freddie Freeman,695,3.0,True,MLB,weights_alt
2021,ATL,660670.0,Ronald Acuña Jr.,360,1.0,True,MLB,weights_alt
2021,CWS,660162.0,Yoán Moncada,616,3.0,True,MLB,weights_alt
2021,CWS,547989.0,José Abreu,659,2.0,True,MLB,weights_alt
2021,CWS,518735.0,Yasmani Grandal,375,1.0,True,MLB,weights_alt
2021,MIA,542583.0,Jesús Aguilar,510,1.0,True,MLB,weights_alt
2021,MIA,665862.0,Jazz Chisholm Jr.,507,3.0,False,MLB,weights_alt
2021,MIA,594807.0,Adam Duvall,339,2.0,False,MLB,weights_alt
2021,NYY,592450.0,Aaron Judge,633,1.0,True,MLB,weights_alt
2021,NYY,519317.0,Giancarlo Stanton,579,2.0,True,MLB,weights_alt
2021,NYY,518934.0,DJ LeMahieu,679,3.0,True,MLB,weights_alt
2021,MIL,642715.0,Willy Adames,413,1.0,True,MLB,weights_alt
2021,MIL,541645.0,Avisaíl García,515,2.0,True,MLB,weights_alt
2021,MIL,649966.0,Luis Urías,570,3.0,True,MLB,weights_alt
2021,LAA,665120.0,Jared Walsh,585,2.0,True,MLB,weights_alt
2021,LAA,660271.0,Shohei Ohtani,639,1.0,True,MLB,weights_alt
2021,LAA,545358.0,Max Stassi,319,3.0,True,MLB,weights_alt
2021,AZ,606466.0,Ketel Marte,374,1.0,True,MLB,weights_alt
2021,AZ,500871.0,Eduardo Escobar,400,2.0,False,MLB,weights_alt
2021,AZ,608348.0,Carson Kelly,359,3.0,True,MLB,weights_alt
2021,BAL,656775.0,Cedric Mullins,675,1.0,True,MLB,weights_alt
2021,BAL,669720.0,Austin Hays,529,3.0,False,MLB,weights_alt
2021,BAL,663624.0,Ryan Mountcastle,586,2.0,False,MLB,weights_alt
2021,BOS,593428.0,Xander Bogaerts,603,2.0,True,MLB,weights_alt
2021,BOS,502110.0,J.D. Martinez,634,3.0,True,MLB,weights_alt
2021,BOS,646240.0,Rafael Devers,664,1.0,True,MLB,weights_alt
2021,CHC,542364.0,Rafael Ortega,330,2.0,True,MLB,weights_alt
2021,CHC,592178.0,Kris Bryant,374,1.0,True,MLB,weights_alt
2021,CHC,621550.0,Patrick Wisdom,375,3.0,False,MLB,weights_alt
2021,CIN,592206.0,Nick Castellanos,585,3.0,True,MLB,weights_alt
2021,CIN,608385.0,Jesse Winker,485,1.0,True,MLB,weights_alt
2021,CIN,458015.0,Joey Votto,533,2.0,True,MLB,weights_alt
2021,CLE,608070.0,José Ramírez,636,1.0,True,MLB,weights_alt
2021,CLE,614177.0,Franmil Reyes,466,2.0,True,MLB,weights_alt
2021,CLE,514917.0,César Hernández,420,3.0,False,MLB,weights_alt
2021,COL,663898.0,Brendan Rodgers,415,2.0,True,MLB,weights_alt
2021,COL,543068.0,C.J. Cron,547,1.0,True,MLB,weights_alt
2021,COL,596115.0,Trevor Story,595,3.0,True,MLB,weights_alt
2021,DET,600869.0,Jeimer Candelario,626,1.0,True,MLB,weights_alt
2021,DET,668731.0,Akil Baddoo,461,3.0,True,MLB,weights_alt
2021,DET,543257.0,Robbie Grossman,671,2.0,True,MLB,weights_alt
2021,HOU,663656.0,Kyle Tucker,567,1.0,True,MLB,weights_alt
2021,HOU,621043.0,Carlos Correa,640,3.0,True,MLB,weights_alt
2021,HOU,670541.0,Yordan Alvarez,598,2.0,True,MLB,weights_alt
2021,KC,670032.0,Nicky Lopez,565,2.0,True,MLB,weights_alt
2021,KC,643217.0,Andrew Benintendi,538,3.0,True,MLB,weights_alt
2021,KC,521692.0,Salvador Perez,665,1.0,False,MLB,weights_alt
2021,LAD,608369.0,Corey Seager,409,1.0,True,MLB,weights_alt
2021,LAD,572041.0,AJ Pollock,422,3.0,True,MLB,weights_alt
2021,LAD,571970.0,Max Muncy,592,2.0,True,MLB,weights_alt
2021,WSH,607208.0,Trea Turner,420,3.0,True,MLB,weights_alt
2021,WSH,665742.0,Juan Soto,654,1.0,True,MLB,weights_alt
2021,WSH,656941.0,Kyle Schwarber,303,2.0,True,MLB,weights_alt
2021,NYM,607043.0,Brandon Nimmo,386,1.0,True,MLB,weights_alt
2021,NYM,624413.0,Pete Alonso,637,2.0,True,MLB,weights_alt
2021,NYM,624424.0,Michael Conforto,479,3.0,True,MLB,weights_alt
2022,OAK,669221.0,Sean Murphy,612,1.0,True,MLB,weights_alt
2022,OAK,462101.0,Elvis Andrus,386,3.0,False,MLB,weights_alt
2022,OAK,664913.0,Seth Brown,555,2.0,False,MLB,weights_alt
2022,PIT,668804.0,Bryan Reynolds,614,1.0,True,MLB,weights_alt
2022,PIT,665833.0,Oneil Cruz,361,2.0,False,MLB,weights_alt
2022,PIT,669261.0,Jack Suwinski,372,3.0,False,MLB,weights_alt
2022,SD,592518.0,Manny Machado,644,1.0,True,MLB,weights_alt
2022,SD,595777.0,Jurickson Profar,658,2.0,True,MLB,weights_alt
2022,SD,572228.0,Luke Voit,344,3.0,True,MLB,weights_alt
2022,SEA,677594.0,Julio Rodríguez,560,1.0,True,MLB,weights_alt
2022,SEA,664034.0,Ty France,613,3.0,True,MLB,weights_alt
2022,SEA,553993.0,Eugenio Suárez,629,2.0,True,MLB,weights_alt
2022,SF,592626.0,Joc Pederson,433,1.0,True,MLB,weights_alt
2022,SF,596103.0,Austin Slater,325,2.0,True,MLB,weights_alt
2022,SF,642731.0,Thairo Estrada,541,3.0,True,MLB,weights_alt
2022,STL,502671.0,Paul Goldschmidt,651,1.0,True,MLB,weights_alt
2022,STL,571448.0,Nolan Arenado,620,2.0,True,MLB,weights_alt
2022,STL,405395.0,Albert Pujols,351,3.0,True,MLB,weights_alt
2022,TB,623912.0,Harold Ramírez,435,3.0,True,MLB,weights_alt
2022,TB,650490.0,Yandy Díaz,558,1.0,True,MLB,weights_alt
2022,TB,668227.0,Randy Arozarena,645,2.0,True,MLB,weights_alt
2022,TEX,663993.0,Nathaniel Lowe,645,1.0,True,MLB,weights_alt
2022,TEX,666969.0,Adolis García,657,3.0,False,MLB,weights_alt
2022,TEX,608369.0,Corey Seager,663,2.0,True,MLB,weights_alt
2022,TOR,665489.0,Vladimir Guerrero Jr.,706,2.0,True,MLB,weights_alt
2022,TOR,543807.0,George Springer,583,1.0,True,MLB,weights_alt
2022,TOR,606192.0,Teoscar Hernández,535,3.0,True,MLB,weights_alt
2022,MIN,650333.0,Luis Arraez,603,3.0,True,MLB,weights_alt
2022,MIN,621043.0,Carlos Correa,590,1.0,True,MLB,weights_alt
2022,MIN,621439.0,Byron Buxton,382,2.0,False,MLB,weights_alt
2022,PHI,547180.0,Bryce Harper,426,1.0,True,MLB,weights_alt
2022,PHI,592663.0,J.T. Realmuto,562,3.0,True,MLB,weights_alt
2022,PHI,656941.0,Kyle Schwarber,669,2.0,True,MLB,weights_alt
2022,ATL,671739.0,Michael Harris II,441,3.0,True,MLB,weights_alt
2022,ATL,661388.0,William Contreras,376,2.0,True,MLB,weights_alt
2022,ATL,663586.0,Austin Riley,693,1.0,True,MLB,weights_alt
2022,CWS,547989.0,José Abreu,679,2.0,True,MLB,weights_alt
2022,CWS,650391.0,Eloy Jiménez,327,1.0,True,MLB,weights_alt
2022,CWS,683734.0,Andrew Vaughn,555,3.0,True,MLB,weights_alt
2022,MIA,643265.0,Garrett Cooper,469,1.0,True,MLB,weights_alt
2022,MIA,650559.0,Bryan De La Cruz,355,2.0,False,MLB,weights_alt
2022,MIA,624585.0,Jorge Soler,306,3.0,False,MLB,weights_alt
2022,NYY,592450.0,Aaron Judge,696,1.0,True,MLB,weights_alt
2022,NYY,518934.0,DJ LeMahieu,541,3.0,True,MLB,weights_alt
2022,NYY,519203.0,Anthony Rizzo,548,2.0,True,MLB,weights_alt
2022,MIL,592669.0,Hunter Renfroe,522,1.0,True,MLB,weights_alt
2022,MIL,592885.0,Christian Yelich,671,3.0,True,MLB,weights_alt
2022,MIL,543939.0,Kolten Wong,497,2.0,True,MLB,weights_alt
2022,LAA,545361.0,Mike Trout,499,1.0,True,MLB,weights_alt
2022,LAA,621493.0,Taylor Ward,564,3.0,True,MLB,weights_alt
2022,LAA,660271.0,Shohei Ohtani,666,2.0,True,MLB,weights_alt
2022,AZ,664983.0,Jake McCarthy,354,2.0,True,MLB,weights_alt
2022,AZ,444482.0,David Peralta,310,3.0,True,MLB,weights_alt
2022,AZ,572233.0,Christian Walker,667,1.0,True,MLB,weights_alt
2022,BAL,641820.0,Trey Mancini,401,3.0,True,MLB,weights_alt
2022,BAL,668939.0,Adley Rutschman,470,1.0,True,MLB,weights_alt
2022,BAL,623993.0,Anthony Santander,647,2.0,True,MLB,weights_alt
2022,BOS,593428.0,Xander Bogaerts,631,2.0,True,MLB,weights_alt
2022,BOS,646240.0,Rafael Devers,614,1.0,True,MLB,weights_alt
2022,BOS,502110.0,J.D. Martinez,596,3.0,True,MLB,weights_alt
2022,CHC,664023.0,Ian Happ,641,2.0,True,MLB,weights_alt
2022,CHC,673548.0,Seiya Suzuki,446,3.0,True,MLB,weights_alt
2022,CHC,575929.0,Willson Contreras,487,1.0,True,MLB,weights_alt
2022,CIN,456781.0,Donovan Solano,304,2.0,True,MLB,weights_alt
2022,CIN,592273.0,Brandon Drury,385,1.0,True,MLB,weights_alt
2022,CIN,663697.0,Jonathan India,431,3.0,True,MLB,weights_alt
2022,CLE,680757.0,Steven Kwan,638,3.0,True,MLB,weights_alt
2022,CLE,665926.0,Andrés Giménez,557,1.0,True,MLB,weights_alt
2022,CLE,608070.0,José Ramírez,685,2.0,True,MLB,weights_alt
2022,COL,602074.0,Yonathan Daza,408,3.0,True,MLB,weights_alt
2022,COL,543068.0,C.J. Cron,632,1.0,True,MLB,weights_alt
2022,COL,641857.0,Ryan McMahon,597,2.0,True,MLB,weights_alt
2022,DET,605612.0,Harold Castro,443,3.0,False,MLB,weights_alt
2022,DET,606992.0,Eric Haase,351,1.0,False,MLB,weights_alt
2022,DET,682985.0,Riley Greene,418,2.0,True,MLB,weights_alt
2022,HOU,670541.0,Yordan Alvarez,561,1.0,True,MLB,weights_alt
2022,HOU,514888.0,Jose Altuve,604,2.0,True,MLB,weights_alt
2022,HOU,608324.0,Alex Bregman,656,3.0,True,MLB,weights_alt
2022,KC,643217.0,Andrew Benintendi,390,1.0,True,MLB,weights_alt
2022,KC,521692.0,Salvador Perez,473,2.0,False,MLB,weights_alt
2022,KC,677951.0,Bobby Witt Jr.,632,3.0,False,MLB,weights_alt
2022,LAD,518692.0,Freddie Freeman,708,1.0,True,MLB,weights_alt
2022,LAD,607208.0,Trea Turner,708,3.0,True,MLB,weights_alt
2022,LAD,605141.0,Mookie Betts,639,2.0,True,MLB,weights_alt
2022,WSH,605137.0,Josh Bell,437,2.0,True,MLB,weights_alt
2022,WSH,628450.0,Yadiel Hernandez,327,3.0,True,MLB,weights_alt
2022,WSH,665742.0,Juan Soto,436,1.0,True,MLB,weights_alt
2022,NYM,643446.0,Jeff McNeil,589,2.0,True,MLB,weights_alt
2022,NYM,516782.0,Starling Marte,505,3.0,True,MLB,weights_alt
2022,NYM,624413.0,Pete Alonso,685,1.0,True,MLB,weights_alt
2023,OAK,680869.0,Zack Gelof,300,1.0,True,MLB,weights_alt
2023,OAK,667670.0,Brent Rooker,526,2.0,True,MLB,weights_alt
2023,OAK,676116.0,Ryan Noda,495,3.0,True,MLB,weights_alt
2023,PIT,668804.0,Bryan Reynolds,640,3.0,True,MLB,weights_alt
2023,PIT,457705.0,Andrew McCutchen,473,1.0,True,MLB,weights_alt
2023,PIT,669261.0,Jack Suwinski,534,2.0,True,MLB,weights_alt
2023,SD,593428.0,Xander Bogaerts,665,2.0,True,MLB,weights_alt
2023,SD,665742.0,Juan Soto,708,1.0,True,MLB,weights_alt
2023,SD,592518.0,Manny Machado,601,3.0,False,MLB,weights_alt
2023,SEA,677594.0,Julio Rodríguez,714,2.0,True,MLB,weights_alt
2023,SEA,641487.0,J.P. Crawford,638,1.0,True,MLB,weights_alt
2023,SEA,663728.0,Cal Raleigh,569,3.0,False,MLB,weights_alt
2023,SF,527038.0,Wilmer Flores,454,1.0,True,MLB,weights_alt
2023,SF,664774.0,LaMonte Wade Jr.,519,2.0,True,MLB,weights_alt
2023,SF,573262.0,Mike Yastrzemski,381,3.0,True,MLB,weights_alt
2023,STL,680977.0,Brendan Donovan,371,3.0,True,MLB,weights_alt
2023,STL,502671.0,Paul Goldschmidt,687,2.0,True,MLB,weights_alt
2023,STL,575929.0,Willson Contreras,495,1.0,True,MLB,weights_alt
2023,TB,650490.0,Yandy Díaz,600,1.0,True,MLB,weights_alt
2023,TB,666139.0,Josh Lowe,501,3.0,True,MLB,weights_alt
2023,TB,670623.0,Isaac Paredes,571,2.0,True,MLB,weights_alt
2023,TEX,608369.0,Corey Seager,536,1.0,True,MLB,weights_alt
2023,TEX,543760.0,Marcus Semien,753,3.0,True,MLB,weights_alt
2023,TEX,641598.0,Mitch Garver,344,2.0,True,MLB,weights_alt
2023,TOR,666182.0,Bo Bichette,601,2.0,True,MLB,weights_alt
2023,TOR,665489.0,Vladimir Guerrero Jr.,682,3.0,True,MLB,weights_alt
2023,TOR,474832.0,Brandon Belt,404,1.0,True,MLB,weights_alt
2023,MIN,680777.0,Ryan Jeffers,335,1.0,True,MLB,weights_alt
2023,MIN,666397.0,Edouard Julien,408,2.0,True,MLB,weights_alt
2023,MIN,596146.0,Max Kepler,491,3.0,True,MLB,weights_alt
2023,PHI,547180.0,Bryce Harper,546,1.0,True,MLB,weights_alt
2023,PHI,669016.0,Brandon Marsh,472,2.0,True,MLB,weights_alt
2023,PHI,656941.0,Kyle Schwarber,720,3.0,True,MLB,weights_alt
2023,ATL,660670.0,Ronald Acuña Jr.,735,1.0,True,MLB,weights_alt
2023,ATL,621566.0,Matt Olson,720,2.0,True,MLB,weights_alt
2023,ATL,542303.0,Marcell Ozuna,592,3.0,True,MLB,weights_alt
2023,CWS,650391.0,Eloy Jiménez,489,3.0,False,MLB,weights_alt
2023,CWS,673357.0,Luis Robert Jr.,595,1.0,False,MLB,weights_alt
2023,CWS,669394.0,Jake Burger,323,2.0,False,MLB,weights_alt
2023,MIA,650333.0,Luis Arraez,617,1.0,True,MLB,weights_alt
2023,MIA,660821.0,Jesús Sánchez,402,3.0,True,MLB,weights_alt
2023,MIA,624585.0,Jorge Soler,580,2.0,True,MLB,weights_alt
2023,NYY,650402.0,Gleyber Torres,672,2.0,True,MLB,weights_alt
2023,NYY,592450.0,Aaron Judge,458,1.0,True,MLB,weights_alt
2023,NYY,518934.0,DJ LeMahieu,562,3.0,True,MLB,weights_alt
2023,MIL,661388.0,William Contreras,611,1.0,True,MLB,weights_alt
2023,MIL,592885.0,Christian Yelich,632,2.0,True,MLB,weights_alt
2023,MIL,642715.0,Willy Adames,638,3.0,False,MLB,weights_alt
2023,LAA,660271.0,Shohei Ohtani,599,1.0,True,MLB,weights_alt
2023,LAA,666160.0,Mickey Moniak,323,3.0,False,MLB,weights_alt
2023,LAA,545361.0,Mike Trout,362,2.0,True,MLB,weights_alt
2023,AZ,682998.0,Corbin Carroll,645,1.0,True,MLB,weights_alt
2023,AZ,606466.0,Ketel Marte,650,2.0,True,MLB,weights_alt
2023,AZ,572233.0,Christian Walker,661,3.0,True,MLB,weights_alt
2023,BAL,668939.0,Adley Rutschman,687,1.0,True,MLB,weights_alt
2023,BAL,623993.0,Anthony Santander,656,3.0,True,MLB,weights_alt
2023,BAL,683002.0,Gunnar Henderson,622,2.0,True,MLB,weights_alt
2023,BOS,680776.0,Jarren Duran,362,3.0,True,MLB,weights_alt
2023,BOS,646240.0,Rafael Devers,656,2.0,True,MLB,weights_alt
2023,BOS,671213.0,Triston Casas,502,1.0,True,MLB,weights_alt
2023,CHC,641355.0,Cody Bellinger,556,1.0,True,MLB,weights_alt
2023,CHC,673548.0,Seiya Suzuki,583,2.0,True,MLB,weights_alt
2023,CHC,666624.0,Christopher Morel,429,3.0,False,MLB,weights_alt
2023,CIN,680574.0,Matt McLain,403,1.0,True,MLB,weights_alt
2023,CIN,666181.0,Will Benson,329,2.0,True,MLB,weights_alt
2023,CIN,668715.0,Spencer Steer,665,3.0,True,MLB,weights_alt
2023,CLE,647304.0,Josh Naylor,495,1.0,True,MLB,weights_alt
2023,CLE,608070.0,José Ramírez,691,2.0,True,MLB,weights_alt
2023,CLE,680757.0,Steven Kwan,718,3.0,True,MLB,weights_alt
2023,COL,666134.0,Nolan Jones,424,1.0,True,MLB,weights_alt
2023,COL,453568.0,Charlie Blackmon,413,2.0,True,MLB,weights_alt
2023,COL,641857.0,Ryan McMahon,627,3.0,True,MLB,weights_alt
2023,DET,682985.0,Riley Greene,416,2.0,True,MLB,weights_alt
2023,DET,681481.0,Kerry Carpenter,459,1.0,True,MLB,weights_alt
2023,DET,679529.0,Spencer Torkelson,684,3.0,False,MLB,weights_alt
2023,HOU,514888.0,Jose Altuve,410,2.0,True,MLB,weights_alt
2023,HOU,670541.0,Yordan Alvarez,496,1.0,True,MLB,weights_alt
2023,HOU,663656.0,Kyle Tucker,674,3.0,True,MLB,weights_alt
2023,KC,677951.0,Bobby Witt Jr.,694,1.0,False,MLB,weights_alt
2023,KC,658668.0,Edward Olivares,385,2.0,False,MLB,weights_alt
2023,KC,669004.0,MJ Melendez,602,3.0,False,MLB,weights_alt
2023,LAD,518692.0,Freddie Freeman,730,2.0,True,MLB,weights_alt
2023,LAD,605141.0,Mookie Betts,693,1.0,True,MLB,weights_alt
2023,LAD,502110.0,J.D. Martinez,479,3.0,True,MLB,weights_alt
2023,WSH,608841.0,Joey Meneses,657,3.0,True,MLB,weights_alt
2023,WSH,657041.0,Lane Thomas,682,2.0,False,MLB,weights_alt
2023,WSH,600869.0,Jeimer Candelario,419,1.0,True,MLB,weights_alt
2023,NYM,607043.0,Brandon Nimmo,682,1.0,True,MLB,weights_alt
2023,NYM,596019.0,Francisco Lindor,687,3.0,True,MLB,weights_alt
2023,NYM,624413.0,Pete Alonso,658,2.0,False,MLB,weights_alt
2024,OAK,667670.0,Brent Rooker,614,1.0,True,MLB,weights_alt
2024,OAK,671732.0,Lawrence Butler,451,2.0,True,MLB,weights_alt
2024,OAK,668709.0,JJ Bleday,642,3.0,True,MLB,weights_alt
2024,PIT,668804.0,Bryan Reynolds,692,1.0,True,MLB,weights_alt
2024,PIT,665833.0,Oneil Cruz,599,2.0,True,MLB,weights_alt
2024,PIT,457705.0,Andrew McCutchen,515,3.0,True,MLB,weights_alt
2024,SD,701538.0,Jackson Merrill,593,3.0,True,MLB,weights_alt
2024,SD,595777.0,Jurickson Profar,668,1.0,True,MLB,weights_alt
2024,SD,665487.0,Fernando Tatis Jr.,438,2.0,True,MLB,weights_alt
2024,SEA,677594.0,Julio Rodríguez,613,3.0,True,MLB,weights_alt
2024,SEA,670042.0,Luke Raley,455,1.0,True,MLB,weights_alt
2024,SEA,663728.0,Cal Raleigh,628,2.0,True,MLB,weights_alt
2024,SF,666149.0,Tyler Fitzgerald,341,1.0,True,MLB,weights_alt
2024,SF,671218.0,Heliot Ramos,518,3.0,True,MLB,weights_alt
2024,SF,656305.0,Matt Chapman,647,2.0,True,MLB,weights_alt
2024,STL,680977.0,Brendan Donovan,652,2.0,True,MLB,weights_alt
2024,STL,575929.0,Willson Contreras,358,1.0,True,MLB,weights_alt
2024,STL,663457.0,Lars Nootbaar,405,3.0,True,MLB,weights_alt
2024,TB,650490.0,Yandy Díaz,621,2.0,True,MLB,weights_alt
2024,TB,664040.0,Brandon Lowe,425,1.0,False,MLB,weights_alt
2024,TB,680700.0,Richie Palacios,316,3.0,True,MLB,weights_alt
2024,TEX,608369.0,Corey Seager,533,1.0,True,MLB,weights_alt
2024,TEX,663993.0,Nathaniel Lowe,565,2.0,True,MLB,weights_alt
2024,TEX,669701.0,Josh Smith,592,3.0,True,MLB,weights_alt
2024,TOR,665489.0,Vladimir Guerrero Jr.,697,1.0,True,MLB,weights_alt
2024,TOR,687462.0,Spencer Horwitz,381,2.0,True,MLB,weights_alt
2024,TOR,457759.0,Justin Turner,349,3.0,True,MLB,weights_alt
2024,MIN,621043.0,Carlos Correa,367,1.0,True,MLB,weights_alt
2024,MIN,621439.0,Byron Buxton,388,2.0,True,MLB,weights_alt
2024,MIN,663616.0,Trevor Larnach,400,3.0,True,MLB,weights_alt
2024,PHI,607208.0,Trea Turner,539,3.0,True,MLB,weights_alt
2024,PHI,547180.0,Bryce Harper,631,1.0,True,MLB,weights_alt
2024,PHI,656941.0,Kyle Schwarber,692,2.0,True,MLB,weights_alt
2024,ATL,542303.0,Marcell Ozuna,688,1.0,True,MLB,weights_alt
2024,ATL,663586.0,Austin Riley,469,3.0,True,MLB,weights_alt
2024,ATL,621566.0,Matt Olson,685,2.0,True,MLB,weights_alt
2024,CWS,683734.0,Andrew Vaughn,619,1.0,False,MLB,weights_alt
2024,CWS,657757.0,Gavin Sheets,501,3.0,False,MLB,weights_alt
2024,CWS,643217.0,Andrew Benintendi,522,2.0,False,MLB,weights_alt
2024,MIA,669364.0,Xavier Edwards,303,1.0,True,MLB,weights_alt
2024,MIA,660821.0,Jesús Sánchez,537,3.0,True,MLB,weights_alt
2024,MIA,669394.0,Jake Burger,579,2.0,False,MLB,weights_alt
2024,NYY,592450.0,Aaron Judge,704,1.0,True,MLB,weights_alt
2024,NYY,665742.0,Juan Soto,713,2.0,True,MLB,weights_alt
2024,NYY,519317.0,Giancarlo Stanton,459,3.0,False,MLB,weights_alt
2024,MIL,592885.0,Christian Yelich,315,1.0,True,MLB,weights_alt
2024,MIL,661388.0,William Contreras,679,2.0,True,MLB,weights_alt
2024,MIL,642715.0,Willy Adames,688,3.0,True,MLB,weights_alt
2024,LAA,650859.0,Luis Rengifo,304,1.0,True,MLB,weights_alt
2024,LAA,687263.0,Zach Neto,602,2.0,True,MLB,weights_alt
2024,LAA,621493.0,Taylor Ward,663,3.0,True,MLB,weights_alt
2024,AZ,606466.0,Ketel Marte,583,2.0,True,MLB,weights_alt
2024,AZ,592626.0,Joc Pederson,449,1.0,True,MLB,weights_alt
2024,AZ,572233.0,Christian Walker,552,3.0,True,MLB,weights_alt
2024,BAL,683002.0,Gunnar Henderson,719,1.0,True,MLB,weights_alt
2024,BAL,676059.0,Jordan Westburg,447,3.0,False,MLB,weights_alt
2024,BAL,623993.0,Anthony Santander,665,2.0,False,MLB,weights_alt
2024,BOS,608701.0,Rob Refsnyder,307,3.0,True,MLB,weights_alt
2024,BOS,646240.0,Rafael Devers,601,1.0,True,MLB,weights_alt
2024,BOS,641933.0,Tyler O'Neill,473,2.0,True,MLB,weights_alt
2024,CHC,673548.0,Seiya Suzuki,585,1.0,True,MLB,weights_alt
2024,CHC,683737.0,Michael Busch,567,3.0,True,MLB,weights_alt
2024,CHC,664023.0,Ian Happ,657,2.0,True,MLB,weights_alt
2024,CIN,682829.0,Elly De La Cruz,696,1.0,True,MLB,weights_alt
2024,CIN,663886.0,Tyler Stephenson,515,2.0,True,MLB,weights_alt
2024,CIN,663697.0,Jonathan India,637,3.0,True,MLB,weights_alt
2024,CLE,680757.0,Steven Kwan,540,2.0,True,MLB,weights_alt
2024,CLE,608070.0,José Ramírez,682,1.0,True,MLB,weights_alt
2024,CLE,681807.0,David Fry,392,3.0,True,MLB,weights_alt
2024,COL,678662.0,Ezequiel Tovar,695,3.0,False,MLB,weights_alt
2024,COL,686668.0,Brenton Doyle,603,2.0,True,MLB,weights_alt
2024,COL,669911.0,Michael Toglia,458,1.0,False,MLB,weights_alt
2024,DET,682985.0,Riley Greene,584,1.0,True,MLB,weights_alt
2024,DET,663837.0,Matt Vierling,567,2.0,True,MLB,weights_alt
2024,DET,592192.0,Mark Canha,377,3.0,True,MLB,weights_alt
2024,HOU,670541.0,Yordan Alvarez,635,2.0,True,MLB,weights_alt
2024,HOU,514888.0,Jose Altuve,682,3.0,True,MLB,weights_alt
2024,HOU,663656.0,Kyle Tucker,339,1.0,True,MLB,weights_alt
2024,KC,677951.0,Bobby Witt Jr.,709,1.0,True,MLB,weights_alt
2024,KC,521692.0,Salvador Perez,652,2.0,True,MLB,weights_alt
2024,KC,686469.0,Vinnie Pasquantino,554,3.0,True,MLB,weights_alt
2024,LAD,660271.0,Shohei Ohtani,731,1.0,True,MLB,weights_alt
2024,LAD,605141.0,Mookie Betts,516,2.0,True,MLB,weights_alt
2024,LAD,518692.0,Freddie Freeman,638,3.0,True,MLB,weights_alt
2024,WSH,671277.0,Luis García Jr.,528,2.0,True,MLB,weights_alt
2024,WSH,695578.0,James Wood,336,1.0,True,MLB,weights_alt
2024,WSH,657041.0,Lane Thomas,341,3.0,True,MLB,weights_alt
2024,NYM,596019.0,Francisco Lindor,689,1.0,True,MLB,weights_alt
2024,NYM,668901.0,Mark Vientos,454,2.0,True,MLB,weights_alt
2024,NYM,624413.0,Pete Alonso,695,3.0,True,MLB,weights_alt
2025,ATH,701762.0,Nick Kurtz,489,1.0,True,MLB,weights_alt
2025,ATH,669127.0,Shea Langeliers,523,2.0,True,MLB,weights_alt
2025,ATH,691016.0,Tyler Soderstrom,624,3.0,True,MLB,weights_alt
2025,PIT,687462.0,Spencer Horwitz,411,1.0,True,MLB,weights_alt
2025,PIT,663698.0,Joey Bart,332,2.0,True,MLB,weights_alt
2025,PIT,668804.0,Bryan Reynolds,654,3.0,True,MLB,weights_alt
2025,SD,592518.0,Manny Machado,678,2.0,True,MLB,weights_alt
2025,SD,665487.0,Fernando Tatis Jr.,691,1.0,True,MLB,weights_alt
2025,SD,630105.0,Jake Cronenworth,515,3.0,True,MLB,weights_alt
2025,SEA,677594.0,Julio Rodríguez,710,3.0,True,MLB,weights_alt
2025,SEA,593871.0,Jorge Polanco,524,2.0,True,MLB,weights_alt
2025,SEA,663728.0,Cal Raleigh,705,1.0,True,MLB,weights_alt
2025,SF,646240.0,Rafael Devers,395,1.0,True,MLB,weights_alt
2025,SF,656305.0,Matt Chapman,535,2.0,True,MLB,weights_alt
2025,SF,642715.0,Willy Adames,686,3.0,True,MLB,weights_alt
2025,STL,676475.0,Alec Burleson,546,2.0,True,MLB,weights_alt
2025,STL,671056.0,Iván Herrera,452,1.0,True,MLB,weights_alt
2025,STL,575929.0,Willson Contreras,563,3.0,True,MLB,weights_alt
2025,TB,666018.0,Jonathan Aranda,422,1.0,True,MLB,weights_alt
2025,TB,650490.0,Yandy Díaz,651,2.0,True,MLB,weights_alt
2025,TB,691406.0,Junior Caminero,653,3.0,False,MLB,weights_alt
2025,TEX,608369.0,Corey Seager,445,1.0,True,MLB,weights_alt
2025,TEX,669701.0,Josh Smith,563,3.0,True,MLB,weights_alt
2025,TEX,694671.0,Wyatt Langford,573,2.0,True,MLB,weights_alt
2025,TOR,666182.0,Bo Bichette,628,3.0,True,MLB,weights_alt
2025,TOR,543807.0,George Springer,586,1.0,True,MLB,weights_alt
2025,TOR,665489.0,Vladimir Guerrero Jr.,680,2.0,True,MLB,weights_alt
2025,MIN,680777.0,Ryan Jeffers,464,3.0,True,MLB,weights_alt
2025,MIN,621439.0,Byron Buxton,542,1.0,True,MLB,weights_alt
2025,MIN,670242.0,Matt Wallner,392,2.0,False,MLB,weights_alt
2025,PHI,607208.0,Trea Turner,639,3.0,True,MLB,weights_alt
2025,PHI,547180.0,Bryce Harper,580,2.0,True,MLB,weights_alt
2025,PHI,656941.0,Kyle Schwarber,724,1.0,True,MLB,weights_alt
2025,ATL,660670.0,Ronald Acuña Jr.,412,1.0,True,MLB,weights_alt
2025,ATL,686948.0,Drake Baldwin,446,3.0,True,MLB,weights_alt
2025,ATL,621566.0,Matt Olson,724,2.0,True,MLB,weights_alt
2025,CWS,643565.0,Mike Tauchman,385,1.0,True,MLB,weights_alt
2025,CWS,643217.0,Andrew Benintendi,470,2.0,False,MLB,weights_alt
2025,CWS,678246.0,Miguel Vargas,569,3.0,True,MLB,weights_alt
2025,MIA,669065.0,Kyle Stowers,457,1.0,True,MLB,weights_alt
2025,MIA,669364.0,Xavier Edwards,619,3.0,True,MLB,weights_alt
2025,MIA,689414.0,Liam Hicks,390,2.0,True,MLB,weights_alt
2025,NYY,592450.0,Aaron Judge,679,1.0,True,MLB,weights_alt
2025,NYY,700250.0,Ben Rice,530,2.0,True,MLB,weights_alt
2025,NYY,663757.0,Trent Grisham,581,3.0,True,MLB,weights_alt
2025,MIL,668930.0,Brice Turang,659,1.0,True,MLB,weights_alt
2025,MIL,592885.0,Christian Yelich,644,3.0,True,MLB,weights_alt
2025,MIL,686555.0,Isaac Collins,441,2.0,True,MLB,weights_alt
2025,LAA,687263.0,Zach Neto,554,3.0,True,MLB,weights_alt
2025,LAA,545361.0,Mike Trout,556,1.0,True,MLB,weights_alt
2025,LAA,621493.0,Taylor Ward,663,2.0,True,MLB,weights_alt
2025,AZ,672695.0,Geraldo Perdomo,720,3.0,True,MLB,weights_alt
2025,AZ,606466.0,Ketel Marte,556,1.0,True,MLB,weights_alt
2025,AZ,682998.0,Corbin Carroll,642,2.0,True,MLB,weights_alt
2025,BAL,683002.0,Gunnar Henderson,651,1.0,True,MLB,weights_alt
2025,BAL,676059.0,Jordan Westburg,352,2.0,False,MLB,weights_alt
2025,BAL,702616.0,Jackson Holliday,649,3.0,False,MLB,weights_alt
2025,BOS,663853.0,Romy Gonzalez,341,3.0,True,MLB,weights_alt
2025,BOS,701350.0,Roman Anthony,303,1.0,True,MLB,weights_alt
2025,BOS,608324.0,Alex Bregman,495,2.0,True,MLB,weights_alt
2025,CHC,663656.0,Kyle Tucker,597,2.0,True,MLB,weights_alt
2025,CHC,683737.0,Michael Busch,592,1.0,True,MLB,weights_alt
2025,CHC,673548.0,Seiya Suzuki,651,3.0,True,MLB,weights_alt
2025,CIN,669720.0,Austin Hays,416,3.0,True,MLB,weights_alt
2025,CIN,682829.0,Elly De La Cruz,699,2.0,True,MLB,weights_alt
2025,CIN,670770.0,TJ Friedl,685,1.0,True,MLB,weights_alt
2025,CLE,608070.0,José Ramírez,673,1.0,True,MLB,weights_alt
2025,CLE,680757.0,Steven Kwan,693,3.0,True,MLB,weights_alt
2025,CLE,700932.0,Kyle Manzardo,531,2.0,False,MLB,weights_alt
2025,COL,671289.0,Tyler Freeman,428,3.0,True,MLB,weights_alt
2025,COL,696100.0,Hunter Goodman,579,1.0,True,MLB,weights_alt
2025,COL,666160.0,Mickey Moniak,461,2.0,False,MLB,weights_alt
2025,DET,682985.0,Riley Greene,655,1.0,False,MLB,weights_alt
2025,DET,681481.0,Kerry Carpenter,464,3.0,False,MLB,weights_alt
2025,DET,679529.0,Spencer Torkelson,649,2.0,True,MLB,weights_alt
2025,HOU,665161.0,Jeremy Peña,543,1.0,True,MLB,weights_alt
2025,HOU,514888.0,Jose Altuve,654,3.0,True,MLB,weights_alt
2025,HOU,670623.0,Isaac Paredes,438,2.0,True,MLB,weights_alt
2025,KC,677951.0,Bobby Witt Jr.,687,1.0,True,MLB,weights_alt
2025,KC,672580.0,Maikel Garcia,666,2.0,True,MLB,weights_alt
2025,KC,686469.0,Vinnie Pasquantino,682,3.0,True,MLB,weights_alt
2025,LAD,669257.0,Will Smith,436,2.0,True,MLB,weights_alt
2025,LAD,518692.0,Freddie Freeman,627,3.0,True,MLB,weights_alt
2025,LAD,660271.0,Shohei Ohtani,727,1.0,True,MLB,weights_alt
2025,WSH,695734.0,Daylen Lile,351,1.0,True,MLB,weights_alt
2025,WSH,695578.0,James Wood,689,2.0,True,MLB,weights_alt
2025,WSH,605137.0,Josh Bell,533,3.0,True,MLB,weights_alt
2025,NYM,624413.0,Pete Alonso,709,2.0,True,MLB,weights_alt
2025,NYM,596019.0,Francisco Lindor,732,3.0,True,MLB,weights_alt
2025,NYM,665742.0,Juan Soto,715,1.0,True,MLB,weights_alt
2022,OAK,643393.0,Tony Kemp,558,1.0,True,MLB,exante
2022,OAK,664913.0,Seth Brown,555,3.0,False,MLB,exante
2022,OAK,657656.0,Ramón Laureano,383,2.0,False,MLB,exante
2022,PIT,668804.0,Bryan Reynolds,614,1.0,True,MLB,exante
2022,PIT,663647.0,Ke'Bryan Hayes,560,3.0,False,MLB,exante
2022,PIT,592325.0,Ben Gamel,423,2.0,True,MLB,exante
2022,SD,592518.0,Manny Machado,644,3.0,True,MLB,exante
2022,SD,665742.0,Juan Soto,228,1.0,True,MLB,exante
2022,SD,605137.0,Josh Bell,210,2.0,True,MLB,exante
2022,SEA,664034.0,Ty France,613,2.0,True,MLB,exante
2022,SEA,624428.0,Adam Frazier,602,3.0,True,MLB,exante
2022,SEA,608385.0,Jesse Winker,547,1.0,True,MLB,exante
2022,SF,543063.0,Brandon Crawford,458,3.0,True,MLB,exante
2022,SF,573131.0,Darin Ruf,314,2.0,True,MLB,exante
2022,SF,474832.0,Brandon Belt,298,1.0,True,MLB,exante
2022,STL,502671.0,Paul Goldschmidt,651,2.0,True,MLB,exante
2022,STL,666185.0,Dylan Carlson,488,3.0,True,MLB,exante
2022,STL,641933.0,Tyler O'Neill,383,1.0,True,MLB,exante
2022,TB,668227.0,Randy Arozarena,645,3.0,True,MLB,exante
2022,TB,664040.0,Brandon Lowe,266,1.0,True,MLB,exante
2022,TB,572287.0,Mike Zunino,123,2.0,False,MLB,exante
2022,TEX,663993.0,Nathaniel Lowe,645,3.0,True,MLB,exante
2022,TEX,543760.0,Marcus Semien,724,2.0,True,MLB,exante
2022,TEX,608369.0,Corey Seager,663,1.0,True,MLB,exante
2022,TOR,665489.0,Vladimir Guerrero Jr.,706,1.0,True,MLB,exante
2022,TOR,543807.0,George Springer,583,2.0,True,MLB,exante
2022,TOR,606192.0,Teoscar Hernández,535,3.0,True,MLB,exante
2022,MIN,621043.0,Carlos Correa,590,1.0,True,MLB,exante
2022,MIN,593871.0,Jorge Polanco,445,2.0,True,MLB,exante
2022,MIN,593934.0,Miguel Sanó,71,3.0,False,MLB,exante
2022,PHI,547180.0,Bryce Harper,426,1.0,True,MLB,exante
2022,PHI,592206.0,Nick Castellanos,558,3.0,True,MLB,exante
2022,PHI,656941.0,Kyle Schwarber,669,2.0,True,MLB,exante
2022,ATL,663586.0,Austin Riley,693,3.0,True,MLB,exante
2022,ATL,660670.0,Ronald Acuña Jr.,533,1.0,True,MLB,exante
2022,ATL,621566.0,Matt Olson,699,2.0,True,MLB,exante
2022,CWS,547989.0,José Abreu,679,3.0,True,MLB,exante
2022,CWS,572041.0,AJ Pollock,527,2.0,True,MLB,exante
2022,CWS,518735.0,Yasmani Grandal,376,1.0,True,MLB,exante
2022,MIA,542583.0,Jesús Aguilar,456,2.0,True,MLB,exante
2022,MIA,541645.0,Avisaíl García,380,1.0,True,MLB,exante
2022,MIA,624585.0,Jorge Soler,306,3.0,False,MLB,exante
2022,NYY,592450.0,Aaron Judge,696,1.0,True,MLB,exante
2022,NYY,518626.0,Josh Donaldson,546,3.0,True,MLB,exante
2022,NYY,519317.0,Giancarlo Stanton,452,2.0,True,MLB,exante
2022,MIL,592669.0,Hunter Renfroe,522,2.0,False,MLB,exante
2022,MIL,649966.0,Luis Urías,472,3.0,True,MLB,exante
2022,MIL,642715.0,Willy Adames,617,1.0,True,MLB,exante
2022,LAA,660271.0,Shohei Ohtani,666,1.0,True,MLB,exante
2022,LAA,665120.0,Jared Walsh,454,2.0,True,MLB,exante
2022,LAA,545358.0,Max Stassi,375,3.0,True,MLB,exante
2022,AZ,668942.0,Josh Rojas,510,3.0,True,MLB,exante
2022,AZ,606466.0,Ketel Marte,558,1.0,True,MLB,exante
2022,AZ,608348.0,Carson Kelly,354,2.0,True,MLB,exante
2022,BAL,656775.0,Cedric Mullins,672,1.0,True,MLB,exante
2022,BAL,663624.0,Ryan Mountcastle,609,2.0,False,MLB,exante
2022,BAL,542583.0,Jesús Aguilar,51,3.0,True,MLB,exante
2022,BOS,593428.0,Xander Bogaerts,631,2.0,True,MLB,exante
2022,BOS,646240.0,Rafael Devers,614,1.0,True,MLB,exante
2022,BOS,502110.0,J.D. Martinez,596,3.0,True,MLB,exante
2022,CHC,542364.0,Rafael Ortega,371,1.0,True,MLB,exante
2022,CHC,614177.0,Franmil Reyes,193,2.0,True,MLB,exante
2022,CHC,621550.0,Patrick Wisdom,534,3.0,False,MLB,exante
2022,CIN,663886.0,Tyler Stephenson,183,3.0,True,MLB,exante
2022,CIN,663697.0,Jonathan India,431,2.0,True,MLB,exante
2022,CIN,458015.0,Joey Votto,376,1.0,True,MLB,exante
2022,CLE,642708.0,Amed Rosario,670,3.0,True,MLB,exante
2022,CLE,608070.0,José Ramírez,685,1.0,True,MLB,exante
2022,CLE,614177.0,Franmil Reyes,280,2.0,True,MLB,exante
2022,COL,592178.0,Kris Bryant,181,2.0,True,MLB,exante
2022,COL,663898.0,Brendan Rodgers,581,3.0,True,MLB,exante
2022,COL,543068.0,C.J. Cron,632,1.0,True,MLB,exante
2022,DET,595879.0,Javier Báez,590,2.0,True,MLB,exante
2022,DET,600869.0,Jeimer Candelario,467,1.0,True,MLB,exante
2022,DET,543257.0,Robbie Grossman,320,3.0,True,MLB,exante
2022,HOU,670541.0,Yordan Alvarez,561,2.0,True,MLB,exante
2022,HOU,663656.0,Kyle Tucker,609,1.0,True,MLB,exante
2022,HOU,493329.0,Yuli Gurriel,584,3.0,True,MLB,exante
2022,KC,643217.0,Andrew Benintendi,390,3.0,True,MLB,exante
2022,KC,521692.0,Salvador Perez,473,1.0,False,MLB,exante
2022,KC,670032.0,Nicky Lopez,480,2.0,True,MLB,exante
2022,LAD,518692.0,Freddie Freeman,708,3.0,True,MLB,exante
2022,LAD,607208.0,Trea Turner,708,1.0,True,MLB,exante
2022,LAD,571970.0,Max Muncy,565,2.0,True,MLB,exante
2022,WSH,605137.0,Josh Bell,437,2.0,True,MLB,exante
2022,WSH,665742.0,Juan Soto,436,1.0,True,MLB,exante
2022,WSH,443558.0,Nelson Cruz,507,3.0,True,MLB,exante
2022,NYM,516782.0,Starling Marte,505,3.0,True,MLB,exante
2022,NYM,607043.0,Brandon Nimmo,673,2.0,True,MLB,exante
2022,NYM,573131.0,Darin Ruf,74,1.0,True,MLB,exante
2023,OAK,649557.0,Aledmys Díaz,344,3.0,False,MLB,exante
2023,OAK,664913.0,Seth Brown,378,1.0,False,MLB,exante
2023,OAK,607054.0,Jace Peterson,324,2.0,True,MLB,exante
2023,PIT,668804.0,Bryan Reynolds,640,1.0,True,MLB,exante
2023,PIT,665833.0,Oneil Cruz,40,3.0,False,MLB,exante
2023,PIT,596847.0,Ji Man Choi,76,2.0,True,MLB,exante
2023,SD,593428.0,Xander Bogaerts,665,3.0,True,MLB,exante
2023,SD,665742.0,Juan Soto,708,2.0,True,MLB,exante
2023,SD,592518.0,Manny Machado,601,1.0,True,MLB,exante
2023,SEA,677594.0,Julio Rodríguez,714,1.0,True,MLB,exante
2023,SEA,606192.0,Teoscar Hernández,678,2.0,True,MLB,exante
2023,SEA,553993.0,Eugenio Suárez,694,3.0,True,MLB,exante
2023,SF,596103.0,Austin Slater,207,2.0,True,MLB,exante
2023,SF,605204.0,J.D. Davis,546,3.0,True,MLB,exante
2023,SF,592626.0,Joc Pederson,425,1.0,True,MLB,exante
2023,STL,502671.0,Paul Goldschmidt,687,1.0,True,MLB,exante
2023,STL,571448.0,Nolan Arenado,612,2.0,True,MLB,exante
2023,STL,575929.0,Willson Contreras,495,3.0,True,MLB,exante
2023,TB,650490.0,Yandy Díaz,600,1.0,True,MLB,exante
2023,TB,623912.0,Harold Ramírez,434,3.0,True,MLB,exante
2023,TB,668227.0,Randy Arozarena,654,2.0,True,MLB,exante
2023,TEX,608369.0,Corey Seager,536,2.0,True,MLB,exante
2023,TEX,663993.0,Nathaniel Lowe,724,1.0,True,MLB,exante
2023,TEX,666969.0,Adolis García,632,3.0,False,MLB,exante
2023,TOR,665489.0,Vladimir Guerrero Jr.,682,2.0,True,MLB,exante
2023,TOR,543807.0,George Springer,683,1.0,True,MLB,exante
2023,TOR,672386.0,Alejandro Kirk,422,3.0,True,MLB,exante
2023,MIN,593871.0,Jorge Polanco,343,3.0,True,MLB,exante
2023,MIN,621043.0,Carlos Correa,580,1.0,True,MLB,exante
2023,MIN,621439.0,Byron Buxton,347,2.0,False,MLB,exante
2023,PHI,547180.0,Bryce Harper,546,1.0,True,MLB,exante
2023,PHI,592663.0,J.T. Realmuto,540,3.0,True,MLB,exante
2023,PHI,656941.0,Kyle Schwarber,720,2.0,True,MLB,exante
2023,ATL,671739.0,Michael Harris II,539,2.0,True,MLB,exante
2023,ATL,621566.0,Matt Olson,720,3.0,True,MLB,exante
2023,ATL,663586.0,Austin Riley,715,1.0,True,MLB,exante
2023,CWS,650391.0,Eloy Jiménez,489,1.0,True,MLB,exante
2023,CWS,643217.0,Andrew Benintendi,621,2.0,True,MLB,exante
2023,CWS,683734.0,Andrew Vaughn,615,3.0,True,MLB,exante
2023,MIA,650333.0,Luis Arraez,617,1.0,True,MLB,exante
2023,MIA,605137.0,Josh Bell,224,2.0,True,MLB,exante
2023,MIA,643265.0,Garrett Cooper,324,3.0,True,MLB,exante
2023,NYY,592450.0,Aaron Judge,458,1.0,True,MLB,exante
2023,NYY,519203.0,Anthony Rizzo,421,2.0,True,MLB,exante
2023,NYY,518934.0,DJ LeMahieu,562,3.0,True,MLB,exante
2023,MIL,661388.0,William Contreras,611,1.0,True,MLB,exante
2023,MIL,592192.0,Mark Canha,204,2.0,True,MLB,exante
2023,MIL,592885.0,Christian Yelich,632,3.0,True,MLB,exante
2023,LAA,660271.0,Shohei Ohtani,599,2.0,True,MLB,exante
2023,LAA,545361.0,Mike Trout,362,1.0,True,MLB,exante
2023,LAA,621493.0,Taylor Ward,409,3.0,True,MLB,exante
2023,AZ,572233.0,Christian Walker,661,1.0,True,MLB,exante
2023,AZ,664983.0,Jake McCarthy,312,2.0,True,MLB,exante
2023,AZ,668942.0,Josh Rojas,216,3.0,True,MLB,exante
2023,BAL,668939.0,Adley Rutschman,687,1.0,True,MLB,exante
2023,BAL,663624.0,Ryan Mountcastle,470,3.0,False,MLB,exante
2023,BAL,623993.0,Anthony Santander,656,2.0,True,MLB,exante
2023,BOS,457759.0,Justin Turner,626,2.0,True,MLB,exante
2023,BOS,646240.0,Rafael Devers,656,1.0,True,MLB,exante
2023,BOS,649966.0,Luis Urías,109,3.0,True,MLB,exante
2023,CHC,673548.0,Seiya Suzuki,583,3.0,True,MLB,exante
2023,CHC,664023.0,Ian Happ,691,1.0,True,MLB,exante
2023,CHC,621020.0,Dansby Swanson,638,2.0,True,MLB,exante
2023,CIN,663697.0,Jonathan India,529,2.0,True,MLB,exante
2023,CIN,458015.0,Joey Votto,242,3.0,True,MLB,exante
2023,CIN,592669.0,Hunter Renfroe,44,1.0,True,MLB,exante
2023,CLE,608070.0,José Ramírez,691,2.0,True,MLB,exante
2023,CLE,665926.0,Andrés Giménez,616,1.0,True,MLB,exante
2023,CLE,605137.0,Josh Bell,393,3.0,True,MLB,exante
2023,COL,602074.0,Yonathan Daza,80,3.0,True,MLB,exante
2023,COL,543068.0,C.J. Cron,224,1.0,True,MLB,exante
2023,COL,641857.0,Ryan McMahon,627,2.0,True,MLB,exante
2023,DET,682985.0,Riley Greene,416,2.0,True,MLB,exante
2023,DET,595879.0,Javier Báez,547,3.0,False,MLB,exante
2023,DET,606992.0,Eric Haase,282,1.0,False,MLB,exante
2023,HOU,514888.0,Jose Altuve,410,2.0,True,MLB,exante
2023,HOU,670541.0,Yordan Alvarez,496,1.0,True,MLB,exante
2023,HOU,547989.0,José Abreu,594,3.0,True,MLB,exante
2023,KC,677951.0,Bobby Witt Jr.,694,3.0,False,MLB,exante
2023,KC,521692.0,Salvador Perez,580,1.0,False,MLB,exante
2023,KC,669004.0,MJ Melendez,602,2.0,True,MLB,exante
2023,LAD,518692.0,Freddie Freeman,730,1.0,True,MLB,exante
2023,LAD,605141.0,Mookie Betts,693,2.0,True,MLB,exante
2023,LAD,669257.0,Will Smith,554,3.0,True,MLB,exante
2023,WSH,657041.0,Lane Thomas,682,1.0,False,MLB,exante
2023,WSH,671277.0,Luis García Jr.,482,2.0,False,MLB,exante
2023,WSH,660688.0,Keibert Ruiz,562,3.0,True,MLB,exante
2023,NYM,643446.0,Jeff McNeil,648,2.0,True,MLB,exante
2023,NYM,516782.0,Starling Marte,341,3.0,True,MLB,exante
2023,NYM,624413.0,Pete Alonso,658,1.0,True,MLB,exante
2024,OAK,667670.0,Brent Rooker,614,2.0,True,MLB,exante
2024,OAK,680869.0,Zack Gelof,547,1.0,True,MLB,exante
2024,OAK,676116.0,Ryan Noda,111,3.0,True,MLB,exante
2024,PIT,668804.0,Bryan Reynolds,692,3.0,True,MLB,exante
2024,PIT,457705.0,Andrew McCutchen,515,1.0,True,MLB,exante
2024,PIT,669261.0,Jack Suwinski,277,2.0,True,MLB,exante
2024,SD,650333.0,Luis Arraez,524,1.0,True,MLB,exante
2024,SD,456781.0,Donovan Solano,309,3.0,True,MLB,exante
2024,SD,593428.0,Xander Bogaerts,463,2.0,True,MLB,exante
2024,SEA,670042.0,Luke Raley,455,3.0,True,MLB,exante
2024,SEA,641487.0,J.P. Crawford,451,2.0,True,MLB,exante
2024,SEA,641598.0,Mitch Garver,430,1.0,True,MLB,exante
2024,SF,592192.0,Mark Canha,85,3.0,True,MLB,exante
2024,SF,664774.0,LaMonte Wade Jr.,401,2.0,True,MLB,exante
2024,SF,527038.0,Wilmer Flores,242,1.0,True,MLB,exante
2024,STL,575929.0,Willson Contreras,358,1.0,True,MLB,exante
2024,STL,502671.0,Paul Goldschmidt,654,2.0,True,MLB,exante
2024,STL,663457.0,Lars Nootbaar,405,3.0,True,MLB,exante
2024,TB,650490.0,Yandy Díaz,621,1.0,True,MLB,exante
2024,TB,623912.0,Harold Ramírez,169,3.0,True,MLB,exante
2024,TB,666139.0,Josh Lowe,387,2.0,True,MLB,exante
2024,TEX,608369.0,Corey Seager,533,1.0,True,MLB,exante
2024,TEX,543760.0,Marcus Semien,718,2.0,True,MLB,exante
2024,TEX,666969.0,Adolis García,637,3.0,True,MLB,exante
2024,TOR,665489.0,Vladimir Guerrero Jr.,697,3.0,True,MLB,exante
2024,TOR,457759.0,Justin Turner,349,2.0,True,MLB,exante
2024,TOR,666182.0,Bo Bichette,336,1.0,True,MLB,exante
2024,MIN,596146.0,Max Kepler,399,3.0,True,MLB,exante
2024,MIN,680777.0,Ryan Jeffers,465,1.0,True,MLB,exante
2024,MIN,666397.0,Edouard Julien,301,2.0,True,MLB,exante
2024,PHI,547180.0,Bryce Harper,631,1.0,True,MLB,exante
2024,PHI,669016.0,Brandon Marsh,476,2.0,True,MLB,exante
2024,PHI,656941.0,Kyle Schwarber,692,3.0,True,MLB,exante
2024,ATL,542303.0,Marcell Ozuna,688,3.0,True,MLB,exante
2024,ATL,660670.0,Ronald Acuña Jr.,222,1.0,True,MLB,exante
2024,ATL,621566.0,Matt Olson,685,2.0,True,MLB,exante
2024,CWS,650391.0,Eloy Jiménez,249,2.0,False,MLB,exante
2024,CWS,673357.0,Luis Robert Jr.,425,1.0,False,MLB,exante
2024,CWS,543257.0,Robbie Grossman,85,3.0,True,MLB,exante
2024,MIA,650333.0,Luis Arraez,148,1.0,True,MLB,exante
2024,MIA,660821.0,Jesús Sánchez,537,3.0,True,MLB,exante
2024,MIA,669394.0,Jake Burger,579,2.0,False,MLB,exante
2024,NYY,592450.0,Aaron Judge,704,1.0,True,MLB,exante
2024,NYY,665742.0,Juan Soto,713,2.0,True,MLB,exante
2024,NYY,650402.0,Gleyber Torres,665,3.0,True,MLB,exante
2024,MIL,592885.0,Christian Yelich,315,2.0,True,MLB,exante
2024,MIL,661388.0,William Contreras,679,1.0,True,MLB,exante
2024,MIL,642715.0,Willy Adames,688,3.0,False,MLB,exante
2024,LAA,650859.0,Luis Rengifo,304,2.0,True,MLB,exante
2024,LAA,545361.0,Mike Trout,126,1.0,True,MLB,exante
2024,LAA,592273.0,Brandon Drury,360,3.0,False,MLB,exante
2024,AZ,606466.0,Ketel Marte,583,2.0,True,MLB,exante
2024,AZ,572233.0,Christian Walker,552,3.0,True,MLB,exante
2024,AZ,682998.0,Corbin Carroll,684,1.0,True,MLB,exante
2024,BAL,683002.0,Gunnar Henderson,719,2.0,True,MLB,exante
2024,BAL,668939.0,Adley Rutschman,638,1.0,True,MLB,exante
2024,BAL,623993.0,Anthony Santander,665,3.0,True,MLB,exante
2024,BOS,680776.0,Jarren Duran,735,3.0,True,MLB,exante
2024,BOS,646240.0,Rafael Devers,601,2.0,True,MLB,exante
2024,BOS,671213.0,Triston Casas,243,1.0,True,MLB,exante
2024,CHC,673548.0,Seiya Suzuki,585,3.0,True,MLB,exante
2024,CHC,641355.0,Cody Bellinger,569,1.0,True,MLB,exante
2024,CHC,670623.0,Isaac Paredes,212,2.0,True,MLB,exante
2024,CIN,670770.0,TJ Friedl,341,3.0,True,MLB,exante
2024,CIN,668715.0,Spencer Steer,656,2.0,True,MLB,exante
2024,CIN,666181.0,Will Benson,388,1.0,True,MLB,exante
2024,CLE,608070.0,José Ramírez,682,2.0,True,MLB,exante
2024,CLE,647304.0,Josh Naylor,633,1.0,True,MLB,exante
2024,CLE,657041.0,Lane Thomas,187,3.0,False,MLB,exante
2024,COL,453568.0,Charlie Blackmon,499,2.0,True,MLB,exante
2024,COL,641857.0,Ryan McMahon,645,3.0,True,MLB,exante
2024,COL,666134.0,Nolan Jones,297,1.0,True,MLB,exante
2024,DET,681481.0,Kerry Carpenter,296,1.0,True,MLB,exante
2024,DET,682985.0,Riley Greene,584,2.0,True,MLB,exante
2024,DET,592192.0,Mark Canha,377,3.0,True,MLB,exante
2024,HOU,670541.0,Yordan Alvarez,635,1.0,True,MLB,exante
2024,HOU,514888.0,Jose Altuve,682,2.0,True,MLB,exante
2024,HOU,663656.0,Kyle Tucker,339,3.0,True,MLB,exante
2024,KC,677951.0,Bobby Witt Jr.,709,1.0,False,MLB,exante
2024,KC,502054.0,Tommy Pham,104,2.0,True,MLB,exante
2024,KC,543257.0,Robbie Grossman,38,3.0,True,MLB,exante
2024,LAD,660271.0,Shohei Ohtani,731,1.0,True,MLB,exante
2024,LAD,605141.0,Mookie Betts,516,2.0,True,MLB,exante
2024,LAD,518692.0,Freddie Freeman,638,3.0,True,MLB,exante
2024,WSH,657041.0,Lane Thomas,341,2.0,False,MLB,exante
2024,WSH,623912.0,Harold Ramírez,77,1.0,True,MLB,exante
2024,WSH,592696.0,Eddie Rosario,235,3.0,False,MLB,exante
2024,NYM,596019.0,Francisco Lindor,689,3.0,True,MLB,exante
2024,NYM,502110.0,J.D. Martinez,495,1.0,True,MLB,exante
2024,NYM,607043.0,Brandon Nimmo,663,2.0,True,MLB,exante
2025,ATH,667670.0,Brent Rooker,699,1.0,True,MLB,exante
2025,ATH,671732.0,Lawrence Butler,630,2.0,True,MLB,exante
2025,ATH,668709.0,JJ Bleday,344,3.0,True,MLB,exante
2025,PIT,687462.0,Spencer Horwitz,411,1.0,True,MLB,exante
2025,PIT,668804.0,Bryan Reynolds,654,2.0,True,MLB,exante
2025,PIT,665833.0,Oneil Cruz,544,3.0,True,MLB,exante
2025,SD,592518.0,Manny Machado,678,3.0,True,MLB,exante
2025,SD,665487.0,Fernando Tatis Jr.,691,1.0,True,MLB,exante
2025,SD,701538.0,Jackson Merrill,483,2.0,True,MLB,exante
2025,SEA,456781.0,Donovan Solano,176,3.0,True,MLB,exante
2025,SEA,670042.0,Luke Raley,219,1.0,True,MLB,exante
2025,SEA,553993.0,Eugenio Suárez,220,2.0,True,MLB,exante
2025,SF,646240.0,Rafael Devers,395,1.0,True,MLB,exante
2025,SF,642715.0,Willy Adames,686,3.0,True,MLB,exante
2025,SF,666149.0,Tyler Fitzgerald,243,2.0,True,MLB,exante
2025,STL,680977.0,Brendan Donovan,515,2.0,True,MLB,exante
2025,STL,575929.0,Willson Contreras,563,1.0,True,MLB,exante
2025,STL,663457.0,Lars Nootbaar,583,3.0,True,MLB,exante
2025,TB,650490.0,Yandy Díaz,651,2.0,True,MLB,exante
2025,TB,664040.0,Brandon Lowe,553,1.0,False,MLB,exante
2025,TB,673490.0,Ha-Seong Kim,93,3.0,True,MLB,exante
2025,TEX,608369.0,Corey Seager,445,2.0,True,MLB,exante
2025,TEX,592626.0,Joc Pederson,306,1.0,True,MLB,exante
2025,TEX,456781.0,Donovan Solano,3,3.0,True,MLB,exante
2025,TOR,665489.0,Vladimir Guerrero Jr.,680,1.0,True,MLB,exante
2025,TOR,662139.0,Daulton Varsho,271,3.0,False,MLB,exante
2025,TOR,623993.0,Anthony Santander,221,2.0,False,MLB,exante
2025,MIN,621439.0,Byron Buxton,542,1.0,True,MLB,exante
2025,MIN,663616.0,Trevor Larnach,567,2.0,True,MLB,exante
2025,MIN,669304.0,Jose F Miranda,36,3.0,True,MLB,exante
2025,PHI,607208.0,Trea Turner,639,3.0,True,MLB,exante
2025,PHI,547180.0,Bryce Harper,580,1.0,True,MLB,exante
2025,PHI,656941.0,Kyle Schwarber,724,2.0,True,MLB,exante
2025,ATL,621566.0,Matt Olson,724,3.0,True,MLB,exante
2025,ATL,595777.0,Jurickson Profar,371,2.0,True,MLB,exante
2025,ATL,542303.0,Marcell Ozuna,592,1.0,True,MLB,exante
2025,CWS,643565.0,Mike Tauchman,385,1.0,True,MLB,exante
2025,CWS,643217.0,Andrew Benintendi,470,3.0,False,MLB,exante
2025,CWS,683734.0,Andrew Vaughn,193,2.0,False,MLB,exante
2025,MIA,669364.0,Xavier Edwards,619,1.0,True,MLB,exante
2025,MIA,672640.0,Otto Lopez,594,2.0,True,MLB,exante
2025,MIA,663743.0,Nick Fortes,141,3.0,False,MLB,exante
2025,NYY,592450.0,Aaron Judge,679,1.0,True,MLB,exante
2025,NYY,519317.0,Giancarlo Stanton,281,2.0,False,MLB,exante
2025,NYY,641355.0,Cody Bellinger,656,3.0,True,MLB,exante
2025,MIL,694192.0,Jackson Chourio,589,3.0,True,MLB,exante
2025,MIL,592885.0,Christian Yelich,644,1.0,True,MLB,exante
2025,MIL,661388.0,William Contreras,659,2.0,True,MLB,exante
2025,LAA,687263.0,Zach Neto,554,3.0,True,MLB,exante
2025,LAA,650859.0,Luis Rengifo,541,2.0,True,MLB,exante
2025,LAA,664774.0,LaMonte Wade Jr.,73,1.0,True,MLB,exante
2025,AZ,606466.0,Ketel Marte,556,1.0,True,MLB,exante
2025,AZ,666971.0,Lourdes Gurriel Jr.,546,3.0,True,MLB,exante
2025,AZ,664983.0,Jake McCarthy,222,2.0,True,MLB,exante
2025,BAL,683002.0,Gunnar Henderson,651,1.0,True,MLB,exante
2025,BAL,676059.0,Jordan Westburg,352,3.0,False,MLB,exante
2025,BAL,641933.0,Tyler O'Neill,209,2.0,True,MLB,exante
2025,BOS,663993.0,Nathaniel Lowe,119,3.0,True,MLB,exante
2025,BOS,608701.0,Rob Refsnyder,209,1.0,True,MLB,exante
2025,BOS,680776.0,Jarren Duran,696,2.0,True,MLB,exante
2025,CHC,663656.0,Kyle Tucker,597,1.0,True,MLB,exante
2025,CHC,673548.0,Seiya Suzuki,651,2.0,True,MLB,exante
2025,CHC,664023.0,Ian Happ,663,3.0,True,MLB,exante
2025,CIN,682829.0,Elly De La Cruz,699,1.0,True,MLB,exante
2025,CIN,668715.0,Spencer Steer,568,3.0,True,MLB,exante
2025,CIN,663886.0,Tyler Stephenson,342,2.0,True,MLB,exante
2025,CLE,608070.0,José Ramírez,673,1.0,True,MLB,exante
2025,CLE,680757.0,Steven Kwan,693,2.0,True,MLB,exante
2025,CLE,681807.0,David Fry,157,3.0,True,MLB,exante
2025,COL,678662.0,Ezequiel Tovar,390,3.0,False,MLB,exante
2025,COL,686668.0,Brenton Doyle,538,2.0,True,MLB,exante
2025,COL,669911.0,Michael Toglia,337,1.0,False,MLB,exante
2025,DET,682985.0,Riley Greene,655,1.0,True,MLB,exante
2025,DET,650402.0,Gleyber Torres,628,3.0,True,MLB,exante
2025,DET,663837.0,Matt Vierling,100,2.0,True,MLB,exante
2025,HOU,621043.0,Carlos Correa,220,2.0,True,MLB,exante
2025,HOU,670541.0,Yordan Alvarez,199,1.0,True,MLB,exante
2025,HOU,514888.0,Jose Altuve,654,3.0,True,MLB,exante
2025,KC,677951.0,Bobby Witt Jr.,687,1.0,True,MLB,exante
2025,KC,521692.0,Salvador Perez,641,3.0,True,MLB,exante
2025,KC,663697.0,Jonathan India,567,2.0,True,MLB,exante
2025,LAD,518692.0,Freddie Freeman,627,3.0,True,MLB,exante
2025,LAD,660271.0,Shohei Ohtani,727,1.0,True,MLB,exante
2025,LAD,605141.0,Mookie Betts,663,2.0,True,MLB,exante
2025,WSH,682928.0,CJ Abrams,635,3.0,True,MLB,exante
2025,WSH,695578.0,James Wood,689,1.0,True,MLB,exante
2025,WSH,671277.0,Luis García Jr.,526,2.0,True,MLB,exante
2025,NYM,596019.0,Francisco Lindor,732,2.0,True,MLB,exante
2025,NYM,665742.0,Juan Soto,715,1.0,True,MLB,exante
2025,NYM,668901.0,Mark Vientos,463,3.0,True,MLB,exante
