league,year,team,pid,name,slot_pa,s1,s2,s3,s4,s5,s6,s7,s8,s9
KBO,2021,KIA,50657,박민,37,0,3,0,0,0,0,4,1,29
KBO,2021,KIA,50662,정해영,0,0,0,0,0,0,0,0,0,0
KBO,2021,KIA,51640,권혁경,18,0,0,0,0,0,0,3,11,4
KBO,2021,KIA,61700,강경학,12,0,3,0,0,0,0,0,6,3
KBO,2021,KIA,62234,류지혁,315,0,0,26,33,129,82,26,17,2
KBO,2021,KIA,62265,유민상,68,0,9,4,23,12,9,5,1,5
KBO,2021,KIA,62864,김민식,291,0,1,0,1,24,85,107,71,2
KBO,2021,KIA,62893,최정민,18,3,1,0,0,0,0,4,0,10
KBO,2021,KIA,62908,황윤호,18,0,0,0,0,0,7,5,0,6
KBO,2021,KIA,63260,이우성,98,1,0,2,0,6,36,32,19,2
KBO,2021,KIA,63722,한승택,231,0,0,0,0,0,14,39,178,0
KBO,2021,KIA,63950,장현식,0,0,0,0,0,0,0,0,0,0
KBO,2021,KIA,64560,이창진,285,1,13,2,12,34,28,75,94,26
KBO,2021,KIA,64646,박찬호,472,0,19,0,0,0,9,62,38,344
KBO,2021,KIA,64984,김태진,404,5,66,146,2,94,60,24,7,0
KBO,2021,KIA,65464,최정용,61,0,13,1,2,6,6,7,16,10
KBO,2021,KIA,65610,황대인,300,0,0,0,174,91,16,14,2,3
KBO,2021,KIA,65653,김호령,146,0,0,0,0,3,7,60,47,29
KBO,2021,KIA,66606,최원준,650,645,0,0,0,5,0,0,0,0
KBO,2021,KIA,66614,김규성,41,0,5,3,0,0,1,0,0,32
KBO,2021,KIA,66657,이진영,43,0,0,0,0,4,7,12,13,7
KBO,2021,KIA,67609,박정우,58,2,0,0,1,1,1,32,9,12
KBO,2021,KIA,67610,김석환,19,0,0,0,0,8,4,7,0,0
KBO,2021,KIA,67644,이정훈,148,0,0,20,102,19,1,0,2,4
KBO,2021,KIA,68614,오정환,18,0,9,0,0,4,5,0,0,0
KBO,2021,KIA,69636,오선우,16,0,0,0,0,0,0,8,2,6
KBO,2021,KIA,69652,터커,529,0,22,200,34,111,158,4,0,0
KBO,2021,KIA,72443,최형우,440,0,0,206,230,1,1,1,1,0
KBO,2021,KIA,73209,나주환,31,0,1,0,1,0,9,5,11,4
KBO,2021,KIA,78603,김선빈,557,5,490,18,0,0,31,13,0,0
KBO,2021,KIA,78629,나지완,95,0,0,1,5,55,10,19,3,2
KBO,2021,KIA,78643,백용환,7,0,0,2,4,0,1,0,0,0
KBO,2021,KT,50054,천성호,45,2,5,4,2,3,8,15,5,1
KBO,2021,KT,51003,권동진,85,0,2,0,2,2,9,10,26,34
KBO,2021,KT,51004,알몬테,247,0,6,21,144,72,4,0,0,0
KBO,2021,KT,51005,김건형,39,0,0,0,0,0,5,4,30,0
KBO,2021,KT,60559,박시영,0,0,0,0,0,0,0,0,0,0
KBO,2021,KT,62556,신본기,196,1,6,0,0,3,26,71,62,27
KBO,2021,KT,62558,김준태,18,1,1,0,0,3,8,0,3,2
KBO,2021,KT,62802,박승욱,6,0,1,0,0,1,0,0,4,0
KBO,2021,KT,63634,이홍구,57,0,0,0,1,1,2,14,36,3
KBO,2021,KT,64001,고영표,1,0,0,1,0,0,0,0,0,0
KBO,2021,KT,64004,김민혁,192,75,60,0,4,12,16,6,14,5
KBO,2021,KT,64006,심우준,439,18,6,0,0,0,1,3,13,398
KBO,2021,KT,64007,문상철,104,3,10,7,8,30,18,16,10,2
KBO,2021,KT,64012,송민섭,60,12,3,2,6,16,4,5,7,5
KBO,2021,KT,64014,김병희,65,1,2,0,1,1,6,32,19,3
KBO,2021,KT,64017,심재민,0,0,0,0,0,0,0,0,0,0
KBO,2021,KT,64047,조현우,0,0,0,0,0,0,0,0,0,0
KBO,2021,KT,64166,배정대,575,59,124,8,70,138,61,49,56,10
KBO,2021,KT,64504,오윤석,115,0,0,2,0,4,40,38,28,3
KBO,2021,KT,64868,조용호,502,418,11,0,5,6,6,29,11,16
KBO,2021,KT,64906,강민국,48,0,0,0,0,15,7,24,2,0
KBO,2021,KT,65040,김태훈,89,1,6,1,5,4,44,15,9,4
KBO,2021,KT,65048,김민수,0,0,0,0,0,0,0,0,0,0
KBO,2021,KT,65057,이창재,0,0,0,0,0,0,0,0,0,0
KBO,2021,KT,65062,김재윤,0,0,0,0,0,0,0,0,0,0
KBO,2021,KT,67005,홍현빈,11,5,1,0,0,1,1,0,3,0
KBO,2021,KT,67008,이대은,0,0,0,0,0,0,0,0,0,0
KBO,2021,KT,68050,강백호,619,9,0,579,30,0,0,0,0,1
KBO,2021,KT,68069,고명성,1,0,0,0,0,0,0,0,0,1
KBO,2021,KT,68730,호잉,285,5,10,4,73,119,9,56,9,0
KBO,2021,KT,73113,박경수,273,5,1,2,2,20,98,81,62,2
KBO,2021,KT,73738,안영명,0,0,0,0,0,0,0,0,0,0
KBO,2021,KT,74339,유한준,326,5,7,0,164,74,53,12,4,7
KBO,2021,KT,76313,황재균,499,36,382,19,17,7,32,0,4,2
KBO,2021,KT,76757,유원상,0,0,0,0,0,0,0,0,0,0
KBO,2021,KT,77243,허도환,113,0,0,0,1,12,3,33,61,3
KBO,2021,KT,78517,하준호,0,0,0,0,0,0,0,0,0,0
KBO,2021,KT,78548,장성우,445,3,4,0,93,66,133,61,81,4
KBO,2021,LG,50150,손호영,11,0,2,0,0,0,0,0,3,6
KBO,2021,LG,50165,라모스,203,0,30,14,65,69,17,5,1,2
KBO,2021,LG,50167,이주형,17,0,4,0,0,0,0,4,4,5
KBO,2021,LG,51100,이영빈,163,3,10,1,2,6,10,66,25,40
KBO,2021,LG,51144,보어,111,0,0,0,30,0,21,34,25,1
KBO,2021,LG,51154,김진수,0,0,0,0,0,0,0,0,0,0
KBO,2021,LG,60181,김지용,0,0,0,0,0,0,0,0,0,0
KBO,2021,LG,60566,이상호,66,0,1,6,0,1,1,6,17,34
KBO,2021,LG,61102,유강남,422,0,1,1,5,43,39,46,224,63
KBO,2021,LG,61145,이우찬,0,0,0,0,0,0,0,0,0,0
KBO,2021,LG,61186,이천웅,206,21,66,3,1,37,25,27,20,6
KBO,2021,LG,62146,최성훈,0,0,0,0,0,0,0,0,0,0
KBO,2021,LG,63103,류원석,0,0,0,0,0,0,0,0,0,0
KBO,2021,LG,64101,한석현,24,0,0,0,0,0,0,9,12,3
KBO,2021,LG,64115,장준원,3,0,0,1,0,1,1,0,0,0
KBO,2021,LG,65115,안익훈,14,2,2,1,3,1,1,2,0,2
KBO,2021,LG,65117,이상규,0,0,0,0,0,0,0,0,0,0
KBO,2021,LG,65132,김재성,70,0,0,0,1,0,6,6,43,14
KBO,2021,LG,65157,최민창,2,0,0,0,1,0,0,1,0,0
KBO,2021,LG,65207,신민재,27,2,0,5,3,2,0,1,7,7
KBO,2021,LG,65241,채지선,0,0,0,0,0,0,0,0,0,0
KBO,2021,LG,66108,홍창기,633,627,0,2,0,0,0,2,0,2
KBO,2021,LG,66113,김호은,9,0,0,0,0,4,0,1,0,4
KBO,2021,LG,66162,김주성,7,0,0,0,0,0,2,0,5,0
KBO,2021,LG,67119,고우석,0,0,0,0,0,0,0,0,0,0
KBO,2021,LG,67164,이찬혁,0,0,0,0,0,0,0,0,0,0
KBO,2021,LG,68106,이재원,168,2,1,2,24,41,22,49,19,8
KBO,2021,LG,68119,문성주,86,0,11,1,0,4,12,30,3,25
KBO,2021,LG,69100,구본혁,41,1,1,2,0,7,8,1,4,17
KBO,2021,LG,69102,문보경,324,0,23,0,3,38,97,79,42,42
KBO,2021,LG,69134,이정용,0,0,0,0,0,0,0,0,0,0
KBO,2021,LG,69168,이상영,0,0,0,0,0,0,0,0,0,0
KBO,2021,LG,71184,이성우,34,0,0,0,0,0,0,1,2,31
KBO,2021,LG,76290,김현수,583,0,128,376,79,0,0,0,0,0
KBO,2021,LG,76650,진해수,0,0,0,0,0,0,0,0,0,0
KBO,2021,LG,77564,김민성,402,0,1,0,0,51,197,132,6,15
KBO,2021,LG,78135,이형종,273,2,99,25,46,41,40,4,6,10
KBO,2021,LG,78168,서건창,259,0,64,184,1,0,2,5,2,1
KBO,2021,LG,78217,김용의,36,2,7,1,3,1,4,4,2,12
KBO,2021,LG,79109,오지환,518,0,182,0,4,181,65,31,9,46
KBO,2021,LG,79150,정주현,205,0,5,0,0,1,0,10,61,128
KBO,2021,LG,79192,채은성,425,0,0,10,331,73,4,6,1,0
KBO,2021,NC,50901,안인산,0,0,0,0,0,0,0,0,0,0
KBO,2021,NC,50923,알테어,549,0,12,3,74,428,28,1,2,1
KBO,2021,NC,50996,박시원,1,0,0,0,0,0,0,0,0,1
KBO,2021,NC,51907,김주원,183,0,22,0,1,0,0,17,11,132
KBO,2021,NC,51991,오장한,1,0,0,0,0,1,0,0,0,0
KBO,2021,NC,51996,오태양,1,0,0,0,0,0,0,0,0,1
KBO,2021,NC,60339,김건태,0,0,0,0,0,0,0,0,0,0
KBO,2021,NC,61869,정진기,196,45,24,11,0,5,34,23,20,34
KBO,2021,NC,62025,이원재,66,1,5,0,2,1,10,16,29,2
KBO,2021,NC,62655,홍성민,0,0,0,0,0,0,0,0,0,0
KBO,2021,NC,62907,박민우,202,174,19,7,0,0,0,1,0,1
KBO,2021,NC,62925,강진성,442,0,45,0,1,32,152,142,65,5
KBO,2021,NC,62931,노진혁,372,0,19,2,0,60,158,107,21,5
KBO,2021,NC,62947,나성범,608,0,43,540,4,20,0,1,0,0
KBO,2021,NC,62966,최금강,0,0,0,0,0,0,0,0,0,0
KBO,2021,NC,63450,정현,110,30,17,3,0,3,1,13,7,36
KBO,2021,NC,63905,윤형준,77,9,5,1,1,2,20,19,16,4
KBO,2021,NC,63920,김준완,14,4,6,1,1,2,0,0,0,0
KBO,2021,NC,63959,임정호,0,0,0,0,0,0,0,0,0,0
KBO,2021,NC,63963,권희동,162,17,104,1,0,4,5,12,7,12
KBO,2021,NC,64944,박대온,89,0,1,0,0,0,0,5,76,7
KBO,2021,NC,65462,김기환,148,95,39,0,1,1,1,0,0,11
KBO,2021,NC,65905,최승민,32,7,4,0,1,2,0,0,0,18
KBO,2021,NC,65949,류진욱,0,0,0,0,0,0,0,0,0,0
KBO,2021,NC,65964,이우석,0,0,0,0,0,0,0,0,0,0
KBO,2021,NC,66917,김찬형,24,3,0,0,0,0,1,0,3,17
KBO,2021,NC,66928,박준영,300,2,24,0,3,1,24,101,84,61
KBO,2021,NC,66963,최우재,2,0,0,0,1,0,0,0,0,1
KBO,2021,NC,66965,도태훈,72,7,5,1,0,0,12,2,17,28
KBO,2021,NC,66968,이재율,15,3,5,1,0,1,0,0,1,4
KBO,2021,NC,67900,김민수,7,2,1,0,0,0,0,1,2,1
KBO,2021,NC,67956,김태현,0,0,0,0,0,0,0,0,0,0
KBO,2021,NC,68900,김영규,0,0,0,0,0,0,0,0,0,0
KBO,2021,NC,68902,신민혁,0,0,0,0,0,0,0,0,0,0
KBO,2021,NC,68909,최보성,12,0,1,0,0,0,0,1,3,7
KBO,2021,NC,69974,배민서,0,0,0,0,0,0,0,0,0,0
KBO,2021,NC,69992,최정원,230,141,67,0,0,0,0,5,2,15
KBO,2021,NC,69996,노시훈,0,0,0,0,0,0,0,0,0,0
KBO,2021,NC,73306,지석훈,40,5,1,0,0,0,1,2,0,31
KBO,2021,NC,74465,박석민,198,0,1,2,10,24,107,48,6,0
KBO,2021,NC,75867,김진성,0,0,0,0,0,0,0,0,0,0
KBO,2021,NC,76118,원종현,0,0,0,0,0,0,0,0,0,0
KBO,2021,NC,76232,양의지,549,1,1,48,495,0,0,2,1,1
KBO,2021,NC,76720,정범모,21,0,0,0,0,0,2,2,3,14
KBO,2021,NC,76849,이명기,228,93,131,0,0,0,0,2,0,2
KBO,2021,NC,77211,이용찬,0,0,0,0,0,0,0,0,0,0
KBO,2021,NC,78122,김태군,253,1,1,0,12,0,3,22,152,62
KBO,2021,NC,78352,임창민,0,0,0,0,0,0,0,0,0,0
KBO,2021,NC,78361,전민수,109,17,40,3,1,7,19,5,7,10
KBO,2021,NC,78813,모창민,6,0,0,0,0,0,2,4,0,0
KBO,2021,SSG,50854,최지훈,512,341,3,0,0,0,2,13,3,150
KBO,2021,SSG,51809,조요한,0,0,0,0,0,0,0,0,0,0
KBO,2021,SSG,51817,추신수,564,163,131,260,2,1,0,1,3,3
KBO,2021,SSG,51868,고명준,5,0,0,0,0,0,0,4,1,0
KBO,2021,SSG,51895,장지훈,0,0,0,0,0,0,0,0,0,0
KBO,2021,SSG,60558,오태곤,249,19,74,3,11,24,60,50,1,7
KBO,2021,SSG,61353,고종욱,196,65,46,6,0,5,11,41,13,9
KBO,2021,SSG,61743,오준혁,50,8,10,3,0,2,7,17,2,1
KBO,2021,SSG,61869,정진기,7,3,0,0,0,0,0,4,0,0
KBO,2021,SSG,61895,서진용,1,0,0,0,0,0,0,0,0,1
KBO,2021,SSG,62884,최항,75,0,28,2,0,2,10,23,5,5
KBO,2021,SSG,62895,한유섬,502,2,1,3,39,300,129,24,2,2
KBO,2021,SSG,62937,신재영,0,0,0,0,0,0,0,0,0,0
KBO,2021,SSG,63440,이흥련,139,0,0,0,0,0,3,5,127,4
KBO,2021,SSG,63450,정현,24,0,1,0,1,0,0,3,2,17
KBO,2021,SSG,64890,유서준,2,2,0,0,0,0,0,0,0,0
KBO,2021,SSG,64893,박민호,0,0,0,0,0,0,0,0,0,0
KBO,2021,SSG,64896,서동민,0,0,0,0,0,0,0,0,0,0
KBO,2021,SSG,65343,김택형,0,0,0,0,0,0,0,0,0,0
KBO,2021,SSG,65869,이현석,84,0,0,0,1,0,0,0,75,8
KBO,2021,SSG,66052,남태혁,21,1,0,0,5,1,13,0,0,1
KBO,2021,SSG,66864,안상현,40,0,2,1,2,0,7,15,5,8
KBO,2021,SSG,66917,김찬형,124,3,10,8,6,4,4,9,3,77
KBO,2021,SSG,66960,정수민,0,0,0,0,0,0,0,0,0,0
KBO,2021,SSG,67807,이정범,66,0,59,0,0,0,0,4,0,3
KBO,2021,SSG,67872,로맥,414,2,182,0,159,4,54,9,3,1
KBO,2021,SSG,67893,박성한,456,0,16,3,5,4,116,192,14,106
KBO,2021,SSG,69810,김규남,7,0,0,0,0,2,2,0,0,3
KBO,2021,SSG,69813,하재훈,0,0,0,0,0,0,0,0,0,0
KBO,2021,SSG,69825,김창평,26,2,2,0,0,2,5,0,8,7
KBO,2021,SSG,71837,김강민,248,71,49,3,4,9,65,37,4,6
KBO,2021,SSG,71842,정상호,3,0,0,0,0,0,0,0,0,3
KBO,2021,SSG,75151,정의윤,176,1,1,3,11,60,81,12,3,4
KBO,2021,SSG,75847,최정,520,0,1,267,236,4,7,0,3,2
KBO,2021,SSG,76267,최주환,459,0,42,76,139,183,12,0,4,3
KBO,2021,SSG,76430,김상수,0,0,0,0,0,0,0,0,0,0
KBO,2021,SSG,76802,김성현,266,0,6,0,2,11,11,110,9,117
KBO,2021,SSG,76812,이재원,300,2,2,3,0,0,8,15,270,0
KBO,2021,SSG,79847,김태훈,0,0,0,0,0,0,0,0,0,0
KBO,2021,두산,50202,안권수,45,2,3,12,9,2,1,1,0,15
KBO,2021,두산,50203,권휘,0,0,0,0,0,0,0,0,0,0
KBO,2021,두산,50204,박지훈,13,2,0,1,0,5,0,3,1,1
KBO,2021,두산,50208,오명진,3,2,0,0,0,0,1,0,0,0
KBO,2021,두산,51203,안재석,216,12,2,0,2,5,22,64,71,38
KBO,2021,두산,51298,박성재,1,0,0,0,0,0,1,0,0,0
KBO,2021,두산,61643,홍건희,0,0,0,0,0,0,0,0,0,0
KBO,2021,두산,62242,윤명준,0,0,0,0,0,0,0,0,0,0
KBO,2021,두산,62244,박세혁,259,0,0,0,0,12,55,25,64,103
KBO,2021,두산,63123,강승호,323,5,4,0,0,4,52,108,104,46
KBO,2021,두산,63202,장승현,196,0,1,0,0,4,6,12,31,142
KBO,2021,두산,63257,김인태,406,35,143,16,4,34,121,24,26,3
KBO,2021,두산,63292,박종기,0,0,0,0,0,0,0,0,0,0
KBO,2021,두산,63559,백동훈,3,0,0,0,0,0,0,0,0,3
KBO,2021,두산,64086,신성현,14,1,0,1,1,3,0,0,8,0
KBO,2021,두산,64153,양석환,530,1,0,0,34,484,8,1,0,2
KBO,2021,두산,64213,최용제,115,3,4,2,2,3,8,33,22,38
KBO,2021,두산,64468,박계범,366,3,29,0,0,1,159,79,61,34
KBO,2021,두산,64805,이승진,0,0,0,0,0,0,0,0,0,0
KBO,2021,두산,65269,김민혁,8,2,2,1,0,1,0,1,0,1
KBO,2021,두산,66203,서예일,1,0,0,0,0,0,0,0,0,1
KBO,2021,두산,66207,황경태,1,0,0,0,0,0,0,1,0,0
KBO,2021,두산,66209,조수행,100,13,31,10,18,1,5,2,8,12
KBO,2021,두산,66291,이영하,0,0,0,0,0,0,0,0,0,0
KBO,2021,두산,67246,김명신,0,0,0,0,0,0,0,0,0,0
KBO,2021,두산,67259,문대원,0,0,0,0,0,0,0,0,0,0
KBO,2021,두산,67266,박치국,0,0,0,0,0,0,0,0,0,0
KBO,2021,두산,68200,김민규,0,0,0,0,0,0,0,0,0,0
KBO,2021,두산,68204,권민석,15,5,0,0,0,3,0,2,0,5
KBO,2021,두산,68205,전민재,4,1,0,1,0,0,1,1,0,0
KBO,2021,두산,69104,남호,0,0,0,0,0,0,0,0,0,0
KBO,2021,두산,69205,이교훈,0,0,0,0,0,0,0,0,0,0
KBO,2021,두산,69209,페르난데,605,8,360,151,45,26,15,0,0,0
KBO,2021,두산,74206,김재호,240,1,9,0,1,1,28,84,92,24
KBO,2021,두산,77248,오재원,78,3,2,0,2,5,13,31,19,3
KBO,2021,두산,77263,김강률,0,0,0,0,0,0,0,0,0,0
KBO,2021,두산,78224,김재환,556,0,36,5,512,0,0,0,3,0
KBO,2021,두산,79215,박건우,508,54,2,432,0,7,10,1,0,2
KBO,2021,두산,79231,정수빈,342,186,27,3,6,1,8,23,37,51
KBO,2021,두산,79240,허경민,504,334,4,1,0,5,68,71,12,9
KBO,2021,두산,79290,국해성,8,0,0,3,0,0,4,1,0,0
KBO,2021,롯데,50506,마차도,524,239,18,1,0,20,35,24,10,177
KBO,2021,롯데,51528,손성빈,22,0,0,1,0,1,1,2,14,3
KBO,2021,롯데,51551,나승엽,127,2,12,1,6,3,33,35,32,3
KBO,2021,롯데,51560,이주찬,7,0,0,0,0,0,1,0,0,6
KBO,2021,롯데,51574,최종은,1,0,0,0,0,0,0,1,0,0
KBO,2021,롯데,51594,송재영,0,0,0,0,0,0,0,0,0,0
KBO,2021,롯데,60523,정훈,554,64,5,4,199,196,54,29,1,2
KBO,2021,롯데,62528,김원중,0,0,0,0,0,0,0,0,0,0
KBO,2021,롯데,62558,김준태,128,0,0,0,0,0,9,43,73,3
KBO,2021,롯데,63895,최민재,27,4,0,2,0,3,2,0,0,16
KBO,2021,롯데,64022,안중열,152,0,0,0,1,0,0,24,107,20
KBO,2021,롯데,64501,배성근,107,14,2,0,3,5,5,3,6,69
KBO,2021,롯데,64504,오윤석,76,2,1,0,9,0,30,26,4,4
KBO,2021,롯데,64565,이인복,0,0,0,0,0,0,0,0,0,0
KBO,2021,롯데,64596,김유영,0,0,0,0,0,0,0,0,0,0
KBO,2021,롯데,64717,지시완,180,0,0,1,0,0,0,10,141,28
KBO,2021,롯데,65506,김재유,184,70,28,3,2,5,8,3,14,51
KBO,2021,롯데,65514,강태율,30,0,0,0,0,0,0,2,22,6
KBO,2021,롯데,65515,강로한,35,0,0,2,0,11,5,0,0,17
KBO,2021,롯데,66749,김주현,17,0,0,0,1,0,5,0,11,0
KBO,2021,롯데,67454,나원탁,1,1,0,0,0,0,0,0,0,0
KBO,2021,롯데,67504,김민수,217,5,0,2,2,24,25,103,40,16
KBO,2021,롯데,67539,나균안,0,0,0,0,0,0,0,0,0,0
KBO,2021,롯데,68362,추재현,288,57,89,0,1,9,37,26,13,56
KBO,2021,롯데,68504,이호연,10,0,0,0,0,0,2,5,3,0
KBO,2021,롯데,68507,장두성,41,6,2,0,2,3,1,15,0,12
KBO,2021,롯데,68518,정보근,20,0,0,0,0,0,0,0,14,6
KBO,2021,롯데,68525,한동희,485,3,0,8,5,50,154,214,49,2
KBO,2021,롯데,69508,신용수,130,42,30,4,1,1,0,6,6,40
KBO,2021,롯데,71564,이대호,454,1,1,217,130,36,64,0,3,2
KBO,2021,롯데,76100,이병규,42,0,1,6,0,0,17,7,6,5
KBO,2021,롯데,76249,민병헌,48,10,3,0,0,13,8,4,1,9
KBO,2021,롯데,77532,손아섭,603,28,438,16,5,80,33,0,1,2
KBO,2021,롯데,78513,전준우,605,6,15,378,173,22,9,0,0,2
KBO,2021,롯데,79293,오현택,0,0,0,0,0,0,0,0,0,0
KBO,2021,롯데,79358,강윤구,0,0,0,0,0,0,0,0,0,0
KBO,2021,롯데,79608,안치홍,473,120,14,0,100,139,73,19,3,5
KBO,2021,삼성,50458,김지찬,323,46,10,0,0,1,12,46,168,40
KBO,2021,삼성,51417,김현준,4,2,0,1,0,0,0,0,0,1
KBO,2021,삼성,51463,피렐라,610,0,268,219,114,8,0,1,0,0
KBO,2021,삼성,60288,김응민,2,0,0,0,0,0,0,0,0,2
KBO,2021,삼성,61197,최영진,62,1,3,2,5,10,22,13,6,0
KBO,2021,삼성,61404,김헌곤,351,9,6,0,1,12,35,170,39,79
KBO,2021,삼성,62404,구자욱,591,49,299,238,0,5,0,0,0,0
KBO,2021,삼성,62415,박해민,523,411,0,41,0,37,17,14,2,1
KBO,2021,삼성,62920,노성호,0,0,0,0,0,0,0,0,0,0
KBO,2021,삼성,63435,김성표,23,7,3,1,0,0,2,9,1,0
KBO,2021,삼성,63492,이재익,0,0,0,0,0,0,0,0,0,0
KBO,2021,삼성,64266,이성곤,2,0,0,0,0,0,0,2,0,0
KBO,2021,삼성,64407,김호재,84,0,1,3,3,4,8,22,29,14
KBO,2021,삼성,64410,백승민,3,1,0,1,0,0,0,0,1,0
KBO,2021,삼성,64469,송준석,54,1,0,0,0,0,8,26,18,1
KBO,2021,삼성,64610,강한울,252,0,7,0,3,26,97,55,44,20
KBO,2021,삼성,64793,김민수,82,0,1,0,8,8,2,0,52,11
KBO,2021,삼성,65412,권정웅,1,0,0,0,0,0,0,0,1,0
KBO,2021,삼성,66406,안주형,0,0,0,0,0,0,0,0,0,0
KBO,2021,삼성,66838,김동엽,195,3,18,4,28,26,39,58,14,5
KBO,2021,삼성,67419,문용익,0,0,0,0,0,0,0,0,0,0
KBO,2021,삼성,67449,김성윤,18,5,2,2,1,0,0,0,6,2
KBO,2021,삼성,68403,김윤수,0,0,0,0,0,0,0,0,0,0
KBO,2021,삼성,68466,이태훈,2,0,0,0,0,0,1,0,1,0
KBO,2021,삼성,69418,박승규,75,7,7,3,6,5,3,23,21,0
KBO,2021,삼성,69442,김도환,43,0,0,0,4,1,0,0,20,18
KBO,2021,삼성,69453,이학주,169,2,0,0,0,1,3,8,75,80
KBO,2021,삼성,74540,강민호,451,0,0,0,293,121,15,13,5,4
KBO,2021,삼성,75334,오재일,476,0,0,107,149,216,0,0,1,3
KBO,2021,삼성,75421,오승환,0,0,0,0,0,0,0,0,0,0
KBO,2021,삼성,75566,이원석,459,1,0,1,3,122,250,72,10,0
KBO,2021,삼성,78756,오선진,45,5,0,0,0,1,2,3,31,3
KBO,2021,삼성,79402,김상수,481,112,25,0,0,3,58,29,2,252
KBO,2021,키움,50304,김병휘,11,0,0,0,4,0,0,5,0,2
KBO,2021,키움,50312,신준우,46,1,4,0,0,1,0,4,2,34
KBO,2021,키움,50357,박주홍,56,1,0,0,0,4,4,25,16,6
KBO,2021,키움,50365,문찬종,17,3,0,1,0,1,1,0,7,4
KBO,2021,키움,50393,김동욱,0,0,0,0,0,0,0,0,0,0
KBO,2021,키움,50397,박관진,0,0,0,0,0,0,0,0,0,0
KBO,2021,키움,51301,김성진,0,0,0,0,0,0,0,0,0,0
KBO,2021,키움,51302,이주형,11,0,0,0,0,0,0,1,9,1
KBO,2021,키움,51309,크레익,242,0,69,3,73,56,36,4,1,0
KBO,2021,키움,51324,프레이타,146,0,8,0,0,59,31,27,16,5
KBO,2021,키움,51344,김휘집,83,0,1,0,0,0,7,8,6,61
KBO,2021,키움,51359,장재영,0,0,0,0,0,0,0,0,0,0
KBO,2021,키움,60336,문성현,0,0,0,0,0,0,0,0,0,0
KBO,2021,키움,61268,양현,0,0,0,0,0,0,0,0,0,0
KBO,2021,키움,62332,김재현,49,0,0,0,0,0,2,14,29,4
KBO,2021,키움,62353,박정음,16,4,1,0,0,1,0,1,4,5
KBO,2021,키움,62360,김태훈,0,0,0,0,0,0,0,0,0,0
KBO,2021,키움,63342,조상우,0,0,0,0,0,0,0,0,0,0
KBO,2021,키움,64340,임지열,29,4,2,0,0,0,2,12,8,1
KBO,2021,키움,64657,박준태,56,23,0,2,0,2,1,4,0,24
KBO,2021,키움,65304,김은성,18,0,0,0,0,0,0,0,18,0
KBO,2021,키움,65357,송성문,270,0,16,89,14,130,5,10,4,2
KBO,2021,키움,65362,송우현,278,0,0,0,0,67,118,75,9,9
KBO,2021,키움,65392,김정인,0,0,0,0,0,0,0,0,0,0
KBO,2021,키움,65399,허정협,52,3,1,0,2,15,2,15,7,7
KBO,2021,키움,65586,전병우,247,0,1,1,1,6,4,64,136,34
KBO,2021,키움,65898,김웅빈,266,0,14,1,73,74,42,28,13,21
KBO,2021,키움,66305,박승주,0,0,0,0,0,0,0,0,0,0
KBO,2021,키움,67304,김혜성,624,159,352,5,0,25,25,46,0,12
KBO,2021,키움,67341,이정후,526,0,56,468,0,0,0,0,0,2
KBO,2021,키움,67391,김재웅,0,0,0,0,0,0,0,0,0,0
KBO,2021,키움,67603,이승호,0,0,0,0,0,0,0,0,0,0
KBO,2021,키움,67828,김성민,0,0,0,0,0,0,0,0,0,0
KBO,2021,키움,68305,변상권,168,8,0,7,2,10,6,60,39,36
KBO,2021,키움,68330,예진원,126,5,5,1,0,0,0,24,40,51
KBO,2021,키움,68346,김수환,43,0,0,0,0,6,3,20,14,0
KBO,2021,키움,69306,김주형,54,1,0,0,0,0,0,0,20,33
KBO,2021,키움,69360,조영건,0,0,0,0,0,0,0,0,0,0
KBO,2021,키움,69366,이명기,8,0,0,0,1,0,0,0,7,0
KBO,2021,키움,69399,윤정현,0,0,0,0,0,0,0,0,0,0
KBO,2021,키움,74163,이용규,530,339,0,0,0,51,39,5,8,88
KBO,2021,키움,74359,오주원,0,0,0,0,0,0,0,0,0,0
KBO,2021,키움,75125,박병호,456,0,1,4,258,23,146,20,3,1
KBO,2021,키움,78168,서건창,323,124,86,51,22,18,16,1,1,4
KBO,2021,키움,79365,박동원,466,0,44,0,173,36,55,49,68,41
KBO,2021,키움,79456,이지영,252,0,0,1,2,29,46,55,67,52
KBO,2021,한화,50704,임종찬,143,0,9,2,1,0,25,35,22,49
KBO,2021,한화,50705,강재민,0,0,0,0,0,0,0,0,0,0
KBO,2021,한화,50707,최인호,160,2,4,0,5,12,72,31,27,7
KBO,2021,한화,50709,박정현,116,2,56,3,0,0,4,3,31,17
KBO,2021,한화,51706,장지승,68,0,1,0,0,1,1,0,49,16
KBO,2021,한화,51714,페레즈,241,0,5,0,7,229,0,0,0,0
KBO,2021,한화,51725,힐리,265,0,0,4,95,48,116,1,1,0
KBO,2021,한화,51762,장규현,12,0,2,0,0,0,4,4,2,0
KBO,2021,한화,51764,정민규,17,0,0,0,0,0,0,0,1,16
KBO,2021,한화,51767,송호정,11,0,0,2,0,1,1,1,6,0
KBO,2021,한화,60140,신정락,0,0,0,0,0,0,0,0,0,0
KBO,2021,한화,60343,이해창,55,0,2,0,0,0,0,15,38,0
KBO,2021,한화,61156,송윤준,0,0,0,0,0,0,0,0,0,0
KBO,2021,한화,61208,정진호,160,0,8,1,0,95,21,32,0,3
KBO,2021,한화,61554,김민하,132,1,8,1,0,31,51,37,0,3
KBO,2021,한화,61700,강경학,26,8,10,1,0,0,0,0,1,6
KBO,2021,한화,62611,임준섭,0,0,0,0,0,0,0,0,0,0
KBO,2021,한화,62700,하주석,576,0,0,576,0,0,0,0,0,0
KBO,2021,한화,63464,윤대경,0,0,0,0,0,0,0,0,0,0
KBO,2021,한화,63700,장운호,321,1,62,0,1,0,75,127,38,17
KBO,2021,한화,63704,노수광,177,11,41,0,0,0,18,45,35,27
KBO,2021,한화,63765,김종수,0,0,0,0,0,0,0,0,0,0
KBO,2021,한화,63961,윤호솔,0,0,0,0,0,0,0,0,0,0
KBO,2021,한화,64266,이성곤,201,1,0,0,0,14,70,90,23,3
KBO,2021,한화,64704,노태형,49,1,5,0,1,4,4,10,20,4
KBO,2021,한화,65503,김지수,25,2,0,0,0,0,0,0,20,3
KBO,2021,한화,65703,이도윤,67,4,0,9,3,3,3,6,28,11
KBO,2021,한화,66702,이동훈,56,2,3,0,0,0,0,3,1,47
KBO,2021,한화,66704,김태연,210,4,0,9,161,0,32,0,4,0
KBO,2021,한화,66707,박상언,1,1,0,0,0,0,0,0,0,0
KBO,2021,한화,66710,강상원,46,2,2,0,5,3,0,1,1,32
KBO,2021,한화,67711,김기탁,0,0,0,0,0,0,0,0,0,0
KBO,2021,한화,68700,이원석,122,2,5,0,0,0,0,3,4,108
KBO,2021,한화,68743,정은원,600,597,0,0,0,0,1,0,1,1
KBO,2021,한화,69702,김현민,12,3,0,0,0,0,0,3,6,0
KBO,2021,한화,69705,조한민,140,8,0,0,1,0,16,25,46,44
KBO,2021,한화,69706,허관회,76,0,32,0,0,1,5,2,25,11
KBO,2021,한화,69737,노시환,453,0,0,3,315,97,38,0,0,0
KBO,2021,한화,69766,유장혁,106,3,0,0,0,0,0,8,8,87
KBO,2021,한화,71752,김태균,0,0,0,0,0,0,0,0,0,0
KBO,2021,한화,73136,이성열,137,1,1,12,12,48,19,41,1,2
KBO,2021,한화,74857,정우람,0,0,0,0,0,0,0,0,0,0
KBO,2021,한화,78288,최재훈,447,4,357,0,1,0,1,9,75,0
KBO,2021,한화,78643,백용환,90,2,16,4,0,7,8,19,30,4
KBO,2021,한화,79764,장민재,0,0,0,0,0,0,0,0,0,0
KBO,2022,KIA,50657,박민,2,0,1,0,1,0,0,0,0,0
KBO,2022,KIA,51604,김선우,3,0,0,1,0,0,0,0,2,0
KBO,2022,KIA,51640,권혁경,2,0,0,0,0,0,0,0,2,0
KBO,2022,KIA,52605,김도영,246,39,37,0,9,0,2,12,8,139
KBO,2022,KIA,52630,소크라테,548,20,31,26,104,249,91,27,0,0
KBO,2022,KIA,61353,고종욱,113,3,56,3,4,4,13,7,12,11
KBO,2022,KIA,62234,류지혁,461,199,10,1,2,1,4,57,34,153
KBO,2022,KIA,62864,김민식,60,0,0,0,1,0,1,4,54,0
KBO,2022,KIA,62947,나성범,627,0,0,518,109,0,0,0,0,0
KBO,2022,KIA,63260,이우성,132,0,8,7,3,2,21,31,50,10
KBO,2022,KIA,63722,한승택,111,0,0,0,3,0,1,7,93,7
KBO,2022,KIA,64560,이창진,387,21,214,13,0,1,11,100,27,0
KBO,2022,KIA,64580,김재열,0,0,0,0,0,0,0,0,0,0
KBO,2022,KIA,64646,박찬호,550,379,21,0,0,0,0,10,9,131
KBO,2022,KIA,64984,김태진,4,1,2,1,0,0,0,0,0,0
KBO,2022,KIA,65464,최정용,22,3,3,1,0,1,3,2,4,5
KBO,2022,KIA,65610,황대인,512,0,0,0,200,122,53,134,3,0
KBO,2022,KIA,65653,김호령,84,1,8,2,1,4,0,6,19,43
KBO,2022,KIA,66614,김규성,51,6,2,0,2,2,1,5,2,31
KBO,2022,KIA,66615,류승현,3,0,0,0,0,0,1,0,2,0
KBO,2022,KIA,66662,신범수,3,0,0,0,0,0,0,0,3,0
KBO,2022,KIA,66833,임석진,16,0,2,0,0,0,0,3,8,3
KBO,2022,KIA,67609,박정우,3,0,0,0,0,0,0,0,3,0
KBO,2022,KIA,67610,김석환,104,2,2,4,3,0,20,49,18,6
KBO,2022,KIA,67644,이정훈,10,0,0,0,1,0,0,5,2,2
KBO,2022,KIA,72443,최형우,527,1,1,5,136,202,176,0,4,2
KBO,2022,KIA,78603,김선빈,570,0,256,63,0,20,179,44,1,7
KBO,2022,KIA,78629,나지완,1,0,0,0,0,0,0,1,0,0
KBO,2022,KIA,79365,박동원,390,0,0,0,59,17,30,82,199,3
KBO,2022,KT,50007,문상준,3,0,0,0,0,0,0,0,3,0
KBO,2022,KT,51003,권동진,39,1,0,0,2,0,2,3,15,16
KBO,2022,KT,51009,전진영,3,0,0,2,0,0,0,1,0,0
KBO,2022,KT,51013,유준규,15,0,3,0,0,0,1,2,9,0
KBO,2022,KT,51060,지명성,0,0,0,0,0,0,0,0,0,0
KBO,2022,KT,52009,알포드,316,0,63,161,43,30,11,8,0,0
KBO,2022,KT,52025,라모스,76,0,0,33,31,12,0,0,0,0
KBO,2022,KT,52060,박영현,0,0,0,0,0,0,0,0,0,0
KBO,2022,KT,52063,이상우,0,0,0,0,0,0,0,0,0,0
KBO,2022,KT,62556,신본기,131,0,3,0,2,6,14,20,43,43
KBO,2022,KT,62558,김준태,264,1,2,17,4,36,57,75,71,1
KBO,2022,KT,64004,김민혁,410,81,173,30,1,31,19,49,26,0
KBO,2022,KT,64006,심우준,431,0,1,1,0,0,0,2,1,426
KBO,2022,KT,64007,문상철,52,0,1,0,3,14,4,17,11,2
KBO,2022,KT,64012,송민섭,69,24,8,1,0,2,11,7,15,1
KBO,2022,KT,64014,김병희,81,2,2,9,3,12,8,23,20,2
KBO,2022,KT,64017,심재민,0,0,0,0,0,0,0,0,0,0
KBO,2022,KT,64029,류희운,0,0,0,0,0,0,0,0,0,0
KBO,2022,KT,64115,장준원,60,0,0,0,7,0,0,13,24,16
KBO,2022,KT,64166,배정대,562,58,183,13,0,9,120,141,30,8
KBO,2022,KT,64504,오윤석,320,2,15,19,3,17,46,90,127,1
KBO,2022,KT,64868,조용호,523,475,4,19,0,4,11,0,7,3
KBO,2022,KT,65040,김태훈,10,0,2,0,1,0,0,0,7,0
KBO,2022,KT,65060,주권,0,0,0,0,0,0,0,0,0,0
KBO,2022,KT,65062,김재윤,0,0,0,0,0,0,0,0,0,0
KBO,2022,KT,65516,배제성,0,0,0,0,0,0,0,0,0,0
KBO,2022,KT,66702,이시원,15,0,2,0,2,1,0,7,3,0
KBO,2022,KT,67005,홍현빈,86,10,6,0,1,0,3,11,53,2
KBO,2022,KT,67048,이정현,0,0,0,0,0,0,0,0,0,0
KBO,2022,KT,67063,문상인,3,0,0,0,0,2,0,0,0,1
KBO,2022,KT,68002,양승혁,5,0,0,0,0,1,0,0,3,1
KBO,2022,KT,68050,강백호,260,2,42,145,26,38,7,0,0,0
KBO,2022,KT,68069,고명성,0,0,0,0,0,0,0,0,0,0
KBO,2022,KT,68089,조대현,4,0,0,0,0,0,1,3,0,0
KBO,2022,KT,73113,박경수,190,5,7,4,1,5,28,71,65,4
KBO,2022,KT,75125,박병호,469,1,1,22,435,5,2,2,1,0
KBO,2022,KT,76313,황재균,572,0,116,154,4,72,203,20,3,0
KBO,2022,KT,78548,장성우,414,1,2,2,47,313,43,3,2,1
KBO,2022,LG,50150,손호영,80,0,0,1,1,4,1,10,11,52
KBO,2022,LG,51100,이영빈,83,1,8,0,3,8,4,19,12,28
KBO,2022,LG,51111,송승기,0,0,0,0,0,0,0,0,0,0
KBO,2022,LG,52112,루이즈,93,1,0,0,1,0,8,50,30,3
KBO,2022,LG,52119,허준혁,0,0,0,0,0,0,0,0,0,0
KBO,2022,LG,52125,가르시아,155,0,4,0,13,22,17,90,9,0
KBO,2022,LG,60566,이상호,76,0,8,2,2,4,3,7,17,33
KBO,2022,LG,61102,유강남,450,0,0,4,27,31,92,53,157,86
KBO,2022,LG,61186,이천웅,23,0,1,5,2,0,1,8,2,4
KBO,2022,LG,62146,최성훈,0,0,0,0,0,0,0,0,0,0
KBO,2022,LG,62415,박해민,614,278,322,0,0,0,0,0,0,14
KBO,2022,LG,63145,배재준,0,0,0,0,0,0,0,0,0,0
KBO,2022,LG,63248,함덕주,0,0,0,0,0,0,0,0,0,0
KBO,2022,LG,64100,박재욱,0,0,0,0,0,0,0,0,0,0
KBO,2022,LG,64101,한석현,9,2,0,0,0,1,0,3,3,0
KBO,2022,LG,65109,백승현,0,0,0,0,0,0,0,0,0,0
KBO,2022,LG,65115,안익훈,4,0,1,1,0,0,0,0,2,0
KBO,2022,LG,65157,최민창,5,3,1,1,0,0,0,0,0,0
KBO,2022,LG,65207,신민재,3,0,2,1,0,0,0,0,0,0
KBO,2022,LG,65241,채지선,0,0,0,0,0,0,0,0,0,0
KBO,2022,LG,66108,홍창기,496,367,51,52,0,0,21,0,0,5
KBO,2022,LG,66112,김기연,9,0,0,0,0,1,0,0,6,2
KBO,2022,LG,66113,김호은,2,0,0,0,1,0,0,1,0,0
KBO,2022,LG,67119,고우석,1,0,0,0,0,1,0,0,0,0
KBO,2022,LG,68106,이재원,241,1,9,4,3,1,41,74,98,10
KBO,2022,LG,68110,송찬의,74,0,7,1,5,5,16,19,2,19
KBO,2022,LG,68119,문성주,378,3,163,0,1,9,118,49,26,9
KBO,2022,LG,69102,문보경,453,0,9,4,40,61,162,92,67,18
KBO,2022,LG,69159,정우영,0,0,0,0,0,0,0,0,0,0
KBO,2022,LG,72133,박용택,0,0,0,0,0,0,0,0,0,0
KBO,2022,LG,73801,송은범,0,0,0,0,0,0,0,0,0,0
KBO,2022,LG,75867,김진성,0,0,0,0,0,0,0,0,0,0
KBO,2022,LG,76290,김현수,595,0,0,546,48,0,0,0,0,1
KBO,2022,LG,76650,진해수,0,0,0,0,0,0,0,0,0,0
KBO,2022,LG,77243,허도환,87,2,1,0,0,3,6,4,6,65
KBO,2022,LG,77564,김민성,150,4,4,1,5,2,20,6,32,76
KBO,2022,LG,78135,이형종,58,2,8,0,1,0,13,26,4,4
KBO,2022,LG,78168,서건창,239,1,28,5,0,4,7,30,46,118
KBO,2022,LG,79109,오지환,556,0,9,10,9,409,56,37,24,2
KBO,2022,LG,79140,최동환,0,0,0,0,0,0,0,0,0,0
KBO,2022,LG,79192,채은성,494,0,3,0,445,43,3,0,0,0
KBO,2022,NC,50902,김한별,21,2,1,0,0,1,1,4,1,11
KBO,2022,NC,50992,김태경,0,0,0,0,0,0,0,0,0,0
KBO,2022,NC,51907,김주원,303,2,13,1,1,1,13,79,115,78
KBO,2022,NC,51948,이용준,0,0,0,0,0,0,0,0,0,0
KBO,2022,NC,51994,한재승,0,0,0,0,0,0,0,0,0,0
KBO,2022,NC,51996,오태양,3,2,1,0,0,0,0,0,0,0
KBO,2022,NC,52904,마티니,561,0,15,28,111,407,0,0,0,0
KBO,2022,NC,60288,김응민,70,0,0,0,9,0,0,0,43,18
KBO,2022,NC,61869,정진기,59,0,7,2,5,6,7,9,6,17
KBO,2022,NC,62907,박민우,432,275,41,106,1,1,4,0,1,3
KBO,2022,NC,62931,노진혁,441,0,0,0,0,63,246,124,5,3
KBO,2022,NC,63905,윤형준,68,0,1,1,2,9,20,10,23,2
KBO,2022,NC,63963,권희동,269,1,85,7,0,29,119,20,3,5
KBO,2022,NC,64944,박대온,127,0,0,0,6,6,0,0,59,56
KBO,2022,NC,65462,김기환,126,28,13,4,0,4,5,2,4,66
KBO,2022,NC,65905,최승민,34,1,11,4,1,0,0,0,0,17
KBO,2022,NC,65949,류진욱,0,0,0,0,0,0,0,0,0,0
KBO,2022,NC,66928,박준영,235,3,58,0,0,3,24,45,74,28
KBO,2022,NC,66965,도태훈,152,5,6,1,2,5,1,23,56,53
KBO,2022,NC,67900,김수윤,18,1,0,0,1,0,0,8,4,4
KBO,2022,NC,67905,천재환,35,5,7,3,1,4,2,8,1,4
KBO,2022,NC,67954,김진호,0,0,0,0,0,0,0,0,0,0
KBO,2022,NC,67993,이재용,6,0,0,0,3,0,1,0,2,0
KBO,2022,NC,68639,하준영,0,0,0,0,0,0,0,0,0,0
KBO,2022,NC,68904,오영수,253,0,1,7,1,8,58,90,58,30
KBO,2022,NC,69995,서호철,207,12,14,3,1,0,4,32,77,64
KBO,2022,NC,74465,박석민,56,0,0,0,0,0,25,27,3,1
KBO,2022,NC,76118,원종현,0,0,0,0,0,0,0,0,0,0
KBO,2022,NC,76232,양의지,487,0,0,0,455,25,1,0,3,3
KBO,2022,NC,76720,정범모,7,0,0,0,2,0,0,0,0,5
KBO,2022,NC,76849,이명기,330,8,114,0,0,4,47,86,11,60
KBO,2022,NC,77211,이용찬,0,0,0,0,0,0,0,0,0,0
KBO,2022,NC,77532,손아섭,607,309,227,60,0,4,7,0,0,0
KBO,2022,NC,78361,전민수,41,3,22,0,0,4,0,6,4,2
KBO,2022,NC,79215,박건우,452,4,5,413,8,18,2,1,1,0
KBO,2022,SSG,50820,전의산,265,5,25,7,38,55,87,44,1,3
KBO,2022,SSG,50854,최지훈,616,99,493,0,0,0,4,0,12,8
KBO,2022,SSG,51809,조요한,0,0,0,0,0,0,0,0,0,0
KBO,2022,SSG,51817,추신수,480,467,0,9,0,0,1,1,1,1
KBO,2022,SSG,51865,조형우,13,1,0,0,0,0,1,3,8,0
KBO,2022,SSG,52804,석정우,9,0,0,1,0,0,1,2,0,5
KBO,2022,SSG,52806,라가레스,195,38,3,25,4,36,64,23,0,2
KBO,2022,SSG,52827,크론,252,2,0,3,21,152,68,4,1,1
KBO,2022,SSG,60558,오태곤,278,11,21,8,4,5,41,113,39,36
KBO,2022,SSG,61743,오준혁,66,6,11,0,3,4,14,8,9,11
KBO,2022,SSG,62864,김민식,194,1,0,0,0,0,8,4,134,47
KBO,2022,SSG,62884,최항,22,1,3,2,0,0,2,3,9,2
KBO,2022,SSG,62895,한유섬,524,0,8,7,408,55,34,9,2,1
KBO,2022,SSG,63440,이흥련,50,0,0,0,0,0,1,0,8,41
KBO,2022,SSG,64499,김재현,18,0,0,0,0,1,1,0,0,16
KBO,2022,SSG,64893,박민호,0,0,0,0,0,0,0,0,0,0
KBO,2022,SSG,64896,서동민,0,0,0,0,0,0,0,0,0,0
KBO,2022,SSG,65343,김택형,0,0,0,0,0,0,0,0,0,0
KBO,2022,SSG,65869,이현석,15,0,1,0,0,0,0,0,3,11
KBO,2022,SSG,66864,안상현,43,0,6,2,1,0,2,7,13,12
KBO,2022,SSG,67807,이정범,11,0,3,0,0,4,0,1,0,3
KBO,2022,SSG,67893,박성한,554,8,18,37,0,197,137,151,0,6
KBO,2022,SSG,68805,최상민,17,0,0,1,3,2,0,2,6,3
KBO,2022,SSG,68856,최민준,0,0,0,0,0,0,0,0,0,0
KBO,2022,SSG,68868,최준우,15,0,0,3,0,0,0,1,3,8
KBO,2022,SSG,68869,전경원,1,0,1,0,0,0,0,0,0,0
KBO,2022,SSG,69802,최경모,74,2,0,12,1,3,0,4,2,50
KBO,2022,SSG,69810,김규남,5,0,0,0,0,0,3,2,0,0
KBO,2022,SSG,69813,하재훈,111,5,3,12,5,16,20,40,2,8
KBO,2022,SSG,71837,김강민,196,9,17,28,4,32,39,30,15,22
KBO,2022,SSG,72523,고효준,0,0,0,0,0,0,0,0,0,0
KBO,2022,SSG,75847,최정,480,1,0,386,90,0,0,0,2,1
KBO,2022,SSG,76267,최주환,327,2,26,78,35,49,52,41,31,13
KBO,2022,SSG,76802,김성현,333,0,12,13,1,2,17,81,62,145
KBO,2022,SSG,76812,이재원,259,0,0,1,0,0,0,0,186,72
KBO,2022,두산,50202,안권수,265,207,12,0,1,0,6,13,10,16
KBO,2022,두산,50293,양찬열,93,0,41,0,5,0,1,7,21,18
KBO,2022,두산,51203,안재석,254,2,43,2,0,7,22,66,65,47
KBO,2022,두산,51230,김동주,0,0,0,0,0,0,0,0,0,0
KBO,2022,두산,51269,강현구,4,0,0,0,0,0,0,0,4,0
KBO,2022,두산,60181,김지용,0,0,0,0,0,0,0,0,0,0
KBO,2022,두산,61643,홍건희,0,0,0,0,0,0,0,0,0,0
KBO,2022,두산,62242,윤명준,0,0,0,0,0,0,0,0,0,0
KBO,2022,두산,62244,박세혁,384,0,0,0,0,53,160,85,58,28
KBO,2022,두산,62925,강진성,91,2,4,10,0,21,23,12,9,10
KBO,2022,두산,63123,강승호,473,11,98,101,0,51,79,68,48,17
KBO,2022,두산,63202,장승현,101,0,1,0,0,6,6,13,38,37
KBO,2022,두산,63257,김인태,276,99,89,12,3,5,41,12,13,2
KBO,2022,두산,64011,안승한,38,0,0,0,0,0,14,10,9,5
KBO,2022,두산,64086,신성현,25,2,2,2,0,0,0,12,2,5
KBO,2022,두산,64153,양석환,437,0,0,190,28,206,11,0,0,2
KBO,2022,두산,64213,최용제,0,0,0,0,0,0,0,0,0,0
KBO,2022,두산,64468,박계범,157,4,1,0,3,4,11,31,72,31
KBO,2022,두산,64805,이승진,0,0,0,0,0,0,0,0,0,0
KBO,2022,두산,65269,김민혁,95,1,3,9,0,14,51,0,9,8
KBO,2022,두산,65639,박정수,0,0,0,0,0,0,0,0,0,0
KBO,2022,두산,66203,서예일,26,2,3,2,0,2,1,1,5,10
KBO,2022,두산,66209,조수행,129,10,39,2,10,1,1,17,18,31
KBO,2022,두산,66233,홍성호,19,0,1,0,1,1,0,5,5,6
KBO,2022,두산,67202,박유연,18,0,1,0,0,3,10,0,3,1
KBO,2022,두산,67207,이유찬,29,0,1,0,0,0,0,13,10,5
KBO,2022,두산,67246,김명신,0,0,0,0,0,0,0,0,0,0
KBO,2022,두산,68204,권민석,3,0,0,2,0,0,0,1,0,0
KBO,2022,두산,68205,전민재,45,1,2,3,1,3,0,3,3,29
KBO,2022,두산,68242,정철원,0,0,0,0,0,0,0,0,0,0
KBO,2022,두산,68249,박신지,0,0,0,0,0,0,0,0,0,0
KBO,2022,두산,69203,송승환,28,1,1,0,4,13,0,5,1,3
KBO,2022,두산,69207,김태근,5,0,0,0,0,0,0,0,0,5
KBO,2022,두산,69209,페르난데,543,4,233,202,60,23,5,11,3,2
KBO,2022,두산,69238,김대한,101,1,8,0,0,0,1,11,23,57
KBO,2022,두산,74206,김재호,251,4,2,1,0,14,75,76,43,36
KBO,2022,두산,74513,장원준,0,0,0,0,0,0,0,0,0,0
KBO,2022,두산,77248,오재원,30,0,0,1,0,1,11,15,0,2
KBO,2022,두산,77263,김강률,0,0,0,0,0,0,0,0,0,0
KBO,2022,두산,78224,김재환,509,0,1,0,501,0,1,1,0,5
KBO,2022,두산,78352,임창민,0,0,0,0,0,0,0,0,0,0
KBO,2022,두산,79231,정수빈,444,160,57,0,5,2,1,60,58,101
KBO,2022,두산,79240,허경민,468,154,0,95,0,160,49,6,4,0
KBO,2022,롯데,50500,황성빈,342,175,108,2,0,0,1,19,1,36
KBO,2022,롯데,52514,김세민,2,0,0,0,0,0,0,0,0,2
KBO,2022,롯데,52516,조세진,87,11,11,0,2,11,2,18,28,4
KBO,2022,롯데,52526,피터스,342,0,13,0,98,91,65,64,11,0
KBO,2022,롯데,52547,렉스,244,50,154,4,25,4,6,0,1,0
KBO,2022,롯데,52568,한태양,66,1,2,0,0,1,5,7,8,42
KBO,2022,롯데,52591,윤동희,13,0,0,0,0,0,13,0,0,0
KBO,2022,롯데,60523,정훈,326,125,37,0,13,35,92,18,3,3
KBO,2022,롯데,62528,김원중,0,0,0,0,0,0,0,0,0,0
KBO,2022,롯데,62802,박승욱,214,16,7,0,1,0,4,14,24,148
KBO,2022,롯데,63543,구승민,0,0,0,0,0,0,0,0,0,0
KBO,2022,롯데,64022,안중열,82,0,0,1,0,0,5,20,30,26
KBO,2022,롯데,64501,배성근,41,3,2,0,0,0,3,8,4,21
KBO,2022,롯데,64717,지시완,194,0,0,0,0,1,23,51,74,45
KBO,2022,롯데,65506,김재유,0,0,0,0,0,0,0,0,0,0
KBO,2022,롯데,65514,강태율,34,0,0,0,1,0,1,4,28,0
KBO,2022,롯데,65515,강로한,0,0,0,0,0,0,0,0,0,0
KBO,2022,롯데,65643,문경찬,0,0,0,0,0,0,0,0,0,0
KBO,2022,롯데,67504,김민수,149,4,8,0,0,4,53,51,20,9
KBO,2022,롯데,68362,추재현,65,0,5,2,0,9,11,20,8,10
KBO,2022,롯데,68504,이호연,216,7,6,5,0,20,63,70,12,33
KBO,2022,롯데,68507,장두성,28,2,4,1,2,4,0,6,4,5
KBO,2022,롯데,68518,정보근,213,1,0,0,0,0,2,5,141,64
KBO,2022,롯데,68525,한동희,489,3,0,182,5,161,90,39,3,6
KBO,2022,롯데,69453,이학주,248,8,34,1,1,1,23,67,72,41
KBO,2022,롯데,69500,김민수,7,0,0,0,1,0,2,4,0,0
KBO,2022,롯데,69508,신용수,72,14,11,1,4,3,1,9,20,9
KBO,2022,롯데,69517,고승민,259,13,33,2,0,62,47,49,42,11
KBO,2022,롯데,71564,이대호,583,0,2,292,158,98,31,1,0,1
KBO,2022,롯데,78513,전준우,505,0,100,105,292,4,0,0,1,3
KBO,2022,롯데,79358,강윤구,0,0,0,0,0,0,0,0,0,0
KBO,2022,롯데,79608,안치홍,544,230,97,41,18,97,38,20,3,0
KBO,2022,삼성,50411,박주혁,0,0,0,0,0,0,0,0,0,0
KBO,2022,삼성,50458,김지찬,406,249,58,0,1,0,2,14,39,43
KBO,2022,삼성,51403,김동진,4,3,0,0,0,0,0,0,0,1
KBO,2022,삼성,51417,김현준,408,246,31,1,0,0,3,28,8,91
KBO,2022,삼성,51463,피렐라,616,15,108,414,79,0,0,0,0,0
KBO,2022,삼성,52405,조민성,15,0,0,0,4,1,3,0,3,4
KBO,2022,삼성,52415,이재현,235,2,6,0,0,1,1,24,141,60
KBO,2022,삼성,52424,김재혁,37,1,0,0,0,0,4,9,17,6
KBO,2022,삼성,52430,김영웅,15,0,0,0,1,1,1,3,1,8
KBO,2022,삼성,52460,김서준,0,0,0,0,0,0,0,0,0,0
KBO,2022,삼성,61197,최영진,88,1,0,1,3,7,41,23,9,3
KBO,2022,삼성,61404,김헌곤,233,2,1,2,0,22,18,84,19,85
KBO,2022,삼성,62404,구자욱,436,18,203,94,17,67,28,8,0,1
KBO,2022,삼성,63435,김성표,18,0,2,0,0,2,2,0,7,5
KBO,2022,삼성,63960,이상민,0,0,0,0,0,0,0,0,0,0
KBO,2022,삼성,64407,김호재,29,0,0,0,3,1,9,1,5,10
KBO,2022,삼성,64469,송준석,30,0,1,1,0,0,10,16,0,2
KBO,2022,삼성,64610,강한울,246,6,69,0,21,11,27,61,28,23
KBO,2022,삼성,65132,김재성,179,0,2,7,11,49,43,22,42,3
KBO,2022,삼성,65496,홍정우,0,0,0,0,0,0,0,0,0,0
KBO,2022,삼성,66406,안주형,21,0,4,0,1,0,1,9,3,3
KBO,2022,삼성,66409,이성규,32,0,3,1,4,0,9,13,2,0
KBO,2022,삼성,66838,김동엽,99,0,0,0,0,25,44,28,2,0
KBO,2022,삼성,67449,김성윤,47,0,0,0,1,1,2,29,7,7
KBO,2022,삼성,68407,공민규,20,2,0,0,0,0,0,4,9,5
KBO,2022,삼성,68463,윤정빈,10,0,0,0,1,2,0,1,2,4
KBO,2022,삼성,68466,이태훈,18,2,0,1,1,1,6,7,0,0
KBO,2022,삼성,69416,이해승,100,2,0,0,1,1,4,11,79,2
KBO,2022,삼성,69418,박승규,77,3,7,4,0,2,0,26,9,26
KBO,2022,삼성,69428,이병헌,4,0,0,0,0,0,0,0,4,0
KBO,2022,삼성,73117,우규민,0,0,0,0,0,0,0,0,0,0
KBO,2022,삼성,74540,강민호,437,0,3,0,83,117,124,35,69,6
KBO,2022,삼성,75334,오재일,527,0,0,55,323,109,25,12,1,2
KBO,2022,삼성,75421,오승환,0,0,0,0,0,0,0,0,0,0
KBO,2022,삼성,75566,이원석,321,0,0,48,53,127,66,25,1,1
KBO,2022,삼성,78122,김태군,222,2,2,11,10,52,76,31,34,4
KBO,2022,삼성,78756,오선진,286,9,114,5,3,15,47,18,13,62
KBO,2022,삼성,79402,김상수,253,109,31,0,4,1,0,43,2,63
KBO,2022,키움,50312,신준우,50,0,3,0,1,1,4,0,35,6
KBO,2022,키움,50357,박주홍,57,10,3,0,0,3,3,13,8,17
KBO,2022,키움,51301,김성진,0,0,0,0,0,0,0,0,0,0
KBO,2022,키움,51302,이주형,81,1,0,1,11,0,17,38,6,7
KBO,2022,키움,51303,김시앙,13,0,0,0,0,0,0,3,9,1
KBO,2022,키움,51307,이재홍,4,0,1,0,0,0,0,0,0,3
KBO,2022,키움,51344,김휘집,372,0,94,0,0,30,70,24,38,116
KBO,2022,키움,52308,애플러,0,0,0,0,0,0,0,0,0,0
KBO,2022,키움,52348,박찬혁,170,5,48,0,10,4,21,0,9,73
KBO,2022,키움,52366,푸이그,531,0,51,5,379,33,18,0,44,1
KBO,2022,키움,52394,노운현,0,0,0,0,0,0,0,0,0,0
KBO,2022,키움,62332,김재현,84,0,0,0,0,0,8,24,40,12
KBO,2022,키움,62360,김태훈,0,0,0,0,0,0,0,0,0,0
KBO,2022,키움,63920,김준완,381,345,6,2,4,0,1,1,0,22
KBO,2022,키움,64340,임지열,141,3,90,0,3,6,20,18,0,1
KBO,2022,키움,64350,하영민,0,0,0,0,0,0,0,0,0,0
KBO,2022,키움,64657,박준태,81,15,6,2,2,2,1,3,11,39
KBO,2022,키움,64906,강민국,4,1,1,0,0,0,0,0,2,0
KBO,2022,키움,64984,김태진,267,74,21,0,1,59,37,24,6,45
KBO,2022,키움,65357,송성문,592,0,56,0,79,201,83,140,3,30
KBO,2022,키움,65586,전병우,214,0,17,0,8,11,18,99,43,18
KBO,2022,키움,65898,김웅빈,128,9,0,0,4,37,29,32,16,1
KBO,2022,키움,66305,박승주,0,0,0,0,0,0,0,0,0,0
KBO,2022,키움,67304,김혜성,563,8,184,18,117,220,9,2,3,2
KBO,2022,키움,67341,이정후,619,0,0,615,0,0,0,0,3,1
KBO,2022,키움,67363,이병규,40,1,1,1,0,1,18,10,5,3
KBO,2022,키움,68330,예진원,13,6,3,1,0,0,1,0,0,2
KBO,2022,키움,68346,김수환,161,1,19,3,5,0,92,15,15,11
KBO,2022,키움,69306,김주형,114,0,0,0,2,0,17,9,86,0
KBO,2022,키움,69328,박주성,0,0,0,0,0,0,0,0,0,0
KBO,2022,키움,69366,이명기,4,0,0,0,0,0,0,4,0,0
KBO,2022,키움,74163,이용규,316,186,48,0,0,15,18,3,13,33
KBO,2022,키움,79365,박동원,40,0,0,0,4,0,36,0,0,0
KBO,2022,키움,79456,이지영,440,0,4,0,0,0,59,117,155,105
KBO,2022,한화,50704,임종찬,56,0,0,1,0,0,0,0,14,41
KBO,2022,한화,50709,박정현,217,0,7,1,5,2,11,11,89,91
KBO,2022,한화,51764,정민규,23,0,0,0,1,0,0,7,10,5
KBO,2022,한화,52705,유상빈,46,0,13,0,0,0,0,9,12,12
KBO,2022,한화,52712,터크먼,639,411,0,143,85,0,0,0,0,0
KBO,2022,한화,52764,허인서,19,0,4,0,0,0,0,2,4,9
KBO,2022,한화,52769,권광민,84,4,4,0,0,1,17,18,34,6
KBO,2022,한화,60140,신정락,0,0,0,0,0,0,0,0,0,0
KBO,2022,한화,60343,이해창,10,1,0,0,0,0,0,3,6,0
KBO,2022,한화,62700,하주석,476,0,5,4,0,251,171,40,2,3
KBO,2022,한화,63700,장운호,139,2,10,0,1,0,17,20,26,63
KBO,2022,한화,63704,노수광,347,22,88,0,0,8,17,92,98,22
KBO,2022,한화,63961,윤호솔,0,0,0,0,0,0,0,0,0,0
KBO,2022,한화,64266,이성곤,116,9,12,0,2,17,17,32,25,2
KBO,2022,한화,65703,이도윤,121,9,2,1,2,14,5,2,10,76
KBO,2022,한화,65707,주현상,0,0,0,0,0,0,0,0,0,0
KBO,2022,한화,65764,김민우,0,0,0,0,0,0,0,0,0,0
KBO,2022,한화,65769,김범수,0,0,0,0,0,0,0,0,0,0
KBO,2022,한화,66657,이진영,237,0,50,0,19,74,35,45,9,5
KBO,2022,한화,66704,김태연,452,4,142,8,14,102,133,21,13,15
KBO,2022,한화,66706,장진혁,128,0,20,0,0,0,4,39,15,50
KBO,2022,한화,66707,박상언,145,0,12,0,1,5,6,28,48,45
KBO,2022,한화,66710,강상원,0,0,0,0,0,0,0,0,0,0
KBO,2022,한화,66715,김인환,422,0,2,5,203,108,75,22,6,1
KBO,2022,한화,67760,원혁재,23,0,0,1,0,0,1,0,11,10
KBO,2022,한화,68700,이원석,38,2,0,1,0,0,0,2,9,24
KBO,2022,한화,68743,정은원,593,205,44,264,0,0,30,45,2,3
KBO,2022,한화,69706,허관회,24,1,0,2,1,1,0,9,10,0
KBO,2022,한화,69727,변우혁,61,0,1,0,1,0,13,34,9,3
KBO,2022,한화,69737,노시환,482,0,10,194,278,0,0,0,0,0
KBO,2022,한화,69766,유로결,64,2,5,0,2,0,0,6,8,41
KBO,2022,한화,77318,장시환,0,0,0,0,0,0,0,0,0,0
KBO,2022,한화,78288,최재훈,408,0,198,0,0,14,36,78,80,2
KBO,2022,한화,78643,백용환,5,0,0,0,0,2,0,1,0,2
KBO,2023,KIA,50600,홍종표,10,2,0,0,0,0,1,1,1,5
KBO,2023,KIA,50662,정해영,0,0,0,0,0,0,0,0,0,0
KBO,2023,KIA,51604,김선우,7,0,0,1,0,0,0,0,4,2
KBO,2023,KIA,52605,김도영,378,83,224,57,0,0,0,0,0,14
KBO,2023,KIA,52630,소크라테,599,0,0,176,96,226,101,0,0,0
KBO,2023,KIA,52641,황동하,0,0,0,0,0,0,0,0,0,0
KBO,2023,KIA,52667,윤도현,1,0,0,0,0,0,0,1,0,0
KBO,2023,KIA,61353,고종욱,284,0,105,8,5,24,68,41,21,12
KBO,2023,KIA,62234,류지혁,247,189,32,0,0,1,1,22,0,2
KBO,2023,KIA,62947,나성범,248,0,0,198,44,4,2,0,0,0
KBO,2023,KIA,63260,이우성,386,0,9,48,4,67,86,128,29,15
KBO,2023,KIA,63638,박준표,0,0,0,0,0,0,0,0,0,0
KBO,2023,KIA,63722,한승택,96,0,0,0,0,0,1,0,67,28
KBO,2023,KIA,64560,이창진,278,38,57,2,1,7,40,105,20,8
KBO,2023,KIA,64646,박찬호,492,164,141,0,0,0,0,14,0,173
KBO,2023,KIA,65464,최정용,38,4,0,1,1,4,2,3,2,21
KBO,2023,KIA,65610,황대인,192,6,0,0,34,44,47,43,17,1
KBO,2023,KIA,65653,김호령,103,0,11,0,3,3,10,24,31,21
KBO,2023,KIA,66354,주효상,34,0,0,0,1,0,0,0,23,10
KBO,2023,KIA,66606,최원준,270,171,53,3,0,0,1,3,1,38
KBO,2023,KIA,66614,김규성,171,7,2,2,0,4,7,17,17,115
KBO,2023,KIA,66662,신범수,95,0,2,1,1,0,0,4,68,19
KBO,2023,KIA,67609,박정우,9,0,2,0,1,1,3,1,1,0
KBO,2023,KIA,67610,김석환,25,0,5,0,1,0,0,7,12,0
KBO,2023,KIA,68619,윤중현,0,0,0,0,0,0,0,0,0,0
KBO,2023,KIA,68646,한준수,93,0,0,0,1,0,6,25,56,5
KBO,2023,KIA,69620,김기훈,0,0,0,0,0,0,0,0,0,0
KBO,2023,KIA,69636,오선우,31,5,0,1,1,0,2,9,12,1
KBO,2023,KIA,69727,변우혁,223,2,3,0,0,30,58,68,46,16
KBO,2023,KIA,72443,최형우,496,0,0,0,430,58,4,2,1,1
KBO,2023,KIA,78122,김태군,191,0,1,0,0,0,16,31,127,16
KBO,2023,KIA,78603,김선빈,457,0,8,145,0,140,140,15,3,6
KBO,2023,KT,50007,문상준,5,0,0,0,0,0,1,0,4,0
KBO,2023,KT,50066,강현우,109,4,0,0,1,15,40,5,21,23
KBO,2023,KT,51097,김영현,0,0,0,0,0,0,0,0,0,0
KBO,2023,KT,52002,김병준,2,0,0,0,0,0,0,0,0,2
KBO,2023,KT,52009,알포드,538,25,31,372,24,52,23,8,0,3
KBO,2023,KT,52060,박영현,0,0,0,0,0,0,0,0,0,0
KBO,2023,KT,53036,류현인,24,0,0,0,0,0,1,5,13,5
KBO,2023,KT,53057,손민석,11,0,0,0,0,0,0,0,4,7
KBO,2023,KT,53058,정준영,51,3,12,4,2,0,1,10,9,10
KBO,2023,KT,60566,이상호,56,1,6,0,8,0,7,8,19,7
KBO,2023,KT,62556,신본기,68,1,0,0,0,0,1,16,39,11
KBO,2023,KT,62558,김준태,134,5,0,2,0,28,49,19,24,7
KBO,2023,KT,64004,김민혁,433,307,66,12,0,6,13,24,3,2
KBO,2023,KT,64007,문상철,320,7,13,71,30,80,53,44,17,5
KBO,2023,KT,64012,송민섭,24,4,3,4,1,3,2,2,3,2
KBO,2023,KT,64014,김병희,9,0,2,0,0,2,0,0,1,4
KBO,2023,KT,64115,장준원,99,5,12,0,0,1,3,6,21,51
KBO,2023,KT,64166,배정대,349,18,24,0,0,58,10,54,52,133
KBO,2023,KT,64504,오윤석,212,1,4,0,5,0,33,87,64,18
KBO,2023,KT,64868,조용호,184,88,19,7,0,0,16,33,7,14
KBO,2023,KT,65062,김재윤,0,0,0,0,0,0,0,0,0,0
KBO,2023,KT,66702,이시원,31,4,0,4,0,0,1,2,5,15
KBO,2023,KT,67005,홍현빈,86,31,14,2,1,1,1,16,6,14
KBO,2023,KT,67006,안치영,130,13,32,6,2,1,3,4,27,42
KBO,2023,KT,67063,문상인,1,0,0,0,0,0,1,0,0,0
KBO,2023,KT,68043,김민,0,0,0,0,0,0,0,0,0,0
KBO,2023,KT,68050,강백호,269,48,104,43,13,17,26,11,6,1
KBO,2023,KT,68504,이호연,228,1,31,0,4,17,61,59,44,11
KBO,2023,KT,68896,이채호,0,0,0,0,0,0,0,0,0,0
KBO,2023,KT,69054,이상동,0,0,0,0,0,0,0,0,0,0
KBO,2023,KT,69056,박민석,4,0,0,0,0,0,0,0,0,4
KBO,2023,KT,69064,강민성,26,0,1,0,0,0,0,4,11,10
KBO,2023,KT,69068,이선우,0,0,0,0,0,0,0,0,0,0
KBO,2023,KT,73113,박경수,215,4,5,0,1,11,10,76,98,10
KBO,2023,KT,75125,박병호,477,0,3,1,457,3,0,4,8,1
KBO,2023,KT,76313,황재균,452,5,95,117,0,55,127,43,7,3
KBO,2023,KT,78517,하준호,0,0,0,0,0,0,0,0,0,0
KBO,2023,KT,78548,장성우,452,1,0,5,77,264,92,3,4,6
KBO,2023,KT,79402,김상수,498,99,175,0,1,0,31,44,41,107
KBO,2023,LG,50150,손호영,45,3,0,3,1,4,6,8,9,11
KBO,2023,LG,50167,이주형,15,5,4,0,0,1,0,2,3,0
KBO,2023,LG,53105,송대현,3,0,0,0,0,0,2,1,0,0
KBO,2023,LG,53123,오스틴,573,0,0,4,566,0,1,1,1,0
KBO,2023,LG,53139,박명근,0,0,0,0,0,0,0,0,0,0
KBO,2023,LG,53144,김범석,28,2,0,0,4,0,9,9,0,4
KBO,2023,LG,53164,김동규,0,0,0,0,0,0,0,0,0,0
KBO,2023,LG,61186,이천웅,3,0,0,0,0,0,0,0,0,3
KBO,2023,LG,62415,박해민,530,39,104,2,0,0,0,3,118,264
KBO,2023,LG,65115,안익훈,22,11,6,1,0,1,0,1,2,0
KBO,2023,LG,65207,신민재,311,0,156,2,2,1,2,5,1,142
KBO,2023,LG,65241,채지선,0,0,0,0,0,0,0,0,0,0
KBO,2023,LG,65905,최승민,15,1,4,0,0,0,0,1,1,8
KBO,2023,LG,66108,홍창기,612,578,8,10,0,1,0,0,10,5
KBO,2023,LG,66112,김기연,39,0,0,1,1,0,0,19,15,3
KBO,2023,LG,66145,김대현,0,0,0,0,0,0,0,0,0,0
KBO,2023,LG,66162,김주성,6,1,0,1,0,2,2,0,0,0
KBO,2023,LG,67116,오석주,0,0,0,0,0,0,0,0,0,0
KBO,2023,LG,67119,고우석,0,0,0,0,0,0,0,0,0,0
KBO,2023,LG,67123,전준호,1,0,0,0,0,0,0,0,1,0
KBO,2023,LG,68106,이재원,124,6,7,2,0,0,4,22,76,7
KBO,2023,LG,68110,송찬의,22,0,0,4,3,1,1,5,4,4
KBO,2023,LG,68119,문성주,516,0,344,16,3,0,18,29,98,8
KBO,2023,LG,69102,문보경,527,0,3,26,9,168,226,86,8,1
KBO,2023,LG,69134,이정용,0,0,0,0,0,0,0,0,0,0
KBO,2023,LG,76290,김현수,546,0,0,510,0,23,10,0,3,0
KBO,2023,LG,77243,허도환,67,0,0,1,1,4,5,11,24,21
KBO,2023,LG,77564,김민성,298,0,2,17,11,15,84,80,59,30
KBO,2023,LG,78168,서건창,120,18,4,4,2,6,6,4,68,8
KBO,2023,LG,79109,오지환,486,1,0,31,0,337,94,20,3,0
KBO,2023,LG,79140,최동환,0,0,0,0,0,0,0,0,0,0
KBO,2023,LG,79150,정주현,97,0,0,7,14,10,19,23,16,8
KBO,2023,LG,79365,박동원,458,0,3,9,17,41,105,246,28,9
KBO,2023,NC,50902,김한별,101,0,8,2,0,1,1,5,8,76
KBO,2023,NC,50906,박영빈,15,5,4,1,4,0,0,0,0,1
KBO,2023,NC,51701,조현진,5,0,1,0,0,0,0,0,1,3
KBO,2023,NC,51907,김주원,447,0,5,0,0,0,25,71,147,199
KBO,2023,NC,51991,오장한,8,0,0,0,0,0,1,4,3,0
KBO,2023,NC,51994,한재승,0,0,0,0,0,0,0,0,0,0
KBO,2023,NC,51996,오태양,3,0,0,0,1,0,0,0,0,2
KBO,2023,NC,53955,마틴,492,0,0,10,437,41,0,4,0,0
KBO,2023,NC,53992,박한결,18,3,0,5,1,5,2,0,0,2
KBO,2023,NC,62244,박세혁,272,0,43,1,0,4,69,19,112,24
KBO,2023,NC,62907,박민우,492,109,287,89,1,0,0,3,0,3
KBO,2023,NC,62934,김성욱,195,5,26,10,10,71,38,13,7,15
KBO,2023,NC,63905,윤형준,228,1,6,5,5,28,110,55,16,2
KBO,2023,NC,63963,권희동,358,0,10,5,42,299,0,0,0,2
KBO,2023,NC,64022,안중열,170,0,2,0,0,0,6,8,99,55
KBO,2023,NC,64101,한석현,64,0,25,5,8,2,0,4,10,10
KBO,2023,NC,64944,박대온,31,1,0,0,0,0,1,2,24,3
KBO,2023,NC,65949,류진욱,0,0,0,0,0,0,0,0,0,0
KBO,2023,NC,66965,도태훈,277,2,15,0,5,5,49,104,31,66
KBO,2023,NC,67900,김수윤,15,2,0,1,0,2,1,7,0,2
KBO,2023,NC,67905,천재환,171,9,25,10,11,50,36,21,8,1
KBO,2023,NC,68904,오영수,225,0,0,2,5,26,137,42,11,2
KBO,2023,NC,68909,최보성,21,1,2,0,0,0,1,15,1,1
KBO,2023,NC,68912,김형준,80,2,0,0,0,0,3,13,53,9
KBO,2023,NC,68928,김시훈,0,0,0,0,0,0,0,0,0,0
KBO,2023,NC,69900,박주찬,14,0,0,0,0,0,0,3,0,11
KBO,2023,NC,69969,전사민,1,0,1,0,0,0,0,0,0,0
KBO,2023,NC,69992,최정원,51,1,33,2,1,1,3,4,1,5
KBO,2023,NC,69995,서호철,417,20,150,0,0,3,61,144,11,28
KBO,2023,NC,74465,박석민,102,0,0,2,5,39,37,19,0,0
KBO,2023,NC,77211,이용찬,0,0,0,0,0,0,0,0,0,0
KBO,2023,NC,77532,손아섭,601,511,5,3,59,18,0,1,0,4
KBO,2023,NC,79215,박건우,514,0,0,480,27,4,1,1,1,0
KBO,2023,SSG,50820,전의산,149,1,0,0,2,3,27,26,84,6
KBO,2023,SSG,50854,최지훈,491,129,314,0,0,0,13,21,3,11
KBO,2023,SSG,50868,류효승,3,0,0,0,0,0,3,0,0,0
KBO,2023,SSG,51817,추신수,447,430,0,6,0,1,3,1,3,3
KBO,2023,SSG,51865,조형우,127,0,3,0,1,1,1,5,15,101
KBO,2023,SSG,51868,고명준,4,0,0,1,0,0,0,3,0,0
KBO,2023,SSG,53827,에레디아,512,5,13,22,426,46,0,0,0,0
KBO,2023,SSG,53844,김건웅,3,0,0,0,0,0,0,0,3,0
KBO,2023,SSG,53865,김정민,2,1,0,0,0,0,1,0,0,0
KBO,2023,SSG,60558,오태곤,290,52,39,2,3,23,42,43,73,13
KBO,2023,SSG,61895,서진용,0,0,0,0,0,0,0,0,0,0
KBO,2023,SSG,62611,임준섭,0,0,0,0,0,0,0,0,0,0
KBO,2023,SSG,62864,김민식,297,0,0,0,1,1,1,0,84,210
KBO,2023,SSG,62869,문승원,0,0,0,0,0,0,0,0,0,0
KBO,2023,SSG,62884,최항,33,1,4,1,0,1,1,17,3,5
KBO,2023,SSG,62895,한유섬,367,0,0,23,17,130,77,107,6,7
KBO,2023,SSG,62925,강진성,137,4,1,16,2,5,45,15,30,19
KBO,2023,SSG,63440,이흥련,16,1,1,0,0,0,0,0,0,14
KBO,2023,SSG,64861,이건욱,0,0,0,0,0,0,0,0,0,0
KBO,2023,SSG,66864,안상현,63,1,1,1,0,4,8,4,24,20
KBO,2023,SSG,66917,김찬형,50,0,0,11,1,2,0,2,14,20
KBO,2023,SSG,67807,이정범,31,0,8,0,1,0,0,10,10,2
KBO,2023,SSG,67893,박성한,517,0,75,0,1,203,130,93,11,4
KBO,2023,SSG,68805,최상민,38,3,5,0,0,1,0,2,17,10
KBO,2023,SSG,68856,최민준,0,0,0,0,0,0,0,0,0,0
KBO,2023,SSG,68868,최준우,68,1,14,1,1,1,5,15,21,9
KBO,2023,SSG,69802,최경모,20,6,0,4,0,0,0,1,8,1
KBO,2023,SSG,69804,채현우,0,0,0,0,0,0,0,0,0,0
KBO,2023,SSG,69813,하재훈,220,5,2,1,3,43,96,52,12,6
KBO,2023,SSG,69839,백승건,0,0,0,0,0,0,0,0,0,0
KBO,2023,SSG,71837,김강민,160,25,43,22,1,22,23,8,4,12
KBO,2023,SSG,72523,고효준,0,0,0,0,0,0,0,0,0,0
KBO,2023,SSG,73211,노경은,0,0,0,0,0,0,0,0,0,0
KBO,2023,SSG,75847,최정,530,0,0,447,83,0,0,0,0,0
KBO,2023,SSG,76267,최주환,470,6,106,65,86,120,48,27,9,3
KBO,2023,SSG,76802,김성현,339,0,22,1,1,2,64,121,112,16
KBO,2023,SSG,76812,이재원,46,0,0,0,0,0,0,0,4,42
KBO,2023,두산,50204,박지훈,21,0,2,5,2,0,2,3,4,3
KBO,2023,두산,50293,양찬열,97,15,17,0,2,0,3,26,29,5
KBO,2023,두산,51203,안재석,67,4,18,0,0,0,6,0,29,10
KBO,2023,두산,51264,최승용,0,0,0,0,0,0,0,0,0,0
KBO,2023,두산,53211,로하스,458,2,39,206,0,51,97,58,5,0
KBO,2023,두산,61643,홍건희,0,0,0,0,0,0,0,0,0,0
KBO,2023,두산,62925,강진성,3,0,1,2,0,0,0,0,0,0
KBO,2023,두산,62951,이형범,0,0,0,0,0,0,0,0,0,0
KBO,2023,두산,63123,강승호,446,0,6,10,1,45,181,161,31,11
KBO,2023,두산,63202,장승현,145,0,0,5,10,11,0,10,109,0
KBO,2023,두산,63257,김인태,113,3,8,2,1,12,42,30,13,2
KBO,2023,두산,64011,안승한,26,0,0,1,1,0,0,0,24,0
KBO,2023,두산,64086,신성현,15,1,0,1,1,1,3,6,2,0
KBO,2023,두산,64153,양석환,565,0,0,200,127,178,49,7,4,0
KBO,2023,두산,64468,박계범,184,5,71,2,0,1,13,27,50,15
KBO,2023,두산,65269,김민혁,33,0,1,1,3,5,10,8,5,0
KBO,2023,두산,65639,박정수,0,0,0,0,0,0,0,0,0,0
KBO,2023,두산,66203,서예일,9,0,0,0,0,0,3,0,0,6
KBO,2023,두산,66209,조수행,242,35,69,4,3,3,7,6,19,96
KBO,2023,두산,66233,홍성호,50,0,1,6,1,15,1,18,8,0
KBO,2023,두산,66928,박준영,136,1,3,0,0,2,4,55,36,35
KBO,2023,두산,67202,박유연,15,0,0,0,0,0,0,0,15,0
KBO,2023,두산,67207,이유찬,230,3,18,0,1,6,2,4,10,186
KBO,2023,두산,67266,박치국,0,0,0,0,0,0,0,0,0,0
KBO,2023,두산,68200,김민규,0,0,0,0,0,0,0,0,0,0
KBO,2023,두산,68204,권민석,2,0,0,0,0,0,0,0,0,2
KBO,2023,두산,68205,전민재,17,2,1,0,0,2,2,0,6,4
KBO,2023,두산,68242,정철원,0,0,0,0,0,0,0,0,0,0
KBO,2023,두산,68249,박신지,0,0,0,0,0,0,0,0,0,0
KBO,2023,두산,68830,김정우,0,0,0,0,0,0,0,0,0,0
KBO,2023,두산,69203,송승환,74,6,8,1,3,12,12,15,14,3
KBO,2023,두산,69207,김태근,52,23,1,3,0,5,2,4,3,11
KBO,2023,두산,69238,김대한,88,18,27,0,1,3,0,11,8,20
KBO,2023,두산,74206,김재호,277,1,154,0,3,3,5,35,42,34
KBO,2023,두산,76232,양의지,496,0,0,106,297,81,8,0,4,0
KBO,2023,두산,78224,김재환,477,1,22,74,161,145,63,2,6,3
KBO,2023,두산,79231,정수빈,562,502,34,0,0,1,1,0,0,24
KBO,2023,두산,79240,허경민,464,36,120,0,1,25,75,80,67,60
KBO,2023,롯데,50202,안권수,298,214,45,0,5,4,1,3,1,25
KBO,2023,롯데,50500,황성빈,182,75,38,1,4,2,2,3,3,54
KBO,2023,롯데,51528,손성빈,78,0,0,1,0,4,2,7,38,26
KBO,2023,롯데,51803,박형준,1,0,0,0,0,0,0,0,1,0
KBO,2023,롯데,52504,김동혁,9,3,0,1,1,0,0,0,0,4
KBO,2023,롯데,52547,렉스,231,0,10,100,112,8,1,0,0,0
KBO,2023,롯데,52591,윤동희,415,132,86,18,12,70,55,13,6,23
KBO,2023,롯데,53505,윤수녕,4,0,0,0,0,1,0,0,0,3
KBO,2023,롯데,53506,구드럼,196,0,51,31,10,22,64,8,4,6
KBO,2023,롯데,53554,김민석,431,139,69,5,1,7,18,47,32,113
KBO,2023,롯데,53568,정대선,42,8,2,4,0,3,0,23,0,2
KBO,2023,롯데,53569,서동욱,20,0,2,0,0,1,0,7,10,0
KBO,2023,롯데,53587,배영빈,17,0,5,0,0,1,0,0,2,9
KBO,2023,롯데,60523,정훈,227,13,28,62,11,74,16,10,7,6
KBO,2023,롯데,61102,유강남,389,0,5,20,0,63,54,90,143,14
KBO,2023,롯데,62528,김원중,0,0,0,0,0,0,0,0,0,0
KBO,2023,롯데,62802,박승욱,325,1,45,5,3,3,47,80,56,85
KBO,2023,롯데,62931,노진혁,379,1,6,0,0,25,148,99,82,18
KBO,2023,롯데,64717,지시완,8,0,1,0,0,0,2,3,2,0
KBO,2023,롯데,64718,최영환,0,0,0,0,0,0,0,0,0,0
KBO,2023,롯데,67504,김민수,50,2,2,1,0,0,3,11,17,14
KBO,2023,롯데,67644,이정훈,165,0,39,65,9,29,9,4,4,6
KBO,2023,롯데,68507,장두성,14,2,0,0,0,1,0,2,5,4
KBO,2023,롯데,68518,정보근,95,0,2,0,0,3,5,19,27,39
KBO,2023,롯데,68525,한동희,345,0,36,21,15,56,92,84,34,7
KBO,2023,롯데,69453,이학주,121,0,3,3,2,3,5,16,44,45
KBO,2023,롯데,69508,신윤후,25,2,3,0,1,0,0,2,6,11
KBO,2023,롯데,69517,고승민,297,60,56,52,11,39,11,34,19,15
KBO,2023,롯데,76430,김상수,0,0,0,0,0,0,0,0,0,0
KBO,2023,롯데,78513,전준우,545,2,48,98,300,70,23,0,2,2
KBO,2023,롯데,79290,국해성,10,0,1,1,0,2,6,0,0,0
KBO,2023,롯데,79608,안치홍,474,0,68,147,123,111,17,4,0,4
KBO,2023,삼성,50458,김지찬,339,141,78,1,2,1,9,30,25,52
KBO,2023,삼성,51403,김동진,131,1,26,4,0,9,12,30,13,36
KBO,2023,삼성,51417,김현준,463,304,84,17,1,4,17,30,4,2
KBO,2023,삼성,51454,이승현,0,0,0,0,0,0,0,0,0,0
KBO,2023,삼성,51463,피렐라,599,18,77,197,120,151,36,0,0,0
KBO,2023,삼성,52402,김상민,13,0,0,0,0,2,0,0,3,8
KBO,2023,삼성,52405,조민성,29,1,0,1,0,0,0,5,12,10
KBO,2023,삼성,52415,이재현,510,32,67,9,0,24,84,98,98,98
KBO,2023,삼성,52430,김영웅,99,2,2,0,0,0,4,15,42,34
KBO,2023,삼성,52460,김서준,0,0,0,0,0,0,0,0,0,0
KBO,2023,삼성,53400,김재상,22,2,0,0,1,0,0,3,2,14
KBO,2023,삼성,53404,류승민,54,0,0,3,0,0,0,8,42,1
KBO,2023,삼성,53460,강준서,15,0,0,0,0,2,0,0,0,13
KBO,2023,삼성,60146,이승현,0,0,0,0,0,0,0,0,0,0
KBO,2023,삼성,61365,김대우,0,0,0,0,0,0,0,0,0,0
KBO,2023,삼성,61404,김헌곤,4,1,0,0,2,0,0,0,0,1
KBO,2023,삼성,62234,류지혁,254,60,18,0,0,51,60,47,11,7
KBO,2023,삼성,62360,김태훈,0,0,0,0,0,0,0,0,0,0
KBO,2023,삼성,62404,구자욱,506,75,29,374,21,0,5,0,2,0
KBO,2023,삼성,63492,이재익,0,0,0,0,0,0,0,0,0,0
KBO,2023,삼성,63960,이상민,1,0,0,0,0,0,0,0,0,1
KBO,2023,삼성,64407,김호재,122,5,9,0,0,4,4,13,26,61
KBO,2023,삼성,64469,송준석,8,0,0,0,0,0,3,0,4,1
KBO,2023,삼성,64610,강한울,232,9,38,0,4,27,64,37,29,24
KBO,2023,삼성,64793,김민수,1,0,0,0,1,0,0,0,0,0
KBO,2023,삼성,65040,김태훈,21,0,0,0,0,3,5,4,7,2
KBO,2023,삼성,65132,김재성,118,0,0,3,14,28,36,4,16,17
KBO,2023,삼성,66406,안주형,89,0,19,0,2,5,6,18,9,30
KBO,2023,삼성,66409,이성규,153,0,6,2,2,4,12,36,52,39
KBO,2023,삼성,66838,김동엽,178,1,17,5,8,36,71,23,10,7
KBO,2023,삼성,67449,김성윤,259,6,162,2,0,5,6,2,40,36
KBO,2023,삼성,68407,공민규,33,0,0,0,1,1,2,10,17,2
KBO,2023,삼성,68463,윤정빈,41,2,1,3,0,0,8,3,13,11
KBO,2023,삼성,68466,이태훈,14,0,1,0,0,0,3,6,4,0
KBO,2023,삼성,69416,이해승,4,0,0,0,0,0,1,1,0,2
KBO,2023,삼성,69428,이병헌,31,0,0,0,2,0,1,0,18,10
KBO,2023,삼성,69442,김도환,8,0,0,0,0,0,0,0,3,5
KBO,2023,삼성,74540,강민호,483,0,0,0,402,67,0,9,4,1
KBO,2023,삼성,75334,오재일,358,0,0,3,9,154,83,72,30,7
KBO,2023,삼성,75421,오승환,0,0,0,0,0,0,0,0,0,0
KBO,2023,삼성,75566,이원석,72,0,0,16,28,7,3,18,0,0
KBO,2023,삼성,78122,김태군,135,1,0,0,4,26,46,37,17,4
KBO,2023,키움,50167,이주형,219,5,0,88,0,57,45,24,0,0
KBO,2023,키움,50304,김병휘,21,0,1,0,1,0,0,0,2,17
KBO,2023,키움,50312,신준우,18,1,1,0,0,1,0,0,4,11
KBO,2023,키움,50350,러셀,237,0,0,6,206,23,0,0,0,2
KBO,2023,키움,50357,박주홍,54,2,1,1,1,10,7,21,6,5
KBO,2023,키움,50360,김동혁,0,0,0,0,0,0,0,0,0,0
KBO,2023,키움,51301,김성진,0,0,0,0,0,0,0,0,0,0
KBO,2023,키움,51303,김시앙,79,0,0,0,0,0,4,0,17,58
KBO,2023,키움,51344,김휘집,417,5,14,0,95,48,72,41,134,8
KBO,2023,키움,51393,김준형,0,0,0,0,0,0,0,0,0,0
KBO,2023,키움,52305,박수종,48,23,0,1,0,0,7,6,8,3
KBO,2023,키움,52348,박찬혁,164,1,42,0,0,24,31,48,15,3
KBO,2023,키움,52397,이명종,0,0,0,0,0,0,0,0,0,0
KBO,2023,키움,53302,이승원,5,0,0,0,1,0,0,0,3,1
KBO,2023,키움,53303,송재선,3,0,0,1,0,0,0,0,0,2
KBO,2023,키움,53312,김건희,13,0,0,0,0,0,4,4,3,2
KBO,2023,키움,53327,도슨,247,9,60,155,8,15,0,0,0,0
KBO,2023,키움,53344,김동헌,228,0,4,0,0,0,25,44,39,116
KBO,2023,키움,53375,후라도,0,0,0,0,0,0,0,0,0,0
KBO,2023,키움,60336,문성현,0,0,0,0,0,0,0,0,0,0
KBO,2023,키움,61268,양현,0,0,0,0,0,0,0,0,0,0
KBO,2023,키움,62332,김재현,9,1,0,0,0,1,0,0,7,0
KBO,2023,키움,63920,김준완,215,173,2,0,0,1,1,0,8,30
KBO,2023,키움,64340,임지열,240,15,29,1,28,43,57,41,7,19
KBO,2023,키움,64346,임병욱,218,9,1,6,3,49,10,91,38,11
KBO,2023,키움,64350,하영민,0,0,0,0,0,0,0,0,0,0
KBO,2023,키움,64657,박준태,15,0,0,1,0,0,0,8,6,0
KBO,2023,키움,64984,김태진,205,25,4,5,7,16,39,38,15,56
KBO,2023,키움,65357,송성문,427,35,4,1,96,133,78,56,9,15
KBO,2023,키움,65586,전병우,72,1,0,0,2,0,2,16,40,11
KBO,2023,키움,65898,김웅빈,70,2,4,4,19,20,11,3,3,4
KBO,2023,키움,66018,김선기,0,0,0,0,0,0,0,0,0,0
KBO,2023,키움,67304,김혜성,613,101,389,84,17,22,0,0,0,0
KBO,2023,키움,67341,이정후,379,93,0,285,0,0,0,1,0,0
KBO,2023,키움,67363,이병규,17,0,0,0,0,2,5,6,3,1
KBO,2023,키움,67391,김재웅,0,0,0,0,0,0,0,0,0,0
KBO,2023,키움,68330,예진원,34,0,1,2,0,0,6,11,4,10
KBO,2023,키움,68346,김수환,108,3,0,0,4,0,7,18,59,17
KBO,2023,키움,69306,김주형,77,0,1,1,2,1,5,3,32,32
KBO,2023,키움,69332,주성원,70,8,0,0,0,0,27,28,6,1
KBO,2023,키움,69399,윤정현,0,0,0,0,0,0,0,0,0,0
KBO,2023,키움,74163,이용규,173,125,9,0,0,1,0,9,11,18
KBO,2023,키움,75566,이원석,267,2,25,4,85,94,39,13,0,5
KBO,2023,키움,76118,원종현,0,0,0,0,0,0,0,0,0,0
KBO,2023,키움,78135,이형종,355,43,75,0,57,52,77,17,11,23
KBO,2023,키움,78352,임창민,0,0,0,0,0,0,0,0,0,0
KBO,2023,키움,79456,이지영,229,0,1,0,0,6,38,45,72,67
KBO,2023,한화,50705,강재민,0,0,0,0,0,0,0,0,0,0
KBO,2023,한화,50707,최인호,141,44,21,0,0,27,35,4,8,2
KBO,2023,한화,50709,박정현,108,5,2,1,1,2,10,22,18,47
KBO,2023,한화,51706,장지승,3,0,0,0,1,0,1,0,0,1
KBO,2023,한화,52704,이상혁,2,0,0,0,0,0,0,0,0,2
KBO,2023,한화,52705,유상빈,7,0,0,0,0,0,3,0,3,1
KBO,2023,한화,52731,박준영,0,0,0,0,0,0,0,0,0,0
KBO,2023,한화,52769,권광민,79,2,5,7,3,10,10,21,18,3
KBO,2023,한화,53712,오그레디,85,0,0,0,5,47,15,18,0,0
KBO,2023,한화,53716,윌리엄스,266,0,73,4,97,3,27,51,11,0
KBO,2023,한화,53754,김서현,0,0,0,0,0,0,0,0,0,0
KBO,2023,한화,53764,문현빈,461,131,64,0,0,62,57,54,49,44
KBO,2023,한화,53795,이민준,2,0,0,0,0,0,0,0,1,1
KBO,2023,한화,60768,이태양,0,0,0,0,0,0,0,0,0,0
KBO,2023,한화,62700,하주석,37,6,0,2,0,0,9,1,4,15
KBO,2023,한화,63464,윤대경,0,0,0,0,0,0,0,0,0,0
KBO,2023,한화,63700,장운호,11,0,0,0,0,0,1,10,0,0
KBO,2023,한화,63704,노수광,90,64,8,0,0,1,0,7,3,7
KBO,2023,한화,64266,이성곤,15,0,0,0,4,5,0,0,4,2
KBO,2023,한화,65703,이도윤,327,0,23,0,2,0,5,6,80,211
KBO,2023,한화,66657,이진영,411,192,29,1,0,39,55,48,20,27
KBO,2023,한화,66704,김태연,272,6,63,14,6,109,51,18,3,2
KBO,2023,한화,66706,장진혁,177,6,1,0,0,8,32,87,19,24
KBO,2023,한화,66707,박상언,155,1,1,0,3,9,17,11,93,20
KBO,2023,한화,66715,김인환,360,0,95,0,60,125,34,33,8,5
KBO,2023,한화,67703,박상원,0,0,0,0,0,0,0,0,0,0
KBO,2023,한화,67993,이재용,2,0,0,0,0,0,1,0,0,1
KBO,2023,한화,68700,이원석,137,69,18,1,1,1,7,7,1,32
KBO,2023,한화,68743,정은원,450,119,199,0,0,17,29,40,30,16
KBO,2023,한화,69702,김건,12,0,0,0,0,0,0,5,7,0
KBO,2023,한화,69706,허관회,7,1,0,0,0,1,2,1,1,1
KBO,2023,한화,69737,노시환,588,0,17,500,37,34,0,0,0,0
KBO,2023,한화,69766,유로결,49,2,2,0,0,0,4,12,19,10
KBO,2023,한화,74857,정우람,0,0,0,0,0,0,0,0,0,0
KBO,2023,한화,76849,이명기,42,15,0,0,1,12,11,2,1,0
KBO,2023,한화,78288,최재훈,383,1,0,0,0,52,137,72,108,13
KBO,2023,한화,78756,오선진,189,0,39,0,0,0,23,42,46,39
KBO,2023,한화,79192,채은성,573,0,0,120,401,44,7,0,0,1
KBO,2024,KIA,50600,홍종표,111,8,12,6,0,2,13,5,15,50
KBO,2024,KIA,50657,박민,30,3,0,0,0,1,1,0,3,22
KBO,2024,KIA,50662,정해영,0,0,0,0,0,0,0,0,0,0
KBO,2024,KIA,52605,김도영,610,70,162,373,0,0,0,4,1,0
KBO,2024,KIA,52630,소크라테,593,86,105,58,45,176,102,19,2,0
KBO,2024,KIA,52639,최지민,0,0,0,0,0,0,0,0,0,0
KBO,2024,KIA,52641,황동하,0,0,0,0,0,0,0,0,0,0
KBO,2024,KIA,52667,윤도현,27,0,19,8,0,0,0,0,0,0
KBO,2024,KIA,53609,곽도규,0,0,0,0,0,0,0,0,0,0
KBO,2024,KIA,54614,김두현,5,0,0,1,0,0,0,0,0,4
KBO,2024,KIA,54645,김민주,0,0,0,0,0,0,0,0,0,0
KBO,2024,KIA,61353,고종욱,36,1,6,1,4,5,2,7,4,6
KBO,2024,KIA,62947,나성범,412,0,1,122,82,196,10,0,0,1
KBO,2024,KIA,62951,이형범,0,0,0,0,0,0,0,0,0,0
KBO,2024,KIA,63260,이우성,443,0,0,46,18,167,157,55,0,0
KBO,2024,KIA,63722,한승택,15,0,0,0,0,1,0,0,12,2
KBO,2024,KIA,63894,김사윤,0,0,0,0,0,0,0,0,0,0
KBO,2024,KIA,64560,이창진,236,32,68,5,7,16,18,43,1,46
KBO,2024,KIA,64646,박찬호,563,368,30,16,2,0,4,4,3,136
KBO,2024,KIA,65464,최정용,12,0,0,1,0,2,0,4,4,1
KBO,2024,KIA,65610,황대인,7,0,0,0,0,0,0,6,1,0
KBO,2024,KIA,65653,김호령,67,2,10,5,1,7,3,18,0,21
KBO,2024,KIA,66492,김승현,0,0,0,0,0,0,0,0,0,0
KBO,2024,KIA,66606,최원준,488,17,169,0,1,6,16,92,0,187
KBO,2024,KIA,66609,전상현,0,0,0,0,0,0,0,0,0,0
KBO,2024,KIA,66614,김규성,14,3,0,3,0,1,0,4,1,2
KBO,2024,KIA,67609,박정우,69,4,4,0,10,10,5,0,0,36
KBO,2024,KIA,68646,한준수,308,1,3,0,5,3,8,33,249,6
KBO,2024,KIA,69636,오선우,7,0,0,0,0,0,7,0,0,0
KBO,2024,KIA,69727,변우혁,184,1,2,8,5,1,13,122,28,4
KBO,2024,KIA,72443,최형우,477,0,1,0,462,9,1,1,3,0
KBO,2024,KIA,78122,김태군,247,0,0,0,3,0,1,1,234,8
KBO,2024,KIA,78168,서건창,239,81,12,4,4,3,10,92,12,21
KBO,2024,KIA,78603,김선빈,453,10,63,10,0,31,241,92,0,6
KBO,2024,KT,50054,천성호,252,126,74,0,2,5,14,9,16,6
KBO,2024,KT,50066,강현우,34,0,0,7,2,7,0,15,3,0
KBO,2024,KT,50092,윤준혁,18,0,0,0,0,0,4,3,3,8
KBO,2024,KT,50109,성재헌,0,0,0,0,0,0,0,0,0,0
KBO,2024,KT,51003,권동진,10,0,0,4,0,0,0,0,2,4
KBO,2024,KT,51005,김건형,25,1,0,0,0,0,0,5,19,0
KBO,2024,KT,51097,김영현,0,0,0,0,0,0,0,0,0,0
KBO,2024,KT,52001,안현민,27,0,4,1,4,4,7,0,6,1
KBO,2024,KT,52002,김병준,16,1,0,0,0,0,0,1,10,4
KBO,2024,KT,52060,박영현,0,0,0,0,0,0,0,0,0,0
KBO,2024,KT,53006,강건,0,0,0,0,0,0,0,0,0,0
KBO,2024,KT,53058,정준영,70,3,7,1,0,0,0,7,15,37
KBO,2024,KT,60559,박시영,0,0,0,0,0,0,0,0,0,0
KBO,2024,KT,62556,신본기,138,2,8,0,1,3,3,7,48,66
KBO,2024,KT,62558,김준태,30,0,0,2,2,6,1,5,13,1
KBO,2024,KT,64004,김민혁,386,45,145,7,2,68,56,34,19,10
KBO,2024,KT,64006,심우준,186,0,0,0,0,0,0,0,56,130
KBO,2024,KT,64007,문상철,392,3,5,53,198,85,14,13,12,9
KBO,2024,KT,64012,송민섭,17,8,3,0,0,0,0,3,3,0
KBO,2024,KT,64115,장준원,18,0,0,0,1,0,0,0,9,8
KBO,2024,KT,64166,배정대,454,75,31,9,0,38,87,127,70,17
KBO,2024,KT,64504,오윤석,192,5,9,0,7,0,19,81,67,4
KBO,2024,KT,64868,조용호,162,3,7,0,1,4,14,48,73,12
KBO,2024,KT,65060,주권,0,0,0,0,0,0,0,0,0,0
KBO,2024,KT,66047,박세진,0,0,0,0,0,0,0,0,0,0
KBO,2024,KT,67005,홍현빈,21,2,1,0,0,0,2,0,3,13
KBO,2024,KT,67006,안치영,46,1,0,1,0,2,1,10,24,7
KBO,2024,KT,67025,로하스,660,420,68,151,19,0,0,0,2,0
KBO,2024,KT,68043,김민,0,0,0,0,0,0,0,0,0,0
KBO,2024,KT,68050,강백호,609,0,228,208,47,80,32,4,5,5
KBO,2024,KT,68089,조대현,39,0,0,6,2,2,0,0,17,12
KBO,2024,KT,68504,이호연,42,4,0,0,1,1,12,13,9,2
KBO,2024,KT,69041,손동현,0,0,0,0,0,0,0,0,0,0
KBO,2024,KT,69056,박민석,14,0,0,0,0,0,3,5,3,3
KBO,2024,KT,69064,강민성,1,0,0,0,1,0,0,0,0,0
KBO,2024,KT,69068,이선우,0,0,0,0,0,0,0,0,0,0
KBO,2024,KT,73113,박경수,3,0,1,1,1,0,0,0,0,0
KBO,2024,KT,73117,우규민,0,0,0,0,0,0,0,0,0,0
KBO,2024,KT,75125,박병호,117,0,2,1,35,37,30,2,8,2
KBO,2024,KT,75334,오재일,262,0,0,4,151,61,27,6,9,4
KBO,2024,KT,76313,황재균,527,0,43,9,36,79,245,91,19,5
KBO,2024,KT,78548,장성우,478,0,2,162,131,114,10,41,9,9
KBO,2024,KT,79402,김상수,406,0,40,37,0,34,31,61,30,173
KBO,2024,LG,50106,유영찬,0,0,0,0,0,0,0,0,0,0
KBO,2024,LG,50108,함창건,16,0,0,0,0,2,3,2,0,9
KBO,2024,LG,50115,김태우,3,0,0,0,1,0,0,0,0,2
KBO,2024,LG,50150,손호영,2,2,0,0,0,0,0,0,0,0
KBO,2024,LG,50904,이종준,0,0,0,0,0,0,0,0,0,0
KBO,2024,LG,51100,이영빈,67,4,7,4,0,2,1,26,1,22
KBO,2024,LG,52103,최원영,38,8,5,2,1,5,0,0,13,4
KBO,2024,LG,52105,김성우,5,0,0,0,0,0,0,1,3,1
KBO,2024,LG,52154,이주헌,6,0,0,0,0,0,0,2,4,0
KBO,2024,LG,53123,오스틴,588,0,4,220,359,1,0,3,0,1
KBO,2024,LG,53139,박명근,0,0,0,0,0,0,0,0,0,0
KBO,2024,LG,53144,김범석,176,0,2,30,3,39,55,17,8,22
KBO,2024,LG,54112,최명경,3,0,0,0,0,0,3,0,0,0
KBO,2024,LG,54148,진우영,0,0,0,0,0,0,0,0,0,0
KBO,2024,LG,54164,김대원,4,1,1,0,0,0,0,1,0,1
KBO,2024,LG,54166,김현종,15,2,3,1,0,2,2,2,2,1
KBO,2024,LG,62415,박해민,528,91,101,7,0,1,9,61,230,28
KBO,2024,LG,63248,함덕주,0,0,0,0,0,0,0,0,0,0
KBO,2024,LG,64596,김유영,0,0,0,0,0,0,0,0,0,0
KBO,2024,LG,65109,백승현,1,0,0,1,0,0,0,0,0,0
KBO,2024,LG,65115,안익훈,53,1,17,3,0,2,4,7,5,14
KBO,2024,LG,65207,신민재,451,0,146,1,1,1,7,15,25,255
KBO,2024,LG,65905,최승민,15,2,4,1,0,3,0,0,2,3
KBO,2024,LG,66108,홍창기,620,552,54,1,0,0,10,3,0,0
KBO,2024,LG,66145,김대현,0,0,0,0,0,0,0,0,0,0
KBO,2024,LG,66162,김주성,9,0,0,1,1,0,0,5,0,2
KBO,2024,LG,67123,전준호,1,0,0,0,0,0,0,0,1,0
KBO,2024,LG,67504,김민수,21,0,1,1,2,1,6,0,6,4
KBO,2024,LG,68110,송찬의,18,1,0,3,1,0,0,0,4,9
KBO,2024,LG,68119,문성주,354,4,208,16,4,19,12,17,71,3
KBO,2024,LG,68130,김영준,0,0,0,0,0,0,0,0,0,0
KBO,2024,LG,69100,구본혁,377,2,4,0,3,6,32,143,92,95
KBO,2024,LG,69102,문보경,584,0,0,19,253,177,114,9,8,4
KBO,2024,LG,69105,김성진,16,2,1,3,0,3,2,3,0,2
KBO,2024,LG,69108,이지강,0,0,0,0,0,0,0,0,0,0
KBO,2024,LG,69113,임준형,0,0,0,0,0,0,0,0,0,0
KBO,2024,LG,69159,정우영,1,0,0,0,0,0,0,0,0,1
KBO,2024,LG,75867,김진성,0,0,0,0,0,0,0,0,0,0
KBO,2024,LG,76290,김현수,564,0,62,337,4,59,75,22,2,3
KBO,2024,LG,77243,허도환,89,0,0,1,1,9,7,4,32,35
KBO,2024,LG,79109,오지환,421,0,31,0,1,146,138,90,14,1
KBO,2024,LG,79140,최동환,0,0,0,0,0,0,0,0,0,0
KBO,2024,LG,79365,박동원,489,0,5,8,0,143,124,157,39,13
KBO,2024,NC,50902,김한별,46,3,2,1,0,0,2,4,0,34
KBO,2024,NC,50903,한재환,9,0,0,0,1,1,0,2,4,1
KBO,2024,NC,50906,박영빈,7,0,3,0,4,0,0,0,0,0
KBO,2024,NC,50996,박시원,155,13,38,0,2,4,21,52,9,16
KBO,2024,NC,51344,김휘집,351,1,10,0,36,190,69,28,4,13
KBO,2024,NC,51907,김주원,436,6,75,0,0,4,0,46,47,258
KBO,2024,NC,51994,한재승,0,0,0,0,0,0,0,0,0,0
KBO,2024,NC,53991,신용석,2,1,0,0,0,0,0,0,1,0
KBO,2024,NC,53992,박한결,71,2,6,5,0,18,21,14,5,0
KBO,2024,NC,54905,김세훈,5,0,0,0,0,0,0,2,1,2
KBO,2024,NC,54944,데이비슨,543,0,0,150,388,5,0,0,0,0
KBO,2024,NC,62244,박세혁,162,0,1,1,0,3,9,63,79,6
KBO,2024,NC,62907,박민우,511,475,2,24,2,1,0,3,0,4
KBO,2024,NC,62934,김성욱,389,14,4,10,2,25,196,88,22,28
KBO,2024,NC,63963,권희동,493,0,135,18,169,165,4,0,0,2
KBO,2024,NC,64022,안중열,24,1,0,0,0,0,0,5,11,7
KBO,2024,NC,64101,한석현,75,9,3,8,1,7,4,20,0,23
KBO,2024,NC,64580,김재열,0,0,0,0,0,0,0,0,0,0
KBO,2024,NC,65949,류진욱,0,0,0,0,0,0,0,0,0,0
KBO,2024,NC,66965,도태훈,169,10,15,11,13,5,20,32,19,44
KBO,2024,NC,67900,김수윤,10,0,1,1,0,0,0,0,6,2
KBO,2024,NC,67905,천재환,228,1,11,26,4,23,68,45,31,19
KBO,2024,NC,68900,김영규,0,0,0,0,0,0,0,0,0,0
KBO,2024,NC,68904,오영수,32,0,0,1,4,4,4,1,16,2
KBO,2024,NC,68912,김형준,399,0,0,0,0,0,5,90,301,3
KBO,2024,NC,69203,송승환,5,0,0,0,0,0,0,2,0,3
KBO,2024,NC,69962,송명기,0,0,0,0,0,0,0,0,0,0
KBO,2024,NC,69980,김범준,5,2,0,0,1,0,1,1,0,0
KBO,2024,NC,69992,최정원,148,53,52,5,4,3,1,6,1,23
KBO,2024,NC,69995,서호철,542,27,181,15,2,17,170,83,5,42
KBO,2024,NC,77532,손아섭,349,60,116,123,2,43,3,0,1,1
KBO,2024,NC,79215,박건우,356,0,0,256,0,98,0,0,2,0
KBO,2024,SSG,50820,전의산,62,1,2,0,0,6,8,21,15,9
KBO,2024,SSG,50840,현원회,1,0,0,1,0,0,0,0,0,0
KBO,2024,SSG,50854,최지훈,533,476,21,0,0,0,1,4,11,20
KBO,2024,SSG,50868,류효승,2,0,0,0,0,2,0,0,0,0
KBO,2024,SSG,51817,추신수,290,44,204,7,1,17,10,1,2,4
KBO,2024,SSG,51865,조형우,34,0,0,0,0,0,3,2,5,24
KBO,2024,SSG,51868,고명준,365,0,1,0,0,70,51,159,66,18
KBO,2024,SSG,51897,조병현,0,0,0,0,0,0,0,0,0,0
KBO,2024,SSG,53827,에레디아,569,9,25,41,442,51,0,1,0,0
KBO,2024,SSG,53892,이로운,0,0,0,0,0,0,0,0,0,0
KBO,2024,SSG,54805,박지환,240,51,30,10,0,0,9,21,28,91
KBO,2024,SSG,54812,정준재,234,14,97,9,0,3,3,11,37,60
KBO,2024,SSG,54815,정현승,31,0,1,1,2,0,1,4,8,14
KBO,2024,SSG,60558,오태곤,278,5,25,3,1,16,62,58,43,65
KBO,2024,SSG,62864,김민식,122,0,0,0,0,1,28,34,57,2
KBO,2024,SSG,62869,문승원,1,0,0,0,0,1,0,0,0,0
KBO,2024,SSG,62895,한유섬,510,0,1,1,134,324,21,21,4,4
KBO,2024,SSG,62925,강진성,30,2,1,0,2,1,13,6,1,4
KBO,2024,SSG,64893,박민호,0,0,0,0,0,0,0,0,0,0
KBO,2024,SSG,65157,최민창,3,1,0,0,0,0,1,0,1,0
KBO,2024,SSG,66662,신범수,28,1,7,0,0,0,1,7,7,5
KBO,2024,SSG,66864,안상현,74,0,0,4,1,0,0,6,10,53
KBO,2024,SSG,66917,김찬형,9,0,2,1,0,0,0,0,3,3
KBO,2024,SSG,67893,박성한,553,66,180,18,0,24,189,48,11,17
KBO,2024,SSG,68092,한두솔,0,0,0,0,0,0,0,0,0,0
KBO,2024,SSG,68805,최상민,12,1,0,0,1,3,0,1,1,5
KBO,2024,SSG,68868,최준우,34,1,5,0,0,0,2,1,6,19
KBO,2024,SSG,69802,최경모,43,1,5,4,0,0,0,1,1,31
KBO,2024,SSG,69804,채현우,0,0,0,0,0,0,0,0,0,0
KBO,2024,SSG,69813,하재훈,308,8,6,0,36,62,46,54,70,26
KBO,2024,SSG,69825,김창평,9,0,1,0,0,1,0,4,3,0
KBO,2024,SSG,75847,최정,523,0,0,522,0,0,0,0,0,1
KBO,2024,SSG,76802,김성현,157,1,39,5,0,0,12,19,33,48
KBO,2024,SSG,79456,이지영,416,0,0,1,0,29,135,98,139,14
KBO,2024,두산,50203,권휘,1,0,0,0,0,0,0,1,0,0
KBO,2024,두산,50208,오명진,2,0,0,0,2,0,0,0,0,0
KBO,2024,두산,50244,장규빈,4,0,0,0,2,0,2,0,0,0
KBO,2024,두산,50293,양찬열,12,0,1,0,0,1,0,0,8,2
KBO,2024,두산,51230,김동주,0,0,0,0,0,0,0,0,0,0
KBO,2024,두산,51264,최승용,0,0,0,0,0,0,0,0,0,0
KBO,2024,두산,52025,라모스,338,81,32,81,0,0,69,75,0,0
KBO,2024,두산,52204,이병헌,0,0,0,0,0,0,0,0,0,0
KBO,2024,두산,52206,최지강,0,0,0,0,0,0,0,0,0,0
KBO,2024,두산,53204,박민준,5,1,0,0,1,0,0,0,3,0
KBO,2024,두산,53296,윤준호,4,0,0,0,1,0,0,2,1,0
KBO,2024,두산,54205,여동건,11,5,0,0,1,0,2,0,3,0
KBO,2024,두산,54214,전다민,34,4,2,1,1,1,0,1,5,19
KBO,2024,두산,54219,류현준,3,0,0,0,0,1,0,0,2,0
KBO,2024,두산,54236,임종성,4,0,0,0,0,0,0,4,0,0
KBO,2024,두산,54263,김택연,0,0,0,0,0,0,0,0,0,0
KBO,2024,두산,54295,제러드,165,3,24,116,0,0,22,0,0,0
KBO,2024,두산,61643,홍건희,0,0,0,0,0,0,0,0,0,0
KBO,2024,두산,63123,강승호,553,0,27,128,4,75,211,101,6,1
KBO,2024,두산,63202,장승현,22,0,0,0,0,0,0,0,22,0
KBO,2024,두산,63257,김인태,25,0,0,0,0,0,0,15,4,6
KBO,2024,두산,64011,안승한,5,0,0,1,1,0,0,0,3,0
KBO,2024,두산,64153,양석환,582,1,0,0,85,402,93,1,0,0
KBO,2024,두산,64468,박계범,20,0,3,0,0,0,0,0,6,11
KBO,2024,두산,65269,김민혁,8,0,0,1,1,0,0,4,1,1
KBO,2024,두산,65639,박정수,0,0,0,0,0,0,0,0,0,0
KBO,2024,두산,66112,김기연,274,1,1,11,5,0,37,90,126,3
KBO,2024,두산,66203,서예일,20,0,4,1,0,0,0,2,12,1
KBO,2024,두산,66209,조수행,361,8,23,5,3,3,1,4,13,301
KBO,2024,두산,66233,홍성호,15,2,1,0,1,2,0,3,3,3
KBO,2024,두산,66291,이영하,0,0,0,0,0,0,0,0,0,0
KBO,2024,두산,66928,박준영,207,1,4,1,0,5,17,74,60,45
KBO,2024,두산,67207,이유찬,253,28,67,0,0,4,2,5,88,59
KBO,2024,두산,67246,김명신,0,0,0,0,0,0,0,0,0,0
KBO,2024,두산,67266,박치국,0,0,0,0,0,0,0,0,0,0
KBO,2024,두산,68200,김민규,0,0,0,0,0,0,0,0,0,0
KBO,2024,두산,68205,전민재,265,6,37,0,0,1,4,101,83,33
KBO,2024,두산,68242,정철원,0,0,0,0,0,0,0,0,0,0
KBO,2024,두산,68269,김호준,0,0,0,0,0,0,0,0,0,0
KBO,2024,두산,69205,이교훈,0,0,0,0,0,0,0,0,0,0
KBO,2024,두산,69207,김태근,23,8,0,2,0,2,2,0,3,6
KBO,2024,두산,69238,김대한,83,9,1,3,4,0,2,7,33,24
KBO,2024,두산,74206,김재호,145,0,31,1,0,1,2,25,76,9
KBO,2024,두산,76232,양의지,470,1,3,262,201,0,1,1,0,1
KBO,2024,두산,77263,김강률,0,0,0,0,0,0,0,0,0,0
KBO,2024,두산,78224,김재환,537,0,2,0,313,123,95,3,0,1
KBO,2024,두산,79231,정수빈,581,515,40,0,2,0,1,1,4,18
KBO,2024,두산,79240,허경민,453,0,329,31,0,0,30,61,0,2
KBO,2024,롯데,50150,손호영,413,0,4,195,31,92,72,12,7,0
KBO,2024,롯데,50500,황성빈,397,315,32,3,4,1,4,1,5,32
KBO,2024,롯데,50608,이인한,4,0,0,0,0,0,0,1,0,3
KBO,2024,롯데,51528,손성빈,165,0,1,0,0,3,3,1,46,111
KBO,2024,롯데,51551,나승엽,476,0,11,19,0,193,210,38,3,2
KBO,2024,롯데,51560,이주찬,25,3,0,0,0,0,7,0,9,6
KBO,2024,롯데,52504,김동혁,17,4,1,1,7,1,0,2,0,1
KBO,2024,롯데,52591,윤동희,599,299,136,4,0,12,41,107,0,0
KBO,2024,롯데,53554,김민석,78,16,17,1,2,2,4,14,4,18
KBO,2024,롯데,53568,정대선,2,0,0,0,0,0,0,0,0,2
KBO,2024,롯데,53569,서동욱,26,0,0,1,1,0,0,1,3,20
KBO,2024,롯데,54506,강승구,2,0,0,0,0,0,0,1,0,1
KBO,2024,롯데,54507,백두산,1,0,0,0,0,0,0,0,0,1
KBO,2024,롯데,54529,레이예스,620,5,32,172,411,0,0,0,0,0
KBO,2024,롯데,54567,강성우,2,0,0,0,1,0,0,1,0,0
KBO,2024,롯데,54595,이선우,0,0,0,0,0,0,0,0,0,0
KBO,2024,롯데,54598,이호준,7,0,1,3,0,0,0,0,3,0
KBO,2024,롯데,60523,정훈,320,5,52,1,1,74,64,98,8,17
KBO,2024,롯데,61102,유강남,145,0,0,0,0,10,20,26,72,17
KBO,2024,롯데,62528,김원중,0,0,0,0,0,0,0,0,0,0
KBO,2024,롯데,62802,박승욱,452,1,9,1,0,3,26,86,237,89
KBO,2024,롯데,62884,최항,142,4,6,2,0,8,11,56,32,23
KBO,2024,롯데,62931,노진혁,152,0,1,4,1,36,16,30,43,21
KBO,2024,롯데,65514,강태율,10,0,0,0,0,0,0,0,0,10
KBO,2024,롯데,65522,김강현,0,0,0,0,0,0,0,0,0,0
KBO,2024,롯데,67644,이정훈,113,2,1,6,1,15,34,16,6,32
KBO,2024,롯데,68260,현도훈,0,0,0,0,0,0,0,0,0,0
KBO,2024,롯데,68362,추재현,0,0,0,0,0,0,0,0,0,0
KBO,2024,롯데,68507,장두성,35,15,2,1,3,0,4,3,0,7
KBO,2024,롯데,68518,정보근,136,1,2,0,0,1,1,5,56,70
KBO,2024,롯데,68525,한동희,36,0,0,0,4,8,4,16,2,2
KBO,2024,롯데,69453,이학주,101,0,4,0,0,0,18,14,0,65
KBO,2024,롯데,69508,신윤후,32,4,2,1,1,0,0,7,13,4
KBO,2024,롯데,69517,고승민,522,0,345,133,0,4,11,22,7,0
KBO,2024,롯데,76430,김상수,0,0,0,0,0,0,0,0,0,0
KBO,2024,롯데,77564,김민성,80,1,2,0,0,10,22,28,13,4
KBO,2024,롯데,78513,전준우,472,0,4,98,172,155,34,9,0,0
KBO,2024,롯데,78756,오선진,22,0,0,0,2,1,3,2,9,5
KBO,2024,삼성,50458,김지찬,513,449,22,0,0,4,0,1,12,25
KBO,2024,삼성,51403,김동진,40,1,1,1,0,0,1,4,9,23
KBO,2024,삼성,51407,이창용,21,0,0,0,8,0,0,0,11,2
KBO,2024,삼성,51417,김현준,194,44,24,1,1,1,9,23,49,42
KBO,2024,삼성,52415,이재현,447,13,231,29,0,38,57,48,16,15
KBO,2024,삼성,52424,김재혁,52,5,4,6,1,20,5,2,4,5
KBO,2024,삼성,52430,김영웅,501,0,6,9,84,186,126,46,12,32
KBO,2024,삼성,53400,김재상,89,0,6,1,0,4,5,10,29,34
KBO,2024,삼성,53404,류승민,3,0,0,2,0,0,1,0,0,0
KBO,2024,삼성,54400,디아즈,116,0,1,3,70,30,8,4,0,0
KBO,2024,삼성,54404,육선엽,0,0,0,0,0,0,0,0,0,0
KBO,2024,삼성,54408,양도근,28,0,0,0,0,1,0,3,0,24
KBO,2024,삼성,54424,맥키넌,311,0,43,69,172,20,3,4,0,0
KBO,2024,삼성,54444,카데나스,25,0,0,14,10,0,0,0,0,1
KBO,2024,삼성,54460,김호진,30,2,0,1,0,2,2,1,6,16
KBO,2024,삼성,61365,김대우,0,0,0,0,0,0,0,0,0,0
KBO,2024,삼성,61404,김헌곤,303,48,125,3,1,1,17,43,36,29
KBO,2024,삼성,62234,류지혁,335,12,26,0,0,66,53,83,55,40
KBO,2024,삼성,62360,김태훈,0,0,0,0,0,0,0,0,0,0
KBO,2024,삼성,62404,구자욱,548,34,45,463,4,1,0,0,1,0
KBO,2024,삼성,63960,이상민,0,0,0,0,0,0,0,0,0,0
KBO,2024,삼성,64610,강한울,21,0,1,0,2,1,3,5,6,3
KBO,2024,삼성,64793,김민수,8,1,0,0,1,0,1,0,5,0
KBO,2024,삼성,65040,김태훈,20,5,6,3,1,1,0,2,0,2
KBO,2024,삼성,65062,김재윤,0,0,0,0,0,0,0,0,0,0
KBO,2024,삼성,65132,김재성,23,0,0,0,5,3,5,1,9,0
KBO,2024,삼성,65586,전병우,125,0,0,3,1,4,14,22,50,31
KBO,2024,삼성,66406,안주형,153,4,8,2,1,3,4,17,30,84
KBO,2024,삼성,66409,이성규,333,21,29,12,1,45,68,92,36,29
KBO,2024,삼성,66838,김동엽,19,0,1,0,5,0,7,4,1,1
KBO,2024,삼성,67421,최지광,0,0,0,0,0,0,0,0,0,0
KBO,2024,삼성,67449,김성윤,83,19,28,1,0,0,0,6,3,26
KBO,2024,삼성,68407,공민규,15,0,0,0,2,0,0,6,6,1
KBO,2024,삼성,68463,윤정빈,183,5,50,8,2,1,37,33,34,13
KBO,2024,삼성,69403,양우현,14,0,0,0,0,0,0,0,5,9
KBO,2024,삼성,69428,이병헌,162,0,0,0,6,3,8,14,88,43
KBO,2024,삼성,69442,김도환,3,0,0,0,0,0,0,0,3,0
KBO,2024,삼성,74540,강민호,438,3,5,8,155,90,87,40,40,10
KBO,2024,삼성,75125,박병호,280,1,1,1,101,73,51,48,1,3
KBO,2024,삼성,75334,오재일,70,0,1,0,2,21,27,12,7,0
KBO,2024,삼성,75421,오승환,0,0,0,0,0,0,0,0,0,0
KBO,2024,키움,50167,이주형,522,359,75,0,88,0,0,0,0,0
KBO,2024,키움,50304,김병휘,65,18,0,0,0,0,0,21,21,5
KBO,2024,키움,50312,신준우,0,0,0,0,0,0,0,0,0,0
KBO,2024,키움,50357,박주홍,59,0,0,1,1,0,5,5,20,27
KBO,2024,키움,50393,김동욱,0,0,0,0,0,0,0,0,0,0
KBO,2024,키움,51303,김시앙,7,0,0,0,0,0,0,0,6,1
KBO,2024,키움,51344,김휘집,189,0,0,8,0,38,38,62,9,34
KBO,2024,키움,51359,장재영,136,19,0,0,0,2,22,21,13,59
KBO,2024,키움,52305,박수종,142,34,4,0,0,1,1,8,18,76
KBO,2024,키움,52330,주승우,0,0,0,0,0,0,0,0,0,0
KBO,2024,키움,53302,이승원,39,0,0,1,0,0,3,4,28,3
KBO,2024,키움,53305,박성빈,10,0,0,0,0,0,0,1,9,0
KBO,2024,키움,53312,김건희,279,0,0,8,23,50,63,63,42,30
KBO,2024,키움,53327,도슨,421,0,418,0,1,2,0,0,0,0
KBO,2024,키움,53344,김동헌,6,0,0,0,0,0,6,0,0,0
KBO,2024,키움,54304,박범준,0,0,0,0,0,0,0,0,0,0
KBO,2024,키움,54305,이재상,86,0,0,0,0,1,0,2,38,45
KBO,2024,키움,54306,심휘윤,0,0,0,0,0,0,0,0,0,0
KBO,2024,키움,54307,원성준,122,0,0,0,0,6,53,30,17,16
KBO,2024,키움,54319,김윤하,0,0,0,0,0,0,0,0,0,0
KBO,2024,키움,54344,고영우,282,29,12,4,3,68,85,40,3,38
KBO,2024,키움,54368,김연주,0,0,0,0,0,0,0,0,0,0
KBO,2024,키움,54394,송지후,1,0,0,1,0,0,0,0,0,0
KBO,2024,키움,60336,문성현,0,0,0,0,0,0,0,0,0,0
KBO,2024,키움,62332,김재현,302,3,0,1,0,1,6,91,150,50
KBO,2024,키움,64340,임지열,56,2,0,4,0,7,6,8,8,21
KBO,2024,키움,64346,임병욱,91,1,9,0,0,6,12,29,15,19
KBO,2024,키움,64984,김태진,196,38,3,0,1,4,10,24,90,26
KBO,2024,키움,65357,송성문,591,31,19,289,146,20,37,23,25,1
KBO,2024,키움,65898,김웅빈,36,0,0,0,2,3,19,7,4,1
KBO,2024,키움,66018,김선기,0,0,0,0,0,0,0,0,0,0
KBO,2024,키움,67116,오석주,0,0,0,0,0,0,0,0,0,0
KBO,2024,키움,67304,김혜성,556,14,107,328,106,0,1,0,0,0
KBO,2024,키움,67365,양지율,0,0,0,0,0,0,0,0,0,0
KBO,2024,키움,67391,김재웅,0,0,0,0,0,0,0,0,0,0
KBO,2024,키움,68305,변상권,230,4,6,0,3,87,58,58,10,4
KBO,2024,키움,68330,예진원,21,4,2,0,0,0,1,5,1,8
KBO,2024,키움,68346,김수환,3,2,0,0,0,1,0,0,0,0
KBO,2024,키움,69306,김주형,21,0,4,1,1,0,1,0,11,3
KBO,2024,키움,69332,주성원,61,0,0,0,0,3,10,29,3,16
KBO,2024,키움,69363,박준형,5,0,0,0,0,0,0,0,5,0
KBO,2024,키움,69399,윤정현,0,0,0,0,0,0,0,0,0,0
KBO,2024,키움,74163,이용규,214,107,5,0,0,0,35,24,4,39
KBO,2024,키움,75566,이원석,105,1,0,0,6,46,24,22,3,3
KBO,2024,키움,76118,원종현,0,0,0,0,0,0,0,0,0,0
KBO,2024,키움,76267,최주환,529,0,0,0,250,225,35,1,1,17
KBO,2024,키움,78135,이형종,124,0,0,0,3,40,62,8,7,4
KBO,2024,한화,50704,임종찬,63,0,1,3,0,0,12,25,8,14
KBO,2024,한화,50707,최인호,235,150,25,0,1,6,11,12,22,8
KBO,2024,한화,51762,장규현,7,0,0,0,0,0,0,0,2,5
KBO,2024,한화,52704,이상혁,15,1,4,1,0,0,2,1,0,6
KBO,2024,한화,52710,한경빈,1,0,0,0,0,0,0,0,1,0
KBO,2024,한화,52769,권광민,51,1,35,0,0,4,2,2,1,6
KBO,2024,한화,53754,김서현,0,0,0,0,0,0,0,0,0,0
KBO,2024,한화,53764,문현빈,284,64,9,51,9,6,49,48,28,20
KBO,2024,한화,54730,페라자,518,106,247,156,0,0,3,1,4,1
KBO,2024,한화,54795,황영묵,380,119,51,10,2,8,48,80,46,16
KBO,2024,한화,62700,하주석,147,6,14,5,1,2,15,54,38,12
KBO,2024,한화,65703,이도윤,362,0,3,0,1,4,49,48,156,101
KBO,2024,한화,65707,주현상,0,0,0,0,0,0,0,0,0,0
KBO,2024,한화,66657,이진영,101,36,9,0,1,1,1,22,3,28
KBO,2024,한화,66704,김태연,458,81,34,136,1,63,93,47,2,1
KBO,2024,한화,66706,장진혁,318,1,105,17,0,4,32,43,17,99
KBO,2024,한화,66707,박상언,51,0,0,0,1,1,1,8,35,5
KBO,2024,한화,66715,김인환,141,1,72,1,1,10,27,21,4,4
KBO,2024,한화,67703,박상원,0,0,0,0,0,0,0,0,0,0
KBO,2024,한화,68700,이원석,149,81,11,8,1,3,2,6,4,33
KBO,2024,한화,68743,정은원,77,13,8,0,0,1,6,1,1,47
KBO,2024,한화,69737,노시환,586,0,0,98,488,0,0,0,0,0
KBO,2024,한화,69766,유로결,39,5,2,1,0,0,11,5,0,15
KBO,2024,한화,71837,김강민,84,15,11,0,1,0,8,36,2,11
KBO,2024,한화,76812,이재원,141,1,1,0,0,0,5,47,68,19
KBO,2024,한화,76849,이명기,7,1,1,0,0,0,5,0,0,0
KBO,2024,한화,78288,최재훈,313,0,0,0,0,11,21,64,113,104
KBO,2024,한화,79192,채은성,485,0,1,50,27,327,74,5,1,0
KBO,2024,한화,79608,안치홍,522,5,23,114,92,158,122,8,0,0
KBO,2024,한화,79764,장민재,0,0,0,0,0,0,0,0,0,0
KBO,2025,KIA,50600,홍종표,59,4,23,3,1,2,3,14,3,6
KBO,2025,KIA,50657,박민,99,3,3,5,1,0,3,14,8,62
KBO,2025,KIA,50662,정해영,0,0,0,0,0,0,0,0,0,0
KBO,2025,KIA,51994,한재승,0,0,0,0,0,0,0,0,0,0
KBO,2025,KIA,52605,김도영,120,0,2,117,0,0,0,0,0,1
KBO,2025,KIA,52641,황동하,0,0,0,0,0,0,0,0,0,0
KBO,2025,KIA,52667,윤도현,157,91,33,22,0,0,0,1,0,10
KBO,2025,KIA,53659,정해원,45,0,0,2,2,3,16,12,10,0
KBO,2025,KIA,55632,이성원,0,0,0,0,0,0,0,0,0,0
KBO,2025,KIA,55636,박재현,68,10,18,3,4,6,4,4,3,16
KBO,2025,KIA,55637,박헌,13,1,5,0,0,0,0,0,0,7
KBO,2025,KIA,55645,위즈덤,476,4,82,108,73,133,64,8,1,3
KBO,2025,KIA,55926,정현창,15,5,2,0,1,0,0,0,0,7
KBO,2025,KIA,60337,김대유,0,0,0,0,0,0,0,0,0,0
KBO,2025,KIA,61353,고종욱,120,73,1,5,3,20,4,2,5,7
KBO,2025,KIA,62947,나성범,303,0,1,130,14,125,32,0,1,0
KBO,2025,KIA,63260,이우성,173,5,6,2,0,65,70,21,3,1
KBO,2025,KIA,63342,조상우,0,0,0,0,0,0,0,0,0,0
KBO,2025,KIA,63722,한승택,22,0,0,0,3,0,1,0,15,3
KBO,2025,KIA,64560,이창진,109,84,5,0,3,1,1,10,2,3
KBO,2025,KIA,64646,박찬호,578,310,237,23,0,0,6,2,0,0
KBO,2025,KIA,65464,최정용,6,1,0,0,0,0,0,3,2,0
KBO,2025,KIA,65610,황대인,56,0,0,4,1,9,19,23,0,0
KBO,2025,KIA,65653,김호령,366,16,36,0,1,2,16,112,23,160
KBO,2025,KIA,65665,이준영,0,0,0,0,0,0,0,0,0,0
KBO,2025,KIA,66354,주효상,17,0,0,1,0,0,0,4,12,0
KBO,2025,KIA,66606,최원준,242,28,29,1,0,5,47,64,0,68
KBO,2025,KIA,66609,전상현,0,0,0,0,0,0,0,0,0,0
KBO,2025,KIA,66614,김규성,214,8,25,15,1,6,7,21,32,99
KBO,2025,KIA,67609,박정우,72,2,0,1,0,6,5,3,5,50
KBO,2025,KIA,67610,김석환,131,0,0,0,5,14,47,55,5,5
KBO,2025,KIA,68646,한준수,270,0,0,1,1,17,42,51,152,6
KBO,2025,KIA,68928,김시훈,0,0,0,0,0,0,0,0,0,0
KBO,2025,KIA,69516,김현수,0,0,0,0,0,0,0,0,0,0
KBO,2025,KIA,69620,김기훈,1,0,0,0,0,1,0,0,0,0
KBO,2025,KIA,69636,오선우,471,8,50,64,6,117,120,98,3,5
KBO,2025,KIA,69727,변우혁,152,3,4,0,0,9,73,43,20,0
KBO,2025,KIA,72443,최형우,536,1,0,6,506,19,0,1,0,3
KBO,2025,KIA,78122,김태군,253,0,0,0,3,3,6,2,236,3
KBO,2025,KIA,78168,서건창,24,6,4,0,0,0,0,6,2,6
KBO,2025,KIA,78603,김선빈,302,8,82,126,2,54,20,1,1,8
KBO,2025,KT,50054,천성호,77,0,13,0,1,3,16,26,13,5
KBO,2025,KT,50066,강현우,74,0,0,0,4,1,9,20,25,15
KBO,2025,KT,50092,윤준혁,17,1,0,0,0,2,0,4,5,5
KBO,2025,KT,51003,권동진,301,11,6,1,0,3,25,29,36,190
KBO,2025,KT,51005,김건형,1,0,0,0,0,0,1,0,0,0
KBO,2025,KT,51007,최성민,20,1,1,0,1,2,7,3,3,2
KBO,2025,KT,51013,유준규,41,0,4,1,3,0,13,8,6,6
KBO,2025,KT,52001,안현민,470,0,0,423,36,4,5,2,0,0
KBO,2025,KT,52002,김병준,5,2,0,2,0,0,0,0,0,1
KBO,2025,KT,52060,박영현,0,0,0,0,0,0,0,0,0,0
KBO,2025,KT,54097,김민석,0,0,0,0,0,0,0,0,0,0
KBO,2025,KT,55005,오서진,0,0,0,0,0,0,0,0,0,0
KBO,2025,KT,55013,스티븐슨,163,39,66,0,0,0,0,39,7,12
KBO,2025,KT,55046,박건우,0,0,0,0,0,0,0,0,0,0
KBO,2025,KT,64004,김민혁,405,105,196,39,47,0,7,6,3,2
KBO,2025,KT,64007,문상철,198,3,0,4,1,52,46,45,40,7
KBO,2025,KT,64012,송민섭,0,0,0,0,0,0,0,0,0,0
KBO,2025,KT,64115,장준원,148,1,1,0,0,1,1,25,53,66
KBO,2025,KT,64166,배정대,259,64,6,2,2,2,20,36,117,10
KBO,2025,KT,64504,오윤석,168,0,9,1,0,2,34,42,48,32
KBO,2025,KT,65048,김민수,0,0,0,0,0,0,0,0,0,0
KBO,2025,KT,65060,주권,0,0,0,0,0,0,0,0,0,0
KBO,2025,KT,66706,장진혁,152,15,17,7,3,3,18,30,43,16
KBO,2025,KT,67006,안치영,48,4,3,0,2,1,1,11,4,22
KBO,2025,KT,67025,로하스,379,99,41,29,124,62,18,2,1,3
KBO,2025,KT,67048,이정현,0,0,0,0,0,0,0,0,0,0
KBO,2025,KT,67644,이정훈,145,13,14,6,34,29,23,6,8,12
KBO,2025,KT,68050,강백호,365,39,55,35,147,63,23,1,0,2
KBO,2025,KT,68089,조대현,82,0,0,0,4,5,6,3,45,19
KBO,2025,KT,68504,이호연,73,0,14,0,0,7,16,18,12,6
KBO,2025,KT,69041,손동현,0,0,0,0,0,0,0,0,0,0
KBO,2025,KT,69054,이상동,0,0,0,0,0,0,0,0,0,0
KBO,2025,KT,69056,박민석,21,0,0,0,0,0,0,0,3,18
KBO,2025,KT,69064,강민성,35,0,1,0,0,3,1,4,11,15
KBO,2025,KT,73113,박경수,0,0,0,0,0,0,0,0,0,0
KBO,2025,KT,73117,우규민,0,0,0,0,0,0,0,0,0,0
KBO,2025,KT,76313,황재균,419,98,43,4,10,88,94,62,9,11
KBO,2025,KT,78548,장성우,468,0,1,0,204,180,52,15,9,7
KBO,2025,KT,79140,최동환,0,0,0,0,0,0,0,0,0,0
KBO,2025,KT,79240,허경민,459,122,87,81,2,42,74,50,1,0
KBO,2025,KT,79402,김상수,407,37,62,0,0,58,81,77,40,52
KBO,2025,LG,50054,천성호,113,4,31,2,1,4,17,27,25,2
KBO,2025,LG,50106,유영찬,2,0,0,1,0,0,0,1,0,0
KBO,2025,LG,50108,함창건,35,2,5,1,0,0,0,4,17,6
KBO,2025,LG,51100,이영빈,73,0,3,10,1,3,2,6,21,27
KBO,2025,LG,51154,김진수,0,0,0,0,0,0,0,0,0,0
KBO,2025,LG,51526,우강훈,0,0,0,0,0,0,0,0,0,0
KBO,2025,LG,52103,최원영,107,7,8,0,2,5,2,9,51,23
KBO,2025,LG,52105,김성우,5,0,0,0,0,1,0,0,2,2
KBO,2025,LG,52121,문정빈,31,2,0,0,0,0,13,8,8,0
KBO,2025,LG,52154,이주헌,146,0,0,1,0,4,11,38,76,16
KBO,2025,LG,53123,오스틴,486,0,1,468,9,4,0,3,1,0
KBO,2025,LG,53139,박명근,0,0,0,0,0,0,0,0,0,0
KBO,2025,LG,54156,손용준,15,0,0,0,0,0,0,3,12,0
KBO,2025,LG,54166,김현종,6,0,1,0,1,0,1,0,1,2
KBO,2025,LG,55164,박관우,56,1,6,3,1,3,3,7,29,3
KBO,2025,LG,55167,김영우,0,0,0,0,0,0,0,0,0,0
KBO,2025,LG,61145,이우찬,0,0,0,0,0,0,0,0,0,0
KBO,2025,LG,62415,박해민,510,69,24,1,0,2,5,8,91,310
KBO,2025,LG,62558,김준태,2,1,0,0,0,0,0,0,1,0
KBO,2025,LG,63248,함덕주,0,0,0,0,0,0,0,0,0,0
KBO,2025,LG,63950,장현식,0,0,0,0,0,0,0,0,0,0
KBO,2025,LG,65109,백승현,0,0,0,0,0,0,0,0,0,0
KBO,2025,LG,65207,신민재,525,351,70,3,1,1,3,6,6,84
KBO,2025,LG,65905,최승민,6,0,1,0,1,0,0,1,0,3
KBO,2025,LG,66108,홍창기,203,188,4,0,1,2,7,0,1,0
KBO,2025,LG,66162,김주성,16,0,0,3,0,0,0,7,6,0
KBO,2025,LG,67504,김민수,12,0,0,1,0,0,1,1,9,0
KBO,2025,LG,68110,송찬의,156,9,40,1,0,4,36,36,26,4
KBO,2025,LG,68119,문성주,529,37,251,33,0,94,73,31,9,1
KBO,2025,LG,69100,구본혁,379,2,5,4,6,0,78,135,95,54
KBO,2025,LG,69102,문보경,594,0,1,0,572,5,5,10,1,0
KBO,2025,LG,69108,이지강,0,0,0,0,0,0,0,0,0,0
KBO,2025,LG,69134,이정용,0,0,0,0,0,0,0,0,0,0
KBO,2025,LG,75867,김진성,0,0,0,0,0,0,0,0,0,0
KBO,2025,LG,76290,김현수,547,0,195,101,21,171,46,10,1,2
KBO,2025,LG,79109,오지환,456,0,3,3,0,116,231,88,14,1
KBO,2025,LG,79365,박동원,513,0,2,8,20,207,68,150,50,8
KBO,2025,NC,50600,홍종표,21,2,3,1,2,2,1,2,4,4
KBO,2025,NC,50901,안인산,6,0,0,0,0,0,0,0,4,2
KBO,2025,NC,50902,김한별,67,3,6,5,1,3,2,1,5,41
KBO,2025,NC,50903,한재환,29,4,2,0,0,0,2,3,6,12
KBO,2025,NC,50906,박영빈,5,1,0,0,0,2,0,2,0,0
KBO,2025,NC,50996,박시원,59,14,0,5,1,9,3,6,6,15
KBO,2025,NC,51344,김휘집,469,4,0,0,9,15,98,154,113,76
KBO,2025,NC,51903,김정호,9,0,0,0,0,0,0,0,3,6
KBO,2025,NC,51907,김주원,602,338,257,0,0,1,0,0,0,6
KBO,2025,NC,51994,한재승,0,0,0,0,0,0,0,0,0,0
KBO,2025,NC,51996,오태양,13,0,0,2,0,0,1,1,1,8
KBO,2025,NC,53992,박한결,19,0,0,1,9,2,2,0,3,2
KBO,2025,NC,54904,손주환,0,0,0,0,0,0,0,0,0,0
KBO,2025,NC,54908,고승완,11,4,1,2,0,1,0,0,0,3
KBO,2025,NC,54944,데이비슨,417,0,1,0,401,1,13,0,0,1
KBO,2025,NC,55926,정현창,6,0,0,0,0,0,0,0,0,6
KBO,2025,NC,55995,김태훈,0,0,0,0,0,0,0,0,0,0
KBO,2025,NC,62244,박세혁,91,0,0,0,1,1,0,24,58,7
KBO,2025,NC,62907,박민우,448,91,0,344,2,2,1,4,1,3
KBO,2025,NC,62934,김성욱,13,0,0,1,0,0,1,2,0,9
KBO,2025,NC,63260,이우성,158,0,1,1,24,46,83,3,0,0
KBO,2025,NC,63963,권희동,435,100,112,15,11,72,80,6,5,34
KBO,2025,NC,64022,안중열,57,0,0,1,1,0,0,4,38,13
KBO,2025,NC,64101,한석현,125,46,5,0,1,11,9,13,4,36
KBO,2025,NC,64995,배재환,0,0,0,0,0,0,0,0,0,0
KBO,2025,NC,65949,류진욱,0,0,0,0,0,0,0,0,0,0
KBO,2025,NC,66606,최원준,194,5,167,7,0,3,0,2,0,10
KBO,2025,NC,66965,도태훈,84,4,3,0,8,0,7,34,10,18
KBO,2025,NC,67905,천재환,278,14,12,6,3,19,43,74,21,86
KBO,2025,NC,67962,소이현,0,0,0,0,0,0,0,0,0,0
KBO,2025,NC,68900,김영규,0,0,0,0,0,0,0,0,0,0
KBO,2025,NC,68904,오영수,177,2,10,17,44,39,28,27,1,9
KBO,2025,NC,68912,김형준,407,0,0,2,3,15,29,99,241,18
KBO,2025,NC,68928,김시훈,0,0,0,0,0,0,0,0,0,0
KBO,2025,NC,69203,송승환,15,3,1,0,0,1,1,4,3,2
KBO,2025,NC,69969,전사민,0,0,0,0,0,0,0,0,0,0
KBO,2025,NC,69980,김범준,1,0,0,0,0,0,0,0,0,1
KBO,2025,NC,69992,최정원,138,24,30,6,6,10,6,2,0,54
KBO,2025,NC,69995,서호철,271,1,4,3,10,14,91,82,30,36
KBO,2025,NC,77532,손아섭,264,1,14,99,16,70,51,2,4,7
KBO,2025,NC,79215,박건우,431,1,1,108,46,250,21,2,1,1
KBO,2025,SSG,50840,현원회,62,0,0,0,1,11,8,6,36,0
KBO,2025,SSG,50854,최지훈,560,390,24,8,0,0,66,54,17,1
KBO,2025,SSG,50868,류효승,101,0,0,0,2,37,10,29,22,1
KBO,2025,SSG,51865,조형우,288,0,0,0,0,1,17,73,66,131
KBO,2025,SSG,51867,김건우,0,0,0,0,0,0,0,0,0,0
KBO,2025,SSG,51868,고명준,491,0,0,5,81,264,79,45,15,2
KBO,2025,SSG,51897,조병현,0,0,0,0,0,0,0,0,0,0
KBO,2025,SSG,52803,김태윤,4,0,2,0,0,0,0,0,1,1
KBO,2025,SSG,52804,석정우,53,1,0,2,1,0,1,0,11,37
KBO,2025,SSG,52807,임근우,5,0,0,0,2,0,0,0,3,0
KBO,2025,SSG,52809,전영준,0,0,0,0,0,0,0,0,0,0
KBO,2025,SSG,53827,에레디아,406,0,167,109,123,6,0,0,1,0
KBO,2025,SSG,53892,이로운,0,0,0,0,0,0,0,0,0,0
KBO,2025,SSG,54803,최현석,0,0,0,0,0,0,0,0,0,0
KBO,2025,SSG,54805,박지환,64,1,2,0,1,0,0,5,14,41
KBO,2025,SSG,54806,이승민,5,0,0,2,0,0,0,3,0,0
KBO,2025,SSG,54812,정준재,422,24,187,2,0,2,1,12,149,45
KBO,2025,SSG,54815,정현승,2,0,0,0,0,0,0,0,0,2
KBO,2025,SSG,55832,이율예,13,0,0,0,0,0,4,1,1,7
KBO,2025,SSG,55844,맥브룸,79,0,0,24,11,40,3,0,0,1
KBO,2025,SSG,55897,홍대인,5,1,0,0,0,0,0,0,4,0
KBO,2025,SSG,60558,오태곤,224,21,14,29,11,20,44,49,22,14
KBO,2025,SSG,62895,한유섬,501,0,2,2,368,103,22,1,2,1
KBO,2025,SSG,62934,김성욱,117,3,11,1,2,15,36,15,26,8
KBO,2025,SSG,65343,김택형,0,0,0,0,0,0,0,0,0,0
KBO,2025,SSG,66662,신범수,38,1,0,0,1,2,1,9,14,10
KBO,2025,SSG,66864,안상현,276,3,66,5,2,1,40,95,17,47
KBO,2025,SSG,66917,김찬형,76,1,0,1,0,0,3,1,18,52
KBO,2025,SSG,67807,이정범,3,0,0,1,0,1,0,0,1,0
KBO,2025,SSG,67893,박성한,531,203,69,26,0,56,149,26,0,2
KBO,2025,SSG,67900,김수윤,11,0,0,0,0,0,0,1,0,10
KBO,2025,SSG,68092,한두솔,0,0,0,0,0,0,0,0,0,0
KBO,2025,SSG,68805,최상민,8,0,1,2,2,0,1,1,0,1
KBO,2025,SSG,68856,최민준,0,0,0,0,0,0,0,0,0,0
KBO,2025,SSG,68868,최준우,182,7,47,2,5,6,48,27,29,11
KBO,2025,SSG,69804,채현우,51,2,4,0,5,0,1,0,13,26
KBO,2025,SSG,69813,하재훈,60,0,0,0,0,19,13,9,14,5
KBO,2025,SSG,69825,김창평,0,0,0,0,0,0,0,0,0,0
KBO,2025,SSG,71837,김강민,0,0,0,0,0,0,0,0,0,0
KBO,2025,SSG,73211,노경은,0,0,0,0,0,0,0,0,0,0
KBO,2025,SSG,75847,최정,391,0,0,380,0,11,0,0,0,0
KBO,2025,SSG,76802,김성현,131,3,31,7,1,3,0,34,14,38
KBO,2025,SSG,79456,이지영,208,0,1,8,0,14,42,72,44,27
KBO,2025,두산,50204,박지훈,53,2,40,1,2,0,0,0,4,4
KBO,2025,두산,50208,오명진,358,12,104,9,0,14,86,80,36,17
KBO,2025,두산,51203,안재석,146,91,10,4,0,21,13,5,1,1
KBO,2025,두산,51269,강현구,2,0,0,0,0,0,0,0,2,0
KBO,2025,두산,51298,박성재,7,0,0,0,1,0,0,2,4,0
KBO,2025,두산,52208,천현재,3,0,0,0,0,0,0,0,3,0
KBO,2025,두산,52267,김동준,98,0,31,0,3,9,12,27,14,2
KBO,2025,두산,53204,박민준,2,0,0,0,1,0,0,1,0,0
KBO,2025,두산,53554,김민석,240,37,0,1,2,20,37,46,49,48
KBO,2025,두산,54205,여동건,21,0,0,0,0,0,0,1,3,17
KBO,2025,두산,54214,전다민,12,7,1,0,0,1,1,1,1,0
KBO,2025,두산,54219,류현준,22,2,0,2,1,0,1,5,7,4
KBO,2025,두산,54236,임종성,86,0,0,0,0,1,4,11,43,27
KBO,2025,두산,54263,김택연,0,0,0,0,0,0,0,0,0,0
KBO,2025,두산,55208,케이브,581,23,153,317,46,31,7,4,0,0
KBO,2025,두산,55215,양재훈,0,0,0,0,0,0,0,0,0,0
KBO,2025,두산,55216,김성재,1,0,0,0,0,1,0,0,0,0
KBO,2025,두산,55221,김한중,0,0,0,0,0,0,0,0,0,0
KBO,2025,두산,55224,이선우,11,0,0,0,0,2,0,4,2,3
KBO,2025,두산,55226,김준상,15,0,5,0,0,0,1,0,2,7
KBO,2025,두산,55252,박준순,292,0,26,4,0,84,113,13,40,12
KBO,2025,두산,55267,홍민규,0,0,0,0,0,0,0,0,0,0
KBO,2025,두산,63123,강승호,384,0,31,32,0,48,77,128,41,27
KBO,2025,두산,63202,장승현,2,0,0,0,0,0,0,0,2,0
KBO,2025,두산,63257,김인태,219,13,28,7,3,64,36,31,28,9
KBO,2025,두산,64153,양석환,286,0,0,3,78,107,61,21,16,0
KBO,2025,두산,64468,박계범,189,1,22,0,4,1,18,36,73,34
KBO,2025,두산,65269,김민혁,21,0,1,0,0,3,8,5,4,0
KBO,2025,두산,66112,김기연,238,0,1,19,17,26,62,37,68,8
KBO,2025,두산,66209,조수행,133,8,11,0,6,6,5,8,11,78
KBO,2025,두산,66233,홍성호,27,0,1,0,8,4,0,13,0,1
KBO,2025,두산,66291,이영하,0,0,0,0,0,0,0,0,0,0
KBO,2025,두산,66928,박준영,121,0,0,1,0,1,0,40,42,37
KBO,2025,두산,67207,이유찬,302,59,88,0,0,1,24,6,43,81
KBO,2025,두산,67263,최원준,0,0,0,0,0,0,0,0,0,0
KBO,2025,두산,67266,박치국,0,0,0,0,0,0,0,0,0,0
KBO,2025,두산,68249,박신지,0,0,0,0,0,0,0,0,0,0
KBO,2025,두산,68269,김호준,0,0,0,0,0,0,0,0,0,0
KBO,2025,두산,68362,추재현,84,1,22,1,4,2,0,23,20,11
KBO,2025,두산,68830,김정우,0,0,0,0,0,0,0,0,0,0
KBO,2025,두산,69238,김대한,37,7,7,0,0,0,4,7,0,12
KBO,2025,두산,72523,고효준,0,0,0,0,0,0,0,0,0,0
KBO,2025,두산,74206,김재호,0,0,0,0,0,0,0,0,0,0
KBO,2025,두산,76232,양의지,504,0,0,229,241,30,2,0,1,1
KBO,2025,두산,78224,김재환,401,1,34,0,199,131,23,8,3,2
KBO,2025,두산,79231,정수빈,523,397,23,0,1,0,0,15,0,87
KBO,2025,롯데,50150,손호영,350,4,25,61,0,7,76,122,34,21
KBO,2025,롯데,50500,황성빈,264,221,0,0,2,3,0,1,0,37
KBO,2025,롯데,50608,이인한,0,0,0,0,0,0,0,0,0,0
KBO,2025,롯데,51528,손성빈,66,1,1,0,0,8,4,6,23,23
KBO,2025,롯데,51551,나승엽,383,0,4,79,65,97,84,39,13,2
KBO,2025,롯데,52504,김동혁,107,46,2,3,4,6,1,0,24,21
KBO,2025,롯데,52516,조세진,9,0,0,0,0,0,1,4,4,0
KBO,2025,롯데,52568,한태양,262,69,29,2,0,3,2,71,51,35
KBO,2025,롯데,52591,윤동희,379,54,25,78,2,156,44,19,1,0
KBO,2025,롯데,54503,박준우,0,0,0,0,0,0,0,0,0,0
KBO,2025,롯데,54506,강승구,1,0,0,0,0,0,0,0,1,0
KBO,2025,롯데,54529,레이예스,631,0,0,306,325,0,0,0,0,0
KBO,2025,롯데,54537,정현수,0,0,0,0,0,0,0,0,0,0
KBO,2025,롯데,54567,강성우,0,0,0,0,0,0,0,0,0,0
KBO,2025,롯데,54598,이호준,146,0,5,1,0,5,7,26,37,65
KBO,2025,롯데,55506,한승현,18,1,0,1,0,0,2,1,7,6
KBO,2025,롯데,55509,박건우,3,0,0,0,0,0,0,1,2,0
KBO,2025,롯데,55511,이태경,1,0,0,0,0,1,0,0,0,0
KBO,2025,롯데,55530,박찬형,140,45,41,0,0,2,22,6,7,17
KBO,2025,롯데,55563,박재엽,16,0,0,0,0,0,2,4,9,1
KBO,2025,롯데,60523,정훈,195,5,41,0,2,47,19,43,22,16
KBO,2025,롯데,61102,유강남,329,1,1,0,5,79,87,67,77,12
KBO,2025,롯데,62528,김원중,0,0,0,0,0,0,0,0,0,0
KBO,2025,롯데,62802,박승욱,89,1,3,0,1,2,3,11,28,40
KBO,2025,롯데,62884,최항,7,2,0,0,0,3,0,1,1,0
KBO,2025,롯데,62931,노진혁,68,1,9,1,0,4,31,11,5,6
KBO,2025,롯데,63543,구승민,0,0,0,0,0,0,0,0,0,0
KBO,2025,롯데,65522,김강현,0,0,0,0,0,0,0,0,0,0
KBO,2025,롯데,67588,윤성빈,0,0,0,0,0,0,0,0,0,0
KBO,2025,롯데,68205,전민재,353,12,12,0,0,19,65,62,90,93
KBO,2025,롯데,68242,정철원,0,0,0,0,0,0,0,0,0,0
KBO,2025,롯데,68507,장두성,272,148,9,7,3,4,4,10,43,44
KBO,2025,롯데,68518,정보근,147,0,1,0,0,9,8,10,36,83
KBO,2025,롯데,69508,신윤후,12,3,0,1,1,0,0,2,0,5
KBO,2025,롯데,69517,고승민,525,5,432,59,0,0,8,12,7,2
KBO,2025,롯데,69594,박진,0,0,0,0,0,0,0,0,0,0
KBO,2025,롯데,76430,김상수,0,0,0,0,0,0,0,0,0,0
KBO,2025,롯데,77564,김민성,247,4,19,3,0,71,69,40,35,6
KBO,2025,롯데,78513,전준우,454,37,0,40,221,79,64,12,0,1
KBO,2025,삼성,50458,김지찬,355,280,26,1,0,0,12,24,3,9
KBO,2025,삼성,51407,이창용,17,0,0,0,1,4,8,2,1,1
KBO,2025,삼성,51460,이재희,0,0,0,0,0,0,0,0,0,0
KBO,2025,삼성,52415,이재현,526,146,67,4,0,13,46,90,34,126
KBO,2025,삼성,52424,김재혁,4,3,0,0,0,0,0,1,0,0
KBO,2025,삼성,52430,김영웅,494,0,5,35,14,201,124,53,61,1
KBO,2025,삼성,53411,박진우,1,0,0,0,0,1,0,0,0,0
KBO,2025,삼성,53455,이호성,0,0,0,0,0,0,0,0,0,0
KBO,2025,삼성,54400,디아즈,611,0,0,26,485,87,13,0,0,0
KBO,2025,삼성,54401,김대호,0,0,0,0,0,0,0,0,0,0
KBO,2025,삼성,54404,육선엽,0,0,0,0,0,0,0,0,0,0
KBO,2025,삼성,54408,양도근,184,6,24,0,1,3,5,6,20,119
KBO,2025,삼성,54460,김호진,0,0,0,0,0,0,0,0,0,0
KBO,2025,삼성,55435,차승준,1,0,0,0,1,0,0,0,0,0
KBO,2025,삼성,55438,심재훈,42,1,0,0,0,1,1,0,18,21
KBO,2025,삼성,55440,함수호,14,2,2,0,0,0,0,6,4,0
KBO,2025,삼성,55455,배찬승,0,0,0,0,0,0,0,0,0,0
KBO,2025,삼성,60146,이승현,0,0,0,0,0,0,0,0,0,0
KBO,2025,삼성,61404,김헌곤,184,8,20,6,0,1,29,53,54,13
KBO,2025,삼성,62234,류지혁,433,27,44,6,0,19,68,98,104,67
KBO,2025,삼성,62360,김태훈,0,0,0,0,0,0,0,0,0,0
KBO,2025,삼성,62404,구자욱,602,23,24,502,13,8,26,4,1,1
KBO,2025,삼성,65040,김태훈,96,2,12,0,0,1,35,24,13,9
KBO,2025,삼성,65062,김재윤,0,0,0,0,0,0,0,0,0,0
KBO,2025,삼성,65132,김재성,69,0,0,1,1,12,9,5,26,15
KBO,2025,삼성,65586,전병우,96,1,1,0,6,21,16,11,30,10
KBO,2025,삼성,66406,안주형,18,0,1,0,0,3,4,0,7,3
KBO,2025,삼성,66409,이성규,141,4,9,5,0,8,29,10,54,22
KBO,2025,삼성,67005,홍현빈,35,9,2,3,0,1,1,6,12,1
KBO,2025,삼성,67449,김성윤,521,55,384,20,0,18,4,8,1,31
KBO,2025,삼성,68415,양창섭,0,0,0,0,0,0,0,0,0,0
KBO,2025,삼성,68463,윤정빈,44,0,5,3,0,0,0,7,18,11
KBO,2025,삼성,69207,김태근,14,0,2,3,0,0,1,0,2,6
KBO,2025,삼성,69403,양우현,16,0,1,1,0,2,1,1,4,6
KBO,2025,삼성,69416,이해승,5,0,0,0,0,1,1,0,0,3
KBO,2025,삼성,69418,박승규,195,103,12,12,0,0,15,15,23,15
KBO,2025,삼성,69428,이병헌,58,0,0,0,3,1,2,8,25,19
KBO,2025,삼성,69442,김도환,14,0,0,0,0,0,0,0,11,3
KBO,2025,삼성,74540,강민호,450,0,0,6,93,170,72,48,44,17
KBO,2025,삼성,75125,박병호,223,0,1,4,12,41,65,94,2,4
KBO,2025,키움,50167,이주형,483,23,88,169,75,71,41,12,0,4
KBO,2025,키움,50304,김병휘,6,0,0,0,0,0,1,1,2,2
KBO,2025,키움,50357,박주홍,278,75,0,12,17,21,15,33,21,84
KBO,2025,키움,51302,이주형,17,0,0,0,0,0,10,1,5,1
KBO,2025,키움,51359,장재영,16,0,1,0,4,1,10,0,0,0
KBO,2025,키움,52305,박수종,45,1,0,1,1,3,13,8,0,18
KBO,2025,키움,52330,주승우,0,0,0,0,0,0,0,0,0,0
KBO,2025,키움,52366,푸이그,168,67,43,5,27,16,2,8,0,0
KBO,2025,키움,53301,박윤성,0,0,0,0,0,0,0,0,0,0
KBO,2025,키움,53302,이승원,2,0,0,0,0,0,0,0,0,2
KBO,2025,키움,53309,서유신,8,1,0,0,0,0,0,1,0,6
KBO,2025,키움,53312,김건희,335,0,0,0,28,38,60,73,122,14
KBO,2025,키움,53344,김동헌,89,0,0,0,5,12,21,21,27,3
KBO,2025,키움,54305,이재상,2,0,0,1,0,0,0,0,1,0
KBO,2025,키움,54307,원성준,53,1,0,4,0,15,26,4,1,2
KBO,2025,키움,54344,고영우,25,2,0,0,0,0,3,13,5,2
KBO,2025,키움,54394,송지후,83,0,0,0,0,0,7,26,24,26
KBO,2025,키움,54444,카디네스,352,0,20,163,127,39,1,0,0,2
KBO,2025,키움,55301,이준우,0,0,0,0,0,0,0,0,0,0
KBO,2025,키움,55326,스톤 개랫,92,0,5,0,22,53,11,0,1,0
KBO,2025,키움,55339,염승원,20,0,0,1,0,0,1,0,0,18
KBO,2025,키움,55370,양현종,14,0,0,1,0,0,0,0,10,3
KBO,2025,키움,55371,권혁빈,22,0,0,0,1,0,1,1,17,2
KBO,2025,키움,55392,어준서,354,0,1,0,0,0,21,149,70,113
KBO,2025,키움,55393,여동욱,60,1,0,0,0,0,10,26,19,4
KBO,2025,키움,55394,박정훈,0,0,0,0,0,0,0,0,0,0
KBO,2025,키움,55397,전태현,202,20,0,0,0,12,42,24,25,79
KBO,2025,키움,62332,김재현,121,0,0,0,0,1,2,21,89,8
KBO,2025,키움,62925,강진성,13,0,0,0,1,0,3,9,0,0
KBO,2025,키움,64340,임지열,411,4,247,72,28,34,14,8,2,2
KBO,2025,키움,64346,임병욱,138,2,0,8,12,40,53,10,8,5
KBO,2025,키움,64984,김태진,299,0,0,0,2,56,84,66,38,53
KBO,2025,키움,65357,송성문,642,436,111,30,55,7,1,0,0,2
KBO,2025,키움,65898,김웅빈,30,0,0,0,11,6,1,11,0,1
KBO,2025,키움,66838,김동엽,29,0,0,0,19,3,6,1,0,0
KBO,2025,키움,68305,변상권,19,4,0,0,0,0,11,1,2,1
KBO,2025,키움,69045,알칸타라,0,0,0,0,0,0,0,0,0,0
KBO,2025,키움,69328,박주성,0,0,0,0,0,0,0,0,0,0
KBO,2025,키움,69332,주성원,169,0,0,4,17,65,71,4,1,7
KBO,2025,키움,74163,이용규,40,25,0,0,0,0,2,0,0,13
KBO,2025,키움,75566,이원석,8,0,0,0,0,2,5,0,0,1
KBO,2025,키움,76267,최주환,495,0,123,144,145,76,4,0,3,0
KBO,2025,키움,78135,이형종,79,0,4,1,16,15,8,23,4,8
KBO,2025,키움,78756,오선진,155,3,2,0,1,9,24,13,54,49
KBO,2025,한화,50704,임종찬,35,0,0,1,0,1,1,31,1,0
KBO,2025,한화,50707,최인호,152,40,23,15,0,15,23,23,7,6
KBO,2025,한화,50709,박정현,2,0,0,0,1,0,1,0,0,0
KBO,2025,한화,50711,김승일,0,0,0,0,0,0,0,0,0,0
KBO,2025,한화,51762,장규현,2,1,0,0,0,0,0,0,1,0
KBO,2025,한화,52704,이상혁,10,0,1,2,0,0,4,1,2,0
KBO,2025,한화,52764,허인서,29,1,0,0,0,0,2,1,21,4
KBO,2025,한화,52769,권광민,18,0,5,1,0,1,5,0,2,4
KBO,2025,한화,53754,김서현,0,0,0,0,0,0,0,0,0,0
KBO,2025,한화,53764,문현빈,566,0,20,527,7,7,1,1,2,1
KBO,2025,한화,54768,조동욱,0,0,0,0,0,0,0,0,0,0
KBO,2025,한화,54795,황영묵,280,106,1,0,2,1,11,67,6,86
KBO,2025,한화,55703,리베라토,269,0,265,4,0,0,0,0,0,0
KBO,2025,한화,55710,이민재,4,0,0,0,0,0,0,3,0,1
KBO,2025,한화,55712,이승현,1,1,0,0,0,0,0,0,0,0
KBO,2025,한화,55734,플로리얼,282,77,153,44,0,0,8,0,0,0
KBO,2025,한화,55743,정우주,0,0,0,0,0,0,0,0,0,0
KBO,2025,한화,61666,한승혁,0,0,0,0,0,0,0,0,0,0
KBO,2025,한화,62700,하주석,288,2,80,0,1,0,68,94,4,39
KBO,2025,한화,63765,김종수,0,0,0,0,0,0,0,0,0,0
KBO,2025,한화,64006,심우준,264,0,2,0,2,0,0,1,12,247
KBO,2025,한화,65703,이도윤,261,7,13,0,0,0,11,137,9,84
KBO,2025,한화,66657,이진영,359,51,5,1,0,41,220,32,5,4
KBO,2025,한화,66704,김태연,326,90,8,11,0,33,133,39,10,2
KBO,2025,한화,66715,김인환,26,0,6,0,0,2,11,6,0,1
KBO,2025,한화,67703,박상원,0,0,0,0,0,0,0,0,0,0
KBO,2025,한화,68700,이원석,235,114,8,3,0,3,12,44,17,34
KBO,2025,한화,69213,윤산흠,0,0,0,0,0,0,0,0,0,0
KBO,2025,한화,69737,노시환,609,0,0,5,592,3,9,0,0,0
KBO,2025,한화,69766,유로결,13,0,1,1,0,0,7,0,1,3
KBO,2025,한화,76812,이재원,139,0,0,1,0,0,5,4,123,6
KBO,2025,한화,77532,손아섭,145,122,12,0,0,7,0,3,1,0
KBO,2025,한화,78288,최재훈,315,0,0,0,0,0,0,23,292,0
KBO,2025,한화,79192,채은성,511,0,0,0,10,484,13,3,0,1
KBO,2025,한화,79608,안치홍,190,44,42,0,0,1,44,51,4,4
MLB,2021,ATL,425772,Jeff Mathis,9,0,0,0,0,0,0,4,5,0
MLB,2021,ATL,445926,Jesse Chavez,3,0,0,0,0,0,0,0,0,3
MLB,2021,ATL,450203,Charlie Morton,55,0,0,0,0,0,0,0,0,55
MLB,2021,ATL,453527,Sean Kazmar Jr.,2,0,0,0,0,0,0,0,0,2
MLB,2021,ATL,455119,Chris Martin,0,0,0,0,0,0,0,0,0,0
MLB,2021,ATL,458708,Josh Tomlin,4,0,0,0,0,0,0,0,0,4
MLB,2021,ATL,467055,Pablo Sandoval,84,1,1,0,0,6,12,14,2,48
MLB,2021,ATL,501303,Ehire Adrianza,203,36,9,10,0,5,53,8,17,65
MLB,2021,ATL,501659,Abraham Almonte,174,7,0,0,35,16,48,39,3,26
MLB,2021,ATL,518595,Travis d'Arnaud,226,0,0,1,31,72,62,55,2,3
MLB,2021,ATL,518692,Freddie Freeman,685,0,396,288,0,0,0,0,0,1
MLB,2021,ATL,518858,Nate Jones,0,0,0,0,0,0,0,0,0,0
MLB,2021,ATL,518960,Jonathan Lucroy,8,0,0,0,0,0,0,0,8,0
MLB,2021,ATL,519293,Will Smith,0,0,0,0,0,0,0,0,0,0
MLB,2021,ATL,519390,Stephen Vogt,86,0,0,0,0,0,22,16,42,6
MLB,2021,ATL,542255,Ender Inciarte,86,3,0,0,0,2,0,3,58,20
MLB,2021,ATL,542303,Marcell Ozuna,207,0,0,166,41,0,0,0,0,0
MLB,2021,ATL,554431,Tyler Matzek,0,0,0,0,0,0,0,0,0,0
MLB,2021,ATL,572888,Shane Greene,0,0,0,0,0,0,0,0,0,0
MLB,2021,ATL,592145,Jesse Biddle,0,0,0,0,0,0,0,0,0,0
MLB,2021,ATL,592426,Luke Jackson,0,0,0,0,0,0,0,0,0,0
MLB,2021,ATL,592626,Joc Pederson,190,81,0,0,0,3,9,48,22,27
MLB,2021,ATL,592696,Eddie Rosario,105,5,0,0,0,13,49,4,27,7
MLB,2021,ATL,592767,Drew Smyly,41,0,0,0,0,0,0,0,0,41
MLB,2021,ATL,593144,Richard Rodríguez,0,0,0,0,0,0,0,0,0,0
MLB,2021,ATL,594795,Grant Dayton,0,0,0,0,0,0,0,0,0,0
MLB,2021,ATL,594807,Adam Duvall,213,0,0,0,0,100,75,36,0,2
MLB,2021,ATL,605218,Carl Edwards Jr.,0,0,0,0,0,0,0,0,0,0
MLB,2021,ATL,606115,Orlando Arcia,77,1,6,1,0,17,13,26,2,11
MLB,2021,ATL,607345,Kevan Smith,101,0,0,0,0,0,1,19,80,1
MLB,2021,ATL,608331,Max Fried,59,0,0,0,0,0,0,0,0,59
MLB,2021,ATL,621020,Dansby Swanson,640,10,25,4,8,283,208,62,38,2
MLB,2021,ATL,621345,A.J. Minter,1,0,0,0,0,0,0,0,0,1
MLB,2021,ATL,622666,Johan Camargo,18,3,1,0,0,0,1,0,1,12
MLB,2021,ATL,624585,Jorge Soler,237,52,179,0,0,0,4,0,0,2
MLB,2021,ATL,628338,Guillermo Heredia,337,0,0,0,0,4,50,82,179,22
MLB,2021,ATL,645277,Ozzie Albies,676,179,99,229,148,21,0,0,0,0
MLB,2021,ATL,650828,Edgar Santana,1,0,0,0,0,0,0,0,0,1
MLB,2021,ATL,656353,Tucker Davidson,6,0,0,0,0,0,0,0,0,6
MLB,2021,ATL,656577,Alex Jackson,25,0,0,0,1,2,0,5,14,3
MLB,2021,ATL,656794,Sean Newcomb,1,0,0,0,0,0,0,0,0,1
MLB,2021,ATL,657053,Touki Toussaint,17,0,0,0,0,0,0,0,0,17
MLB,2021,ATL,657097,Jacob Webb,2,0,0,0,0,0,0,0,0,2
MLB,2021,ATL,657140,Kyle Wright,3,0,0,0,0,0,0,0,0,3
MLB,2021,ATL,660623,Huascar Ynoa,32,0,0,0,0,0,0,0,0,32
MLB,2021,ATL,660670,Ronald Acuña Jr.,346,343,0,0,0,0,0,0,0,3
MLB,2021,ATL,661388,William Contreras,182,0,0,0,0,0,3,134,34,11
MLB,2021,ATL,663586,Austin Riley,642,0,0,0,418,106,33,66,15,4
MLB,2021,ATL,664852,Jay Flaa,0,0,0,0,0,0,0,0,0,0
MLB,2021,ATL,665506,Cristian Pache,65,0,0,0,0,0,0,3,56,6
MLB,2021,ATL,666120,Ian Anderson,38,0,0,0,0,0,0,0,0,38
MLB,2021,ATL,666205,Kyle Muller,12,0,0,0,0,0,0,0,0,12
MLB,2021,ATL,669060,Bryse Wilson,12,0,0,0,0,0,0,0,0,12
MLB,2021,ATL,669276,Dylan Lee,0,0,0,0,0,0,0,0,0,0
MLB,2021,ATL,675911,Spencer Strider,1,0,0,0,0,0,0,0,0,1
MLB,2021,ATL,676709,Ty Tice,0,0,0,0,0,0,0,0,0,0
MLB,2021,AZ,444482,David Peralta,533,2,15,22,251,117,101,4,7,14
MLB,2021,AZ,452678,Asdrúbal Cabrera,316,0,24,139,15,112,5,2,1,18
MLB,2021,AZ,461325,Tyler Clippard,0,0,0,0,0,0,0,0,0,0
MLB,2021,AZ,461872,Anthony Swarzak,0,0,0,0,0,0,0,0,0,0
MLB,2021,AZ,465657,Joakim Soria,0,0,0,0,0,0,0,0,0,0
MLB,2021,AZ,488748,Ryan Buchter,0,0,0,0,0,0,0,0,0,0
MLB,2021,AZ,500871,Eduardo Escobar,399,2,0,236,56,10,90,1,0,4
MLB,2021,AZ,502210,Josh Reddick,157,2,7,0,0,25,74,29,1,19
MLB,2021,AZ,518516,Madison Bumgarner,48,0,0,0,1,0,0,0,0,47
MLB,2021,AZ,518876,Merrill Kelly,51,0,0,0,0,0,0,0,0,51
MLB,2021,AZ,519390,Stephen Vogt,150,0,0,0,1,24,21,27,66,11
MLB,2021,AZ,528748,Humberto Castellanos,6,0,0,0,0,0,0,0,0,6
MLB,2021,AZ,545121,Ildemaro Vargas,46,0,0,0,0,0,9,16,14,7
MLB,2021,AZ,571676,Seth Frankoff,4,0,0,0,0,0,0,0,0,4
MLB,2021,AZ,572233,Christian Walker,439,0,0,62,221,48,88,11,1,8
MLB,2021,AZ,573009,Joe Mantiply,0,0,0,0,0,0,0,0,0,0
MLB,2021,AZ,592233,Stefan Crichton,0,0,0,0,0,0,0,0,0,0
MLB,2021,AZ,592407,Bryan Holaday,32,0,0,0,1,0,0,0,27,4
MLB,2021,AZ,592656,Henry Ramos,54,0,17,0,0,4,16,8,4,5
MLB,2021,AZ,592761,Caleb Smith,23,0,0,0,0,0,0,0,0,23
MLB,2021,AZ,594777,Kole Calhoun,181,17,77,23,41,11,2,2,2,6
MLB,2021,AZ,596133,Luke Weaver,20,0,0,0,0,0,0,0,0,20
MLB,2021,AZ,598287,Noé Ramirez,0,0,0,0,0,0,0,0,0,0
MLB,2021,AZ,605113,Nick Ahmed,468,93,4,0,1,9,8,227,118,8
MLB,2021,AZ,605525,J.B. Wendelken,0,0,0,0,0,0,0,0,0,0
MLB,2021,AZ,606466,Ketel Marte,371,36,325,0,0,2,0,1,0,7
MLB,2021,AZ,606965,Chris Devenski,0,0,0,0,0,0,0,0,0,0
MLB,2021,AZ,606993,Jake Hager,22,0,0,0,0,1,3,8,8,2
MLB,2021,AZ,607179,Jordan Weems,0,0,0,0,0,0,0,0,0,0
MLB,2021,AZ,607188,Jake Faria,3,0,0,0,0,0,0,0,0,3
MLB,2021,AZ,608348,Carson Kelly,348,25,39,46,86,79,18,37,11,7
MLB,2021,AZ,620396,Miguel Aguilar,0,0,0,0,0,0,0,0,0,0
MLB,2021,AZ,621500,Wyatt Mathisen,47,3,7,5,1,14,0,5,7,5
MLB,2021,AZ,622065,Alex Young,4,0,0,0,0,0,0,0,0,4
MLB,2021,AZ,622492,Keury Mella,0,0,0,0,0,0,0,0,0,0
MLB,2021,AZ,641541,Jon Duplantier,2,0,0,0,0,0,0,0,0,2
MLB,2021,AZ,641796,Tim Locastro,124,55,12,3,0,2,2,6,31,13
MLB,2021,AZ,642092,Riley Smith,16,0,0,0,0,0,0,0,0,16
MLB,2021,AZ,642165,Josh VanMeter,307,47,55,31,0,39,33,43,12,47
MLB,2021,AZ,642203,Taylor Widener,17,0,0,0,0,0,0,0,0,17
MLB,2021,AZ,642736,Domingo Leyba,24,0,0,0,0,4,3,6,4,7
MLB,2021,AZ,650668,Humberto Mejía,7,0,0,0,0,0,0,0,0,7
MLB,2021,AZ,656266,J.B. Bukauskas,0,0,0,0,0,0,0,0,0,0
MLB,2021,AZ,656403,Drew Ellis,79,0,1,4,7,5,18,20,19,5
MLB,2021,AZ,656413,Stuart Fairchild,16,0,1,0,1,1,3,3,4,3
MLB,2021,AZ,656457,Tyler Gilbert,9,0,0,0,0,0,0,0,0,9
MLB,2021,AZ,656464,Kevin Ginkel,0,0,0,0,0,0,0,0,0,0
MLB,2021,AZ,656686,Corbin Martin,4,0,0,0,0,0,0,0,0,4
MLB,2021,AZ,656976,Pavin Smith,540,125,76,58,1,118,102,31,8,21
MLB,2021,AZ,661255,Yoan López,0,0,0,0,0,0,0,0,0,0
MLB,2021,AZ,662139,Daulton Varsho,314,12,5,55,0,12,25,68,113,24
MLB,2021,AZ,664092,Sean Poppen,0,0,0,0,0,0,0,0,0,0
MLB,2021,AZ,664199,Taylor Clarke,3,0,0,0,0,0,0,1,0,2
MLB,2021,AZ,664983,Jake McCarthy,67,0,0,0,0,0,0,22,29,16
MLB,2021,AZ,666179,Seth Beer,10,0,0,0,1,0,0,8,1,0
MLB,2021,AZ,666818,Luis Frías,0,0,0,0,0,0,0,0,0,0
MLB,2021,AZ,668678,Zac Gallen,33,0,0,0,0,0,0,0,0,33
MLB,2021,AZ,668942,Josh Rojas,542,325,53,20,7,15,25,32,51,14
MLB,2021,AZ,670084,Nick Heath,39,0,0,3,0,0,0,0,32,4
MLB,2021,AZ,670087,Brandyn Sittinger,0,0,0,0,0,0,0,0,0,0
MLB,2021,AZ,670370,Andrew Young,97,1,0,0,0,23,13,17,10,33
MLB,2021,AZ,672695,Geraldo Perdomo,37,0,1,0,0,0,0,0,36,0
MLB,2021,AZ,676840,Matt Peacock,17,1,0,0,0,0,0,0,0,16
MLB,2021,AZ,676969,Brett de Geus,0,0,0,0,0,0,0,0,0,0
MLB,2021,BAL,472551,Fernando Abad,0,0,0,0,0,0,0,0,0,0
MLB,2021,BAL,491624,César Valdez,0,0,0,0,0,0,0,0,0,0
MLB,2021,BAL,518774,Matt Harvey,5,0,0,0,0,0,0,0,0,5
MLB,2021,BAL,520471,Freddy Galvis,267,0,55,7,28,28,54,51,27,17
MLB,2021,BAL,542888,Shawn Armstrong,0,0,0,0,0,0,0,0,0,0
MLB,2021,BAL,547004,Rio Ruiz,99,0,0,0,0,22,11,35,21,10
MLB,2021,BAL,592644,Adam Plutko,0,0,0,0,0,0,0,0,0,0
MLB,2021,BAL,592859,Stevie Wilkerson,75,0,1,0,0,0,9,16,38,11
MLB,2021,BAL,595939,Chris Ellis,0,0,0,0,0,0,0,0,0,0
MLB,2021,BAL,596748,Maikel Franco,397,0,0,8,70,69,75,125,49,1
MLB,2021,BAL,600474,Pedro Severino,413,0,0,5,36,97,89,94,57,35
MLB,2021,BAL,602104,Ramón Urías,290,0,19,0,0,85,89,24,34,39
MLB,2021,BAL,605347,Jorge López,2,0,0,0,0,0,0,0,0,2
MLB,2021,BAL,607644,John Means,5,0,0,0,0,0,0,0,0,5
MLB,2021,BAL,621006,Richie Martin Jr.,102,0,1,0,0,1,0,16,15,69
MLB,2021,BAL,621098,Eric Hanhold,0,0,0,0,0,0,0,0,0,0
MLB,2021,BAL,621139,Brooks Kriske,0,0,0,0,0,0,0,0,0,0
MLB,2021,BAL,621466,DJ Stewart,314,6,8,30,67,98,63,16,18,8
MLB,2021,BAL,622253,Dillon Tate,0,0,0,0,0,0,0,0,0,0
MLB,2021,BAL,622761,Jorge Mateo,114,0,0,0,4,4,15,49,31,11
MLB,2021,BAL,623993,Anthony Santander,429,0,29,170,146,58,22,0,0,4
MLB,2021,BAL,624419,Nick Ciuffo,6,0,0,0,0,0,0,0,3,3
MLB,2021,BAL,641632,Conner Greene,0,0,0,0,0,0,0,0,0,0
MLB,2021,BAL,641820,Trey Mancini,607,0,195,304,93,12,1,1,0,1
MLB,2021,BAL,642082,Chance Sisco,71,0,0,0,1,0,3,0,43,24
MLB,2021,BAL,642121,Cole Sulser,0,0,0,0,0,0,0,0,0,0
MLB,2021,BAL,642162,Pat Valaika,275,0,4,0,5,0,24,55,97,90
MLB,2021,BAL,642721,Kelvin Gutiérrez,150,1,0,0,0,3,13,8,64,61
MLB,2021,BAL,642736,Domingo Leyba,71,0,0,0,0,0,12,30,12,17
MLB,2021,BAL,642851,Austin Wynns,138,0,0,0,1,2,0,1,31,103
MLB,2021,BAL,643316,Paul Fry,0,0,0,0,0,0,0,0,0,0
MLB,2021,BAL,650959,Marcos Diplán,0,0,0,0,0,0,0,0,0,0
MLB,2021,BAL,656775,Cedric Mullins,661,652,0,0,0,0,1,3,3,2
MLB,2021,BAL,656945,Tanner Scott,0,0,0,0,0,0,0,0,0,0
MLB,2021,BAL,663330,Jahmai Jones,71,0,1,0,0,2,9,15,32,12
MLB,2021,BAL,663527,Tyler Nevin,18,0,0,0,0,0,0,15,3,0
MLB,2021,BAL,663624,Ryan Mountcastle,575,0,172,64,183,52,65,37,0,2
MLB,2021,BAL,663630,Ryan McKenna,193,20,0,3,3,33,50,29,17,38
MLB,2021,BAL,664042,Travis Lakins,0,0,0,0,0,0,0,0,0,0
MLB,2021,BAL,664045,Thomas Eshelman,1,0,0,0,0,0,0,0,0,1
MLB,2021,BAL,669145,Bruce Zimmermann,4,0,0,0,0,0,0,0,0,4
MLB,2021,BAL,669211,Keegan Akin,2,0,0,0,0,0,0,0,0,2
MLB,2021,BAL,669330,Tyler Wells,0,0,0,0,0,0,0,0,0,0
MLB,2021,BAL,669720,Austin Hays,516,35,220,92,34,96,30,1,7,1
MLB,2021,BOS,493603,Adam Ottavino,0,0,0,0,0,0,0,0,0,0
MLB,2021,BOS,502110,J.D. Martinez,619,0,0,443,35,141,0,0,0,0
MLB,2021,BOS,503556,Marwin Gonzalez,259,34,0,0,0,5,81,83,39,17
MLB,2021,BOS,518489,Ryan Brasier,0,0,0,0,0,0,0,0,0,0
MLB,2021,BOS,519242,Chris Sale,1,0,0,0,0,0,0,0,0,1
MLB,2021,BOS,519443,Brandon Workman,0,0,0,0,0,0,0,0,0,0
MLB,2021,BOS,527048,Martín Pérez,3,0,0,0,0,0,0,0,0,3
MLB,2021,BOS,542454,Danny Santana,124,41,7,0,0,5,4,20,29,18
MLB,2021,BOS,542882,Matt Andriese,0,0,0,0,0,0,0,0,0,0
MLB,2021,BOS,543135,Nathan Eovaldi,3,0,0,0,0,0,0,0,0,3
MLB,2021,BOS,543768,Travis Shaw,47,1,0,2,1,1,8,4,18,12
MLB,2021,BOS,543877,Christian Vázquez,486,0,0,0,9,46,147,127,122,35
MLB,2021,BOS,570488,Phillips Valdez,0,0,0,0,0,0,0,0,0,0
MLB,2021,BOS,570663,Hansel Robles,0,0,0,0,0,0,0,0,0,0
MLB,2021,BOS,571771,Enrique Hernández,563,510,2,0,0,0,0,23,21,7
MLB,2021,BOS,572070,Garrett Richards,5,0,0,0,0,0,0,0,0,5
MLB,2021,BOS,578428,Jose Iglesias,62,1,0,0,0,3,0,2,9,47
MLB,2021,BOS,592669,Hunter Renfroe,560,10,77,14,3,107,183,111,52,3
MLB,2021,BOS,593428,Xander Bogaerts,588,0,0,197,390,0,0,0,1,0
MLB,2021,BOS,593958,Eduardo Rodriguez,6,0,0,0,0,0,0,0,0,6
MLB,2021,BOS,598264,Matt Barnes,0,0,0,0,0,0,0,0,0,0
MLB,2021,BOS,600301,Taylor Motter,7,5,0,0,0,0,0,0,2,0
MLB,2021,BOS,601713,Nick Pivetta,2,0,0,0,0,0,0,0,0,2
MLB,2021,BOS,605346,Jack López,14,0,0,0,0,0,0,0,13,1
MLB,2021,BOS,605441,Yacksel Ríos,0,0,0,0,0,0,0,0,0,0
MLB,2021,BOS,608700,Kevin Plawecki,169,0,2,0,1,7,37,42,40,40
MLB,2021,BOS,614173,Franchy Cordero,135,6,1,0,3,1,0,5,61,58
MLB,2021,BOS,617228,Hirokazu Sawamura,0,0,0,0,0,0,0,0,0,0
MLB,2021,BOS,622168,Yairo Muñoz,11,4,0,0,3,0,0,0,0,4
MLB,2021,BOS,624414,Christian Arroyo,170,40,6,2,1,0,7,72,13,29
MLB,2021,BOS,646240,Rafael Devers,647,0,101,33,206,306,0,0,1,0
MLB,2021,BOS,650382,Darwinzon Hernández,0,0,0,0,0,0,0,0,0,0
MLB,2021,BOS,656308,Michael Chavis,80,35,1,1,2,0,0,0,0,41
MLB,2021,BOS,656354,Austin Davis,1,0,1,0,0,0,0,0,0,0
MLB,2021,BOS,656557,Tanner Houck,1,0,0,0,0,0,0,0,0,1
MLB,2021,BOS,656941,Kyle Schwarber,167,28,98,0,8,0,31,1,0,1
MLB,2021,BOS,657031,Josh Taylor,0,0,0,0,0,0,0,0,0,0
MLB,2021,BOS,657077,Alex Verdugo,589,3,386,0,14,27,97,26,33,3
MLB,2021,BOS,657136,Connor Wong,14,0,0,2,0,0,1,0,0,11
MLB,2021,BOS,660620,Jonathan Araúz,73,1,0,3,3,0,0,0,5,61
MLB,2021,BOS,666915,Bobby Dalbec,443,0,1,0,4,8,52,94,119,165
MLB,2021,BOS,676477,Garrett Whitlock,2,0,0,0,0,0,0,0,0,2
MLB,2021,BOS,680776,Jarren Duran,108,11,40,0,0,0,0,13,28,16
MLB,2021,CHC,446653,Jose Lobatón,13,1,0,0,1,1,0,0,10,0
MLB,2021,CHC,453562,Jake Arrieta,21,0,0,0,0,0,0,0,0,21
MLB,2021,CHC,455139,Robinson Chirinos,106,2,0,0,2,17,6,47,13,19
MLB,2021,CHC,461865,Andrew Romine,64,0,0,0,0,0,10,2,29,23
MLB,2021,CHC,467008,Pedro Strop,0,0,0,0,0,0,0,0,0,0
MLB,2021,CHC,476594,Robert Stock,2,0,0,0,0,0,0,0,0,2
MLB,2021,CHC,502285,Tyler Ladendorf,1,0,0,0,0,0,0,0,0,1
MLB,2021,CHC,518792,Jason Heyward,346,0,0,2,4,44,155,123,9,9
MLB,2021,CHC,518886,Craig Kimbrel,1,0,0,0,0,0,0,0,0,1
MLB,2021,CHC,519203,Anthony Rizzo,359,19,24,196,118,0,0,0,0,2
MLB,2021,CHC,519222,Austin Romine,62,0,0,3,1,1,16,17,16,8
MLB,2021,CHC,519299,Eric Sogard,177,0,9,1,0,5,5,30,81,46
MLB,2021,CHC,519443,Brandon Workman,0,0,0,0,0,0,0,0,0,0
MLB,2021,CHC,542364,Rafael Ortega,321,220,2,1,2,6,44,12,8,26
MLB,2021,CHC,543294,Kyle Hendricks,54,0,0,0,0,0,0,0,0,54
MLB,2021,CHC,545121,Ildemaro Vargas,24,0,0,0,0,1,5,5,12,1
MLB,2021,CHC,545350,Jake Marisnick,134,2,1,2,0,22,32,36,15,24
MLB,2021,CHC,547172,Tony Wolters,29,2,2,0,0,0,0,0,16,9
MLB,2021,CHC,571521,Rex Brothers,2,0,1,0,0,0,0,0,0,1
MLB,2021,CHC,571946,Shelby Miller,0,0,0,0,0,0,0,0,0,0
MLB,2021,CHC,572193,Ryan Tepera,0,0,0,0,0,0,0,0,0,0
MLB,2021,CHC,572204,Trayce Thompson,32,1,0,1,0,8,5,9,7,1
MLB,2021,CHC,575929,Willson Contreras,465,136,131,17,87,82,2,1,3,6
MLB,2021,CHC,592094,Jason Adam,0,0,0,0,0,0,0,0,0,0
MLB,2021,CHC,592178,Kris Bryant,361,0,256,13,86,4,0,0,1,1
MLB,2021,CHC,592626,Joc Pederson,278,173,0,5,3,58,19,13,5,2
MLB,2021,CHC,592716,Adrian Sampson,7,0,0,0,0,0,0,0,0,7
MLB,2021,CHC,592858,Rowan Wick,0,0,0,0,0,0,0,0,0,0
MLB,2021,CHC,592866,Trevor Williams,19,0,0,0,0,0,0,0,0,19
MLB,2021,CHC,594986,Kyle Ryan,2,1,0,0,0,0,0,0,0,1
MLB,2021,CHC,595465,Dan Winkler,1,0,0,0,0,0,0,1,0,0
MLB,2021,CHC,595879,Javier Báez,350,0,0,153,108,36,46,0,0,7
MLB,2021,CHC,596027,Dillon Maples,0,0,0,0,0,0,0,0,0,0
MLB,2021,CHC,602080,Erick Castillo,7,3,0,0,0,0,0,0,3,1
MLB,2021,CHC,605177,Andrew Chafin,0,0,0,0,0,0,0,0,0,0
MLB,2021,CHC,605200,Zach Davies,34,0,0,0,0,0,0,1,0,33
MLB,2021,CHC,605361,Nick Martini,43,1,2,0,0,7,15,3,3,12
MLB,2021,CHC,605388,Adam Morgan,0,0,0,0,0,0,0,0,0,0
MLB,2021,CHC,621074,Michael Rucker,1,0,0,0,0,0,0,0,0,1
MLB,2021,CHC,621219,Alec Mills,31,0,0,0,1,0,0,0,0,30
MLB,2021,CHC,621550,Patrick Wisdom,370,4,17,50,125,90,51,21,2,10
MLB,2021,CHC,622110,Matt Duffy,311,30,16,20,39,109,31,33,5,28
MLB,2021,CHC,623364,Brad Wieck,0,0,0,0,0,0,0,0,0,0
MLB,2021,CHC,623508,Trent Giambrone,10,0,0,0,0,0,0,9,0,1
MLB,2021,CHC,623520,David Bote,318,4,7,21,9,86,53,80,41,17
MLB,2021,CHC,624522,Keegan Thompson,6,0,0,0,0,0,0,0,0,6
MLB,2021,CHC,640464,Kohl Stewart,3,0,0,0,0,0,0,0,0,3
MLB,2021,CHC,640470,Adbert Alzolay,32,0,0,0,0,0,0,0,0,32
MLB,2021,CHC,641561,Johneshwy Fargas,32,2,2,0,0,0,0,20,4,4
MLB,2021,CHC,641684,Michael Hermosillo,37,15,0,0,0,0,10,6,3,3
MLB,2021,CHC,642727,Sergio Alcántara,246,2,0,5,0,1,9,39,172,18
MLB,2021,CHC,643524,Frank Schwindel,235,0,202,0,12,4,15,0,0,2
MLB,2021,CHC,655889,Manuel Rodríguez,1,0,0,0,0,0,0,0,0,1
MLB,2021,CHC,656364,Greg Deichmann,30,0,0,2,1,9,3,6,4,5
MLB,2021,CHC,656494,Taylor Gushue,4,0,0,0,0,0,0,0,0,4
MLB,2021,CHC,656730,Trevor Megill,0,0,0,0,0,0,0,0,0,0
MLB,2021,CHC,657006,Justin Steele,13,0,0,0,0,0,0,0,0,13
MLB,2021,CHC,657228,Jake Jewell,1,0,0,0,0,0,0,0,0,1
MLB,2021,CHC,663538,Nico Hoerner,166,9,0,0,0,4,28,49,75,1
MLB,2021,CHC,663845,Alfonso Rivas III,48,0,0,0,0,4,20,15,4,5
MLB,2021,CHC,664023,Ian Happ,524,88,16,188,60,43,51,32,25,21
MLB,2021,CHC,664123,Scott Effross,0,0,0,0,0,0,0,0,0,0
MLB,2021,CHC,664682,Ryan Meisinger,0,0,0,0,0,0,0,0,0,0
MLB,2021,CHC,664731,P.J. Higgins,25,0,0,0,0,0,3,0,19,3
MLB,2021,CHC,667297,Tommy Nance,2,0,0,0,0,0,0,0,0,2
MLB,2021,CHC,676051,Codi Heuer,0,0,0,0,0,0,0,0,0,0
MLB,2021,CHC,676265,Cory Abbott,3,0,0,0,0,0,0,0,0,3
MLB,2021,CIN,448281,Sean Doolittle,0,0,0,0,0,0,0,0,0,0
MLB,2021,CIN,452678,Asdrúbal Cabrera,29,0,2,0,0,7,5,4,2,9
MLB,2021,CIN,458015,Joey Votto,522,0,12,108,334,65,1,0,1,1
MLB,2021,CIN,458677,Justin Wilson,0,0,0,0,0,0,0,0,0,0
MLB,2021,CIN,489119,Wade Miley,57,0,0,0,0,1,0,0,0,56
MLB,2021,CIN,502273,Mike Freeman,64,2,1,2,1,1,8,0,29,20
MLB,2021,CIN,519058,Mike Moustakas,201,0,0,3,50,116,19,2,1,10
MLB,2021,CIN,542960,Brad Brach,0,0,0,0,0,0,0,0,0,0
MLB,2021,CIN,543243,Sonny Gray,42,0,0,0,0,0,0,0,3,39
MLB,2021,CIN,547179,Michael Lorenzen,1,0,0,0,0,0,0,0,0,1
MLB,2021,CIN,553993,Eugenio Suárez,561,42,0,31,99,144,187,46,7,5
MLB,2021,CIN,570666,Luis Cessa,0,0,0,0,0,0,0,0,0,0
MLB,2021,CIN,571466,Tucker Barnhart,375,0,0,0,1,29,41,173,108,23
MLB,2021,CIN,571657,Kyle Farmer,504,6,17,35,10,49,135,85,155,12
MLB,2021,CIN,571710,Mychal Givens,0,0,0,0,0,0,0,0,0,0
MLB,2021,CIN,571980,Tyler Naquin,446,40,60,24,62,113,59,64,14,10
MLB,2021,CIN,592135,Cam Bedrosian,0,0,0,0,0,0,0,0,0,0
MLB,2021,CIN,592206,Nick Castellanos,569,0,145,423,0,0,0,0,0,1
MLB,2021,CIN,592254,José De León,4,0,0,0,0,0,1,0,0,3
MLB,2021,CIN,592261,Delino DeShields,56,0,0,0,0,0,5,18,27,6
MLB,2021,CIN,592390,Heath Hembree,1,0,0,0,0,0,0,0,0,1
MLB,2021,CIN,592612,Josh Osich,0,0,0,0,0,0,0,0,0,0
MLB,2021,CIN,592622,Mark Payton,24,1,3,2,0,1,2,1,2,12
MLB,2021,CIN,593140,Michael Feliz,0,0,0,0,0,0,0,0,0,0
MLB,2021,CIN,595798,R.J. Alaniz,1,0,0,0,0,0,0,0,0,1
MLB,2021,CIN,595981,Scott Heineman,33,0,0,0,4,2,1,13,4,9
MLB,2021,CIN,605521,Art Warren,0,0,0,0,0,0,0,0,0,0
MLB,2021,CIN,606157,Aristides Aquino,201,2,12,12,4,19,48,48,29,27
MLB,2021,CIN,607219,Sal Romano,2,0,0,1,0,0,0,0,0,1
MLB,2021,CIN,607237,Amir Garrett,0,0,0,0,0,0,0,0,0,0
MLB,2021,CIN,607468,Alex Blandino,78,9,3,2,5,4,10,1,15,29
MLB,2021,CIN,608334,Carson Fulmer,2,0,1,0,0,0,0,0,0,1
MLB,2021,CIN,608371,Lucas Sims,2,0,0,0,0,0,0,0,0,2
MLB,2021,CIN,608385,Jesse Winker,473,123,345,0,0,1,0,4,0,0
MLB,2021,CIN,621011,Max Schrock,133,7,44,0,0,13,11,13,27,18
MLB,2021,CIN,622088,Tejay Antone,4,0,0,0,0,0,1,1,0,2
MLB,2021,CIN,622491,Luis Castillo,50,0,0,0,0,0,0,0,5,45
MLB,2021,CIN,623485,Ashton Goudeau,0,0,0,0,0,0,0,0,0,0
MLB,2021,CIN,641682,Ryan Hendrix,1,0,0,0,0,0,0,0,0,1
MLB,2021,CIN,641816,Tyler Mahle,59,0,0,0,0,0,0,0,0,59
MLB,2021,CIN,656546,Jeff Hoffman,15,0,1,0,0,0,0,0,0,14
MLB,2021,CIN,658305,Edgar García,0,0,0,0,0,0,0,0,0,0
MLB,2021,CIN,661269,Vladimir Gutierrez,33,0,0,0,0,0,0,0,0,33
MLB,2021,CIN,663574,Tony Santillan,7,0,0,0,0,1,0,0,0,6
MLB,2021,CIN,663697,Jonathan India,600,447,0,1,0,0,32,57,54,9
MLB,2021,CIN,663886,Tyler Stephenson,391,0,72,51,110,54,23,27,25,29
MLB,2021,CIN,664294,Dauri Moreta,0,0,0,0,0,0,0,0,0,0
MLB,2021,CIN,664670,Alejo Lopez,21,7,2,1,0,1,5,0,1,4
MLB,2021,CIN,665665,Reiver Sanmartin,6,0,0,0,0,0,0,0,0,6
MLB,2021,CIN,669222,Nick Senzel,123,40,5,1,0,24,41,9,1,2
MLB,2021,CIN,670770,TJ Friedl,35,0,0,0,0,0,2,4,18,11
MLB,2021,CIN,672335,Cionel Pérez,2,1,0,0,0,0,0,0,0,1
MLB,2021,CIN,673451,Shogo Akiyama,174,5,2,5,1,17,5,26,67,46
MLB,2021,CIN,676480,José Barrero,53,0,0,0,0,4,7,24,13,5
MLB,2021,CLE,424144,Oliver Pérez,0,0,0,0,0,0,0,0,0,0
MLB,2021,CLE,425784,René Rivera,59,0,0,0,0,0,0,0,32,27
MLB,2021,CLE,453284,Blake Parker,0,0,0,0,0,0,0,0,0,0
MLB,2021,CLE,467092,Wilson Ramos,34,0,0,0,3,15,5,11,0,0
MLB,2021,CLE,514917,César Hernández,411,316,87,8,0,0,0,0,0,0
MLB,2021,CLE,543432,Ryan Lavarnway,29,0,0,0,0,0,4,7,17,1
MLB,2021,CLE,543766,Bryan Shaw,0,0,0,0,0,0,0,0,0,0
MLB,2021,CLE,547379,Roberto Pérez,158,0,0,0,0,2,11,55,90,0
MLB,2021,CLE,592325,Ben Gamel,17,15,0,0,0,0,1,0,0,1
MLB,2021,CLE,592696,Eddie Rosario,298,0,16,7,194,81,0,0,0,0
MLB,2021,CLE,595978,Austin Hedges,299,0,0,0,1,0,0,20,170,108
MLB,2021,CLE,605548,Bradley Zimmer,328,44,36,0,5,56,50,55,34,48
MLB,2021,CLE,608070,José Ramírez,621,0,0,620,0,0,1,0,0,0
MLB,2021,CLE,614177,Franmil Reyes,461,0,0,9,364,87,0,1,0,0
MLB,2021,CLE,615698,Cal Quantrill,2,0,0,0,0,0,0,0,0,2
MLB,2021,CLE,621295,Nick Wittgren,0,0,0,0,0,0,0,0,0,0
MLB,2021,CLE,623912,Harold Ramírez,350,0,0,4,41,148,135,18,1,3
MLB,2021,CLE,640458,Óscar Mercado,235,0,19,0,3,31,78,20,19,65
MLB,2021,CLE,641343,Jake Bauers,112,0,10,1,0,2,5,60,30,4
MLB,2021,CLE,642708,Amed Rosario,578,22,466,0,0,4,42,12,23,9
MLB,2021,CLE,644374,Yu Chang,246,0,0,1,0,15,71,68,56,35
MLB,2021,CLE,647304,Josh Naylor,245,0,0,0,0,31,127,84,0,3
MLB,2021,CLE,650496,J.C. Mejía,1,0,0,0,0,0,0,0,0,1
MLB,2021,CLE,650644,Aaron Civale,2,0,0,0,0,0,0,0,0,2
MLB,2021,CLE,656252,Bobby Bradley,270,0,1,17,32,156,35,23,5,1
MLB,2021,CLE,656529,Sam Hentges,1,0,0,0,0,0,0,0,0,1
MLB,2021,CLE,656669,Jordan Luplow,119,43,43,0,11,0,8,11,1,2
MLB,2021,CLE,661403,Emmanuel Clase,0,0,0,0,0,0,0,0,0,0
MLB,2021,CLE,663474,Triston McKenzie,2,0,0,0,0,0,0,0,0,2
MLB,2021,CLE,663531,Logan Allen,1,0,0,0,0,0,0,0,0,1
MLB,2021,CLE,663986,Trevor Stephan,0,0,0,0,0,0,0,0,0,0
MLB,2021,CLE,664208,Phil Maton,1,0,0,0,0,0,0,0,0,1
MLB,2021,CLE,664702,Myles Straw,268,258,0,0,0,6,0,1,3,0
MLB,2021,CLE,665926,Andrés Giménez,199,13,5,0,0,1,0,13,48,119
MLB,2021,CLE,669212,Eli Morgan,2,0,0,0,0,0,0,0,0,2
MLB,2021,CLE,669288,Daniel Johnson,81,8,5,0,1,1,4,27,12,23
MLB,2021,CLE,669456,Shane Bieber,6,0,0,0,0,0,0,0,0,6
MLB,2021,CLE,669459,Kyle Nelson,0,0,0,0,0,0,0,0,0,0
MLB,2021,CLE,675916,James Karinchak,0,0,0,0,0,0,0,0,0,0
MLB,2021,CLE,676391,Ernie Clement,128,0,1,1,0,0,8,10,10,98
MLB,2021,CLE,680704,Nick Sandlin,0,0,0,0,0,0,0,0,0,0
MLB,2021,CLE,680911,Owen Miller,197,2,6,0,0,4,43,106,33,3
MLB,2021,COL,453268,Daniel Bard,1,0,0,0,0,0,0,0,0,1
MLB,2021,COL,453568,Charlie Blackmon,568,17,3,271,214,42,11,1,1,8
MLB,2021,COL,468504,Jhoulys Chacín,6,0,0,0,0,0,0,0,0,6
MLB,2021,COL,543068,C.J. Cron,530,0,0,13,145,277,62,23,1,9
MLB,2021,COL,547004,Rio Ruiz,38,0,0,0,2,0,4,5,0,27
MLB,2021,COL,553869,Elias Díaz,368,1,5,1,7,35,57,119,133,10
MLB,2021,COL,571431,Matt Adams,40,0,0,0,0,10,16,0,3,11
MLB,2021,COL,571710,Mychal Givens,0,0,0,0,0,0,0,0,0,0
MLB,2021,COL,572008,Chris Owings,50,6,3,0,0,0,1,18,15,7
MLB,2021,COL,573127,Zac Rosscup,0,0,0,0,0,0,0,0,0,0
MLB,2021,COL,592346,Chi Chi González,32,0,0,0,0,0,0,0,0,32
MLB,2021,COL,592351,Jon Gray,47,0,0,0,0,0,0,0,0,47
MLB,2021,COL,596112,Robert Stephenson,0,0,0,0,0,0,0,0,0,0
MLB,2021,COL,596115,Trevor Story,579,0,66,313,198,0,0,0,0,2
MLB,2021,COL,596295,Austin Gomber,33,0,1,0,0,0,0,0,0,32
MLB,2021,COL,600301,Taylor Motter,22,0,0,0,0,0,0,9,4,9
MLB,2021,COL,602074,Yonathan Daza,322,0,117,0,0,9,69,63,31,33
MLB,2021,COL,606132,Raimel Tapia,527,447,34,0,0,0,11,14,6,15
MLB,2021,COL,607536,Kyle Freeland,35,0,0,0,0,0,0,0,0,35
MLB,2021,COL,608032,Carlos Estévez,0,0,0,0,0,0,0,0,0,0
MLB,2021,COL,608566,Germán Márquez,53,0,0,0,0,0,0,0,0,53
MLB,2021,COL,622075,Yency Almonte,3,0,0,0,0,0,0,0,0,3
MLB,2021,COL,622608,Antonio Senzatela,39,0,0,0,0,0,0,0,0,39
MLB,2021,COL,623485,Ashton Goudeau,6,0,0,0,0,0,0,0,0,6
MLB,2021,COL,624418,Ryan Castellani,1,0,0,0,0,0,0,0,0,1
MLB,2021,COL,624513,Dom Nuñez,262,0,0,0,0,0,5,19,224,14
MLB,2021,COL,641386,Ben Bowden,0,0,0,0,0,0,0,0,0,0
MLB,2021,COL,641658,Garrett Hampson,486,150,109,1,1,13,39,87,52,34
MLB,2021,COL,641755,Tyler Kinley,0,0,0,0,0,0,0,0,0,0
MLB,2021,COL,641857,Ryan McMahon,587,0,72,66,73,178,172,21,1,4
MLB,2021,COL,642068,Jordan Sheffield,0,0,0,0,0,0,0,0,0,0
MLB,2021,COL,642759,Julian Fernández,0,0,0,0,0,0,0,0,0,0
MLB,2021,COL,656458,Lucas Gilbreath,0,0,0,0,0,0,0,0,0,0
MLB,2021,COL,656541,Sam Hilliard,237,0,2,0,1,8,34,93,67,32
MLB,2021,COL,656582,Connor Joe,205,99,32,0,0,12,19,19,5,19
MLB,2021,COL,658069,Joshua Fuentes,283,0,9,3,14,41,77,82,32,25
MLB,2021,COL,663372,Ryan Feltner,1,0,0,0,0,0,0,0,0,1
MLB,2021,COL,663567,Peter Lambert,2,0,0,0,0,0,0,0,0,2
MLB,2021,COL,663898,Brendan Rodgers,406,5,250,15,9,31,53,37,1,5
MLB,2021,COL,664875,Justin Lawrence,0,0,0,0,0,0,0,0,0,0
MLB,2021,COL,665733,Antonio Santos,0,0,0,0,0,0,0,0,0,0
MLB,2021,COL,666213,Colton Welker,40,0,0,0,0,0,13,9,8,10
MLB,2021,COL,668723,Ryan Vilade,7,0,0,0,0,0,0,5,2,0
MLB,2021,COL,676701,Alan Trejo,49,0,1,1,1,0,0,4,28,14
MLB,2021,CWS,458681,Lance Lynn,5,0,0,0,0,0,0,0,0,5
MLB,2021,CWS,514917,César Hernández,215,34,61,0,0,0,4,17,41,58
MLB,2021,CWS,518735,Yasmani Grandal,366,0,15,9,105,98,124,14,1,0
MLB,2021,CWS,518886,Craig Kimbrel,0,0,0,0,0,0,0,0,0,0
MLB,2021,CWS,521230,Liam Hendriks,0,0,0,0,0,0,0,0,0,0
MLB,2021,CWS,544725,Leury García,456,20,18,4,0,18,88,112,158,38
MLB,2021,CWS,547989,José Abreu,627,0,0,409,218,0,0,0,0,0
MLB,2021,CWS,571718,Brian Goodwin,268,0,49,0,61,29,51,42,32,4
MLB,2021,CWS,571740,Billy Hamilton,131,1,8,0,3,6,7,25,41,40
MLB,2021,CWS,571875,Jake Lamb,130,1,26,2,4,14,19,44,16,4
MLB,2021,CWS,572193,Ryan Tepera,0,0,0,0,0,0,0,0,0,0
MLB,2021,CWS,572971,Dallas Keuchel,2,0,0,0,0,0,0,0,0,2
MLB,2021,CWS,594809,Adam Eaton,209,30,109,0,0,14,33,13,6,4
MLB,2021,CWS,606213,Yermín Mercedes,260,0,9,4,22,182,17,13,9,4
MLB,2021,CWS,607074,Carlos Rodón,3,0,0,0,0,0,0,0,0,3
MLB,2021,CWS,607481,Aaron Bummer,0,0,0,0,0,0,0,0,0,0
MLB,2021,CWS,608337,Lucas Giolito,4,0,0,0,0,0,0,0,0,4
MLB,2021,CWS,608384,Nick Williams,11,0,0,0,0,5,0,6,0,0
MLB,2021,CWS,614179,José Ruiz,1,0,0,0,0,0,0,0,0,1
MLB,2021,CWS,621114,Ryan Burr,0,0,0,0,0,0,0,0,0,0
MLB,2021,CWS,625643,Reynaldo López,0,0,0,0,0,0,0,0,0,0
MLB,2021,CWS,641313,Tim Anderson,549,549,0,0,0,0,0,0,0,0
MLB,2021,CWS,641470,Zack Collins,229,2,0,0,7,15,20,40,78,67
MLB,2021,CWS,641553,Adam Engel,134,0,46,0,0,21,17,24,23,3
MLB,2021,CWS,641582,Matt Foster,0,0,0,0,0,0,0,0,0,0
MLB,2021,CWS,650391,Eloy Jiménez,229,0,0,0,166,59,4,0,0,0
MLB,2021,CWS,656302,Dylan Cease,8,0,0,0,0,0,0,0,0,8
MLB,2021,CWS,656629,Michael Kopech,1,0,0,0,0,0,0,0,0,1
MLB,2021,CWS,656725,Alex McRae,0,0,0,0,0,0,0,0,0,0
MLB,2021,CWS,657757,Gavin Sheets,176,2,29,0,20,19,28,44,31,3
MLB,2021,CWS,660162,Yoán Moncada,604,0,136,247,68,91,62,0,0,0
MLB,2021,CWS,663611,Nick Madrigal,211,26,53,0,0,0,0,7,12,113
MLB,2021,CWS,663853,Romy Gonzalez,33,5,0,0,0,1,4,17,0,6
MLB,2021,CWS,664874,Seby Zavala,99,0,0,1,0,1,0,4,10,83
MLB,2021,CWS,664901,Danny Mendick,182,3,3,1,0,0,0,4,52,119
MLB,2021,CWS,669394,Jake Burger,42,0,1,0,0,0,10,13,16,2
MLB,2021,CWS,670768,Luis González,11,0,0,0,0,0,0,0,5,6
MLB,2021,CWS,673357,Luis Robert Jr.,289,60,131,4,0,19,15,60,0,0
MLB,2021,CWS,676051,Codi Heuer,0,0,0,0,0,0,0,0,0,0
MLB,2021,CWS,676979,Garrett Crochet,0,0,0,0,0,0,0,0,0,0
MLB,2021,CWS,683734,Andrew Vaughn,458,0,12,5,10,76,147,134,72,2
MLB,2021,DET,408234,Miguel Cabrera,512,1,0,150,360,0,0,0,1,0
MLB,2021,DET,467092,Wilson Ramos,126,0,0,13,32,16,22,28,15,0
MLB,2021,DET,502706,Derek Holland,0,0,0,0,0,0,0,0,0,0
MLB,2021,DET,503449,Wily Peralta,2,0,0,0,0,0,0,0,0,2
MLB,2021,DET,541640,Erasmo Ramírez,0,0,0,0,0,0,0,0,0,0
MLB,2021,DET,542585,José Cisnero,0,0,0,0,0,0,0,0,0,0
MLB,2021,DET,543257,Robbie Grossman,655,373,13,245,0,0,22,1,1,0
MLB,2021,DET,570632,José Ureña,1,0,0,0,0,0,0,0,0,1
MLB,2021,DET,570731,Jonathan Schoop,660,0,463,25,59,49,47,17,0,0
MLB,2021,DET,571510,Matthew Boyd,4,0,0,0,0,0,0,0,0,4
MLB,2021,DET,571800,Drew Hutchison,1,0,0,0,0,0,0,0,0,1
MLB,2021,DET,572863,Dustin Garneau,65,0,0,0,0,0,0,17,44,4
MLB,2021,DET,592348,Niko Goodrum,319,19,16,4,0,52,71,102,53,2
MLB,2021,DET,592444,JaCoby Jones,105,2,0,0,5,0,1,17,27,53
MLB,2021,DET,596057,Daniel Norris,0,0,0,0,0,0,0,0,0,0
MLB,2021,DET,600524,Renato Núñez,54,0,0,4,4,35,3,8,0,0
MLB,2021,DET,600869,Jeimer Candelario,622,0,72,190,115,233,12,0,0,0
MLB,2021,DET,600887,Miguel Del Pozo,0,0,0,0,0,0,0,0,0,0
MLB,2021,DET,605242,Michael Fulmer,0,0,0,0,0,0,0,0,0,0
MLB,2021,DET,605612,Harold Castro,329,0,70,8,2,20,112,63,27,27
MLB,2021,DET,606988,Grayson Greiner,81,0,0,0,1,0,0,7,43,30
MLB,2021,DET,606992,Eric Haase,377,0,0,15,62,117,127,41,12,3
MLB,2021,DET,608335,Kyle Funkhouser,0,0,0,0,0,0,0,0,0,0
MLB,2021,DET,608577,Nomar Mazara,180,0,0,0,28,78,44,15,12,3
MLB,2021,DET,615699,Jacob Robson,7,2,0,0,0,0,0,0,2,3
MLB,2021,DET,622682,Victor Reyes,217,8,0,3,0,2,11,48,54,91
MLB,2021,DET,641302,Tyler Alexander,2,0,0,0,0,0,0,0,0,2
MLB,2021,DET,641729,Joe Jiménez,0,0,0,0,0,0,0,0,0,0
MLB,2021,DET,642397,Gregory Soto,0,0,0,0,0,0,0,0,0,0
MLB,2021,DET,650489,Willi Castro,436,4,43,26,0,22,40,133,110,58
MLB,2021,DET,656290,Drew Carlton,0,0,0,0,0,0,0,0,0,0
MLB,2021,DET,656537,Derek Hill,149,27,7,0,1,0,1,0,15,98
MLB,2021,DET,656638,Alex Lange,0,0,0,0,0,0,0,0,0,0
MLB,2021,DET,663554,Casey Mize,3,0,0,0,0,0,0,0,0,3
MLB,2021,DET,663662,Daz Cameron,113,2,4,0,1,15,54,12,11,14
MLB,2021,DET,665621,Rony García,1,0,0,0,0,0,0,0,0,1
MLB,2021,DET,666159,Matt Manning,1,0,0,0,0,0,0,0,0,1
MLB,2021,DET,668670,Jake Rogers,124,1,0,0,0,0,0,0,29,94
MLB,2021,DET,668731,Akil Baddoo,458,283,9,0,1,10,16,40,59,40
MLB,2021,DET,669373,Tarik Skubal,2,0,0,0,0,0,0,0,0,2
MLB,2021,DET,670097,Zack Short,178,0,6,1,2,0,14,51,62,42
MLB,2021,DET,670623,Isaac Paredes,82,0,5,5,2,5,38,9,18,0
MLB,2021,HOU,425844,Zack Greinke,2,0,0,0,0,0,0,0,2,0
MLB,2021,HOU,455117,Martín Maldonado,420,1,0,0,0,0,0,4,48,367
MLB,2021,HOU,488726,Michael Brantley,502,10,399,69,8,0,9,4,0,3
MLB,2021,HOU,488771,Jason Castro,174,0,2,0,1,9,0,8,58,96
MLB,2021,HOU,493329,Yuli Gurriel,589,0,27,148,105,257,37,15,0,0
MLB,2021,HOU,501925,Joe Smith,0,0,0,0,0,0,0,0,0,0
MLB,2021,HOU,503556,Marwin Gonzalez,35,0,3,0,0,1,9,17,5,0
MLB,2021,HOU,514888,Jose Altuve,667,665,0,0,0,0,1,0,1,0
MLB,2021,HOU,519151,Ryan Pressly,0,0,0,0,0,0,0,0,0,0
MLB,2021,HOU,543606,Jake Odorizzi,1,0,0,0,0,0,0,0,0,1
MLB,2021,HOU,548384,Brooks Raley,0,0,0,0,0,0,0,0,0,0
MLB,2021,HOU,554340,Yimi García,0,0,0,0,0,0,0,0,0,0
MLB,2021,HOU,592773,Ryne Stanek,0,0,0,0,0,0,0,0,0,0
MLB,2021,HOU,596117,Garrett Stubbs,36,0,0,1,0,1,0,0,8,26
MLB,2021,HOU,596825,Robel García,114,8,6,6,1,3,5,30,26,29
MLB,2021,HOU,606160,Rafael Montero,0,0,0,0,0,0,0,0,0,0
MLB,2021,HOU,607111,Jacob Wilson,14,0,0,0,0,0,0,0,11,3
MLB,2021,HOU,608324,Alex Bregman,392,0,66,287,14,4,20,0,0,1
MLB,2021,HOU,608665,Kendall Graveman,0,0,0,0,0,0,0,0,0,0
MLB,2021,HOU,621008,Alex De Goti,7,0,0,0,0,0,0,7,0,0
MLB,2021,HOU,621043,Carlos Correa,630,15,49,92,70,217,184,3,0,0
MLB,2021,HOU,621121,Lance McCullers Jr.,4,0,0,0,0,0,0,0,0,4
MLB,2021,HOU,622100,Taylor Jones,106,1,3,3,2,0,15,44,31,7
MLB,2021,HOU,642130,Blake Taylor,0,0,0,0,0,0,0,0,0,0
MLB,2021,HOU,642350,Jose Siri,47,7,8,0,0,0,2,10,15,5
MLB,2021,HOU,647351,Abraham Toro,118,0,7,0,0,4,20,79,6,2
MLB,2021,HOU,649557,Aledmys Díaz,310,3,77,22,5,51,70,76,4,2
MLB,2021,HOU,650556,Bryan Abreu,0,0,0,0,0,0,0,0,0,0
MLB,2021,HOU,656232,Brandon Bielak,0,0,0,0,0,0,0,0,0,0
MLB,2021,HOU,656981,Peter Solomon,0,0,0,0,0,0,0,0,0,0
MLB,2021,HOU,657624,Josh James,0,0,0,0,0,0,0,0,0,0
MLB,2021,HOU,663656,Kyle Tucker,559,11,9,6,51,89,246,145,1,1
MLB,2021,HOU,664208,Phil Maton,0,0,0,0,0,0,0,0,0,0
MLB,2021,HOU,664285,Framber Valdez,4,0,0,0,0,0,0,0,0,4
MLB,2021,HOU,664299,Cristian Javier,0,0,0,0,0,0,0,0,0,0
MLB,2021,HOU,664353,José Urquidy,4,0,0,0,0,0,0,0,0,4
MLB,2021,HOU,664702,Myles Straw,363,28,19,0,0,0,0,23,265,28
MLB,2021,HOU,669008,Ronnie Dawson,6,0,0,0,0,0,2,0,4,0
MLB,2021,HOU,670541,Yordan Alvarez,587,0,8,84,430,45,15,1,3,1
MLB,2021,HOU,676694,Jake Meyers,156,0,5,0,0,0,4,44,82,21
MLB,2021,HOU,676801,Chas McCormick,309,11,51,2,5,2,35,135,61,7
MLB,2021,HOU,677651,Luis Garcia,6,0,0,0,0,0,0,0,0,6
MLB,2021,KC,429722,Ervin Santana,0,0,0,0,0,0,0,0,0,0
MLB,2021,KC,451584,Wade Davis,0,0,0,0,0,0,0,0,0,0
MLB,2021,KC,461872,Anthony Swarzak,0,0,0,0,0,0,0,0,0,0
MLB,2021,KC,467793,Carlos Santana,651,0,331,86,109,122,0,0,0,3
MLB,2021,KC,501985,Mike Minor,7,0,0,0,0,0,0,0,0,7
MLB,2021,KC,502481,Jarrod Dyson,128,0,2,2,6,5,7,41,40,25
MLB,2021,KC,518813,Greg Holland,0,0,0,0,0,0,0,0,0,0
MLB,2021,KC,521692,Salvador Perez,648,0,0,493,154,0,0,0,0,1
MLB,2021,KC,572191,Michael A. Taylor,516,0,0,0,0,16,77,177,234,12
MLB,2021,KC,593160,Whit Merrifield,704,704,0,0,0,0,0,0,0,0
MLB,2021,KC,593619,Domingo Tapia,0,0,0,0,0,0,0,0,0,0
MLB,2021,KC,593643,Hanser Alberto,245,7,3,1,4,29,23,61,85,32
MLB,2021,KC,595956,Cam Gallagher,120,0,1,9,2,0,0,1,51,56
MLB,2021,KC,596001,Jakob Junis,1,0,0,0,0,0,0,0,0,1
MLB,2021,KC,605130,Scott Barlow,0,0,0,0,0,0,0,0,0,0
MLB,2021,KC,606303,Joel Payamps,0,0,0,0,0,0,0,0,0,0
MLB,2021,KC,609275,Adalberto Mondesi,132,0,0,0,8,30,70,24,0,0
MLB,2021,KC,622092,Kyle Zimmer,0,0,0,0,0,0,0,0,0,0
MLB,2021,KC,622251,Josh Staumont,0,0,0,0,0,0,0,0,0,0
MLB,2021,KC,624585,Jorge Soler,346,0,26,0,113,139,38,26,4,0
MLB,2021,KC,641394,Jake Brentz,1,0,0,0,0,0,0,0,0,1
MLB,2021,KC,641531,Hunter Dozier,530,1,1,2,20,106,223,99,52,26
MLB,2021,KC,641745,Brad Keller,5,0,0,0,0,0,0,0,0,5
MLB,2021,KC,642721,Kelvin Gutiérrez,141,1,0,1,3,40,56,31,9,0
MLB,2021,KC,643217,Andrew Benintendi,529,0,110,85,196,84,17,30,4,3
MLB,2021,KC,643436,Ryan McBroom,9,1,1,0,0,0,0,1,3,3
MLB,2021,KC,656811,Ryan O'Hearn,249,2,2,2,36,60,68,58,12,9
MLB,2021,KC,656896,Emmanuel Rivera,98,0,0,0,0,4,24,10,31,29
MLB,2021,KC,658668,Edward Olivares,106,1,1,0,12,8,21,24,27,12
MLB,2021,KC,663460,Kris Bubic,5,0,0,0,0,0,0,0,0,5
MLB,2021,KC,663992,Richard Lovelady,0,0,0,0,0,0,0,0,0,0
MLB,2021,KC,664728,Kyle Isbel,83,2,3,0,1,0,0,32,27,18
MLB,2021,KC,665861,Sebastián Rivero,43,0,0,4,1,1,0,0,7,30
MLB,2021,KC,670032,Nicky Lopez,546,0,219,0,0,3,1,0,22,301
MLB,2021,KC,672578,Carlos Hernández,4,0,0,0,0,0,0,0,0,4
MLB,2021,KC,676604,Tyler Zuber,1,0,0,0,0,0,1,0,0,0
MLB,2021,LAA,405395,Albert Pujols,89,0,1,0,9,18,28,32,1,0
MLB,2021,LAA,435559,Kurt Suzuki,231,0,0,0,12,17,44,50,74,34
MLB,2021,LAA,445055,Jon Jay,14,0,0,3,0,0,0,0,7,4
MLB,2021,LAA,448855,Junior Guerra,2,0,0,0,0,0,0,0,0,2
MLB,2021,LAA,451594,Dexter Fowler,21,0,1,0,0,0,0,0,0,20
MLB,2021,LAA,453265,Tony Watson,1,1,0,0,0,0,0,0,0,0
MLB,2021,LAA,457708,Justin Upton,357,112,0,53,55,76,56,4,1,0
MLB,2021,LAA,460077,Drew Butera,32,0,0,0,0,0,0,0,12,20
MLB,2021,LAA,500779,Jose Quintana,0,0,0,0,0,0,0,0,0,0
MLB,2021,LAA,501571,Juan Lagares,321,2,1,0,23,21,12,77,105,80
MLB,2021,LAA,502171,Alex Cobb,1,0,0,0,0,0,0,0,1,0
MLB,2021,LAA,502593,Jake Petricka,0,0,0,0,0,0,0,0,0,0
MLB,2021,LAA,518553,Steve Cishek,0,0,0,0,0,0,0,0,0,0
MLB,2021,LAA,519326,Hunter Strickland,0,0,0,0,0,0,0,0,0,0
MLB,2021,LAA,543685,Anthony Rendon,246,0,5,128,105,8,0,0,0,0
MLB,2021,LAA,545358,Max Stassi,310,1,1,26,47,76,41,59,40,19
MLB,2021,LAA,545361,Mike Trout,144,0,5,139,0,0,0,0,0,0
MLB,2021,LAA,571760,Andrew Heaney,3,0,0,0,0,0,0,0,3,0
MLB,2021,LAA,572125,Sam Selman,0,0,0,0,0,0,0,0,0,0
MLB,2021,LAA,573109,AJ Ramos,0,0,0,0,0,0,0,0,0,0
MLB,2021,LAA,578428,Jose Iglesias,442,16,6,13,31,101,89,145,33,8
MLB,2021,LAA,592222,Alex Claudio,0,0,0,0,0,0,0,0,0,0
MLB,2021,LAA,594577,Mike Mayers,0,0,0,0,0,0,0,0,0,0
MLB,2021,LAA,594809,Adam Eaton,67,0,5,0,3,4,0,15,35,5
MLB,2021,LAA,594838,Phil Gosselin,369,6,25,153,86,39,22,10,24,4
MLB,2021,LAA,594988,Scott Schebler,34,1,1,3,1,0,15,0,13,0
MLB,2021,LAA,598287,Noé Ramirez,0,0,0,0,0,0,0,0,0,0
MLB,2021,LAA,605164,Dylan Bundy,4,1,1,0,0,0,0,0,2,0
MLB,2021,LAA,608686,Jack Mayfield,248,2,6,9,21,38,17,8,31,116
MLB,2021,LAA,621493,Taylor Ward,228,13,4,23,4,23,64,76,18,3
MLB,2021,LAA,621532,Anthony Bemboom,28,0,0,1,0,0,0,4,11,12
MLB,2021,LAA,623474,Jimmy Herget,0,0,0,0,0,0,0,0,0,0
MLB,2021,LAA,624586,James Hoyt,0,0,0,0,0,0,0,0,0,0
MLB,2021,LAA,628452,Raisel Iglesias,0,0,0,0,0,0,0,0,0,0
MLB,2021,LAA,642083,Aaron Slegers,0,0,0,0,0,0,0,0,0,0
MLB,2021,LAA,642136,Matt Thaiss,8,0,0,0,0,4,0,1,3,0
MLB,2021,LAA,642221,Kean Wong,62,4,9,2,1,0,6,7,18,15
MLB,2021,LAA,642545,Jaime Barria,3,0,0,0,0,0,0,0,3,0
MLB,2021,LAA,650671,José Quijada,0,0,0,0,0,0,0,0,0,0
MLB,2021,LAA,650859,Luis Rengifo,183,10,13,0,1,19,15,8,73,44
MLB,2021,LAA,656288,Griffin Canning,0,0,0,0,0,0,0,0,0,0
MLB,2021,LAA,660271,Shohei Ohtani,633,97,502,27,0,0,1,2,4,0
MLB,2021,LAA,660761,José Suarez,1,0,0,0,0,0,0,0,1,0
MLB,2021,LAA,661383,Oliver Ortega,0,0,0,0,0,0,0,0,0,0
MLB,2021,LAA,663776,Patrick Sandoval,4,0,0,0,0,0,0,0,4,0
MLB,2021,LAA,664058,David Fletcher,657,388,97,0,0,5,1,0,0,166
MLB,2021,LAA,665120,Jared Walsh,578,0,26,107,272,134,38,1,0,0
MLB,2021,LAA,666176,Jo Adell,138,0,0,5,10,39,40,16,22,6
MLB,2021,LAA,667674,Jack Kruger,0,0,0,0,0,0,0,0,0,0
MLB,2021,LAA,667725,Kyle Tyler,0,0,0,0,0,0,0,0,0,0
MLB,2021,LAA,669016,Brandon Marsh,256,64,5,0,0,24,71,73,19,0
MLB,2021,LAA,669735,Chris Rodriguez,0,0,0,0,0,0,0,0,0,0
MLB,2021,LAA,670351,Jose Rojas,183,14,3,3,0,9,81,28,31,14
MLB,2021,LAA,672282,Reid Detmers,2,0,0,0,0,0,0,0,2,0
MLB,2021,LAA,676050,Packy Naughton,1,0,0,0,0,0,0,0,1,0
MLB,2021,LAA,681806,Andrew Wantz,0,0,0,0,0,0,0,0,0,0
MLB,2021,LAA,681810,Austin Warren,0,0,0,0,0,0,0,0,0,0
MLB,2021,LAD,405395,Albert Pujols,197,0,10,12,75,18,26,25,8,23
MLB,2021,LAD,445276,Kenley Jansen,1,0,0,0,0,0,0,0,0,1
MLB,2021,LAD,453286,Max Scherzer,24,0,0,0,0,0,0,0,0,24
MLB,2021,LAD,456034,David Price,15,0,1,0,0,0,0,0,0,14
MLB,2021,LAD,457759,Justin Turner,587,0,58,393,67,41,16,2,0,10
MLB,2021,LAD,477132,Clayton Kershaw,37,0,0,0,0,1,1,0,0,35
MLB,2021,LAD,491703,Neftalí Feliz,0,0,0,0,0,0,0,0,0,0
MLB,2021,LAD,518397,Scott Alexander,0,0,0,0,0,0,0,0,0,0
MLB,2021,LAD,518858,Nate Jones,1,0,0,0,0,0,0,0,0,1
MLB,2021,LAD,519076,Jimmy Nelson,3,0,0,0,0,0,0,0,0,3
MLB,2021,LAD,519306,Steven Souza Jr.,34,0,0,0,0,0,11,11,5,7
MLB,2021,LAD,523260,Joe Kelly,3,0,0,0,0,0,0,0,0,3
MLB,2021,LAD,534812,Kevin Quackenbush,0,0,0,0,0,0,0,0,0,0
MLB,2021,LAD,542992,Andy Burns,14,0,0,0,1,6,0,4,0,3
MLB,2021,LAD,545333,Trevor Bauer,31,0,0,0,0,0,0,0,0,31
MLB,2021,LAD,571970,Max Muncy,572,0,313,39,128,66,23,1,0,2
MLB,2021,LAD,572041,AJ Pollock,411,5,15,13,15,77,111,129,37,9
MLB,2021,LAD,572888,Shane Greene,0,0,0,0,0,0,0,0,0,0
MLB,2021,LAD,592464,Mike Kickham,0,0,0,0,0,0,0,0,0,0
MLB,2021,LAD,595014,Blake Treinen,0,0,0,0,0,0,0,0,0,0
MLB,2021,LAD,596082,Jake Reed,0,0,0,0,0,0,0,0,0,0
MLB,2021,LAD,605131,Austin Barnes,216,1,1,2,1,3,9,17,156,26
MLB,2021,LAD,605141,Mookie Betts,526,468,1,51,0,0,0,1,0,5
MLB,2021,LAD,606162,Yefry Ramírez,1,0,0,1,0,0,0,0,0,0
MLB,2021,LAD,607208,Trea Turner,222,125,5,91,0,0,0,0,0,1
MLB,2021,LAD,607461,Matt Beaty,221,2,3,19,14,36,24,47,22,54
MLB,2021,LAD,607755,Andrew Vasquez,0,0,0,0,0,0,0,0,0,0
MLB,2021,LAD,608349,Corey Knebel,2,0,0,0,0,0,0,0,0,2
MLB,2021,LAD,608369,Corey Seager,401,0,231,1,93,68,5,0,0,3
MLB,2021,LAD,621035,Chris Taylor,566,105,29,43,4,94,206,71,8,6
MLB,2021,LAD,621111,Walker Buehler,74,0,0,0,0,0,0,0,0,74
MLB,2021,LAD,621458,Edwin Rios,58,0,3,0,0,5,11,9,16,14
MLB,2021,LAD,623465,Evan Phillips,3,0,0,0,0,0,0,0,1,2
MLB,2021,LAD,624647,Victor González,0,0,0,0,0,0,0,0,0,0
MLB,2021,LAD,628345,Darien Núñez,0,0,0,0,0,0,0,0,0,0
MLB,2021,LAD,628711,Julio Urías,57,0,0,0,0,0,0,0,0,57
MLB,2021,LAD,641355,Cody Bellinger,338,7,3,6,111,33,59,51,57,11
MLB,2021,LAD,641360,Phil Bickford,3,0,0,0,0,0,0,0,0,3
MLB,2021,LAD,641632,Conner Greene,0,0,0,0,0,0,0,0,0,0
MLB,2021,LAD,641856,Billy McKinney,96,0,9,0,0,0,0,26,43,18
MLB,2021,LAD,641914,Sheldon Neuse,66,0,2,5,0,2,6,24,10,17
MLB,2021,LAD,642073,James Sherfy,1,0,0,0,0,0,0,0,0,1
MLB,2021,LAD,642701,Dennis Santana,2,0,0,0,0,0,0,0,0,2
MLB,2021,LAD,656578,Andre Jackson,4,1,0,0,0,0,0,0,0,3
MLB,2021,LAD,656716,Zach McKinstry,165,0,1,2,4,0,21,45,66,26
MLB,2021,LAD,656847,DJ Peters,34,2,0,0,0,0,1,5,24,2
MLB,2021,LAD,660294,Yoshi Tsutsugo,31,0,0,2,4,0,0,11,9,5
MLB,2021,LAD,660688,Keibert Ruiz,7,0,2,0,0,1,0,0,1,3
MLB,2021,LAD,660813,Brusdar Graterol,2,0,0,0,0,0,0,0,1,1
MLB,2021,LAD,664062,Tony Gonsolin,17,0,0,0,0,0,0,0,0,17
MLB,2021,LAD,664076,Garrett Cleavinger,2,0,0,0,0,0,1,0,0,1
MLB,2021,LAD,666158,Gavin Lux,372,21,39,0,0,31,44,115,113,9
MLB,2021,LAD,669160,Dustin May,3,0,0,0,0,0,0,0,0,3
MLB,2021,LAD,669257,Will Smith,469,0,1,23,165,169,68,26,13,4
MLB,2021,LAD,669952,Mitch White,16,0,0,0,0,0,0,0,0,16
MLB,2021,LAD,670042,Luke Raley,68,0,0,0,0,0,8,18,32,10
MLB,2021,LAD,670955,Edwin Uceta,5,0,0,0,0,0,0,1,0,4
MLB,2021,LAD,676646,Zach Reks,10,0,0,2,0,0,0,3,2,3
MLB,2021,LAD,677865,Justin Bruihl,1,0,0,0,0,0,0,0,0,1
MLB,2021,LAD,680686,Josiah Gray,3,0,0,0,0,0,0,0,0,3
MLB,2021,LAD,681911,Alex Vesia,4,0,0,0,0,0,0,0,0,4
MLB,2021,MIA,446321,Ross Detwiler,3,0,0,0,0,0,0,0,0,3
MLB,2021,MIA,500743,Miguel Rojas,532,312,82,0,0,79,16,27,10,6
MLB,2021,MIA,506702,Sandy León,212,0,0,2,2,0,15,111,53,29
MLB,2021,MIA,516782,Starling Marte,262,0,244,16,0,0,0,0,0,2
MLB,2021,MIA,542583,Jesús Aguilar,492,0,107,308,45,19,1,0,1,11
MLB,2021,MIA,542914,Anthony Bass,0,0,0,0,0,0,0,0,0,0
MLB,2021,MIA,542932,Jon Berti,262,9,12,1,0,15,41,39,115,30
MLB,2021,MIA,542947,Richard Bleier,0,0,0,0,0,0,0,0,0,0
MLB,2021,MIA,543258,Preston Guilmet,0,0,0,0,0,0,0,0,0,0
MLB,2021,MIA,547001,Cody Poteet,10,0,0,0,0,0,0,0,1,9
MLB,2021,MIA,554340,Yimi García,0,0,0,0,0,0,0,0,0,0
MLB,2021,MIA,571479,Andrew Bellatti,0,0,0,0,0,0,0,0,0,0
MLB,2021,MIA,571670,Dylan Floro,0,0,0,0,0,0,0,0,0,0
MLB,2021,MIA,571918,Deven Marrero,19,2,0,0,0,0,3,0,11,3
MLB,2021,MIA,571951,Bryan Mitchell,0,0,0,0,0,0,0,0,0,0
MLB,2021,MIA,572816,Corey Dickerson,218,54,0,61,47,40,9,0,1,6
MLB,2021,MIA,592865,Taylor Williams,0,0,0,0,0,0,0,0,0,0
MLB,2021,MIA,594807,Adam Duvall,335,1,0,0,233,65,28,0,0,8
MLB,2021,MIA,595345,Steven Okert,2,0,0,0,0,0,0,0,0,2
MLB,2021,MIA,595453,Chad Wallach,63,0,0,0,0,0,0,22,39,2
MLB,2021,MIA,595751,Jorge Alfaro,303,4,1,14,23,17,87,115,30,12
MLB,2021,MIA,595928,John Curtiss,5,0,0,0,0,0,0,1,0,4
MLB,2021,MIA,596049,Shawn Morimando,2,0,0,0,1,0,0,0,0,1
MLB,2021,MIA,605119,Brian Anderson,259,0,0,13,13,196,35,0,0,2
MLB,2021,MIA,605276,David Hess,4,1,0,0,0,0,0,0,0,3
MLB,2021,MIA,605412,Joe Panik,131,2,0,0,1,9,58,22,18,21
MLB,2021,MIA,605507,Zach Thompson,15,0,0,0,0,0,0,0,0,15
MLB,2021,MIA,606336,Luis Marté,7,0,0,0,0,0,0,0,2,5
MLB,2021,MIA,621446,Lewis Brinson,287,0,0,27,82,83,39,31,11,14
MLB,2021,MIA,622694,Elieser Hernández,14,0,0,0,0,0,0,0,0,14
MLB,2021,MIA,641154,Pablo López,33,0,0,0,0,0,1,0,0,32
MLB,2021,MIA,641447,Daniel Castano,4,0,0,0,0,0,0,0,0,4
MLB,2021,MIA,642423,Magneuris Sierra,224,23,4,10,7,2,6,17,105,50
MLB,2021,MIA,643256,Adam Cimber,2,0,0,0,0,0,0,0,0,2
MLB,2021,MIA,643265,Garrett Cooper,242,0,8,110,79,9,18,5,0,13
MLB,2021,MIA,643493,Austin Pruitt,0,0,0,0,0,0,0,0,0,0
MLB,2021,MIA,645261,Sandy Alcantara,61,0,0,0,0,0,0,0,0,61
MLB,2021,MIA,647315,Zach Pop,1,0,0,0,0,0,0,0,0,1
MLB,2021,MIA,650331,Lewin Díaz,128,0,5,6,11,48,48,1,0,9
MLB,2021,MIA,650347,Luís Madero,1,0,0,0,0,0,0,0,0,1
MLB,2021,MIA,650559,Bryan De La Cruz,217,0,30,60,6,8,15,39,57,2
MLB,2021,MIA,656371,Isan Díaz,269,11,47,8,0,20,61,56,41,25
MLB,2021,MIA,656509,Monte Harrison,10,0,0,0,0,0,0,0,7,3
MLB,2021,MIA,656548,Jordan Holloway,10,0,1,0,0,0,0,0,0,9
MLB,2021,MIA,656577,Alex Jackson,119,0,3,0,1,0,11,64,28,12
MLB,2021,MIA,657193,Eddy Alvarez,68,0,4,0,0,4,3,13,44,0
MLB,2021,MIA,660422,Jorge Guzmán,0,0,0,0,0,0,0,0,0,0
MLB,2021,MIA,660821,Jesús Sánchez,247,0,0,34,114,21,77,0,0,1
MLB,2021,MIA,663734,Nick Neidert,12,0,0,0,0,0,0,0,0,12
MLB,2021,MIA,663743,Nick Fortes,34,0,0,0,0,7,4,20,0,3
MLB,2021,MIA,665795,Edward Cabrera,7,0,0,0,0,0,0,0,0,7
MLB,2021,MIA,665862,Jazz Chisholm Jr.,498,271,136,8,4,11,54,10,0,4
MLB,2021,MIA,666129,Braxton Garrett,11,0,0,0,0,1,0,0,0,10
MLB,2021,MIA,666200,Jesús Luzardo,18,0,0,0,0,0,0,0,0,18
MLB,2021,MIA,668721,Payton Henry,16,0,0,0,0,0,4,6,3,3
MLB,2021,MIA,669294,Paul Campbell,5,0,0,0,0,0,1,0,0,4
MLB,2021,MIA,669432,Trevor Rogers,44,0,0,0,0,0,0,0,0,44
MLB,2021,MIA,669622,Anthony Bender,2,0,0,0,0,0,0,1,0,1
MLB,2021,MIA,672701,José Devers,42,14,1,0,0,0,0,11,3,13
MLB,2021,MIA,674944,Sean Guenther,0,0,0,0,0,0,0,0,0,0
MLB,2021,MIA,675649,Brian Miller,11,4,0,0,0,0,0,0,6,1
MLB,2021,MIL,444489,Manny Piña,202,0,2,2,10,21,28,50,79,10
MLB,2021,MIL,446099,John Axford,0,0,0,0,0,0,0,0,0,0
MLB,2021,MIL,456715,Lorenzo Cain,283,26,58,6,4,17,57,31,66,18
MLB,2021,MIL,458676,Josh Lindblom,1,0,0,0,0,0,0,0,0,1
MLB,2021,MIL,474463,Brett Anderson,32,0,0,0,0,0,0,0,0,32
MLB,2021,MIL,500871,Eduardo Escobar,198,0,52,54,75,11,5,0,0,1
MLB,2021,MIL,502202,Brad Boxberger,0,0,0,0,0,0,0,0,0,0
MLB,2021,MIL,519326,Hunter Strickland,2,0,0,0,0,0,0,0,0,2
MLB,2021,MIL,519455,Jordan Zimmermann,1,0,0,0,0,0,0,0,0,1
MLB,2021,MIL,541645,Avisaíl García,499,0,0,85,293,84,22,3,0,12
MLB,2021,MIL,543278,Blaine Hardy,0,0,0,0,0,0,0,0,0,0
MLB,2021,MIL,543768,Travis Shaw,197,0,2,21,92,34,33,13,0,2
MLB,2021,MIL,543901,Ryan Weber,0,0,0,0,0,0,0,0,0,0
MLB,2021,MIL,543939,Kolten Wong,476,468,1,0,0,0,0,0,2,5
MLB,2021,MIL,553882,Omar Narváez,432,0,56,44,124,151,18,25,8,6
MLB,2021,MIL,571912,Luke Maile,33,0,0,1,0,1,1,0,24,6
MLB,2021,MIL,571948,Hoby Milner,2,0,0,0,0,1,0,0,0,1
MLB,2021,MIL,592885,Christian Yelich,469,4,87,343,20,4,0,1,4,6
MLB,2021,MIL,594311,Jandel Gustave,2,0,0,0,0,0,0,0,0,2
MLB,2021,MIL,595928,John Curtiss,0,0,0,0,0,0,0,0,0,0
MLB,2021,MIL,596057,Daniel Norris,2,0,0,0,0,0,0,0,0,2
MLB,2021,MIL,596129,Daniel Vogelbach,258,5,127,17,9,19,22,24,8,27
MLB,2021,MIL,598265,Jackie Bradley Jr.,415,37,1,7,3,45,16,77,206,23
MLB,2021,MIL,605233,Derek Fisher,8,0,1,0,0,0,4,0,0,3
MLB,2021,MIL,605288,Adrian Houser,44,0,0,0,0,0,0,0,0,44
MLB,2021,MIL,605540,Brandon Woodruff,55,0,0,0,0,0,0,0,0,55
MLB,2021,MIL,606115,Orlando Arcia,11,0,0,0,0,0,0,0,11,0
MLB,2021,MIL,607054,Jace Peterson,297,30,13,1,1,18,109,76,24,25
MLB,2021,MIL,607067,Colin Rea,2,0,0,0,0,0,0,0,0,2
MLB,2021,MIL,607219,Sal Romano,0,0,0,0,0,0,0,0,0,0
MLB,2021,MIL,608718,Brent Suter,4,0,1,0,0,0,0,1,0,2
MLB,2021,MIL,621002,Daniel Robertson,85,3,3,0,2,2,4,13,32,26
MLB,2021,MIL,621005,Tim Lopes,11,0,1,0,0,0,0,4,0,6
MLB,2021,MIL,621438,Tyrone Taylor,263,11,16,36,4,68,50,35,10,33
MLB,2021,MIL,622256,Patrick Weigel,0,0,0,0,0,0,0,0,0,0
MLB,2021,MIL,622569,Pablo Reyes,87,0,0,2,1,2,1,18,29,34
MLB,2021,MIL,622780,Angel Perdomo,0,0,0,0,0,0,0,0,0,0
MLB,2021,MIL,623352,Josh Hader,0,0,0,0,0,0,0,0,0,0
MLB,2021,MIL,623437,Justin Topa,1,0,0,0,0,0,0,0,0,1
MLB,2021,MIL,641360,Phil Bickford,0,0,0,0,0,0,0,0,0,0
MLB,2021,MIL,641778,Eric Lauer,29,0,0,0,0,0,0,0,0,29
MLB,2021,MIL,641856,Billy McKinney,99,3,4,0,1,5,38,25,6,17
MLB,2021,MIL,641924,Jacob Nottingham,14,0,0,0,0,0,0,0,12,2
MLB,2021,MIL,641999,Corey Ray,3,0,0,0,0,0,0,0,0,3
MLB,2021,MIL,642133,Rowdy Tellez,172,0,0,4,9,63,28,51,6,11
MLB,2021,MIL,642207,Devin Williams,0,0,0,0,0,0,0,0,0,0
MLB,2021,MIL,642233,Eric Yardley,0,0,0,0,0,0,0,0,0,0
MLB,2021,MIL,642547,Freddy Peralta,44,0,0,0,0,0,0,0,0,44
MLB,2021,MIL,642715,Willy Adames,412,0,221,78,17,22,40,29,3,2
MLB,2021,MIL,643327,Zack Godley,0,0,0,0,0,0,0,0,0,0
MLB,2021,MIL,649966,Luis Urías,553,134,37,1,4,57,146,86,76,12
MLB,2021,MIL,656420,J.P. Feyereisen,0,0,0,0,0,0,0,0,0,0
MLB,2021,MIL,656876,Drew Rasmussen,1,0,0,0,0,0,0,0,0,1
MLB,2021,MIL,664776,Jake Cousins,0,0,0,0,0,0,0,0,0,0
MLB,2021,MIL,666128,Mario Feliciano,1,0,0,0,0,0,0,0,0,1
MLB,2021,MIL,667376,Miguel Sánchez,1,0,0,0,0,0,0,0,0,1
MLB,2021,MIL,669203,Corbin Burnes,55,0,0,0,0,0,0,0,0,55
MLB,2021,MIL,669374,Keston Hiura,187,0,37,0,10,35,26,68,4,7
MLB,2021,MIL,670950,Trevor Richards,1,0,0,0,0,0,0,0,0,1
MLB,2021,MIL,676424,Alec Bettinger,1,0,0,0,0,0,0,0,0,1
MLB,2021,MIL,676879,Aaron Ashby,3,0,0,0,0,0,0,0,0,3
MLB,2021,MIN,443558,Nelson Cruz,331,0,0,194,132,0,0,0,0,5
MLB,2021,MIN,501381,Michael Pineda,3,0,0,0,0,0,0,0,0,3
MLB,2021,MIN,517008,Alex Colomé,0,0,0,0,0,0,0,0,0,0
MLB,2021,MIN,518626,Josh Donaldson,531,0,276,91,156,1,0,0,2,5
MLB,2021,MIN,543056,Danny Coulombe,1,0,0,0,0,0,0,0,0,1
MLB,2021,MIN,553902,Willians Astudillo,211,4,6,1,11,20,38,59,46,26
MLB,2021,MIN,570663,Hansel Robles,0,0,0,0,0,0,0,0,0,0
MLB,2021,MIN,573124,Taylor Rogers,0,0,0,0,0,0,0,0,0,0
MLB,2021,MIN,573204,Caleb Thielbar,0,0,0,0,0,0,0,0,0,0
MLB,2021,MIN,573668,Juan Minaya,0,0,0,0,0,0,0,0,0,0
MLB,2021,MIN,592743,Andrelton Simmons,444,0,0,0,0,0,1,1,129,313
MLB,2021,MIN,593871,Jorge Polanco,633,123,143,193,34,63,66,9,1,1
MLB,2021,MIN,593934,Miguel Sanó,529,3,2,5,64,135,213,88,15,4
MLB,2021,MIN,595375,JT Riddle,6,0,0,0,0,0,0,1,0,5
MLB,2021,MIN,595909,Jake Cave,174,3,10,1,0,8,28,42,43,39
MLB,2021,MIN,596146,Max Kepler,480,135,11,21,49,116,39,86,21,2
MLB,2021,MIN,607231,John Gant,0,0,0,0,0,0,0,0,0,0
MLB,2021,MIN,607457,Kyle Barraclough,0,0,0,0,0,0,0,0,0,0
MLB,2021,MIN,608648,Tyler Duffey,0,0,0,0,0,0,0,0,0,0
MLB,2021,MIN,608701,Rob Refsnyder,156,10,6,21,4,23,15,29,48,0
MLB,2021,MIN,621244,José Berríos,2,0,0,0,0,0,0,0,0,2
MLB,2021,MIN,621439,Byron Buxton,248,77,96,27,36,6,5,0,0,1
MLB,2021,MIN,624407,Tzu-Wei Lin,0,0,0,0,0,0,0,0,0,0
MLB,2021,MIN,624503,Nick Gordon,212,0,6,4,0,0,34,101,52,15
MLB,2021,MIN,628317,Kenta Maeda,3,0,0,0,0,0,0,0,0,3
MLB,2021,MIN,641598,Mitch Garver,238,20,10,18,60,34,52,26,11,7
MLB,2021,MIN,641927,Bailey Ober,2,0,0,0,0,0,0,0,0,2
MLB,2021,MIN,643377,Griffin Jax,3,0,0,0,0,0,0,0,0,3
MLB,2021,MIN,650333,Luis Arraez,471,306,5,3,37,51,14,11,20,24
MLB,2021,MIN,656212,Charlie Barnes,1,0,0,0,0,0,0,0,0,1
MLB,2021,MIN,657746,Joe Ryan,2,0,0,0,0,0,0,0,0,2
MLB,2021,MIN,660896,Jorge Alcala,0,0,0,0,0,0,0,0,0,0
MLB,2021,MIN,663366,Beau Burrows,0,0,0,0,0,0,0,0,0,0
MLB,2021,MIN,663616,Trevor Larnach,291,10,10,76,42,44,52,37,19,1
MLB,2021,MIN,663905,Travis Blankenhorn,0,0,0,0,0,0,0,0,0,0
MLB,2021,MIN,664054,Cody Stashak,0,0,0,0,0,0,0,0,0,0
MLB,2021,MIN,664247,Kyle Garlick,105,44,15,3,11,9,3,4,11,5
MLB,2021,MIN,665482,Gilberto Celestino,62,0,1,0,0,0,0,2,31,28
MLB,2021,MIN,666135,Alex Kirilloff,229,0,5,36,38,91,17,37,1,4
MLB,2021,MIN,666163,Ben Rortvedt,95,0,0,1,3,0,2,2,45,42
MLB,2021,MIN,667670,Brent Rooker,204,0,104,2,0,19,39,28,8,4
MLB,2021,MIN,677976,Randy Dobnak,0,0,0,0,0,0,0,0,0,0
MLB,2021,MIN,680777,Ryan Jeffers,289,0,0,0,0,53,34,62,101,39
MLB,2021,NYM,448179,Rich Hill,20,0,0,0,0,0,0,0,0,20
MLB,2021,NYM,457727,Cameron Maybin,31,0,0,13,0,4,0,3,11,0
MLB,2021,NYM,471911,Carlos Carrasco,15,0,0,0,0,0,0,0,0,15
MLB,2021,NYM,476454,Dellin Betances,0,0,0,0,0,0,0,0,0,0
MLB,2021,NYM,476594,Robert Stock,2,0,0,0,0,0,0,0,0,2
MLB,2021,NYM,488984,Tommy Hunter,1,0,0,0,0,0,0,0,1,0
MLB,2021,NYM,541600,Wilfredo Tovar,12,0,0,0,0,0,7,0,0,5
MLB,2021,NYM,542340,Jonathan Villar,500,213,0,0,0,16,92,149,12,18
MLB,2021,NYM,543272,Brad Hand,0,0,0,0,0,0,0,0,0,0
MLB,2021,NYM,543507,Trevor May,0,0,0,0,0,0,0,0,0,0
MLB,2021,NYM,543510,James McCann,407,0,0,44,5,73,51,64,156,14
MLB,2021,NYM,544727,Jeurys Familia,0,0,0,0,0,0,0,0,0,0
MLB,2021,NYM,546991,Albert Almora Jr.,54,2,3,0,0,1,1,8,26,13
MLB,2021,NYM,571901,Aaron Loup,0,0,0,0,0,0,0,0,0,0
MLB,2021,NYM,573186,Marcus Stroman,55,0,0,0,0,0,0,0,0,55
MLB,2021,NYM,592273,Brandon Drury,87,0,0,6,1,7,17,13,17,26
MLB,2021,NYM,592390,Heath Hembree,0,0,0,0,0,0,0,0,0,0
MLB,2021,NYM,592789,Noah Syndergaard,0,0,0,0,0,0,0,0,0,0
MLB,2021,NYM,592836,Taijuan Walker,48,0,0,0,0,0,0,0,1,47
MLB,2021,NYM,592863,Mason Williams,37,0,0,0,0,0,0,14,21,2
MLB,2021,NYM,592866,Trevor Williams,7,0,0,0,0,0,0,0,0,7
MLB,2021,NYM,594798,Jacob deGrom,33,0,0,0,0,0,0,0,7,26
MLB,2021,NYM,595191,Jerad Eickhoff,5,0,0,0,0,0,0,0,0,5
MLB,2021,NYM,595879,Javier Báez,180,0,0,33,31,93,21,0,0,2
MLB,2021,NYM,596019,Francisco Lindor,510,16,443,47,0,0,0,0,1,3
MLB,2021,NYM,596082,Jake Reed,1,0,0,0,0,0,0,0,0,1
MLB,2021,NYM,605204,J.D. Davis,203,0,0,6,63,56,48,14,0,16
MLB,2021,NYM,605501,Stephen Tarpley,0,0,0,0,0,0,0,0,0,0
MLB,2021,NYM,606299,José Peraza,151,6,0,0,0,1,21,46,29,48
MLB,2021,NYM,606930,Jacob Barnes,0,0,0,0,0,0,0,0,0,0
MLB,2021,NYM,606993,Jake Hager,8,1,0,3,0,1,0,0,1,2
MLB,2021,NYM,607043,Brandon Nimmo,379,338,31,0,0,0,0,0,6,4
MLB,2021,NYM,607229,Robert Gsellman,6,1,0,0,0,0,0,0,1,4
MLB,2021,NYM,607374,Nick Tropeano,1,0,0,0,0,0,0,0,0,1
MLB,2021,NYM,607455,Anthony Banda,1,0,0,0,1,0,0,0,0,0
MLB,2021,NYM,607625,Seth Lugo,1,0,0,0,0,0,0,0,0,1
MLB,2021,NYM,607680,Kevin Pillar,336,25,0,1,8,41,84,127,21,29
MLB,2021,NYM,612434,Miguel Castro,0,0,0,0,0,0,0,0,0,0
MLB,2021,NYM,621242,Edwin Díaz,0,0,0,0,0,0,0,0,0,0
MLB,2021,NYM,621261,Corey Oswalt,0,0,0,0,0,0,0,0,0,0
MLB,2021,NYM,621512,Tomás Nido,158,0,0,0,0,26,14,33,71,14
MLB,2021,NYM,622098,Drew Smith,1,0,0,0,0,0,0,0,0,1
MLB,2021,NYM,624413,Pete Alonso,621,0,128,143,349,0,0,1,0,0
MLB,2021,NYM,624424,Michael Conforto,465,0,14,168,52,110,102,12,2,5
MLB,2021,NYM,641384,Akeem Bostick,0,0,0,0,0,0,0,0,0,0
MLB,2021,NYM,641561,Johneshwy Fargas,21,0,0,0,0,0,3,6,6,6
MLB,2021,NYM,641645,Luis Guillorme,155,14,4,0,2,0,12,19,83,21
MLB,2021,NYM,641856,Billy McKinney,102,10,0,8,2,27,32,7,7,9
MLB,2021,NYM,642082,Chance Sisco,10,0,0,1,0,0,0,0,7,2
MLB,2021,NYM,642086,Dominic Smith,478,0,4,141,129,116,38,17,6,27
MLB,2021,NYM,643446,Jeff McNeil,415,82,58,56,0,64,67,59,17,12
MLB,2021,NYM,656731,Tylor Megill,29,0,0,0,0,0,0,0,0,29
MLB,2021,NYM,656849,David Peterson,16,0,0,0,0,0,0,0,2,14
MLB,2021,NYM,656887,Sean Reid-Foley,2,0,0,0,0,0,0,0,1,1
MLB,2021,NYM,657141,Jordan Yamamoto,2,0,0,0,0,0,0,0,0,2
MLB,2021,NYM,657610,Trevor Hildenberger,0,0,0,0,0,0,0,0,0,0
MLB,2021,NYM,660546,Yennsy Díaz,1,0,0,0,1,0,0,0,0,0
MLB,2021,NYM,663378,Thomas Szapucki,1,0,0,0,0,0,0,1,0,0
MLB,2021,NYM,663905,Travis Blankenhorn,24,1,3,1,0,0,1,4,0,14
MLB,2021,NYM,664129,Geoff Hartlieb,0,0,0,0,0,0,0,0,0,0
MLB,2021,NYM,664192,Joey Lucchesi,11,0,0,0,0,0,0,0,0,11
MLB,2021,NYM,664850,Patrick Mazeika,83,3,0,0,1,0,2,4,64,9
MLB,2021,NYM,666137,Khalil Lee,18,0,0,0,2,0,0,5,10,1
MLB,2021,NYM,668665,Stephen Nogosek,1,0,0,0,0,0,0,0,0,1
MLB,2021,NYY,446372,Corey Kluber,2,0,0,0,0,0,0,0,0,2
MLB,2021,NYY,457803,Jay Bruce,39,0,0,0,0,8,13,8,4,6
MLB,2021,NYY,458731,Brett Gardner,444,38,61,15,2,4,48,59,72,145
MLB,2021,NYY,476595,Lucas Luetge,0,0,0,0,0,0,0,0,0,0
MLB,2021,NYY,502154,Zack Britton,0,0,0,0,0,0,0,0,0,0
MLB,2021,NYY,518934,DJ LeMahieu,667,651,5,0,0,9,0,0,2,0
MLB,2021,NYY,519203,Anthony Rizzo,189,4,123,23,17,20,0,0,1,1
MLB,2021,NYY,519317,Giancarlo Stanton,570,0,167,13,330,56,2,0,0,2
MLB,2021,NYY,534606,Ryan LaMarre,23,0,1,0,0,0,1,0,16,5
MLB,2021,NYY,542963,Rob Brantly,20,0,0,0,3,0,8,0,0,9
MLB,2021,NYY,543305,Aaron Hicks,122,4,0,47,0,9,41,20,0,1
MLB,2021,NYY,543309,Kyle Higashioka,210,0,0,0,0,0,7,12,131,60
MLB,2021,NYY,547973,Aroldis Chapman,0,0,0,0,0,0,0,0,0,0
MLB,2021,NYY,570257,Joely Rodríguez,0,0,0,0,0,0,0,0,0,0
MLB,2021,NYY,570482,Gio Urshela,440,0,0,0,135,60,63,80,63,39
MLB,2021,NYY,570666,Luis Cessa,0,0,0,0,0,0,0,0,0,0
MLB,2021,NYY,571760,Andrew Heaney,1,0,0,0,0,0,0,0,0,1
MLB,2021,NYY,572228,Luke Voit,234,13,40,19,3,102,42,5,4,6
MLB,2021,NYY,592450,Aaron Judge,625,0,241,377,0,1,0,0,0,6
MLB,2021,NYY,592791,Jameson Taillon,2,0,0,0,0,0,0,0,0,2
MLB,2021,NYY,593334,Domingo Germán,2,0,0,0,0,0,0,0,0,2
MLB,2021,NYY,593974,Wandy Peralta,0,0,0,0,0,0,0,0,0,0
MLB,2021,NYY,596059,Rougned Odor,347,0,12,44,22,18,113,74,23,41
MLB,2021,NYY,596142,Gary Sánchez,433,0,0,80,35,52,80,131,41,14
MLB,2021,NYY,605280,Clay Holmes,0,0,0,0,0,0,0,0,0,0
MLB,2021,NYY,608336,Joey Gallo,225,0,28,17,72,88,20,0,0,0
MLB,2021,NYY,609280,Miguel Andujar,161,0,0,0,0,0,10,83,65,3
MLB,2021,NYY,623205,Andrew Velazquez,68,0,0,0,0,0,1,15,22,30
MLB,2021,NYY,640449,Clint Frazier,215,2,2,1,0,12,26,70,54,48
MLB,2021,NYY,641482,Nestor Cortes,1,0,0,0,0,0,0,0,0,1
MLB,2021,NYY,641505,Jonathan Davis,18,0,0,0,0,1,1,0,8,8
MLB,2021,NYY,641796,Tim Locastro,22,0,0,0,0,0,0,0,5,17
MLB,2021,NYY,642180,Tyler Wade,140,3,1,0,0,6,2,1,44,83
MLB,2021,NYY,642528,Jonathan Loáisiga,0,0,0,0,0,0,0,0,0,0
MLB,2021,NYY,643338,Chad Green,0,0,0,0,0,0,0,0,0,0
MLB,2021,NYY,643565,Mike Tauchman,15,0,1,0,0,0,0,1,4,9
MLB,2021,NYY,645801,Mike Ford,71,0,1,1,5,14,26,13,10,1
MLB,2021,NYY,650402,Gleyber Torres,506,21,24,54,48,193,130,26,8,2
MLB,2021,NYY,650633,Michael King,0,0,0,0,0,0,0,0,0,0
MLB,2021,NYY,656061,Albert Abreu,0,0,0,0,0,0,0,0,0,0
MLB,2021,NYY,656185,Greg Allen,39,0,0,0,0,0,3,12,4,20
MLB,2021,NYY,656467,Chris Gittens,40,1,0,0,0,4,8,12,12,3
MLB,2021,NYY,656756,Jordan Montgomery,4,0,0,0,0,0,0,0,0,4
MLB,2021,NYY,657376,Clarke Schmidt,2,0,0,0,0,0,0,0,0,2
MLB,2021,NYY,660829,Hoy Park,1,0,0,0,0,0,0,0,0,1
MLB,2021,NYY,664011,Trey Amburgey,4,0,0,0,0,0,2,0,2,0
MLB,2021,NYY,664314,Estevan Florial,25,0,0,0,0,0,0,0,17,8
MLB,2021,OAK,433589,Yusmeiro Petit,0,0,0,0,0,0,0,0,0,0
MLB,2021,OAK,462101,Elvis Andrus,528,0,73,0,0,0,0,57,139,259
MLB,2021,OAK,476704,Jed Lowrie,506,0,77,68,160,102,83,2,5,9
MLB,2021,OAK,489265,Sergio Romo,0,0,0,0,0,0,0,0,0,0
MLB,2021,OAK,500610,Deolis Guerra,0,0,0,0,0,0,0,0,0,0
MLB,2021,OAK,501981,Khris Davis,53,0,2,0,3,7,2,31,8,0
MLB,2021,OAK,516782,Starling Marte,245,0,245,0,0,0,0,0,0,0
MLB,2021,OAK,518617,Jake Diekman,1,0,0,0,0,0,0,0,0,1
MLB,2021,OAK,518902,Pete Kozma,12,0,0,0,0,0,0,0,0,12
MLB,2021,OAK,519048,Mitch Moreland,247,0,7,0,68,49,75,25,14,9
MLB,2021,OAK,543228,Yan Gomes,137,0,0,0,32,37,21,14,24,9
MLB,2021,OAK,543281,Josh Harrison,191,122,0,0,0,34,12,23,0,0
MLB,2021,OAK,572039,Stephen Piscotty,186,0,2,0,2,2,60,71,47,2
MLB,2021,OAK,572143,Burch Smith,0,0,0,0,0,0,0,0,0,0
MLB,2021,OAK,592135,Cam Bedrosian,0,0,0,0,0,0,0,0,0,0
MLB,2021,OAK,592192,Mark Canha,596,452,10,0,38,39,46,11,0,0
MLB,2021,OAK,592473,Adam Kolarek,0,0,0,0,0,0,0,0,0,0
MLB,2021,OAK,593423,Frankie Montas,4,0,0,0,0,0,0,0,0,4
MLB,2021,OAK,605135,Chris Bassitt,2,0,0,0,0,0,0,0,0,2
MLB,2021,OAK,605177,Andrew Chafin,0,0,0,0,0,0,0,0,0,0
MLB,2021,OAK,605244,Aramis Garcia,89,0,0,0,0,2,0,8,12,67
MLB,2021,OAK,605353,Vimael Machín,35,1,0,0,0,0,1,0,14,19
MLB,2021,OAK,605525,J.B. Wendelken,0,0,0,0,0,0,0,0,0,0
MLB,2021,OAK,607111,Jacob Wilson,7,0,0,0,0,0,0,0,2,5
MLB,2021,OAK,607179,Jordan Weems,0,0,0,0,0,0,0,0,0,0
MLB,2021,OAK,608344,Cole Irvin,5,0,0,0,0,0,0,0,0,5
MLB,2021,OAK,621076,James Kaprielian,3,0,0,0,0,0,0,0,0,3
MLB,2021,OAK,621450,Skye Bolt,57,1,3,0,0,2,0,6,18,27
MLB,2021,OAK,621566,Matt Olson,653,0,24,510,114,5,0,0,0,0
MLB,2021,OAK,640455,Sean Manaea,4,0,0,0,0,0,0,0,0,4
MLB,2021,OAK,640461,Chad Pinder,230,4,21,4,20,58,24,47,40,12
MLB,2021,OAK,642152,Lou Trivino III,0,0,0,0,0,0,0,0,0,0
MLB,2021,OAK,642456,Luis Barrera,8,1,0,1,0,0,0,0,3,3
MLB,2021,OAK,643393,Tony Kemp,382,73,43,0,6,10,9,53,93,95
MLB,2021,OAK,643524,Frank Schwindel,20,0,0,1,0,4,0,1,7,7
MLB,2021,OAK,656305,Matt Chapman,609,0,66,4,117,181,133,86,21,1
MLB,2021,OAK,657656,Ramón Laureano,368,53,107,90,60,37,14,7,0,0
MLB,2021,OAK,664119,Austin Allen,8,0,0,0,1,1,0,0,2,4
MLB,2021,OAK,664789,Ka'ai Tom,16,0,0,0,0,1,0,7,2,6
MLB,2021,OAK,664913,Seth Brown,304,0,32,2,21,29,63,78,66,13
MLB,2021,OAK,666200,Jesús Luzardo,1,0,0,0,0,0,0,0,0,1
MLB,2021,OAK,669221,Sean Murphy,433,0,0,8,31,62,110,112,104,6
MLB,2021,PHI,445213,Brandon Kintzler,0,0,0,0,0,0,0,0,0,0
MLB,2021,PHI,453178,Ian Kennedy,0,0,0,0,0,0,0,0,0,0
MLB,2021,PHI,457705,Andrew McCutchen,563,190,6,10,148,112,88,1,2,6
MLB,2021,PHI,459964,Matt Joyce,67,16,9,2,1,2,6,3,5,23
MLB,2021,PHI,491703,Neftalí Feliz,0,0,0,0,0,0,0,0,0,0
MLB,2021,PHI,502043,Kyle Gibson,27,0,0,0,0,0,0,0,0,27
MLB,2021,PHI,502624,Chase Anderson,11,0,0,0,0,0,0,0,0,11
MLB,2021,PHI,516416,Jean Segura,553,151,326,9,0,0,26,37,0,4
MLB,2021,PHI,519043,Matt Moore,19,0,0,0,0,0,2,0,0,17
MLB,2021,PHI,520471,Freddy Galvis,116,14,0,0,0,0,39,23,34,6
MLB,2021,PHI,543543,Brad Miller,376,14,35,11,20,122,59,62,8,45
MLB,2021,PHI,544369,Didi Gregorius,393,0,0,0,34,134,136,88,0,1
MLB,2021,PHI,546318,Odúbel Herrera,479,287,13,0,5,11,26,42,80,15
MLB,2021,PHI,547180,Bryce Harper,588,0,0,530,56,0,0,0,2,0
MLB,2021,PHI,554430,Zack Wheeler,68,0,0,0,0,0,0,0,0,68
MLB,2021,PHI,571735,David Hale,0,0,0,0,0,0,0,0,0,0
MLB,2021,PHI,591720,Ronald Torreyes,337,0,7,0,2,2,22,133,141,30
MLB,2021,PHI,592135,Cam Bedrosian,0,0,0,0,0,0,0,0,0,0
MLB,2021,PHI,592663,J.T. Realmuto,524,8,122,65,291,27,2,3,4,2
MLB,2021,PHI,592826,Vince Velasquez,23,0,1,0,0,0,0,0,0,22
MLB,2021,PHI,593528,Jorge Bonifacio,12,0,0,0,0,7,3,0,0,2
MLB,2021,PHI,593576,Héctor Neris,1,0,0,0,0,0,0,0,0,1
MLB,2021,PHI,595284,Andrew Knapp,155,2,7,1,3,0,14,62,53,13
MLB,2021,PHI,596451,Roman Quinn,58,4,0,0,0,0,1,5,38,10
MLB,2021,PHI,600944,David Paulino,0,0,0,0,0,0,0,0,0,0
MLB,2021,PHI,605151,Archie Bradley,1,0,0,0,0,0,1,0,0,0
MLB,2021,PHI,605400,Aaron Nola,55,0,1,0,0,0,0,0,0,54
MLB,2021,PHI,608671,Travis Jankowski,153,19,10,3,2,3,10,11,60,35
MLB,2021,PHI,621107,Zach Eflin,30,0,0,0,0,0,0,0,0,30
MLB,2021,PHI,621237,José Alvarado,0,0,0,0,0,0,0,0,0,0
MLB,2021,PHI,622554,Seranthony Domínguez,0,0,0,0,0,0,0,0,0,0
MLB,2021,PHI,624133,Ranger Suarez,17,0,0,0,0,0,0,0,0,17
MLB,2021,PHI,641401,Connor Brogdon,0,0,0,0,0,0,0,0,0,0
MLB,2021,PHI,650911,Cristopher Sánchez,0,0,0,0,0,0,0,0,0,0
MLB,2021,PHI,656322,Sam Coonrod,1,0,0,0,0,0,0,0,0,1
MLB,2021,PHI,656514,Adam Haseley,21,0,0,0,0,0,0,0,18,3
MLB,2021,PHI,656555,Rhys Hoskins,436,2,163,63,86,84,29,7,0,2
MLB,2021,PHI,658431,Adonis Medina,1,0,0,0,0,0,0,0,0,1
MLB,2021,PHI,660853,Enyel De Los Santos,0,0,0,0,0,0,0,0,0,0
MLB,2021,PHI,661440,Mauricio Llovera,0,0,0,0,0,0,0,0,0,0
MLB,2021,PHI,663559,Bailey Falter,5,0,0,0,0,0,0,0,0,5
MLB,2021,PHI,663837,Matt Vierling,75,14,0,1,0,5,19,8,11,17
MLB,2021,PHI,663897,Luke Williams,108,8,2,1,0,5,20,25,25,22
MLB,2021,PHI,664068,Scott Kingery,19,1,0,2,0,0,3,0,3,10
MLB,2021,PHI,664761,Alec Bohm,411,0,17,0,26,152,114,77,10,15
MLB,2021,PHI,665155,Nick Maton,127,0,1,0,2,2,17,37,47,21
MLB,2021,PHI,665561,Rafael Marchán,56,0,0,1,1,2,5,0,46,1
MLB,2021,PHI,665759,Ramón Rosso,0,0,0,0,0,0,0,0,0,0
MLB,2021,PHI,666160,Mickey Moniak,36,0,0,0,0,0,0,8,19,9
MLB,2021,PHI,668941,JoJo Romero,0,0,0,0,0,0,0,0,0,0
MLB,2021,PHI,668968,Hans Crouse,1,0,0,0,0,0,0,0,0,1
MLB,2021,PHI,670456,JD Hammer,1,0,0,0,0,0,0,0,0,1
MLB,2021,PHI,675921,Spencer Howard,6,0,0,0,0,0,0,0,0,6
MLB,2021,PHI,675971,Kyle Dohy,0,0,0,0,0,0,0,0,0,0
MLB,2021,PHI,676103,Damon Jones,0,0,0,0,0,0,0,0,0,0
MLB,2021,PIT,453943,Todd Frazier,38,0,0,0,12,0,11,12,0,3
MLB,2021,PIT,502239,Trevor Cahill,9,0,0,0,0,0,0,0,0,9
MLB,2021,PIT,542881,Tyler Anderson,37,0,0,0,0,0,0,0,0,37
MLB,2021,PIT,543089,Taylor Davis,6,0,0,0,0,0,0,0,6,0
MLB,2021,PIT,545121,Ildemaro Vargas,13,0,0,0,0,2,4,0,3,4
MLB,2021,PIT,546990,Anthony Alford,145,0,0,0,3,32,23,31,41,15
MLB,2021,PIT,570256,Gregory Polanco,372,0,1,4,70,75,166,43,0,13
MLB,2021,PIT,570481,Erik González,225,4,8,8,4,84,50,31,14,22
MLB,2021,PIT,571946,Shelby Miller,1,0,0,1,0,0,0,0,0,0
MLB,2021,PIT,592325,Ben Gamel,373,54,23,11,62,75,63,48,21,16
MLB,2021,PIT,592567,Colin Moran,354,0,4,12,321,0,2,2,2,11
MLB,2021,PIT,592741,Chasen Shreve,0,0,0,0,0,0,0,0,0,0
MLB,2021,PIT,593140,Michael Feliz,0,0,0,0,0,0,0,0,0,0
MLB,2021,PIT,593144,Richard Rodríguez,0,0,0,0,0,0,0,0,0,0
MLB,2021,PIT,594694,Wilmer Difo,239,5,29,0,3,14,68,35,12,73
MLB,2021,PIT,595943,Phillip Evans,239,6,80,17,19,43,14,18,18,24
MLB,2021,PIT,596056,John Nogowski,122,0,0,0,32,82,0,3,0,5
MLB,2021,PIT,596071,Dillon Peters,6,0,0,0,0,0,0,0,0,6
MLB,2021,PIT,605195,Kyle Crick,0,0,0,0,0,0,0,0,0,0
MLB,2021,PIT,605280,Clay Holmes,1,0,0,0,0,0,0,0,0,1
MLB,2021,PIT,605421,Michael Pérez,229,1,1,0,1,0,21,72,124,9
MLB,2021,PIT,607455,Anthony Banda,0,0,0,0,0,0,0,0,0,0
MLB,2021,PIT,607572,Sam Howard,0,0,0,0,0,0,0,0,0,0
MLB,2021,PIT,607732,Jacob Stallings,420,0,0,9,93,183,58,60,13,4
MLB,2021,PIT,608328,Chase De Jong,12,0,0,0,0,0,0,0,0,12
MLB,2021,PIT,608717,Chris Stratton,1,0,0,0,0,0,1,0,0,0
MLB,2021,PIT,621028,Kevin Newman,541,46,130,0,0,21,64,132,118,30
MLB,2021,PIT,621249,Duane Underwood Jr.,4,0,0,0,0,0,0,0,0,4
MLB,2021,PIT,624428,Adam Frazier,418,404,0,2,0,1,0,8,0,3
MLB,2021,PIT,640444,Wil Crowe,36,0,0,0,0,0,0,0,0,36
MLB,2021,PIT,641583,Dustin Fowler,44,0,0,0,0,0,0,15,24,5
MLB,2021,PIT,641771,Chad Kuhl,22,0,0,0,0,0,0,0,0,22
MLB,2021,PIT,643230,Steven Brault,6,0,0,0,0,0,0,0,0,6
MLB,2021,PIT,643269,Will Craig,65,2,3,0,9,18,19,7,7,0
MLB,2021,PIT,656308,Michael Chavis,42,16,5,10,0,6,0,4,0,1
MLB,2021,PIT,656354,Austin Davis,0,0,0,0,0,0,0,0,0,0
MLB,2021,PIT,656605,Mitch Keller,30,0,0,0,1,0,0,0,0,29
MLB,2021,PIT,656818,Connor Overton,1,0,0,0,0,0,0,0,0,1
MLB,2021,PIT,657011,Troy Stokes Jr.,19,0,0,0,0,0,0,4,12,3
MLB,2021,PIT,657061,Cole Tucker,130,41,5,1,1,3,20,29,11,19
MLB,2021,PIT,660294,Yoshi Tsutsugo,142,4,80,0,31,3,15,2,0,7
MLB,2021,PIT,660829,Hoy Park,145,50,0,2,0,0,0,4,77,12
MLB,2021,PIT,660853,Enyel De Los Santos,0,0,0,0,0,0,0,0,0,0
MLB,2021,PIT,663647,Ke'Bryan Hayes,390,81,291,5,4,2,0,0,1,6
MLB,2021,PIT,664074,Cody Ponce,6,0,0,0,0,0,0,0,0,6
MLB,2021,PIT,664092,Sean Poppen,1,0,0,0,0,0,0,0,0,1
MLB,2021,PIT,664129,Geoff Hartlieb,0,0,0,0,0,0,0,0,0,0
MLB,2021,PIT,664141,JT Brubaker,42,0,0,0,0,0,0,0,0,42
MLB,2021,PIT,664196,Tanner Anderson,2,0,0,0,0,0,0,0,0,2
MLB,2021,PIT,664337,Miguel Yajure,3,0,0,0,0,0,0,0,0,3
MLB,2021,PIT,664789,Ka'ai Tom,106,3,1,9,0,0,17,19,49,8
MLB,2021,PIT,664918,Kyle Keller,0,0,0,0,0,0,0,0,0,0
MLB,2021,PIT,665661,Shea Spitzbarth,0,0,0,0,0,0,0,0,0,0
MLB,2021,PIT,665833,Oneil Cruz,9,0,0,0,0,0,0,4,5,0
MLB,2021,PIT,665854,Luis Oviedo,0,0,0,0,0,0,0,0,0,0
MLB,2021,PIT,666801,Rodolfo Castro,92,0,9,0,0,10,22,33,10,8
MLB,2021,PIT,666931,Jared Oliva,43,0,0,0,0,0,1,1,34,7
MLB,2021,PIT,668804,Bryan Reynolds,631,2,31,587,0,1,0,0,0,10
MLB,2021,PIT,668820,Max Kranick,12,0,0,0,0,0,0,0,0,12
MLB,2021,PIT,669060,Bryse Wilson,9,0,0,0,0,0,0,0,0,9
MLB,2021,PIT,670280,David Bednar,1,1,0,0,0,0,0,0,0,0
MLB,2021,PIT,670462,Hunter Owen,4,0,0,0,0,0,0,2,0,2
MLB,2021,PIT,672710,Roansy Contreras,0,0,0,0,0,0,0,0,0,0
MLB,2021,PIT,683232,Nick Mears,1,0,1,0,0,0,0,0,0,0
MLB,2021,SD,446321,Ross Detwiler,0,0,0,0,0,0,0,0,0,0
MLB,2021,SD,453343,Mark Melancon,0,0,0,0,0,0,0,0,0,0
MLB,2021,SD,453562,Jake Arrieta,2,0,0,0,0,0,0,0,0,2
MLB,2021,SD,489334,Craig Stammen,5,0,0,0,0,0,0,0,1,4
MLB,2021,SD,502054,Tommy Pham,550,276,13,6,57,84,45,41,2,26
MLB,2021,SD,506433,Yu Darvish,53,0,0,0,0,0,0,0,0,53
MLB,2021,SD,519141,Drew Pomeranz,0,0,0,0,0,0,0,0,0,0
MLB,2021,SD,543333,Eric Hosmer,557,1,0,4,162,230,143,1,1,15
MLB,2021,SD,543339,Daniel Hudson,0,0,0,0,0,0,0,0,0,0
MLB,2021,SD,543592,Austin Nola,187,0,0,0,4,68,27,68,15,5
MLB,2021,SD,545350,Jake Marisnick,50,1,0,0,0,2,2,15,3,27
MLB,2021,SD,547176,Daniel Camarena,3,0,0,0,0,1,0,0,0,2
MLB,2021,SD,571976,Wil Myers,493,3,5,4,34,158,176,85,0,28
MLB,2021,SD,572955,Pierce Johnson,0,0,0,0,0,0,0,0,0,0
MLB,2021,SD,573062,Aaron Northcraft,0,0,0,0,0,0,0,0,0,0
MLB,2021,SD,592518,Manny Machado,624,1,101,361,156,0,1,0,0,4
MLB,2021,SD,592826,Vince Velasquez,2,0,0,0,0,0,0,0,0,2
MLB,2021,SD,592865,Taylor Williams,0,0,0,0,0,0,0,0,0,0
MLB,2021,SD,593590,Webster Rivas,76,0,0,0,0,0,2,6,68,0
MLB,2021,SD,595777,Jurickson Profar,399,35,68,4,4,24,66,112,44,42
MLB,2021,SD,598286,Nick Ramirez,3,0,0,0,0,0,0,0,0,3
MLB,2021,SD,605170,Victor Caratini,345,0,1,0,2,1,2,44,269,26
MLB,2021,SD,605309,Keone Kela,0,0,0,0,0,0,0,0,0,0
MLB,2021,SD,605397,Joe Musgrove,51,0,0,0,0,1,0,0,1,49
MLB,2021,SD,605483,Blake Snell,34,0,0,0,0,0,0,0,0,34
MLB,2021,SD,607430,John Andreoli,7,1,0,0,1,0,0,0,1,4
MLB,2021,SD,613534,Austin Adams,0,0,0,0,0,0,0,0,0,0
MLB,2021,SD,621381,Matt Strahm,0,0,0,0,0,0,0,0,0,0
MLB,2021,SD,622503,Nabil Crismatt,10,0,0,0,0,0,0,1,0,9
MLB,2021,SD,622668,Ivan Castillo,4,0,0,0,1,0,0,0,0,3
MLB,2021,SD,622761,Jorge Mateo,89,4,2,1,5,11,4,10,15,37
MLB,2021,SD,622766,Miguel Díaz,3,0,0,0,0,0,1,0,0,2
MLB,2021,SD,623182,Patrick Kivlehan,6,0,0,0,1,0,0,1,4,0
MLB,2021,SD,624428,Adam Frazier,204,51,66,4,17,0,19,18,21,8
MLB,2021,SD,630105,Jake Cronenworth,619,18,113,264,106,26,70,14,0,8
MLB,2021,SD,641312,Shaun Anderson,0,0,0,0,0,0,0,0,0,0
MLB,2021,SD,641941,Emilio Pagán,2,0,0,0,0,0,0,0,0,2
MLB,2021,SD,642770,Javy Guerra,0,0,0,0,0,0,0,0,0,0
MLB,2021,SD,656186,Dan Altavilla,0,0,0,0,0,0,0,0,0,0
MLB,2021,SD,656803,James Norwood,0,0,0,0,0,0,0,0,0,0
MLB,2021,SD,657434,Brian O'Grady,59,0,0,0,0,9,9,16,1,24
MLB,2021,SD,657612,Tim Hill,0,0,0,0,0,0,0,0,0,0
MLB,2021,SD,658648,Pedro Avila,1,0,0,0,0,0,0,0,0,1
MLB,2021,SD,659275,Dinelson Lamet,7,0,0,0,0,0,0,1,0,6
MLB,2021,SD,663753,Reiss Knehr,8,0,0,0,0,0,0,0,0,8
MLB,2021,SD,663757,Trent Grisham,513,233,58,17,0,40,38,53,58,16
MLB,2021,SD,663978,Chris Paddack,36,0,0,0,0,0,0,0,0,36
MLB,2021,SD,665487,Fernando Tatis Jr.,537,112,269,21,131,1,0,0,0,3
MLB,2021,SD,666168,Mason Thompson,0,0,0,0,0,0,0,0,0,0
MLB,2021,SD,669134,Luis Campusano,38,0,0,0,0,4,0,11,21,2
MLB,2021,SD,670970,Adrian Morejon,1,0,0,0,0,0,0,0,0,1
MLB,2021,SD,672779,Tucupita Marcano,50,1,1,0,0,7,11,20,1,9
MLB,2021,SD,673490,Ha-Seong Kim,289,0,12,4,2,0,32,103,85,51
MLB,2021,SD,677960,Ryan Weathers,28,0,0,0,0,1,1,0,0,26
MLB,2021,SEA,448281,Sean Doolittle,0,0,0,0,0,0,0,0,0,0
MLB,2021,SEA,493472,Eric Campbell,12,0,0,0,0,0,0,4,7,1
MLB,2021,SEA,542881,Tyler Anderson,3,0,0,0,0,0,0,0,0,3
MLB,2021,SEA,542882,Matt Andriese,0,0,0,0,0,0,0,0,0,0
MLB,2021,SEA,571745,Mitch Haniger,674,137,468,35,34,0,0,0,0,0
MLB,2021,SEA,572122,Kyle Seager,662,0,4,458,197,0,2,0,0,1
MLB,2021,SEA,579328,Yusei Kikuchi,2,0,0,0,0,0,0,0,0,2
MLB,2021,SEA,592530,José Marmolejos,121,0,0,0,40,21,31,12,7,10
MLB,2021,SEA,594835,Marco Gonzales,4,0,0,0,0,0,0,0,0,4
MLB,2021,SEA,594987,Casey Sadler,0,0,0,0,0,0,0,0,0,0
MLB,2021,SEA,605504,Dillon Thomas,9,0,0,0,0,0,0,0,8,1
MLB,2021,SEA,606160,Rafael Montero,0,0,0,0,0,0,0,0,0,0
MLB,2021,SEA,608422,José Godoy,40,0,0,0,0,4,4,15,3,14
MLB,2021,SEA,608596,Tom Murphy,317,0,0,0,3,39,62,86,102,25
MLB,2021,SEA,608638,JT Chargois,0,0,0,0,0,0,0,0,0,0
MLB,2021,SEA,608665,Kendall Graveman,0,0,0,0,0,0,0,0,0,0
MLB,2021,SEA,608686,Jack Mayfield,35,0,1,0,0,0,0,4,23,7
MLB,2021,SEA,608716,Drew Steckenrider,0,0,0,0,0,0,0,0,0,0
MLB,2021,SEA,620443,Luis Torrens,374,0,0,0,19,93,113,100,40,9
MLB,2021,SEA,622268,Donovan Walton,67,5,0,0,0,0,0,3,4,55
MLB,2021,SEA,623149,Paul Sewald,0,0,0,0,0,0,0,0,0,0
MLB,2021,SEA,623167,Chris Flexen,3,0,0,0,0,0,0,0,0,3
MLB,2021,SEA,623323,Braden Bishop,4,0,0,0,0,1,0,0,1,2
MLB,2021,SEA,641343,Jake Bauers,200,0,2,0,1,33,38,38,26,62
MLB,2021,SEA,641487,J.P. Crawford,677,491,0,0,0,40,33,13,17,83
MLB,2021,SEA,641584,Jake Fraley,260,0,18,0,2,54,73,38,49,26
MLB,2021,SEA,641786,Kyle Lewis,146,0,18,35,93,0,0,0,0,0
MLB,2021,SEA,641871,Keynan Middleton,0,0,0,0,0,0,0,0,0,0
MLB,2021,SEA,641924,Jacob Nottingham,28,0,0,0,0,3,10,5,10,0
MLB,2021,SEA,643290,Justin Dunn,3,0,0,0,0,0,0,0,0,3
MLB,2021,SEA,643418,Shed Long Jr.,120,0,0,1,0,0,14,42,16,47
MLB,2021,SEA,647351,Abraham Toro,248,9,5,5,0,187,41,0,1,0
MLB,2021,SEA,650895,Diego Castillo,0,0,0,0,0,0,0,0,0,0
MLB,2021,SEA,656821,Kevin Padlo,1,0,0,0,0,0,0,0,0,1
MLB,2021,SEA,656954,Justus Sheffield,2,0,0,0,0,0,0,0,0,2
MLB,2021,SEA,657024,Erik Swanson,0,0,0,0,0,0,0,0,0,0
MLB,2021,SEA,657108,Evan White,103,0,0,0,26,41,13,0,20,3
MLB,2021,SEA,663728,Cal Raleigh,146,0,0,0,0,20,13,23,26,64
MLB,2021,SEA,664034,Ty France,617,0,182,147,249,30,8,1,0,0
MLB,2021,SEA,664059,Sam Haggerty,92,8,1,3,0,0,7,9,34,30
MLB,2021,SEA,664238,Dylan Moore,372,2,1,3,2,36,92,44,112,80
MLB,2021,SEA,664948,Anthony Misiewicz,0,0,0,0,0,0,0,0,0,0
MLB,2021,SEA,666211,Taylor Trammell,173,0,0,0,0,22,34,53,17,47
MLB,2021,SEA,667465,Aaron Fletcher,0,0,0,0,0,0,0,0,0,0
MLB,2021,SEA,667498,Robert Dugger,0,0,0,0,0,0,0,0,0,0
MLB,2021,SEA,670090,Wyatt Mills,0,0,0,0,0,0,0,0,0,0
MLB,2021,SEA,670766,Darren McCaughan,2,0,0,0,0,0,0,0,0,2
MLB,2021,SEA,670990,Yohan Ramírez,0,0,0,0,0,0,0,0,0,0
MLB,2021,SEA,672284,Jarred Kelenic,373,74,0,0,0,29,49,136,84,1
MLB,2021,SEA,676684,Will Vest,0,0,0,0,0,0,0,0,0,0
MLB,2021,SF,431148,Scott Kazmir,3,0,0,0,0,0,0,0,0,3
MLB,2021,SF,446334,Evan Longoria,288,5,0,28,86,97,25,38,6,3
MLB,2021,SF,453265,Tony Watson,0,0,0,0,0,0,0,0,0,0
MLB,2021,SF,456501,Johnny Cueto,32,0,0,0,0,0,0,0,0,32
MLB,2021,SF,456781,Donovan Solano,332,6,43,39,0,38,102,45,43,16
MLB,2021,SF,457763,Buster Posey,451,1,82,246,43,22,25,25,3,4
MLB,2021,SF,459429,Jake McGee,0,0,0,0,0,0,0,0,0,0
MLB,2021,SF,474832,Brandon Belt,373,2,136,43,140,28,16,4,2,2
MLB,2021,SF,500779,Jose Quintana,2,0,0,0,0,0,0,0,0,2
MLB,2021,SF,501625,Jose Alvarez,4,1,0,0,0,0,0,0,0,3
MLB,2021,SF,527038,Wilmer Flores,430,6,42,72,57,79,88,38,9,39
MLB,2021,SF,543022,Tyler Chatwood,1,0,0,0,0,0,0,0,0,1
MLB,2021,SF,543063,Brandon Crawford,539,0,2,19,92,214,146,37,27,2
MLB,2021,SF,543101,Anthony DeSclafani,55,2,0,0,0,0,0,0,1,52
MLB,2021,SF,543105,Alex Dickerson,306,3,26,39,92,50,25,34,17,20
MLB,2021,SF,543351,Jay Jackson,1,0,0,0,0,0,0,0,0,1
MLB,2021,SF,572125,Sam Selman,1,0,0,0,0,0,0,0,0,1
MLB,2021,SF,573131,Darin Ruf,308,37,40,44,76,20,30,12,9,40
MLB,2021,SF,573262,Mike Yastrzemski,519,48,209,95,1,3,67,48,29,19
MLB,2021,SF,592178,Kris Bryant,210,0,55,59,4,81,8,0,1,2
MLB,2021,SF,592200,Curt Casali,226,3,3,6,2,0,11,70,119,12
MLB,2021,SF,592332,Kevin Gausman,56,0,0,0,0,0,0,0,0,56
MLB,2021,SF,592717,Aaron Sanchez,10,0,0,0,0,0,0,0,0,10
MLB,2021,SF,593974,Wandy Peralta,0,0,0,0,0,0,0,0,0,0
MLB,2021,SF,595881,Tyler Beede,0,0,0,0,0,0,0,0,0,0
MLB,2021,SF,596103,Austin Slater,302,173,12,6,17,9,11,24,23,27
MLB,2021,SF,600303,Tommy La Stella,238,136,41,0,0,1,5,3,33,19
MLB,2021,SF,605154,John Brebbia,1,0,0,0,0,0,0,0,0,1
MLB,2021,SF,605538,Matt Wisler,1,0,0,0,0,0,0,0,0,1
MLB,2021,SF,606424,Jarlín García,2,0,0,0,0,0,0,0,0,2
MLB,2021,SF,606625,Reyes Moronta,0,0,0,0,0,0,0,0,0,0
MLB,2021,SF,607374,Nick Tropeano,0,0,0,0,0,0,0,0,0,0
MLB,2021,SF,608678,Dominic Leone,0,0,0,0,0,0,0,0,0,0
MLB,2021,SF,613564,Jason Vosler,80,1,2,1,4,3,10,23,22,14
MLB,2021,SF,621450,Skye Bolt,1,0,0,0,0,0,0,0,1,0
MLB,2021,SF,621453,Steven Duggar,295,8,0,3,2,14,29,127,89,23
MLB,2021,SF,622072,Alex Wood,43,0,0,0,0,0,0,0,0,43
MLB,2021,SF,641793,Zack Littell,4,0,0,0,0,0,0,0,0,4
MLB,2021,SF,642073,James Sherfy,0,0,0,0,0,0,0,0,0,0
MLB,2021,SF,642731,Thairo Estrada,130,6,14,1,5,4,15,30,46,9
MLB,2021,SF,643289,Mauricio Dubón,184,1,0,4,5,8,27,49,71,19
MLB,2021,SF,643511,Tyler Rogers,0,0,0,0,0,0,0,0,0,0
MLB,2021,SF,643565,Mike Tauchman,174,57,10,0,0,4,8,24,42,29
MLB,2021,SF,644433,Chadwick Tromp,18,0,0,0,0,0,0,0,17,1
MLB,2021,SF,657277,Logan Webb,48,0,0,0,0,0,0,0,1,47
MLB,2021,SF,663698,Joey Bart,6,0,0,0,0,0,0,5,0,1
MLB,2021,SF,664041,Jaylin Davis,9,2,0,0,0,0,0,3,2,2
MLB,2021,SF,664774,LaMonte Wade Jr.,369,244,10,11,67,3,8,6,12,8
MLB,2021,SF,665645,Kervin Castro,0,0,0,0,0,0,0,0,0,0
MLB,2021,SF,666619,Gregory Santos,0,0,0,0,0,0,0,0,0,0
MLB,2021,SF,666808,Camilo Doval,0,0,0,0,0,0,0,0,0,0
MLB,2021,SF,669214,Conner Menez,0,0,0,0,0,0,0,0,0,0
MLB,2021,SF,669674,Sam Long,10,0,0,0,0,0,0,0,0,10
MLB,2021,SF,670056,Caleb Baragar,2,0,0,0,0,0,0,0,0,2
MLB,2021,STL,425794,Adam Wainwright,60,0,0,0,0,1,0,0,0,59
MLB,2021,STL,425877,Yadier Molina,461,0,0,0,51,266,142,0,0,2
MLB,2021,STL,452657,Jon Lester,22,0,0,0,0,0,0,0,0,22
MLB,2021,STL,453192,Andrew Miller,0,0,0,0,0,0,0,0,0,0
MLB,2021,STL,453281,Wade LeBlanc,11,0,0,0,0,0,0,0,0,11
MLB,2021,STL,457918,J.A. Happ,15,0,0,0,0,0,0,0,0,15
MLB,2021,STL,472610,Luis García,0,0,0,0,0,0,0,0,0,0
MLB,2021,STL,502522,Justin Miller,0,0,0,0,0,0,0,0,0,0
MLB,2021,STL,502671,Paul Goldschmidt,665,0,432,232,0,0,0,0,0,1
MLB,2021,STL,505447,Brandon Dickson,0,0,0,0,0,0,0,0,0,0
MLB,2021,STL,519008,T.J. McFarland,0,0,0,0,0,0,0,0,0,0
MLB,2021,STL,547942,Kwang Hyun Kim,26,0,0,0,0,0,0,0,0,26
MLB,2021,STL,571448,Nolan Arenado,638,0,0,262,376,0,0,0,0,0
MLB,2021,STL,571945,Miles Mikolas,9,0,0,0,0,0,0,0,0,9
MLB,2021,STL,572761,Matt Carpenter,238,4,9,10,16,47,33,41,8,70
MLB,2021,STL,593372,Carlos Martinez,24,0,0,0,0,0,0,0,0,24
MLB,2021,STL,594965,Daniel Ponce de Leon,5,0,0,0,0,0,0,0,0,5
MLB,2021,STL,596056,John Nogowski,19,0,1,0,0,1,1,0,0,16
MLB,2021,STL,602922,José Rondon,85,3,1,2,4,3,7,15,14,36
MLB,2021,STL,606149,Giovanny Gallegos,0,0,0,0,0,0,0,0,0,0
MLB,2021,STL,607231,John Gant,13,0,0,0,0,0,0,0,0,13
MLB,2021,STL,621052,Alex Reyes,1,0,0,0,0,0,0,0,0,1
MLB,2021,STL,621559,Max Moroff,16,0,0,0,0,0,0,3,4,9
MLB,2021,STL,621573,Austin Dean,36,0,1,0,0,0,7,11,7,10
MLB,2021,STL,624641,Edmundo Sosa,299,0,1,4,2,10,30,134,88,30
MLB,2021,STL,641576,Bernardo Flores Jr.,0,0,0,0,0,0,0,0,0,0
MLB,2021,STL,641712,Dakota Hudson,4,0,0,0,0,0,0,0,0,4
MLB,2021,STL,641933,Tyler O'Neill,514,0,0,135,166,94,79,31,3,6
MLB,2021,STL,641995,Roel Ramírez,0,0,0,0,0,0,0,0,0,0
MLB,2021,STL,642211,Justin Williams,136,0,0,0,0,0,17,38,62,19
MLB,2021,STL,643778,Tyler Webb,1,0,0,0,0,0,0,0,0,1
MLB,2021,STL,645305,Ali Sánchez,4,0,0,0,0,0,1,0,3,0
MLB,2021,STL,650893,Génesis Cabrera,0,0,0,0,0,0,0,0,0,0
MLB,2021,STL,656427,Jack Flaherty,22,0,0,0,0,0,0,0,0,22
MLB,2021,STL,656568,Scott Hurst,5,0,0,0,0,0,1,1,0,3
MLB,2021,STL,657041,Lane Thomas,58,0,0,0,1,2,0,11,28,16
MLB,2021,STL,657557,Paul DeJong,391,0,0,1,45,93,51,114,68,19
MLB,2021,STL,658551,Junior Fernández,1,0,0,0,0,0,0,0,0,1
MLB,2021,STL,663399,Brandon Waddell,1,0,0,0,0,0,0,0,0,1
MLB,2021,STL,663457,Lars Nootbaar,121,4,0,0,0,9,42,31,0,35
MLB,2021,STL,663765,Jake Woodford,17,0,0,0,0,0,0,0,0,17
MLB,2021,STL,663855,Jordan Hicks,0,0,0,0,0,0,0,0,0,0
MLB,2021,STL,664056,Harrison Bader,388,5,0,0,0,21,87,93,181,1
MLB,2021,STL,664854,Ryan Helsley,0,0,0,0,0,0,0,0,0,0
MLB,2021,STL,666185,Dylan Carlson,592,154,251,29,0,70,52,24,8,4
MLB,2021,STL,667373,Angel Rondón,0,0,0,0,0,0,0,0,0,0
MLB,2021,STL,668800,Andrew Knizner,176,0,0,0,2,8,12,31,116,7
MLB,2021,STL,669242,Tommy Edman,671,546,0,0,1,20,62,29,8,5
MLB,2021,STL,670912,Johan Oviedo,22,0,0,0,0,0,0,0,0,22
MLB,2021,STL,676220,Seth Elledge,2,0,0,0,0,0,0,0,0,2
MLB,2021,STL,676831,Kodi Whitley,0,0,0,0,0,0,0,0,0,0
MLB,2021,TB,443558,Nelson Cruz,233,0,71,143,18,0,0,1,0,0
MLB,2021,TB,448179,Rich Hill,4,0,0,0,0,0,0,0,0,4
MLB,2021,TB,475054,Chaz Roe,0,0,0,0,0,0,0,0,0,0
MLB,2021,TB,502042,Chris Archer,0,0,0,0,0,0,0,0,0,0
MLB,2021,TB,542888,Shawn Armstrong,0,0,0,0,0,0,0,0,0,0
MLB,2021,TB,543045,Adam Conley,0,0,0,0,0,0,0,0,0,0
MLB,2021,TB,543521,Collin McHugh,0,0,0,0,0,0,0,0,0,0
MLB,2021,TB,552640,Andrew Kittredge,0,0,0,0,0,0,0,0,0,0
MLB,2021,TB,572287,Mike Zunino,367,1,0,0,0,0,36,113,121,96
MLB,2021,TB,595281,Kevin Kiermaier,381,10,0,0,0,18,36,77,96,144
MLB,2021,TB,595411,Ryan Sherriff,0,0,0,0,0,0,0,0,0,0
MLB,2021,TB,596847,Ji Man Choi,303,6,103,51,28,43,39,20,5,8
MLB,2021,TB,605488,Jeffrey Springs,0,0,0,0,0,0,0,0,0,0
MLB,2021,TB,605538,Matt Wisler,0,0,0,0,0,0,0,0,0,0
MLB,2021,TB,607192,Tyler Glasnow,2,0,0,0,0,0,0,0,0,2
MLB,2021,TB,607345,Kevan Smith,4,0,0,0,0,1,0,3,0,0
MLB,2021,TB,608379,Michael Wacha,3,0,0,0,0,0,0,0,0,3
MLB,2021,TB,608638,JT Chargois,0,0,0,0,0,0,0,0,0,0
MLB,2021,TB,621433,Brett Phillips,286,7,2,0,2,5,1,22,67,180
MLB,2021,TB,621563,Joey Wendle,488,1,9,34,9,131,152,109,22,21
MLB,2021,TB,622534,Manuel Margot,458,69,63,23,47,77,88,72,11,8
MLB,2021,TB,640457,Austin Meadows,577,42,113,132,227,35,2,12,6,8
MLB,2021,TB,641929,Joseph Odom,2,0,0,0,0,0,0,0,1,1
MLB,2021,TB,642232,Ryan Yarbrough,4,0,0,0,0,0,0,0,0,4
MLB,2021,TB,642336,Francisco Mejía,267,2,1,4,1,0,45,56,111,47
MLB,2021,TB,642715,Willy Adames,142,0,0,0,0,0,30,24,63,25
MLB,2021,TB,650490,Yandy Díaz,534,70,64,54,170,123,33,18,2,0
MLB,2021,TB,650895,Diego Castillo,0,0,0,0,0,0,0,0,0,0
MLB,2021,TB,656420,J.P. Feyereisen,0,0,0,0,0,0,0,0,0,0
MLB,2021,TB,656669,Jordan Luplow,72,6,4,2,1,22,18,8,11,0
MLB,2021,TB,656821,Kevin Padlo,14,0,0,0,0,0,4,0,5,5
MLB,2021,TB,656876,Drew Rasmussen,3,0,0,0,0,0,0,0,0,3
MLB,2021,TB,657044,Ryan Thompson,0,0,0,0,0,0,0,0,0,0
MLB,2021,TB,660294,Yoshi Tsutsugo,86,31,5,0,1,1,8,29,8,3
MLB,2021,TB,660644,Vidal Bruján,26,3,9,2,0,6,3,0,0,3
MLB,2021,TB,664040,Brandon Lowe,603,270,29,49,95,75,47,26,11,1
MLB,2021,TB,664126,Pete Fairbanks,0,0,0,0,0,0,0,0,0,0
MLB,2021,TB,666139,Josh Lowe,2,0,0,0,0,0,0,0,2,0
MLB,2021,TB,668227,Randy Arozarena,585,226,128,71,64,56,31,6,1,2
MLB,2021,TB,670712,Mike Brosseau,165,3,7,17,18,62,15,16,17,10
MLB,2021,TB,670764,Taylor Walls,175,0,1,4,1,1,50,24,66,28
MLB,2021,TB,676596,Josh Fleming,1,0,0,0,0,0,0,0,0,1
MLB,2021,TB,677551,Wander Franco,305,0,122,124,11,19,25,4,0,0
MLB,2021,TEX,453178,Ian Kennedy,0,0,0,0,0,0,0,0,0,0
MLB,2021,TEX,501981,Khris Davis,59,1,0,7,0,11,35,0,0,5
MLB,2021,TEX,502043,Kyle Gibson,2,0,0,0,0,0,0,0,0,2
MLB,2021,TEX,518586,Charlie Culberson,264,1,15,0,0,0,22,74,94,58
MLB,2021,TEX,543308,John Hicks,31,0,0,0,0,23,0,0,8,0
MLB,2021,TEX,543475,Jordan Lyles,6,0,0,0,0,0,0,0,0,6
MLB,2021,TEX,570257,Joely Rodríguez,0,0,0,0,0,0,0,0,0,0
MLB,2021,TEX,571788,Brock Holt,258,46,22,0,0,4,19,71,74,22
MLB,2021,TEX,592314,Mike Foltynewicz,2,0,0,0,0,0,0,0,0,2
MLB,2021,TEX,605138,Wes Benjamin,0,0,0,0,0,0,0,0,0,0
MLB,2021,TEX,605194,Jharel Cotton,0,0,0,0,0,0,0,0,0,0
MLB,2021,TEX,607359,Spencer Patton,0,0,0,0,0,0,0,0,0,0
MLB,2021,TEX,608336,Joey Gallo,384,0,0,111,218,54,0,0,0,1
MLB,2021,TEX,608597,Ronald Guzmán,17,0,0,0,0,0,16,1,0,0
MLB,2021,TEX,621311,David Dahl,215,0,53,1,1,16,85,46,7,6
MLB,2021,TEX,621368,Taylor Hearn,0,0,0,0,0,0,0,0,0,0
MLB,2021,TEX,622250,Josh Sborz,1,0,1,0,0,0,0,0,0,0
MLB,2021,TEX,624431,Jose Trevino,297,0,5,0,5,3,43,34,61,146
MLB,2021,TEX,628451,Andy Ibáñez,268,0,39,12,9,94,43,9,43,19
MLB,2021,TEX,641432,Willie Calhoun,281,139,25,0,4,8,48,44,9,4
MLB,2021,TEX,641540,Dane Dunning,3,0,0,0,0,0,0,0,0,3
MLB,2021,TEX,641680,Jonah Heim,280,0,1,0,12,54,58,36,63,56
MLB,2021,TEX,641829,Jason Martin,152,0,5,1,2,0,19,42,50,33
MLB,2021,TEX,642201,Eli White,216,13,49,0,1,8,36,37,41,31
MLB,2021,TEX,642701,Dennis Santana,0,0,0,0,0,0,0,0,0,0
MLB,2021,TEX,643396,Isiah Kiner-Falefa,663,372,198,0,0,0,8,71,10,4
MLB,2021,TEX,650968,Yohel Pozo,77,0,0,0,0,4,13,21,37,2
MLB,2021,TEX,656685,Brett Martin,0,0,0,0,0,0,0,0,0,0
MLB,2021,TEX,656847,DJ Peters,201,0,0,0,66,61,32,32,10,0
MLB,2021,TEX,660365,Hyeon-Jong Yang,0,0,0,0,0,0,0,0,0,0
MLB,2021,TEX,660634,Yonny Hernández,160,59,28,0,0,0,0,11,4,58
MLB,2021,TEX,660731,Anderson Tejeda,17,0,3,0,0,0,0,0,10,4
MLB,2021,TEX,663465,Kolby Allard,2,0,0,0,0,0,0,0,0,2
MLB,2021,TEX,663770,Demarcus Evans,0,0,0,0,0,0,0,0,0,0
MLB,2021,TEX,663799,Curtis Terry,47,0,0,0,0,4,4,17,8,14
MLB,2021,TEX,663993,Nathaniel Lowe,637,0,98,143,220,138,35,0,0,3
MLB,2021,TEX,665750,Leody Taveras,183,77,0,0,0,0,0,4,33,69
MLB,2021,TEX,666969,Adolis García,613,0,8,404,112,75,4,1,9,0
MLB,2021,TEX,667463,John King,1,0,0,0,0,0,0,0,0,1
MLB,2021,TEX,669256,Nick Solak,492,0,143,0,18,98,118,64,38,13
MLB,2021,TEX,669618,Joe Barlow,0,0,0,0,0,0,0,0,0,0
MLB,2021,TEX,675921,Spencer Howard,0,0,0,0,0,0,0,0,0,0
MLB,2021,TEX,676900,Ryan Dorow,7,0,0,0,0,0,0,0,0,7
MLB,2021,TEX,676969,Brett de Geus,0,0,0,0,0,0,0,0,0,0
MLB,2021,TEX,685503,Kohei Arihara,2,0,0,0,0,0,0,0,0,2
MLB,2021,TOR,502481,Jarrod Dyson,17,1,0,0,1,0,2,2,2,9
MLB,2021,TOR,503569,Rafael Dolis,0,0,0,0,0,0,0,0,0,0
MLB,2021,TOR,543022,Tyler Chatwood,0,0,0,0,0,0,0,0,0,0
MLB,2021,TOR,543272,Brad Hand,0,0,0,0,0,0,0,0,0,0
MLB,2021,TOR,543760,Marcus Semien,713,395,202,76,0,4,34,0,0,2
MLB,2021,TOR,543807,George Springer,336,247,0,0,54,35,0,0,0,0
MLB,2021,TOR,545341,Randal Grichuk,533,4,4,0,52,188,86,113,67,19
MLB,2021,TOR,547943,Hyun Jin Ryu,4,0,0,0,0,0,0,0,0,4
MLB,2021,TOR,548389,Ross Stripling,5,0,0,0,0,0,0,0,0,5
MLB,2021,TOR,571875,Jake Lamb,36,2,0,0,0,0,0,4,14,16
MLB,2021,TOR,571927,Steven Matz,2,0,0,0,0,0,0,0,0,2
MLB,2021,TOR,572816,Corey Dickerson,140,10,0,0,0,48,49,20,7,6
MLB,2021,TOR,591971,Breyvic Valera,95,0,1,1,0,2,6,14,46,25
MLB,2021,TOR,592419,Jared Hoying,3,0,0,0,0,0,1,0,2,0
MLB,2021,TOR,592662,Robbie Ray,4,0,0,0,0,0,0,0,0,4
MLB,2021,TOR,595918,A.J. Cole,0,0,0,0,0,0,0,0,0,0
MLB,2021,TOR,605412,Joe Panik,118,3,1,0,0,5,26,42,37,4
MLB,2021,TOR,605447,Jordan Romano,0,0,0,0,0,0,0,0,0,0
MLB,2021,TOR,606192,Teoscar Hernández,582,0,5,0,326,248,0,3,0,0
MLB,2021,TOR,606303,Joel Payamps,0,0,0,0,0,0,0,0,0,0
MLB,2021,TOR,606930,Jacob Barnes,0,0,0,0,0,0,0,0,0,0
MLB,2021,TOR,621244,José Berríos,1,0,0,0,0,0,0,0,0,1
MLB,2021,TOR,621366,Ryan Borucki,0,0,0,0,0,0,0,0,0,0
MLB,2021,TOR,624415,Cavan Biggio,287,26,29,0,0,41,81,58,41,11
MLB,2021,TOR,624512,Reese McGuire,213,0,0,1,0,0,0,0,27,185
MLB,2021,TOR,641505,Jonathan Davis,80,0,0,0,1,1,0,15,34,29
MLB,2021,TOR,641835,Tim Mayza,0,0,0,0,0,0,0,0,0,0
MLB,2021,TOR,641943,Joshua Palacios,38,0,0,0,0,0,2,7,8,21
MLB,2021,TOR,642048,Tayler Saucedo,0,0,0,0,0,0,0,0,0,0
MLB,2021,TOR,642133,Rowdy Tellez,147,0,0,1,19,13,35,35,36,8
MLB,2021,TOR,643256,Adam Cimber,0,0,0,0,0,0,0,0,0,0
MLB,2021,TOR,643376,Danny Jansen,197,0,0,0,0,0,1,6,60,130
MLB,2021,TOR,656180,Riley Adams,30,0,0,0,0,0,0,0,15,15
MLB,2021,TOR,656818,Connor Overton,0,0,0,0,0,0,0,0,0,0
MLB,2021,TOR,663423,Trent Thornton,0,0,0,0,0,0,0,0,0,0
MLB,2021,TOR,664157,Travis Bergen,0,0,0,0,0,0,0,0,0,0
MLB,2021,TOR,665489,Vladimir Guerrero Jr.,686,0,78,577,4,27,0,0,0,0
MLB,2021,TOR,666182,Bo Bichette,675,45,392,33,205,0,0,0,0,0
MLB,2021,TOR,666201,Alek Manoah,1,0,0,0,0,0,0,0,0,1
MLB,2021,TOR,666971,Lourdes Gurriel Jr.,529,0,0,0,0,29,219,214,66,1
MLB,2021,TOR,669289,Santiago Espinal,240,1,1,2,1,1,9,83,101,41
MLB,2021,TOR,669912,Kirby Snead,0,0,0,0,0,0,0,0,0,0
MLB,2021,TOR,670950,Trevor Richards,0,0,0,0,0,0,0,0,0,0
MLB,2021,TOR,672386,Alejandro Kirk,184,0,0,0,6,12,86,17,33,30
MLB,2021,TOR,672640,Otto Lopez,1,0,0,0,0,0,0,0,0,1
MLB,2021,TOR,675656,Kevin Smith,35,0,0,0,1,1,0,0,16,17
MLB,2021,WSH,425784,René Rivera,14,0,0,0,0,0,0,8,6,0
MLB,2021,WSH,444876,Alcides Escobar,336,87,241,0,0,0,4,4,0,0
MLB,2021,WSH,452657,Jon Lester,28,0,0,0,0,0,0,0,7,21
MLB,2021,WSH,453286,Max Scherzer,35,0,0,0,0,0,0,0,8,27
MLB,2021,WSH,457915,Javy Guerra,1,0,0,0,0,0,0,0,0,1
MLB,2021,WSH,467827,Gerardo Parra,103,4,3,0,0,4,19,32,10,31
MLB,2021,WSH,474568,Jordy Mercer,127,0,1,0,0,3,26,56,26,15
MLB,2021,WSH,475582,Ryan Zimmerman,271,0,2,63,111,38,1,3,3,50
MLB,2021,WSH,488671,Alex Avila,106,0,0,0,0,1,16,64,20,5
MLB,2021,WSH,501593,Luis Avilán,0,0,0,0,0,0,0,0,0,0
MLB,2021,WSH,501789,Will Harris,0,0,0,0,0,0,0,0,0,0
MLB,2021,WSH,502179,Paolo Espino,30,0,0,1,0,0,0,0,0,29
MLB,2021,WSH,502522,Justin Miller,0,0,0,0,0,0,0,0,0,0
MLB,2021,WSH,506703,Adrián Sanchez,38,1,11,0,0,0,0,7,17,2
MLB,2021,WSH,516770,Starlin Castro,339,0,0,4,32,142,107,39,14,1
MLB,2021,WSH,518960,Jonathan Lucroy,14,0,0,0,1,0,0,0,13,0
MLB,2021,WSH,541650,Hernán Pérez,21,1,0,1,0,0,9,2,6,2
MLB,2021,WSH,543228,Yan Gomes,229,0,0,0,0,58,58,105,8,0
MLB,2021,WSH,543272,Brad Hand,0,0,0,0,0,0,0,0,0,0
MLB,2021,WSH,543281,Josh Harrison,342,16,95,9,8,95,64,45,5,5
MLB,2021,WSH,543339,Daniel Hudson,0,0,0,0,0,0,0,0,0,0
MLB,2021,WSH,543456,Kyle Lobstein,0,0,0,0,0,0,0,0,0,0
MLB,2021,WSH,543594,Sean Nolin,5,0,0,0,0,1,0,0,0,4
MLB,2021,WSH,544931,Stephen Strasburg,6,0,0,0,0,0,0,0,2,4
MLB,2021,WSH,571578,Patrick Corbin,54,0,0,0,0,0,0,0,5,49
MLB,2021,WSH,593604,Alberto Baldonado,0,0,0,0,0,0,0,0,0,0
MLB,2021,WSH,593833,Wander Suero,1,0,0,0,0,0,0,0,0,1
MLB,2021,WSH,600858,Humberto Arteaga,3,0,0,0,0,0,0,0,3,0
MLB,2021,WSH,600921,Andrés Machado,0,0,0,0,0,0,0,0,0,0
MLB,2021,WSH,605137,Josh Bell,561,0,0,79,422,21,20,6,5,8
MLB,2021,WSH,605452,Joe Ross,33,0,0,0,0,0,0,0,5,28
MLB,2021,WSH,607200,Erick Fedde,37,0,0,0,0,0,0,0,3,34
MLB,2021,WSH,607208,Trea Turner,414,192,200,22,0,0,0,0,0,0
MLB,2021,WSH,607560,Ryne Harper,1,0,0,0,0,0,0,0,0,1
MLB,2021,WSH,608723,Austin Voth,2,0,0,0,0,0,0,0,2,0
MLB,2021,WSH,621348,Sam Clay,2,0,0,0,0,0,0,0,0,2
MLB,2021,WSH,622446,Jefry Rodriguez,2,0,0,0,0,1,0,0,0,1
MLB,2021,WSH,628450,Yadiel Hernandez,286,2,22,17,8,140,29,8,16,44
MLB,2021,WSH,640448,Kyle Finnegan,0,0,0,0,0,0,0,0,0,0
MLB,2021,WSH,641851,Kyle McGowin,1,0,1,0,0,0,0,0,0,0
MLB,2021,WSH,641907,Patrick Murphy,1,0,0,0,0,0,0,0,0,1
MLB,2021,WSH,642028,Josh Rogers,13,0,0,0,0,0,0,0,0,13
MLB,2021,WSH,645302,Victor Robles,346,114,0,0,0,0,6,11,140,75
MLB,2021,WSH,656180,Riley Adams,84,1,1,0,1,1,11,31,34,4
MLB,2021,WSH,656620,Gabe Klobosits,0,0,0,0,0,0,0,0,0,0
MLB,2021,WSH,656883,Jakson Reetz,2,0,0,0,0,0,0,1,0,1
MLB,2021,WSH,656941,Kyle Schwarber,293,84,0,0,105,62,38,4,0,0
MLB,2021,WSH,657041,Lane Thomas,205,190,5,0,0,1,8,0,0,1
MLB,2021,WSH,660688,Keibert Ruiz,87,0,0,0,0,18,47,20,0,2
MLB,2021,WSH,663432,Tanner Rainey,0,0,0,0,0,0,0,0,0,0
MLB,2021,WSH,664057,Andrew Stevenson,205,29,5,1,0,4,23,19,55,69
MLB,2021,WSH,664584,Jhon Romero,0,0,0,0,0,0,0,0,0,0
MLB,2021,WSH,665742,Juan Soto,644,4,125,510,0,0,0,1,1,3
MLB,2021,WSH,666168,Mason Thompson,0,0,0,0,0,0,0,0,0,0
MLB,2021,WSH,666198,Carter Kieboom,242,0,5,0,0,50,108,49,28,2
MLB,2021,WSH,668663,Tres Barrera,103,0,1,0,0,0,15,32,55,0
MLB,2021,WSH,671277,Luis García Jr.,247,0,0,0,0,31,33,78,102,3
MLB,2021,WSH,672851,Joan Adon,2,0,0,0,0,0,0,0,0,2
MLB,2021,WSH,680686,Josiah Gray,20,0,0,0,0,0,0,0,0,20
MLB,2021,WSH,680963,Cody Wilson,1,0,0,0,0,0,0,0,0,1
MLB,2022,ATL,429664,Robinson Canó,27,0,0,0,0,0,0,0,24,3
MLB,2022,ATL,444489,Manny Piña,15,0,0,0,0,0,0,0,10,5
MLB,2022,ATL,501303,Ehire Adrianza,16,0,1,0,0,0,0,0,0,15
MLB,2022,ATL,518595,Travis d'Arnaud,415,0,22,4,50,208,105,20,6,0
MLB,2022,ATL,542303,Marcell Ozuna,501,0,0,68,152,77,84,72,48,0
MLB,2022,ATL,543105,Alex Dickerson,36,0,0,0,0,0,15,9,12,0
MLB,2022,ATL,543257,Robbie Grossman,156,0,0,0,0,0,22,5,15,114
MLB,2022,ATL,592696,Eddie Rosario,267,12,0,0,2,58,95,50,37,13
MLB,2022,ATL,594807,Adam Duvall,308,0,0,0,4,26,56,139,82,1
MLB,2022,ATL,594838,Phil Gosselin,24,2,0,0,0,0,0,4,18,0
MLB,2022,ATL,606115,Orlando Arcia,230,0,5,0,0,2,22,21,143,37
MLB,2022,ATL,621020,Dansby Swanson,689,78,453,0,0,0,5,41,29,83
MLB,2022,ATL,621566,Matt Olson,691,0,199,149,247,78,18,0,0,0
MLB,2022,ATL,623451,Jackson Stephens,0,0,0,0,0,0,0,0,0,0
MLB,2022,ATL,628338,Guillermo Heredia,82,3,0,0,0,0,4,16,40,19
MLB,2022,ATL,641513,Travis Demeritte,95,23,0,0,0,0,4,12,28,28
MLB,2022,ATL,644433,Chadwick Tromp,4,0,0,0,0,0,0,0,0,4
MLB,2022,ATL,645277,Ozzie Albies,263,91,4,9,0,104,30,19,6,0
MLB,2022,ATL,645801,Mike Ford,8,0,0,0,0,1,3,0,1,3
MLB,2022,ATL,660670,Ronald Acuña Jr.,520,515,0,0,1,0,1,0,2,1
MLB,2022,ATL,661388,William Contreras,373,0,18,0,5,102,104,102,28,14
MLB,2022,ATL,663586,Austin Riley,672,0,0,440,215,0,8,8,1,0
MLB,2022,ATL,671739,Michael Harris II,435,4,15,21,4,5,48,48,51,239
MLB,2022,ATL,676625,Rylan Bannon,0,0,0,0,0,0,0,0,0,0
MLB,2022,ATL,687093,Vaughn Grissom,152,3,5,0,0,0,32,68,31,13
MLB,2022,AZ,444482,David Peralta,304,5,3,113,4,156,12,8,0,3
MLB,2022,AZ,453178,Ian Kennedy,0,0,0,0,0,0,0,0,0,0
MLB,2022,AZ,453343,Mark Melancon,0,0,0,0,0,0,0,0,0,0
MLB,2022,AZ,571602,Matt Davidson,13,1,0,12,0,0,0,0,0,0
MLB,2022,AZ,572233,Christian Walker,650,0,0,0,649,0,0,0,0,1
MLB,2022,AZ,573009,Joe Mantiply,0,0,0,0,0,0,0,0,0,0
MLB,2022,AZ,594694,Wilmer Difo,6,0,0,0,0,0,0,3,0,3
MLB,2022,AZ,596133,Luke Weaver,0,0,0,0,0,0,0,0,0,0
MLB,2022,AZ,598287,Noé Ramirez,0,0,0,0,0,0,0,0,0,0
MLB,2022,AZ,605113,Nick Ahmed,54,0,0,0,0,1,12,14,27,0
MLB,2022,AZ,605525,J.B. Wendelken,0,0,0,0,0,0,0,0,0,0
MLB,2022,AZ,606466,Ketel Marte,544,16,99,349,0,29,44,1,2,4
MLB,2022,AZ,606625,Reyes Moronta,0,0,0,0,0,0,0,0,0,0
MLB,2022,AZ,606988,Grayson Greiner,8,0,0,0,0,0,0,0,0,8
MLB,2022,AZ,606993,Jake Hager,58,0,0,0,1,1,0,0,37,19
MLB,2022,AZ,608348,Carson Kelly,346,58,5,8,0,23,60,99,86,7
MLB,2022,AZ,641871,Keynan Middleton,0,0,0,0,0,0,0,0,0,0
MLB,2022,AZ,642727,Sergio Alcántara,180,0,5,1,0,0,14,71,55,34
MLB,2022,AZ,645444,Jose Herrera,118,0,0,0,0,1,2,0,7,108
MLB,2022,AZ,656403,Drew Ellis,14,0,0,0,0,0,0,0,3,11
MLB,2022,AZ,656448,Stone Garrett,79,22,11,3,0,16,18,6,1,2
MLB,2022,AZ,656464,Kevin Ginkel,0,0,0,0,0,0,0,0,0,0
MLB,2022,AZ,656669,Jordan Luplow,230,44,72,13,1,10,39,34,6,11
MLB,2022,AZ,656896,Emmanuel Rivera,144,0,60,14,4,31,31,4,0,0
MLB,2022,AZ,656976,Pavin Smith,273,6,98,12,0,65,55,27,7,3
MLB,2022,AZ,660634,Yonny Hernández,26,0,4,0,0,0,0,3,9,10
MLB,2022,AZ,662139,Daulton Varsho,574,263,43,4,0,112,78,35,33,6
MLB,2022,AZ,664092,Sean Poppen,0,0,0,0,0,0,0,0,0,0
MLB,2022,AZ,664983,Jake McCarthy,342,3,12,99,0,48,109,45,24,2
MLB,2022,AZ,666179,Seth Beer,122,0,0,0,12,36,20,37,14,3
MLB,2022,AZ,668942,Josh Rojas,495,204,117,60,0,68,22,12,10,2
MLB,2022,AZ,669450,Cooper Hummel,198,77,19,4,3,17,21,20,30,7
MLB,2022,AZ,669459,Kyle Nelson,0,0,0,0,0,0,0,0,0,0
MLB,2022,AZ,671083,Buddy Kennedy,91,1,0,0,0,28,38,24,0,0
MLB,2022,AZ,672695,Geraldo Perdomo,479,0,5,0,0,0,13,42,106,313
MLB,2022,AZ,677950,Alek Thomas,401,6,140,1,0,2,13,117,116,6
MLB,2022,AZ,682998,Corbin Carroll,112,10,12,0,0,8,41,21,19,1
MLB,2022,BAL,455139,Robinson Chirinos,211,0,0,0,0,0,12,28,99,72
MLB,2022,BAL,542583,Jesús Aguilar,50,0,0,4,6,22,11,5,0,2
MLB,2022,BAL,572008,Chris Owings,66,0,0,0,0,4,0,9,2,51
MLB,2022,BAL,596059,Rougned Odor,454,0,0,0,4,62,100,175,102,11
MLB,2022,BAL,596082,Jake Reed,0,0,0,0,0,0,0,0,0,0
MLB,2022,BAL,602104,Ramón Urías,433,0,19,2,30,100,119,108,54,1
MLB,2022,BAL,605347,Jorge López,0,0,0,0,0,0,0,0,0,0
MLB,2022,BAL,607216,Joey Krehbiel,0,0,0,0,0,0,0,0,0,0
MLB,2022,BAL,621006,Richie Martin Jr.,31,0,1,0,0,1,0,0,0,29
MLB,2022,BAL,621433,Brett Phillips,17,0,0,0,0,2,2,0,3,10
MLB,2022,BAL,621466,DJ Stewart,3,1,0,0,0,0,0,0,1,1
MLB,2022,BAL,621532,Anthony Bemboom,58,0,0,1,0,0,3,0,40,14
MLB,2022,BAL,622253,Dillon Tate,0,0,0,0,0,0,0,0,0,0
MLB,2022,BAL,622761,Jorge Mateo,515,0,4,0,0,10,19,74,87,321
MLB,2022,BAL,623993,Anthony Santander,623,0,54,417,128,18,4,2,0,0
MLB,2022,BAL,641820,Trey Mancini,385,5,253,82,40,4,0,0,1,0
MLB,2022,BAL,642585,Félix Bautista,0,0,0,0,0,0,0,0,0,0
MLB,2022,BAL,642721,Kelvin Gutiérrez,32,0,0,1,0,1,1,0,19,10
MLB,2022,BAL,656775,Cedric Mullins,652,631,0,0,0,3,5,2,10,1
MLB,2022,BAL,660620,Jonathan Araúz,29,0,0,0,0,0,0,1,24,4
MLB,2022,BAL,663527,Tyler Nevin,174,0,0,0,0,21,64,50,29,10
MLB,2022,BAL,663624,Ryan Mountcastle,591,0,55,128,255,121,25,6,0,1
MLB,2022,BAL,663630,Ryan McKenna,167,24,2,6,3,13,14,44,39,22
MLB,2022,BAL,666783,Yusniel Díaz,1,0,0,1,0,0,0,0,0,0
MLB,2022,BAL,668939,Adley Rutschman,457,0,253,4,32,75,84,5,0,4
MLB,2022,BAL,669065,Kyle Stowers,93,2,0,0,5,18,11,20,28,9
MLB,2022,BAL,669720,Austin Hays,565,42,56,25,160,77,122,59,24,0
MLB,2022,BAL,670329,Rico Garcia,0,0,0,0,0,0,0,0,0,0
MLB,2022,BAL,672335,Cionel Pérez,0,0,0,0,0,0,0,0,0,0
MLB,2022,BAL,676625,Rylan Bannon,14,0,0,0,0,0,0,9,0,5
MLB,2022,BAL,679631,Terrin Vavra,98,6,0,2,0,29,19,17,19,6
MLB,2022,BAL,683002,Gunnar Henderson,129,9,0,13,5,71,21,0,8,2
MLB,2022,BOS,501659,Abraham Almonte,36,3,0,0,1,1,6,5,4,16
MLB,2022,BOS,502054,Tommy Pham,222,193,21,8,0,0,0,0,0,0
MLB,2022,BOS,502110,J.D. Martinez,580,0,0,285,116,161,18,0,0,0
MLB,2022,BOS,543333,Eric Hosmer,46,0,0,0,0,0,41,5,0,0
MLB,2022,BOS,543768,Travis Shaw,19,0,0,0,0,0,0,8,9,2
MLB,2022,BOS,543877,Christian Vázquez,312,0,45,0,8,38,36,55,91,39
MLB,2022,BOS,570560,Yolmer Sánchez,42,0,0,0,1,0,0,4,20,17
MLB,2022,BOS,571771,Enrique Hernández,389,199,13,0,4,33,16,60,47,17
MLB,2022,BOS,593428,Xander Bogaerts,608,0,9,298,292,7,1,0,1,0
MLB,2022,BOS,596115,Trevor Story,389,66,12,11,9,78,203,10,0,0
MLB,2022,BOS,598265,Jackie Bradley Jr.,288,0,0,0,0,4,22,32,100,130
MLB,2022,BOS,608700,Kevin Plawecki,171,1,0,1,1,1,7,9,58,93
MLB,2022,BOS,608701,Rob Refsnyder,166,65,17,1,2,8,14,30,20,9
MLB,2022,BOS,614173,Franchy Cordero,270,6,2,0,3,18,60,148,20,13
MLB,2022,BOS,624414,Christian Arroyo,291,15,0,3,2,37,88,73,41,32
MLB,2022,BOS,624512,Reese McGuire,104,0,0,0,0,1,0,15,54,34
MLB,2022,BOS,644374,Yu Chang,23,0,0,2,0,0,0,4,14,3
MLB,2022,BOS,646240,Rafael Devers,602,0,445,52,103,0,0,0,2,0
MLB,2022,BOS,657077,Alex Verdugo,632,1,139,24,138,262,44,24,0,0
MLB,2022,BOS,657136,Connor Wong,49,1,1,0,1,1,0,0,0,45
MLB,2022,BOS,660620,Jonathan Araúz,10,0,0,0,0,0,0,0,3,7
MLB,2022,BOS,664041,Jaylin Davis,27,8,0,0,0,0,0,0,8,11
MLB,2022,BOS,666915,Bobby Dalbec,344,5,6,6,0,20,30,135,95,47
MLB,2022,BOS,669023,Jeter Downs,40,1,0,1,0,0,3,0,3,32
MLB,2022,BOS,671213,Triston Casas,93,0,4,3,0,0,64,17,5,0
MLB,2022,BOS,680776,Jarren Duran,218,164,0,3,0,0,0,0,15,36
MLB,2022,CHC,502085,David Robertson,1,0,1,0,0,0,0,0,0,0
MLB,2022,CHC,518792,Jason Heyward,146,1,0,0,0,0,17,58,58,12
MLB,2022,CHC,542340,Jonathan Villar,161,5,23,10,4,10,43,21,30,15
MLB,2022,CHC,542364,Rafael Ortega,357,198,33,11,2,14,49,14,16,20
MLB,2022,CHC,543228,Yan Gomes,283,2,1,15,16,49,52,95,50,3
MLB,2022,CHC,545121,Ildemaro Vargas,26,1,0,0,0,0,3,1,4,17
MLB,2022,CHC,575929,Willson Contreras,461,31,333,74,21,0,0,1,1,0
MLB,2022,CHC,592743,Andrelton Simmons,82,0,0,0,0,0,0,3,20,59
MLB,2022,CHC,596057,Daniel Norris,0,0,0,0,0,0,0,0,0,0
MLB,2022,CHC,606019,Esteban Quiroz,44,11,28,0,0,0,1,1,3,0
MLB,2022,CHC,614177,Franmil Reyes,191,0,0,44,46,74,26,0,0,1
MLB,2022,CHC,621219,Alec Mills,0,0,0,0,0,0,0,0,0,0
MLB,2022,CHC,621550,Patrick Wisdom,522,0,2,93,96,122,109,63,33,4
MLB,2022,CHC,623520,David Bote,122,1,4,8,0,12,3,14,36,44
MLB,2022,CHC,640449,Clint Frazier,44,15,0,2,1,0,8,11,7,0
MLB,2022,CHC,641684,Michael Hermosillo,68,4,2,0,0,2,5,20,25,10
MLB,2022,CHC,643271,Narciso Crook,8,4,0,0,0,2,0,2,0,0
MLB,2022,CHC,643524,Frank Schwindel,287,2,4,9,103,91,43,32,3,0
MLB,2022,CHC,656716,Zach McKinstry,168,104,0,0,0,2,4,24,19,15
MLB,2022,CHC,663538,Nico Hoerner,507,0,36,0,12,206,114,64,9,66
MLB,2022,CHC,663611,Nick Madrigal,221,108,26,0,1,0,8,3,16,59
MLB,2022,CHC,663845,Alfonso Rivas III,280,12,5,2,7,37,42,64,89,22
MLB,2022,CHC,664023,Ian Happ,628,2,43,307,209,7,34,10,16,0
MLB,2022,CHC,664731,P.J. Higgins,223,1,7,1,1,10,28,74,81,20
MLB,2022,CHC,666624,Christopher Morel,417,200,3,0,0,0,2,5,22,185
MLB,2022,CHC,673548,Seiya Suzuki,436,1,136,106,152,25,13,1,0,2
MLB,2022,CHC,676369,Nelson Velázquez,204,11,1,3,8,12,32,44,68,25
MLB,2022,CHC,676714,Brandon Hughes,0,0,0,0,0,0,0,0,0,0
MLB,2022,CHC,676724,Jared Young,22,0,0,0,0,0,4,10,8,0
MLB,2022,CIN,456781,Donovan Solano,297,0,20,19,62,124,49,13,8,2
MLB,2022,CIN,458015,Joey Votto,362,0,0,0,361,0,0,0,1,0
MLB,2022,CIN,502054,Tommy Pham,378,0,0,376,0,2,0,0,0,0
MLB,2022,CIN,519058,Mike Moustakas,276,4,0,14,76,24,56,90,11,1
MLB,2022,CIN,519222,Austin Romine,97,1,3,0,0,1,1,3,0,88
MLB,2022,CIN,519326,Hunter Strickland,0,0,0,0,0,0,0,0,0,0
MLB,2022,CIN,546991,Albert Almora Jr.,228,3,4,0,0,15,31,74,86,15
MLB,2022,CIN,571657,Kyle Farmer,556,20,16,228,15,142,63,19,52,1
MLB,2022,CIN,571980,Tyler Naquin,200,44,57,0,21,2,21,44,9,2
MLB,2022,CIN,592273,Brandon Drury,375,1,335,0,0,12,12,0,10,5
MLB,2022,CIN,592567,Colin Moran,125,1,0,0,5,10,40,41,11,17
MLB,2022,CIN,595375,JT Riddle,4,0,0,0,0,1,0,0,3,0
MLB,2022,CIN,600301,Taylor Motter,6,0,0,0,0,0,0,4,2,0
MLB,2022,CIN,605244,Aramis Garcia,111,0,0,0,2,5,1,4,21,78
MLB,2022,CIN,606157,Aristides Aquino,273,6,6,3,12,46,121,49,30,0
MLB,2022,CIN,608360,Chris Okey,12,0,0,0,1,0,0,0,0,11
MLB,2022,CIN,608703,Matt Reynolds,270,20,1,13,4,5,48,61,34,84
MLB,2022,CIN,621011,Max Schrock,27,9,0,1,0,1,5,0,7,4
MLB,2022,CIN,641584,Jake Fraley,242,61,25,5,79,3,7,11,7,44
MLB,2022,CIN,641682,Ryan Hendrix,0,0,0,0,0,0,0,0,0,0
MLB,2022,CIN,642020,Chuckie Robinson,59,0,0,0,0,0,0,0,0,59
MLB,2022,CIN,656413,Stuart Fairchild,94,2,0,0,4,29,17,19,11,12
MLB,2022,CIN,656546,Jeff Hoffman,0,0,0,0,0,0,0,0,0,0
MLB,2022,CIN,656627,Mark Kolozsvary,21,0,0,0,0,0,0,0,1,20
MLB,2022,CIN,657709,Michael Papierski,91,0,0,0,0,4,0,0,0,87
MLB,2022,CIN,663697,Jonathan India,417,298,116,0,0,0,0,0,0,3
MLB,2022,CIN,663886,Tyler Stephenson,174,0,8,15,8,139,0,1,0,3
MLB,2022,CIN,664294,Dauri Moreta,0,0,0,0,0,0,0,0,0,0
MLB,2022,CIN,664670,Alejo Lopez,150,8,13,0,3,13,25,46,32,10
MLB,2022,CIN,665665,Reiver Sanmartin,2,0,0,0,0,2,0,0,0,0
MLB,2022,CIN,668715,Spencer Steer,106,0,29,0,8,15,26,19,8,1
MLB,2022,CIN,669008,Ronnie Dawson,3,0,0,0,0,0,0,0,3,0
MLB,2022,CIN,669222,Nick Senzel,399,64,63,4,0,26,102,68,59,13
MLB,2022,CIN,669270,Joel Kuhnel,0,0,0,0,0,0,0,0,0,0
MLB,2022,CIN,670770,TJ Friedl,245,172,0,0,0,20,4,32,6,11
MLB,2022,CIN,672279,Michael Siani,24,0,0,0,0,0,0,13,10,1
MLB,2022,CIN,676480,José Barrero,174,0,0,0,0,0,1,0,173,0
MLB,2022,CLE,506702,Sandy León,21,0,0,0,0,0,0,0,21,0
MLB,2022,CLE,543766,Bryan Shaw,0,0,0,0,0,0,0,0,0,0
MLB,2022,CLE,571912,Luke Maile,200,0,0,0,0,0,0,0,168,32
MLB,2022,CLE,595978,Austin Hedges,319,0,0,0,0,0,0,0,197,122
MLB,2022,CLE,608070,José Ramírez,670,0,0,670,0,0,0,0,0,0
MLB,2022,CLE,614177,Franmil Reyes,277,0,0,0,124,69,78,4,1,1
MLB,2022,CLE,640458,Óscar Mercado,125,0,2,0,0,6,16,23,69,9
MLB,2022,CLE,642708,Amed Rosario,662,0,563,0,4,68,8,12,6,1
MLB,2022,CLE,644374,Yu Chang,10,0,0,1,0,0,4,3,2,0
MLB,2022,CLE,647304,Josh Naylor,487,0,0,5,304,147,24,3,3,1
MLB,2022,CLE,656252,Bobby Bradley,17,0,0,0,1,6,3,7,0,0
MLB,2022,CLE,660757,Oscar Gonzalez,377,0,0,0,98,164,105,10,0,0
MLB,2022,CLE,660853,Enyel De Los Santos,0,0,0,0,0,0,0,0,0,0
MLB,2022,CLE,664702,Myles Straw,589,260,0,0,2,1,0,5,4,317
MLB,2022,CLE,665926,Andrés Giménez,525,7,5,4,8,134,205,130,17,15
MLB,2022,CLE,666134,Nolan Jones,94,0,0,1,0,0,24,68,0,1
MLB,2022,CLE,666181,Will Benson,58,3,0,0,2,0,0,28,7,18
MLB,2022,CLE,666310,Bo Naylor,8,0,0,0,0,4,0,0,4,0
MLB,2022,CLE,669743,Alex Call,16,1,0,0,0,1,4,8,1,1
MLB,2022,CLE,671289,Tyler Freeman,81,0,8,0,1,0,0,62,1,9
MLB,2022,CLE,672356,Gabriel Arias,55,0,4,4,0,0,9,38,0,0
MLB,2022,CLE,676391,Ernie Clement,156,0,7,3,3,3,14,82,25,19
MLB,2022,CLE,680700,Richie Palacios,121,0,1,0,0,1,6,52,43,18
MLB,2022,CLE,680757,Steven Kwan,625,453,112,1,0,0,6,5,31,17
MLB,2022,CLE,680911,Owen Miller,456,9,8,12,145,60,148,72,1,1
MLB,2022,CLE,681526,Bryan Lavastida,15,0,0,0,0,0,0,0,4,11
MLB,2022,CLE,686823,Will Brennan,44,5,5,0,0,0,5,24,5,0
MLB,2022,COL,453268,Daniel Bard,0,0,0,0,0,0,0,0,0,0
MLB,2022,COL,453568,Charlie Blackmon,562,134,190,166,59,4,2,0,3,4
MLB,2022,COL,517008,Alex Colomé,0,0,0,0,0,0,0,0,0,0
MLB,2022,COL,543068,C.J. Cron,618,0,0,201,415,0,1,0,0,1
MLB,2022,COL,545341,Randal Grichuk,530,32,26,67,17,90,170,82,43,3
MLB,2022,COL,553869,Elias Díaz,376,1,0,0,13,49,61,86,75,91
MLB,2022,COL,578428,Jose Iglesias,456,14,118,0,0,69,82,69,71,33
MLB,2022,COL,592144,Wynton Bernard,42,0,3,0,0,0,0,0,7,32
MLB,2022,COL,592178,Kris Bryant,177,0,77,100,0,0,0,0,0,0
MLB,2022,COL,602074,Yonathan Daza,398,55,194,2,1,21,27,36,36,26
MLB,2022,COL,608032,Carlos Estévez,0,0,0,0,0,0,0,0,0,0
MLB,2022,COL,624513,Dom Nuñez,39,0,1,0,0,0,0,0,3,35
MLB,2022,COL,641658,Garrett Hampson,220,2,11,1,0,0,9,19,89,89
MLB,2022,COL,641857,Ryan McMahon,589,111,9,21,61,186,113,76,12,0
MLB,2022,COL,656248,Sean Bouchard,95,0,8,0,0,4,24,13,25,21
MLB,2022,COL,656458,Lucas Gilbreath,0,0,0,0,0,0,0,0,0,0
MLB,2022,COL,656541,Sam Hilliard,197,0,0,3,0,2,7,87,72,26
MLB,2022,COL,656582,Connor Joe,459,379,9,0,2,10,11,21,23,4
MLB,2022,COL,660707,Elehuris Montero,184,0,0,6,2,28,40,50,40,18
MLB,2022,COL,661531,Brian Serven,200,0,1,1,1,0,0,8,50,139
MLB,2022,COL,663898,Brendan Rodgers,573,0,57,133,108,173,67,28,7,0
MLB,2022,COL,669911,Michael Toglia,120,0,0,0,1,37,35,32,8,7
MLB,2022,COL,676701,Alan Trejo,123,0,7,0,0,0,4,21,23,68
MLB,2022,COL,678662,Ezequiel Tovar,35,0,0,0,0,0,0,7,28,0
MLB,2022,CWS,462101,Elvis Andrus,190,148,0,0,0,0,9,26,7,0
MLB,2022,CWS,518735,Yasmani Grandal,372,5,4,18,46,144,67,53,34,1
MLB,2022,CWS,521230,Liam Hendriks,0,0,0,0,0,0,0,0,0,0
MLB,2022,CWS,543281,Josh Harrison,407,13,8,1,1,7,24,86,136,131
MLB,2022,CWS,544725,Leury García,307,22,8,11,1,2,23,112,98,30
MLB,2022,CWS,547989,José Abreu,663,0,0,237,426,0,0,0,0,0
MLB,2022,CWS,572041,AJ Pollock,521,124,31,44,4,74,123,114,6,1
MLB,2022,CWS,592622,Mark Payton,25,0,11,0,0,1,4,2,7,0
MLB,2022,CWS,607481,Aaron Bummer,0,0,0,0,0,0,0,0,0,0
MLB,2022,CWS,608665,Kendall Graveman,0,0,0,0,0,0,0,0,0,0
MLB,2022,CWS,624512,Reese McGuire,157,2,0,0,2,0,4,30,75,44
MLB,2022,CWS,625643,Reynaldo López,0,0,0,0,0,0,0,0,0,0
MLB,2022,CWS,641313,Tim Anderson,346,346,0,0,0,0,0,0,0,0
MLB,2022,CWS,641553,Adam Engel,256,6,7,6,0,9,43,46,76,63
MLB,2022,CWS,641582,Matt Foster,0,0,0,0,0,0,0,0,0,0
MLB,2022,CWS,644429,Anderson Severino,0,0,0,0,0,0,0,0,0,0
MLB,2022,CWS,650391,Eloy Jiménez,320,0,0,87,131,69,31,0,1,1
MLB,2022,CWS,656024,Carlos Pérez,18,0,0,0,1,0,0,0,4,13
MLB,2022,CWS,656514,Adam Haseley,24,0,4,0,2,2,0,0,9,7
MLB,2022,CWS,657757,Gavin Sheets,404,1,5,10,21,193,104,32,26,12
MLB,2022,CWS,660162,Yoán Moncada,429,9,240,21,0,46,99,12,2,0
MLB,2022,CWS,663853,Romy Gonzalez,107,13,0,0,1,1,6,11,11,64
MLB,2022,CWS,664874,Seby Zavala,197,0,0,2,1,3,1,29,74,87
MLB,2022,CWS,664901,Danny Mendick,104,30,0,0,0,0,0,0,4,70
MLB,2022,CWS,669394,Jake Burger,178,4,0,6,5,43,49,34,11,26
MLB,2022,CWS,669424,Jimmy Lambert,0,0,0,0,0,0,0,0,0,0
MLB,2022,CWS,672820,Lenyn Sosa,36,5,0,0,1,0,0,0,4,26
MLB,2022,CWS,673357,Luis Robert Jr.,397,5,106,213,37,13,0,19,4,0
MLB,2022,CWS,683734,Andrew Vaughn,541,6,291,41,8,70,69,31,15,10
MLB,2022,DET,408234,Miguel Cabrera,425,0,1,147,203,72,0,0,2,0
MLB,2022,DET,543257,Robbie Grossman,311,171,20,50,0,11,33,18,3,5
MLB,2022,DET,570731,Jonathan Schoop,500,0,72,42,9,67,131,94,85,0
MLB,2022,DET,571466,Tucker Barnhart,306,0,0,1,1,4,0,0,207,93
MLB,2022,DET,572863,Dustin Garneau,11,0,0,0,0,0,0,0,7,4
MLB,2022,DET,595879,Javier Báez,577,0,179,278,78,35,7,0,0,0
MLB,2022,DET,600869,Jeimer Candelario,453,3,0,16,88,98,89,120,39,0
MLB,2022,DET,605612,Harold Castro,433,10,38,74,112,97,30,23,28,21
MLB,2022,DET,606992,Eric Haase,343,3,3,13,88,76,47,36,43,34
MLB,2022,DET,622682,Victor Reyes,324,62,168,0,1,0,7,9,6,71
MLB,2022,DET,623507,Josh Lester,5,0,0,1,0,0,4,0,0,0
MLB,2022,DET,640457,Austin Meadows,144,4,72,17,37,12,0,0,2,0
MLB,2022,DET,650489,Willi Castro,380,52,81,18,2,25,97,58,8,39
MLB,2022,DET,656537,Derek Hill,88,22,0,0,0,0,2,1,0,63
MLB,2022,DET,663478,Brendon Davis,11,0,0,0,0,0,0,7,4,0
MLB,2022,DET,663662,Daz Cameron,69,5,0,0,0,0,0,31,11,22
MLB,2022,DET,665019,Kody Clemens,125,0,8,6,3,2,14,37,40,15
MLB,2022,DET,668731,Akil Baddoo,221,42,0,0,1,0,7,11,8,152
MLB,2022,DET,668952,Ryan Kreidler,79,0,0,0,1,0,1,21,15,41
MLB,2022,DET,670097,Zack Short,11,0,0,1,0,0,0,0,0,10
MLB,2022,DET,679529,Spencer Torkelson,393,0,5,6,13,91,98,104,75,1
MLB,2022,DET,681481,Kerry Carpenter,105,0,0,3,9,36,34,18,4,1
MLB,2022,DET,682985,Riley Greene,408,336,38,4,13,12,5,0,0,0
MLB,2022,HOU,455117,Martín Maldonado,366,0,0,0,0,0,0,0,0,366
MLB,2022,HOU,488726,Michael Brantley,274,0,274,0,0,0,0,0,0,0
MLB,2022,HOU,488771,Jason Castro,86,0,0,0,0,0,4,6,62,14
MLB,2022,HOU,493329,Yuli Gurriel,575,0,123,5,12,224,208,1,0,2
MLB,2022,HOU,514888,Jose Altuve,593,589,0,0,0,0,0,0,4,0
MLB,2022,HOU,543877,Christian Vázquez,108,0,0,0,0,13,8,28,48,11
MLB,2022,HOU,592348,Niko Goodrum,45,3,9,3,0,0,4,18,8,0
MLB,2022,HOU,608324,Alex Bregman,635,0,8,324,302,0,0,1,0,0
MLB,2022,HOU,622100,Taylor Jones,1,0,0,0,0,0,0,0,0,1
MLB,2022,HOU,641820,Trey Mancini,183,0,0,1,4,26,83,66,1,2
MLB,2022,HOU,642350,Jose Siri,144,18,0,0,1,0,3,4,86,32
MLB,2022,HOU,643289,Mauricio Dubón,209,33,9,2,0,2,1,40,86,36
MLB,2022,HOU,649557,Aledmys Díaz,323,4,53,7,16,53,81,100,5,4
MLB,2022,HOU,656695,J.J. Matijevic,69,0,5,0,0,0,22,27,8,7
MLB,2022,HOU,663656,Kyle Tucker,603,1,5,46,72,333,144,1,1,0
MLB,2022,HOU,665161,Jeremy Peña,543,34,214,0,0,4,71,171,37,12
MLB,2022,HOU,669309,Joe Perez,1,0,0,1,0,0,0,0,0,0
MLB,2022,HOU,670541,Yordan Alvarez,548,0,0,286,260,0,0,1,1,0
MLB,2022,HOU,673237,Yainer Diaz,9,0,0,0,0,0,1,4,3,1
MLB,2022,HOU,676694,Jake Meyers,157,0,4,3,0,7,4,34,82,23
MLB,2022,HOU,676801,Chas McCormick,405,44,6,0,1,0,17,125,175,37
MLB,2022,HOU,682073,David Hensley,34,1,1,4,2,0,0,5,10,11
MLB,2022,HOU,686676,Korey Lee,26,0,0,0,0,0,0,0,0,26
MLB,2022,KC,467793,Carlos Santana,209,0,0,2,28,72,62,42,3,0
MLB,2022,KC,521692,Salvador Perez,456,0,0,302,154,0,0,0,0,0
MLB,2022,KC,572191,Michael A. Taylor,443,22,9,0,8,74,63,92,153,22
MLB,2022,KC,593160,Whit Merrifield,409,324,51,0,0,10,16,0,8,0
MLB,2022,KC,595956,Cam Gallagher,45,0,0,0,2,0,1,0,10,32
MLB,2022,KC,605130,Scott Barlow,0,0,0,0,0,0,0,0,0,0
MLB,2022,KC,606303,Joel Payamps,0,0,0,0,0,0,0,0,0,0
MLB,2022,KC,609275,Adalberto Mondesi,54,0,0,0,0,0,9,35,6,4
MLB,2022,KC,622251,Josh Staumont,0,0,0,0,0,0,0,0,0,0
MLB,2022,KC,641531,Hunter Dozier,492,0,1,5,116,150,167,35,16,2
MLB,2022,KC,643217,Andrew Benintendi,383,0,285,84,4,7,0,0,2,1
MLB,2022,KC,656061,Albert Abreu,0,0,0,0,0,0,0,0,0,0
MLB,2022,KC,656811,Ryan O'Hearn,141,2,2,3,37,42,16,22,10,7
MLB,2022,KC,656896,Emmanuel Rivera,208,4,2,0,15,20,27,44,80,16
MLB,2022,KC,658668,Edward Olivares,168,23,4,0,39,35,22,25,11,9
MLB,2022,KC,663738,Daniel Lynch IV,0,0,0,0,0,0,0,0,0,0
MLB,2022,KC,664199,Taylor Clarke,0,0,0,0,0,0,0,0,0,0
MLB,2022,KC,664728,Kyle Isbel,270,3,4,2,4,9,14,118,86,30
MLB,2022,KC,665861,Sebastián Rivero,28,2,0,5,0,0,0,0,3,18
MLB,2022,KC,666023,Freddy Fermin,7,0,0,0,0,0,0,0,0,7
MLB,2022,KC,667670,Brent Rooker,28,0,0,0,1,9,5,11,2,0
MLB,2022,KC,668472,Nick Pratto,174,0,0,9,30,14,69,44,8,0
MLB,2022,KC,669004,MJ Melendez,522,273,0,18,31,123,33,40,0,4
MLB,2022,KC,669395,Dylan Coleman,0,0,0,0,0,0,0,0,0,0
MLB,2022,KC,670032,Nicky Lopez,458,39,10,3,1,0,0,0,69,336
MLB,2022,KC,671221,Drew Waters,108,0,0,0,1,2,8,14,50,33
MLB,2022,KC,671790,Ronald Bolaños,0,0,0,0,0,0,0,0,0,0
MLB,2022,KC,672578,Carlos Hernández,0,0,0,0,0,0,0,0,0,0
MLB,2022,KC,672580,Maikel Garcia,23,0,1,0,0,0,0,0,13,9
MLB,2022,KC,676092,Collin Snider,0,0,0,0,0,0,0,0,0,0
MLB,2022,KC,676551,Brewer Hicklen,4,0,0,0,0,2,0,0,0,2
MLB,2022,KC,677951,Bobby Witt Jr.,615,18,317,205,0,5,38,30,0,2
MLB,2022,KC,680118,Dairon Blanco,7,1,0,0,0,0,0,0,4,2
MLB,2022,KC,681987,Nate Eaton,115,0,0,0,0,0,19,24,39,33
MLB,2022,KC,686469,Vinnie Pasquantino,290,0,0,43,187,41,19,0,0,0
MLB,2022,KC,686681,Michael Massey,179,4,14,0,9,39,52,38,21,2
MLB,2022,LAA,435559,Kurt Suzuki,154,0,1,2,0,4,20,100,20,7
MLB,2022,LAA,501571,Juan Lagares,62,10,0,0,0,4,7,13,28,0
MLB,2022,LAA,519222,Austin Romine,8,0,0,0,0,0,0,3,5,0
MLB,2022,LAA,542340,Jonathan Villar,53,25,0,0,0,4,18,2,4,0
MLB,2022,LAA,543685,Anthony Rendon,189,0,4,54,101,29,1,0,0,0
MLB,2022,LAA,545358,Max Stassi,371,0,0,4,29,75,74,99,74,16
MLB,2022,LAA,545361,Mike Trout,492,0,423,66,0,2,0,0,1,0
MLB,2022,LAA,594838,Phil Gosselin,52,0,1,0,0,0,0,22,29,0
MLB,2022,LAA,595453,Chad Wallach,39,0,0,0,0,0,0,27,12,0
MLB,2022,LAA,605504,Dillon Thomas,13,0,0,0,0,0,7,5,0,1
MLB,2022,LAA,608686,Jack Mayfield,73,0,0,3,14,11,15,23,2,5
MLB,2022,LAA,621453,Steven Duggar,22,0,0,0,0,3,4,4,0,11
MLB,2022,LAA,621493,Taylor Ward,555,223,56,34,186,53,0,0,1,2
MLB,2022,LAA,622110,Matt Duffy,245,17,0,8,55,54,59,35,11,6
MLB,2022,LAA,623205,Andrew Velazquez,337,0,0,1,0,0,3,13,43,277
MLB,2022,LAA,642136,Matt Thaiss,80,1,1,1,0,23,21,16,10,7
MLB,2022,LAA,642180,Tyler Wade,157,0,2,0,2,1,3,5,100,44
MLB,2022,LAA,642423,Magneuris Sierra,95,3,0,1,2,1,16,17,18,37
MLB,2022,LAA,645801,Mike Ford,99,0,0,0,4,45,41,7,1,1
MLB,2022,LAA,650859,Luis Rengifo,506,108,9,125,85,87,41,20,18,13
MLB,2022,LAA,656509,Monte Harrison,13,0,1,0,0,0,0,0,2,10
MLB,2022,LAA,660271,Shohei Ohtani,658,141,171,333,9,0,0,0,2,2
MLB,2022,LAA,664058,David Fletcher,223,128,5,0,0,7,11,4,23,45
MLB,2022,LAA,664334,Aaron Whitefield,11,0,0,0,0,0,7,0,0,4
MLB,2022,LAA,665120,Jared Walsh,450,0,0,52,156,141,69,25,6,1
MLB,2022,LAA,666160,Mickey Moniak,61,13,0,0,0,0,9,26,13,0
MLB,2022,LAA,666176,Jo Adell,279,0,7,5,14,73,74,64,40,2
MLB,2022,LAA,666922,Ryan Aguilar,24,0,0,0,0,1,0,16,7,0
MLB,2022,LAA,669016,Brandon Marsh,314,31,19,0,0,33,99,42,66,24
MLB,2022,LAA,670351,Jose Rojas,56,1,0,1,3,5,15,7,23,1
MLB,2022,LAA,670869,Livan Soto,57,5,0,0,0,1,0,10,17,24
MLB,2022,LAA,676950,David MacKinnon,42,0,3,0,10,4,10,3,7,5
MLB,2022,LAA,681351,Logan O'Hoppe,16,0,0,0,0,0,8,4,3,1
MLB,2022,LAA,683021,Michael Stefanic,66,15,0,0,0,0,11,8,10,22
MLB,2022,LAD,455119,Chris Martin,0,0,0,0,0,0,0,0,0,0
MLB,2022,LAD,456034,David Price,0,0,0,0,0,0,0,0,0,0
MLB,2022,LAD,457759,Justin Turner,518,0,0,17,60,247,186,8,0,0
MLB,2022,LAD,518692,Freddie Freeman,696,0,368,328,0,0,0,0,0,0
MLB,2022,LAD,518886,Craig Kimbrel,0,0,0,0,0,0,0,0,0,0
MLB,2022,LAD,542881,Tyler Anderson,1,0,0,1,0,0,0,0,0,0
MLB,2022,LAD,547172,Tony Wolters,4,0,0,0,0,0,1,0,0,3
MLB,2022,LAD,571875,Jake Lamb,75,0,0,2,4,30,12,21,6,0
MLB,2022,LAD,571970,Max Muncy,554,0,5,0,208,236,64,36,4,1
MLB,2022,LAD,572204,Trayce Thompson,235,5,2,0,10,14,45,62,55,42
MLB,2022,LAD,593643,Hanser Alberto,159,2,3,8,3,15,25,31,31,41
MLB,2022,LAD,596082,Jake Reed,0,0,0,0,0,0,0,0,0,0
MLB,2022,LAD,605131,Austin Barnes,206,0,0,0,1,1,7,12,48,137
MLB,2022,LAD,605141,Mookie Betts,627,624,0,0,0,0,1,1,0,1
MLB,2022,LAD,607208,Trea Turner,697,104,343,250,0,0,0,0,0,0
MLB,2022,LAD,607680,Kevin Pillar,13,0,0,0,0,0,0,3,6,4
MLB,2022,LAD,608336,Joey Gallo,133,5,0,1,4,8,46,39,23,7
MLB,2022,LAD,621035,Chris Taylor,446,5,3,0,8,61,85,94,182,8
MLB,2022,LAD,621458,Edwin Rios,91,1,1,1,19,30,8,15,8,8
MLB,2022,LAD,623465,Evan Phillips,1,0,1,0,0,0,0,0,0,0
MLB,2022,LAD,641355,Cody Bellinger,542,0,0,0,1,3,81,198,151,108
MLB,2022,LAD,641360,Phil Bickford,0,0,0,0,0,0,0,0,0,0
MLB,2022,LAD,656716,Zach McKinstry,14,1,1,1,1,0,0,1,4,5
MLB,2022,LAD,657193,Eddy Alvarez,25,0,0,0,0,0,2,2,18,3
MLB,2022,LAD,666158,Gavin Lux,468,0,2,0,0,9,48,112,71,226
MLB,2022,LAD,669257,Will Smith,564,0,0,99,378,30,53,0,0,4
MLB,2022,LAD,677865,Justin Bruihl,0,0,0,0,0,0,0,0,0,0
MLB,2022,LAD,678246,Miguel Vargas,49,1,1,2,0,3,6,17,19,0
MLB,2022,LAD,681546,James Outman,15,0,0,0,0,0,0,0,4,11
MLB,2022,MIA,500743,Miguel Rojas,497,46,95,1,5,27,70,72,155,26
MLB,2022,MIA,541645,Avisaíl García,374,0,5,9,135,165,58,0,0,2
MLB,2022,MIA,542583,Jesús Aguilar,442,0,131,126,147,31,2,3,1,1
MLB,2022,MIA,542914,Anthony Bass,0,0,0,0,0,0,0,0,0,0
MLB,2022,MIA,542932,Jon Berti,400,254,73,0,1,5,25,14,18,10
MLB,2022,MIA,542947,Richard Bleier,0,0,0,0,0,0,0,0,0,0
MLB,2022,MIA,553902,Willians Astudillo,55,0,7,2,2,2,8,12,11,11
MLB,2022,MIA,570481,Erik González,41,0,2,0,4,0,1,4,17,13
MLB,2022,MIA,571670,Dylan Floro,0,0,0,0,0,0,0,0,0,0
MLB,2022,MIA,571740,Billy Hamilton,14,1,0,0,0,1,0,0,1,11
MLB,2022,MIA,595345,Steven Okert,0,0,0,0,0,0,0,0,0,0
MLB,2022,MIA,605119,Brian Anderson,375,0,53,93,20,74,86,40,7,2
MLB,2022,MIA,607732,Jacob Stallings,375,0,0,0,0,5,60,82,99,129
MLB,2022,MIA,621563,Joey Wendle,362,160,58,19,39,3,37,41,2,3
MLB,2022,MIA,624585,Jorge Soler,301,45,0,235,13,3,0,5,0,0
MLB,2022,MIA,641779,Charles Leblanc,168,12,21,9,10,24,36,29,16,11
MLB,2022,MIA,642121,Cole Sulser,0,0,0,0,0,0,0,0,0,0
MLB,2022,MIA,643265,Garrett Cooper,454,10,188,107,95,35,16,0,1,2
MLB,2022,MIA,647315,Zach Pop,0,0,0,0,0,0,0,0,0,0
MLB,2022,MIA,650331,Lewin Díaz,171,0,0,17,4,20,3,58,2,67
MLB,2022,MIA,650559,Bryan De La Cruz,348,3,0,19,28,30,75,103,48,42
MLB,2022,MIA,656388,Joe Dunand,10,3,0,0,0,0,0,0,0,7
MLB,2022,MIA,656945,Tanner Scott,0,0,0,0,0,0,0,0,0,0
MLB,2022,MIA,660821,Jesús Sánchez,339,8,10,25,57,75,66,79,14,5
MLB,2022,MIA,663743,Nick Fortes,235,0,15,1,42,57,42,16,24,38
MLB,2022,MIA,663897,Luke Williams,124,0,5,1,3,1,4,5,36,69
MLB,2022,MIA,665862,Jazz Chisholm Jr.,234,168,27,0,1,0,8,3,6,21
MLB,2022,MIA,666464,Jerar Encarnacion,80,0,0,1,0,11,8,15,27,18
MLB,2022,MIA,668709,JJ Bleday,234,0,5,18,65,83,33,11,13,6
MLB,2022,MIA,668721,Payton Henry,33,0,0,0,0,0,0,0,2,31
MLB,2022,MIA,677053,Andrew Nardi,0,0,0,0,0,0,0,0,0,0
MLB,2022,MIA,677954,Jordan Groshans,65,0,0,0,0,0,0,12,49,4
MLB,2022,MIA,680814,Peyton Burdick,100,0,0,0,0,2,1,8,47,42
MLB,2022,MIL,456715,Lorenzo Cain,153,0,0,0,0,1,26,19,87,20
MLB,2022,MIL,457705,Andrew McCutchen,572,110,8,80,266,43,63,0,2,0
MLB,2022,MIL,543939,Kolten Wong,476,181,0,4,10,175,42,27,24,13
MLB,2022,MIL,553882,Omar Narváez,291,1,0,0,0,6,59,117,100,8
MLB,2022,MIL,592669,Hunter Renfroe,513,0,4,35,230,99,107,34,4,0
MLB,2022,MIL,592885,Christian Yelich,663,403,8,241,8,0,0,2,1,0
MLB,2022,MIL,600474,Pedro Severino,21,0,0,0,0,4,0,5,9,3
MLB,2022,MIL,605170,Victor Caratini,303,1,0,0,0,5,17,61,153,66
MLB,2022,MIL,607054,Jace Peterson,321,7,0,6,0,8,26,91,80,103
MLB,2022,MIL,621438,Tyrone Taylor,395,2,14,9,17,33,49,45,58,168
MLB,2022,MIL,622569,Pablo Reyes,16,0,4,0,0,0,0,0,4,8
MLB,2022,MIL,641505,Jonathan Davis,90,1,0,0,0,0,0,0,4,85
MLB,2022,MIL,642133,Rowdy Tellez,591,0,0,307,66,143,50,23,1,1
MLB,2022,MIL,642715,Willy Adames,612,0,602,9,0,0,1,0,0,0
MLB,2022,MIL,649966,Luis Urías,456,16,74,0,60,58,91,147,6,4
MLB,2022,MIL,656577,Alex Jackson,12,0,0,1,0,0,0,0,0,11
MLB,2022,MIL,664029,Mark Mathias,16,0,0,0,2,0,0,0,6,8
MLB,2022,MIL,665923,Esteury Ruiz,9,0,0,0,0,0,5,0,0,4
MLB,2022,MIL,666128,Mario Feliciano,5,0,0,0,0,0,0,0,0,5
MLB,2022,MIL,669003,Garrett Mitchell,67,1,0,0,0,0,8,0,0,58
MLB,2022,MIL,669374,Keston Hiura,257,2,1,5,5,63,97,45,30,9
MLB,2022,MIL,670712,Mike Brosseau,155,11,6,9,19,32,12,11,36,19
MLB,2022,MIN,506702,Sandy León,63,0,0,0,2,0,0,0,9,52
MLB,2022,MIN,542921,Tim Beckham,25,0,0,0,0,3,2,13,6,1
MLB,2022,MIN,570482,Gio Urshela,542,4,5,38,102,131,136,45,73,8
MLB,2022,MIN,571740,Billy Hamilton,8,0,0,4,0,0,0,0,0,4
MLB,2022,MIN,573204,Caleb Thielbar,0,0,0,0,0,0,0,0,0,0
MLB,2022,MIN,593871,Jorge Polanco,439,28,51,164,126,65,3,0,2,0
MLB,2022,MIN,593934,Miguel Sanó,69,0,0,0,1,8,10,22,26,2
MLB,2022,MIN,595909,Jake Cave,175,0,1,3,0,22,21,85,27,16
MLB,2022,MIN,596142,Gary Sánchez,459,0,9,20,68,84,73,72,64,69
MLB,2022,MIN,596146,Max Kepler,437,8,7,62,185,75,40,23,28,9
MLB,2022,MIN,605242,Michael Fulmer,0,0,0,0,0,0,0,0,0,0
MLB,2022,MIN,605347,Jorge López,0,0,0,0,0,0,0,0,0,0
MLB,2022,MIN,608422,José Godoy,5,0,0,0,0,0,0,0,0,5
MLB,2022,MIN,608648,Tyler Duffey,0,0,0,0,0,0,0,0,0,0
MLB,2022,MIN,621043,Carlos Correa,583,0,460,121,0,0,0,0,2,0
MLB,2022,MIN,621439,Byron Buxton,374,216,80,73,0,1,0,0,1,3
MLB,2022,MIN,624503,Nick Gordon,424,3,1,34,35,70,55,104,54,68
MLB,2022,MIN,643348,Caleb Hamilton,22,0,2,0,0,1,0,0,1,18
MLB,2022,MIN,650333,Luis Arraez,597,410,80,44,6,29,15,0,1,12
MLB,2022,MIN,650339,Jermaine Palacios,74,1,0,1,0,3,1,17,21,30
MLB,2022,MIN,661395,Jhoan Duran,0,0,0,0,0,0,0,0,0,0
MLB,2022,MIN,663616,Trevor Larnach,178,1,0,5,8,33,46,56,20,9
MLB,2022,MIN,664247,Kyle Garlick,158,23,9,28,22,24,29,19,0,4
MLB,2022,MIN,665482,Gilberto Celestino,343,4,1,6,7,6,68,40,86,125
MLB,2022,MIN,666135,Alex Kirilloff,149,0,3,2,2,46,64,19,10,3
MLB,2022,MIN,668904,Royce Lewis,41,0,0,0,0,0,3,12,4,22
MLB,2022,MIN,669304,Jose F Miranda,472,35,16,94,112,58,72,48,29,8
MLB,2022,MIN,670242,Matt Wallner,63,0,1,0,0,0,3,18,26,15
MLB,2022,MIN,676628,Mark Contreras,59,2,0,1,0,3,0,4,14,35
MLB,2022,MIN,680777,Ryan Jeffers,235,2,0,0,0,5,4,38,109,77
MLB,2022,NYM,429664,Robinson Canó,43,0,0,4,0,0,35,4,0,0
MLB,2022,NYM,488984,Tommy Hunter,0,0,0,0,0,0,0,0,0,0
MLB,2022,NYM,500871,Eduardo Escobar,535,0,0,1,1,173,133,146,81,0
MLB,2022,NYM,516782,Starling Marte,492,5,453,5,0,0,9,19,0,1
MLB,2022,NYM,542255,Ender Inciarte,8,3,2,0,0,0,0,0,3,0
MLB,2022,NYM,543510,James McCann,185,0,0,0,0,0,0,0,10,175
MLB,2022,NYM,570257,Joely Rodríguez,0,0,0,0,0,0,0,0,0,0
MLB,2022,NYM,570560,Yolmer Sánchez,0,0,0,0,0,0,0,0,0,0
MLB,2022,NYM,571710,Mychal Givens,0,0,0,0,0,0,0,0,0,0
MLB,2022,NYM,571918,Deven Marrero,6,0,2,1,0,0,0,0,3,0
MLB,2022,NYM,571980,Tyler Naquin,129,5,4,0,3,19,20,51,25,2
MLB,2022,NYM,573131,Darin Ruf,71,1,0,0,1,47,8,10,4,0
MLB,2022,NYM,592192,Mark Canha,510,18,81,0,13,75,153,168,0,2
MLB,2022,NYM,592741,Chasen Shreve,0,0,0,0,0,0,0,0,0,0
MLB,2022,NYM,592866,Trevor Williams,0,0,0,0,0,0,0,0,0,0
MLB,2022,NYM,596019,Francisco Lindor,689,0,123,566,0,0,0,0,0,0
MLB,2022,NYM,596129,Daniel Vogelbach,182,0,0,0,16,137,16,9,0,4
MLB,2022,NYM,605204,J.D. Davis,201,0,5,1,7,32,51,49,50,6
MLB,2022,NYM,605253,Terrance Gore,7,1,0,2,0,0,1,0,0,3
MLB,2022,NYM,605421,Michael Pérez,16,0,1,0,0,0,0,0,0,15
MLB,2022,NYM,607043,Brandon Nimmo,651,648,3,0,0,0,0,0,0,0
MLB,2022,NYM,607625,Seth Lugo,0,0,0,0,0,0,0,0,0,0
MLB,2022,NYM,608671,Travis Jankowski,62,4,0,0,0,3,1,10,37,7
MLB,2022,NYM,608703,Matt Reynolds,0,0,0,0,0,0,0,0,0,0
MLB,2022,NYM,621242,Edwin Díaz,0,0,0,0,0,0,0,0,0,0
MLB,2022,NYM,621512,Tomás Nido,298,0,0,0,1,0,0,0,10,287
MLB,2022,NYM,624413,Pete Alonso,664,0,23,24,617,0,0,0,0,0
MLB,2022,NYM,641645,Luis Guillorme,331,16,5,6,4,12,29,55,197,7
MLB,2022,NYM,642086,Dominic Smith,146,0,0,2,1,12,56,33,35,7
MLB,2022,NYM,643446,Jeff McNeil,573,23,1,90,13,160,134,67,84,1
MLB,2022,NYM,658431,Adonis Medina,0,0,0,0,0,0,0,0,0,0
MLB,2022,NYM,663905,Travis Blankenhorn,3,0,0,0,0,0,0,0,3,0
MLB,2022,NYM,663911,Nick Plummer,30,1,1,0,0,0,0,1,20,7
MLB,2022,NYM,664850,Patrick Mazeika,70,0,0,1,0,1,0,0,0,68
MLB,2022,NYM,666137,Khalil Lee,2,1,0,0,1,0,0,0,0,0
MLB,2022,NYM,668901,Mark Vientos,41,0,2,0,1,9,0,14,15,0
MLB,2022,NYM,682626,Francisco Alvarez,14,2,4,0,0,0,4,4,0,0
MLB,2022,NYM,683146,Brett Baty,40,0,0,0,0,0,0,0,40,0
MLB,2022,NYY,503556,Marwin Gonzalez,194,3,1,1,2,7,11,20,68,81
MLB,2022,NYY,518626,Josh Donaldson,532,23,26,56,159,209,55,0,3,1
MLB,2022,NYY,518934,DJ LeMahieu,530,415,17,7,16,67,0,1,4,3
MLB,2022,NYY,519203,Anthony Rizzo,515,21,82,370,28,4,4,2,2,2
MLB,2022,NYY,519317,Giancarlo Stanton,444,0,49,31,322,35,1,2,2,2
MLB,2022,NYY,542963,Rob Brantly,3,0,0,0,0,0,0,0,0,3
MLB,2022,NYY,543305,Aaron Hicks,440,60,1,5,0,7,146,117,16,88
MLB,2022,NYY,543309,Kyle Higashioka,237,0,0,1,0,0,0,16,97,123
MLB,2022,NYY,572761,Matt Carpenter,147,6,0,33,8,33,45,9,8,5
MLB,2022,NYY,592450,Aaron Judge,674,149,492,29,0,1,0,0,1,2
MLB,2022,NYY,608336,Joey Gallo,273,0,2,1,11,17,65,74,5,98
MLB,2022,NYY,608597,Ronald Guzmán,6,0,0,0,5,0,1,0,0,0
MLB,2022,NYY,609280,Miguel Andujar,98,1,0,0,12,40,33,12,0,0
MLB,2022,NYY,624431,Jose Trevino,347,0,0,0,0,17,19,74,135,102
MLB,2022,NYY,641796,Tim Locastro,41,1,3,5,1,0,1,6,19,5
MLB,2022,NYY,642528,Jonathan Loáisiga,0,0,0,0,0,0,0,0,0,0
MLB,2022,NYY,643217,Andrew Benintendi,127,37,14,14,0,16,44,1,1,0
MLB,2022,NYY,643396,Isiah Kiner-Falefa,514,2,0,1,9,8,34,192,227,41
MLB,2022,NYY,650402,Gleyber Torres,558,12,25,115,95,157,109,38,1,6
MLB,2022,NYY,657376,Clarke Schmidt,0,0,0,0,0,0,0,0,0,0
MLB,2022,NYY,664056,Harrison Bader,45,0,0,0,4,6,5,30,0,0
MLB,2022,NYY,664314,Estevan Florial,34,0,0,1,3,0,3,12,8,7
MLB,2022,NYY,665828,Oswaldo Cabrera,166,6,5,19,4,32,62,27,3,8
MLB,2022,NYY,672724,Oswald Peraza,52,1,0,0,6,8,8,6,6,17
MLB,2022,OAK,462101,Elvis Andrus,384,0,39,0,1,76,132,80,52,4
MLB,2022,OAK,476704,Jed Lowrie,182,0,55,88,8,17,8,6,0,0
MLB,2022,OAK,518748,Justin Grimm,0,0,0,0,0,0,0,0,0,0
MLB,2022,OAK,519390,Stephen Vogt,185,2,0,0,35,48,48,32,19,1
MLB,2022,OAK,542194,Christian Bethancourt,179,0,5,30,30,57,47,9,0,1
MLB,2022,OAK,547173,Christian Lopes,10,0,0,0,2,0,1,3,4,0
MLB,2022,OAK,571602,Matt Davidson,24,0,0,0,0,7,0,5,8,4
MLB,2022,OAK,572039,Stephen Piscotty,135,2,0,4,20,47,25,24,13,0
MLB,2022,OAK,605353,Vimael Machín,248,71,73,1,0,24,32,28,17,2
MLB,2022,OAK,606303,Joel Payamps,0,0,0,0,0,0,0,0,0,0
MLB,2022,OAK,621076,James Kaprielian,0,0,0,0,0,0,0,0,0,0
MLB,2022,OAK,621450,Skye Bolt,113,5,2,0,0,1,12,18,41,34
MLB,2022,OAK,623515,Drew Jackson,3,0,0,0,0,0,0,1,0,2
MLB,2022,OAK,640461,Chad Pinder,375,41,39,40,70,78,60,32,10,5
MLB,2022,OAK,641856,Billy McKinney,56,0,3,9,13,5,9,16,0,1
MLB,2022,OAK,641914,Sheldon Neuse,291,29,104,5,7,18,18,53,37,20
MLB,2022,OAK,642137,Cody Thomas,32,0,0,0,0,1,0,21,10,0
MLB,2022,OAK,642456,Luis Barrera,83,0,0,0,0,0,8,34,24,17
MLB,2022,OAK,643393,Tony Kemp,542,424,36,0,1,7,4,22,24,24
MLB,2022,OAK,657656,Ramón Laureano,371,22,181,78,32,51,7,0,0,0
MLB,2022,OAK,660650,Dérmis Garcia,124,0,8,2,12,39,21,26,16,0
MLB,2022,OAK,664119,Austin Allen,15,0,0,0,0,0,8,0,7,0
MLB,2022,OAK,664913,Seth Brown,551,1,32,95,270,69,62,13,4,5
MLB,2022,OAK,665506,Cristian Pache,256,1,1,1,3,2,0,15,77,156
MLB,2022,OAK,668843,Conner Capel,39,0,0,0,2,6,21,10,0,0
MLB,2022,OAK,669127,Shea Langeliers,151,0,21,0,14,19,26,39,32,0
MLB,2022,OAK,669221,Sean Murphy,593,0,34,321,137,59,12,23,6,1
MLB,2022,OAK,669397,Nick Allen,318,48,0,0,1,0,0,0,49,220
MLB,2022,OAK,670148,Nate Mondou,3,0,0,0,0,0,0,3,0,0
MLB,2022,OAK,670276,Cal Stevenson,68,17,0,0,3,0,0,3,25,20
MLB,2022,OAK,672478,Jordan Diaz,51,1,10,4,3,6,14,3,10,0
MLB,2022,OAK,675656,Kevin Smith,146,3,1,0,0,6,18,37,66,15
MLB,2022,OAK,676391,Ernie Clement,18,0,0,0,0,1,5,0,0,12
MLB,2022,OAK,676782,Mickey McDonald,6,0,0,0,0,0,0,0,4,2
MLB,2022,OAK,676950,David MacKinnon,14,0,5,0,1,0,5,0,3,0
MLB,2022,OAK,681146,Jonah Bride,181,28,41,0,0,3,19,52,26,12
MLB,2022,PHI,516416,Jean Segura,376,53,15,0,8,74,96,99,31,0
MLB,2022,PHI,544369,Didi Gregorius,227,0,5,4,4,40,80,42,41,11
MLB,2022,PHI,544727,Jeurys Familia,0,0,0,0,0,0,0,0,0,0
MLB,2022,PHI,546318,Odúbel Herrera,196,7,0,2,2,8,43,48,51,35
MLB,2022,PHI,547180,Bryce Harper,412,4,9,344,54,1,0,0,0,0
MLB,2022,PHI,571446,Mark Appel,0,0,0,0,0,0,0,0,0,0
MLB,2022,PHI,571479,Andrew Bellatti,0,0,0,0,0,0,0,0,0,0
MLB,2022,PHI,592206,Nick Castellanos,549,0,8,120,271,119,30,0,1,0
MLB,2022,PHI,592663,J.T. Realmuto,542,13,27,10,204,236,17,26,6,3
MLB,2022,PHI,596117,Garrett Stubbs,120,1,1,0,2,4,4,19,35,54
MLB,2022,PHI,596451,Roman Quinn,40,2,0,0,4,0,0,0,4,30
MLB,2022,PHI,605548,Bradley Zimmer,16,0,0,0,0,0,0,0,3,13
MLB,2022,PHI,621237,José Alvarado,1,0,0,0,0,1,0,0,0,0
MLB,2022,PHI,622168,Yairo Muñoz,60,0,0,1,0,1,1,11,22,24
MLB,2022,PHI,622666,Johan Camargo,165,0,1,3,0,0,10,31,84,36
MLB,2022,PHI,624641,Edmundo Sosa,55,0,5,0,1,0,3,4,18,24
MLB,2022,PHI,640458,Óscar Mercado,1,1,0,0,0,0,0,0,0,0
MLB,2022,PHI,656495,Dalton Guthrie,27,0,0,0,0,0,2,2,13,10
MLB,2022,PHI,656555,Rhys Hoskins,657,62,500,8,12,41,23,9,0,2
MLB,2022,PHI,656941,Kyle Schwarber,659,539,8,12,0,28,64,7,0,1
MLB,2022,PHI,663837,Matt Vierling,345,9,0,0,2,0,29,54,107,144
MLB,2022,PHI,664068,Scott Kingery,0,0,0,0,0,0,0,0,0,0
MLB,2022,PHI,664761,Alec Bohm,613,5,121,173,13,86,75,116,22,2
MLB,2022,PHI,664848,Donny Sands,4,0,0,1,0,2,0,0,1,0
MLB,2022,PHI,665155,Nick Maton,82,3,0,0,0,0,10,15,33,21
MLB,2022,PHI,665922,Símon Muzziotti,7,0,0,0,0,0,0,0,0,7
MLB,2022,PHI,666160,Mickey Moniak,49,0,1,0,0,0,0,4,6,38
MLB,2022,PHI,668941,JoJo Romero,0,0,0,0,0,0,0,0,0,0
MLB,2022,PHI,669016,Brandon Marsh,138,4,0,0,4,14,16,32,32,36
MLB,2022,PHI,669742,Darick Hall,141,2,0,6,96,0,31,3,1,2
MLB,2022,PHI,681082,Bryson Stott,460,24,4,4,5,14,114,102,101,92
MLB,2022,PIT,545350,Jake Marisnick,81,5,0,0,0,1,1,35,20,19
MLB,2022,PIT,546990,Anthony Alford,4,3,1,0,0,0,0,0,0,0
MLB,2022,PIT,547379,Roberto Pérez,69,0,0,0,0,0,5,16,34,14
MLB,2022,PIT,592325,Ben Gamel,419,72,8,47,163,33,50,28,8,10
MLB,2022,PIT,595284,Andrew Knapp,34,0,0,0,0,0,0,0,16,18
MLB,2022,PIT,596129,Daniel Vogelbach,277,49,9,37,170,4,2,0,2,4
MLB,2022,PIT,605421,Michael Pérez,115,0,0,0,0,0,0,4,74,37
MLB,2022,PIT,608422,José Godoy,17,0,0,0,0,0,0,0,9,8
MLB,2022,PIT,609280,Miguel Andujar,38,0,0,17,17,4,0,0,0,0
MLB,2022,PIT,621028,Kevin Newman,304,144,33,0,1,27,50,32,6,11
MLB,2022,PIT,623168,Tyler Heineman,150,0,0,0,1,0,1,0,58,90
MLB,2022,PIT,641470,Zack Collins,28,0,0,0,0,0,0,7,21,0
MLB,2022,PIT,641511,Jason Delay,164,0,0,0,0,0,0,1,11,152
MLB,2022,PIT,642165,Josh VanMeter,190,20,3,2,14,34,30,32,41,14
MLB,2022,PIT,644374,Yu Chang,46,0,0,0,0,0,10,22,10,4
MLB,2022,PIT,656185,Greg Allen,128,1,14,0,0,4,17,56,36,0
MLB,2022,PIT,656308,Michael Chavis,420,3,3,133,95,93,35,49,9,0
MLB,2022,PIT,656821,Kevin Padlo,11,0,0,0,0,7,0,4,0,0
MLB,2022,PIT,657061,Cole Tucker,63,0,0,0,0,0,3,20,16,24
MLB,2022,PIT,660294,Yoshi Tsutsugo,189,0,0,0,95,46,27,4,17,0
MLB,2022,PIT,660636,Diego Castillo,276,9,1,10,12,111,67,36,14,16
MLB,2022,PIT,660829,Hoy Park,55,0,2,1,0,1,1,3,0,47
MLB,2022,PIT,663647,Ke'Bryan Hayes,553,174,70,205,30,66,5,0,2,1
MLB,2022,PIT,665833,Oneil Cruz,359,144,5,8,12,37,73,55,25,0
MLB,2022,PIT,666801,Rodolfo Castro,275,9,8,100,5,68,33,37,4,11
MLB,2022,PIT,668751,Cal Mitchell,230,10,11,0,9,33,67,41,52,7
MLB,2022,PIT,668804,Bryan Reynolds,598,5,515,76,0,0,0,0,2,0
MLB,2022,PIT,669261,Jack Suwinski,367,5,6,31,40,42,115,83,29,16
MLB,2022,PIT,670280,David Bednar,0,0,0,0,0,0,0,0,0,0
MLB,2022,PIT,672779,Tucupita Marcano,170,55,0,3,0,1,20,21,49,21
MLB,2022,PIT,675986,Canaan Smith-Njigba,6,0,0,0,0,2,0,4,0,0
MLB,2022,PIT,676632,Bligh Madris,123,0,1,19,0,31,24,18,23,7
MLB,2022,PIT,678225,Jihwan Bae,35,8,1,0,0,0,0,0,0,26
MLB,2022,PIT,678894,Liover Peguero,4,0,0,0,0,0,0,0,4,0
MLB,2022,PIT,680552,Travis Swaggerty,9,0,0,0,0,0,0,2,1,6
MLB,2022,SD,429664,Robinson Canó,34,0,0,0,0,0,21,9,1,3
MLB,2022,SD,543333,Eric Hosmer,368,0,0,41,84,172,67,4,0,0
MLB,2022,SD,543592,Austin Nola,381,32,35,0,1,15,47,58,103,90
MLB,2022,SD,571976,Wil Myers,282,9,5,1,9,74,99,71,11,3
MLB,2022,SD,572204,Trayce Thompson,16,0,0,0,0,0,0,2,8,6
MLB,2022,SD,572228,Luke Voit,337,0,0,13,194,94,29,7,0,0
MLB,2022,SD,573124,Taylor Rogers,0,0,0,0,0,0,0,0,0,0
MLB,2022,SD,592273,Brandon Drury,177,1,0,4,75,81,15,0,0,1
MLB,2022,SD,592518,Manny Machado,641,0,140,495,4,0,0,0,2,0
MLB,2022,SD,595751,Jorge Alfaro,267,0,0,10,40,25,40,68,38,46
MLB,2022,SD,595777,Jurickson Profar,648,398,44,28,58,44,23,41,8,4
MLB,2022,SD,605137,Josh Bell,209,0,0,0,129,37,41,1,1,0
MLB,2022,SD,607461,Matt Beaty,45,0,5,1,0,0,7,23,8,1
MLB,2022,SD,608577,Nomar Mazara,169,1,2,5,39,14,57,41,4,6
MLB,2022,SD,630105,Jake Cronenworth,657,80,222,104,57,93,69,26,4,2
MLB,2022,SD,640492,José Azócar,214,5,3,5,0,1,17,18,19,146
MLB,2022,SD,641525,Brandon Dixon,14,0,0,0,0,0,0,11,0,3
MLB,2022,SD,642451,Luis Liberato,5,0,0,1,1,0,0,0,0,3
MLB,2022,SD,642727,Sergio Alcántara,37,0,2,2,0,3,1,0,2,27
MLB,2022,SD,663757,Trent Grisham,508,125,3,1,0,0,4,83,219,73
MLB,2022,SD,665742,Juan Soto,226,0,221,5,0,0,0,0,0,0
MLB,2022,SD,665923,Esteury Ruiz,27,1,0,0,1,0,0,2,12,11
MLB,2022,SD,666703,Eguy Rosario,6,2,0,3,0,1,0,0,0,0
MLB,2022,SD,667670,Brent Rooker,7,0,0,0,0,0,0,7,0,0
MLB,2022,SD,669134,Luis Campusano,49,1,0,0,0,0,1,10,23,14
MLB,2022,SD,673490,Ha-Seong Kim,568,75,34,0,0,20,117,155,95,72
MLB,2022,SD,676946,Matthew Batten,21,2,0,3,0,0,1,0,0,15
MLB,2022,SD,682928,CJ Abrams,129,1,3,0,0,1,2,5,50,67
MLB,2022,SEA,457708,Justin Upton,54,0,0,0,0,0,11,36,6,1
MLB,2022,SEA,467793,Carlos Santana,290,0,1,41,142,52,45,5,0,4
MLB,2022,SEA,519306,Steven Souza Jr.,19,0,0,0,0,0,0,0,15,4
MLB,2022,SEA,553993,Eugenio Suárez,616,0,0,97,261,204,54,0,0,0
MLB,2022,SEA,571745,Mitch Haniger,244,0,16,147,81,0,0,0,0,0
MLB,2022,SEA,571875,Jake Lamb,33,1,0,0,7,5,0,4,3,13
MLB,2022,SEA,592200,Curt Casali,49,0,0,0,0,0,1,4,31,13
MLB,2022,SEA,595284,Andrew Knapp,4,0,0,0,0,0,0,0,2,2
MLB,2022,SEA,608385,Jesse Winker,540,81,73,172,56,101,18,29,7,3
MLB,2022,SEA,608596,Tom Murphy,41,1,0,0,0,0,10,6,4,20
MLB,2022,SEA,608671,Travis Jankowski,1,0,0,0,0,0,0,0,0,1
MLB,2022,SEA,608716,Drew Steckenrider,0,0,0,0,0,0,0,0,0,0
MLB,2022,SEA,620443,Luis Torrens,163,0,0,0,6,7,36,21,40,53
MLB,2022,SEA,622268,Donovan Walton,0,0,0,0,0,0,0,0,0,0
MLB,2022,SEA,623149,Paul Sewald,0,0,0,0,0,0,0,0,0,0
MLB,2022,SEA,624428,Adam Frazier,587,240,0,9,3,11,107,101,72,44
MLB,2022,SEA,641487,J.P. Crawford,586,113,9,105,75,109,60,42,28,45
MLB,2022,SEA,641786,Kyle Lewis,61,0,0,13,1,0,30,15,1,1
MLB,2022,SEA,645801,Mike Ford,37,0,2,0,0,0,3,18,14,0
MLB,2022,SEA,647351,Abraham Toro,346,27,0,3,4,36,68,111,55,42
MLB,2022,SEA,650895,Diego Castillo,0,0,0,0,0,0,0,0,0,0
MLB,2022,SEA,656403,Drew Ellis,3,0,0,0,0,0,0,0,0,3
MLB,2022,SEA,656413,Stuart Fairchild,3,0,0,0,1,2,0,0,0,0
MLB,2022,SEA,656821,Kevin Padlo,11,0,1,0,0,8,1,0,1,0
MLB,2022,SEA,657129,Marcus Wilson,6,0,0,0,0,0,0,0,0,6
MLB,2022,SEA,657247,Brian O'Keefe,4,0,0,0,0,0,0,0,1,3
MLB,2022,SEA,663728,Cal Raleigh,408,0,0,0,4,67,83,62,72,120
MLB,2022,SEA,664034,Ty France,586,0,554,9,8,14,0,0,0,1
MLB,2022,SEA,664059,Sam Haggerty,194,5,1,0,1,6,19,19,38,105
MLB,2022,SEA,664238,Dylan Moore,239,12,4,4,0,14,21,40,91,53
MLB,2022,SEA,666211,Taylor Trammell,115,0,5,0,0,10,19,14,49,18
MLB,2022,SEA,666374,Matt Brash,0,0,0,0,0,0,0,0,0,0
MLB,2022,SEA,670090,Wyatt Mills,0,0,0,0,0,0,0,0,0,0
MLB,2022,SEA,672284,Jarred Kelenic,179,3,5,0,0,12,29,48,57,25
MLB,2022,SEA,677223,Jack Larsen,1,0,0,0,0,0,0,0,0,1
MLB,2022,SEA,677594,Julio Rodríguez,551,250,33,103,33,9,38,53,28,4
MLB,2022,SEA,682171,Penn Murfee,0,0,0,0,0,0,0,0,0,0
MLB,2022,SF,446334,Evan Longoria,293,5,4,52,105,76,38,8,1,4
MLB,2022,SF,474832,Brandon Belt,291,0,122,30,84,39,6,3,5,2
MLB,2022,SF,518397,Scott Alexander,0,0,0,0,0,0,0,0,0,0
MLB,2022,SF,527038,Wilmer Flores,584,9,206,232,54,24,37,10,7,5
MLB,2022,SF,543063,Brandon Crawford,446,0,0,4,48,148,137,79,29,1
MLB,2022,SF,553988,Dixon Machado,16,0,0,0,0,0,0,6,3,7
MLB,2022,SF,573131,Darin Ruf,308,21,53,119,53,30,7,14,3,8
MLB,2022,SF,573262,Mike Yastrzemski,546,94,136,73,31,57,60,19,34,42
MLB,2022,SF,592200,Curt Casali,123,0,1,3,0,5,4,0,16,94
MLB,2022,SF,592626,Joc Pederson,422,63,68,50,206,13,12,2,5,3
MLB,2022,SF,595284,Andrew Knapp,6,0,0,0,0,0,0,0,0,6
MLB,2022,SF,596103,Austin Slater,317,209,20,12,17,7,7,31,10,4
MLB,2022,SF,600303,Tommy La Stella,191,91,0,0,6,6,13,38,28,9
MLB,2022,SF,605204,J.D. Davis,156,4,5,53,24,50,4,4,8,4
MLB,2022,SF,606213,Yermín Mercedes,82,0,2,31,17,6,10,10,3,3
MLB,2022,SF,607249,Jason Krizan,10,0,0,0,0,0,6,0,4,0
MLB,2022,SF,613564,Jason Vosler,108,0,1,1,0,0,8,33,57,8
MLB,2022,SF,621446,Lewis Brinson,38,23,0,0,2,0,0,4,5,4
MLB,2022,SF,621453,Steven Duggar,38,0,0,0,0,0,0,7,31,0
MLB,2022,SF,621573,Austin Dean,9,0,0,0,1,0,0,0,8,0
MLB,2022,SF,622268,Donovan Walton,77,0,0,0,2,0,2,7,45,21
MLB,2022,SF,641432,Willie Calhoun,9,0,0,0,0,0,0,6,3,0
MLB,2022,SF,642731,Thairo Estrada,521,18,32,16,5,115,166,146,22,1
MLB,2022,SF,642851,Austin Wynns,172,0,1,0,0,0,1,18,59,93
MLB,2022,SF,643289,Mauricio Dubón,47,4,12,2,1,3,6,14,2,3
MLB,2022,SF,645801,Mike Ford,4,0,0,0,0,4,0,0,0,0
MLB,2022,SF,656413,Stuart Fairchild,8,0,0,0,0,0,2,4,0,2
MLB,2022,SF,656821,Kevin Padlo,12,0,0,0,0,2,0,5,5,0
MLB,2022,SF,657709,Michael Papierski,10,0,0,1,0,0,0,0,2,7
MLB,2022,SF,663698,Joey Bart,287,0,1,0,0,0,6,39,73,168
MLB,2022,SF,663897,Luke Williams,12,0,0,0,0,0,0,1,11,0
MLB,2022,SF,664774,LaMonte Wade Jr.,243,151,23,12,1,14,6,5,17,14
MLB,2022,SF,664789,Ka'ai Tom,1,0,0,0,1,0,0,0,0,0
MLB,2022,SF,665154,Ford Proctor,20,0,0,0,0,0,0,1,11,8
MLB,2022,SF,669369,Bryce Johnson,19,0,1,0,0,0,0,0,5,13
MLB,2022,SF,670768,Luis González,341,42,18,5,2,42,40,45,92,55
MLB,2022,SF,671218,Heliot Ramos,22,0,0,2,4,0,3,5,0,8
MLB,2022,SF,681584,David Villar,174,0,6,0,13,15,73,60,7,0
MLB,2022,STL,405395,Albert Pujols,335,2,22,9,53,126,79,31,5,8
MLB,2022,STL,425877,Yadier Molina,267,1,0,0,0,9,19,56,180,2
MLB,2022,STL,502671,Paul Goldschmidt,640,0,192,447,0,0,0,0,0,1
MLB,2022,STL,519222,Austin Romine,28,0,0,1,0,0,0,0,0,27
MLB,2022,STL,571448,Nolan Arenado,609,0,0,104,504,1,0,0,0,0
MLB,2022,STL,572816,Corey Dickerson,293,0,20,7,17,120,44,53,20,12
MLB,2022,STL,605486,Cory Spangenberg,0,0,0,0,0,0,0,0,0,0
MLB,2022,STL,624641,Edmundo Sosa,126,1,1,1,3,1,9,29,54,27
MLB,2022,STL,641512,Ben DeLuzio,23,0,0,3,4,2,1,1,0,12
MLB,2022,STL,641933,Tyler O'Neill,372,0,53,104,18,73,104,13,3,4
MLB,2022,STL,657557,Paul DeJong,231,1,0,3,3,8,46,85,34,51
MLB,2022,STL,660766,Juan Yepez,269,1,20,10,58,101,58,17,1,3
MLB,2022,STL,663457,Lars Nootbaar,341,86,29,3,3,13,51,42,54,60
MLB,2022,STL,664056,Harrison Bader,259,4,6,0,0,1,31,72,94,51
MLB,2022,STL,666185,Dylan Carlson,477,133,68,6,9,27,100,113,8,13
MLB,2022,STL,668800,Andrew Knizner,286,0,0,2,2,3,5,15,119,140
MLB,2022,STL,668843,Conner Capel,18,0,0,0,0,0,0,6,12,0
MLB,2022,STL,669242,Tommy Edman,623,395,54,0,0,1,43,19,1,110
MLB,2022,STL,669357,Nolan Gorman,311,4,99,0,16,111,30,35,15,1
MLB,2022,STL,669461,Matthew Liberatore,0,0,0,0,0,0,0,0,0,0
MLB,2022,STL,670298,Kramer Robertson,1,0,1,0,0,0,0,0,0,0
MLB,2022,STL,671056,Iván Herrera,20,0,0,0,0,0,0,0,0,20
MLB,2022,STL,676475,Alec Burleson,53,0,6,1,0,9,11,23,0,3
MLB,2022,STL,680977,Brendan Donovan,451,107,155,3,2,67,21,28,20,48
MLB,2022,TB,444482,David Peralta,175,8,8,11,44,55,37,8,4,0
MLB,2022,TB,542194,Christian Bethancourt,149,0,1,3,0,14,34,58,30,9
MLB,2022,TB,572287,Mike Zunino,121,0,0,0,0,0,9,46,39,27
MLB,2022,TB,595281,Kevin Kiermaier,217,65,0,2,4,13,65,29,22,17
MLB,2022,TB,596451,Roman Quinn,46,0,2,0,2,0,4,4,26,8
MLB,2022,TB,596847,Ji Man Choi,409,15,48,77,183,20,27,12,26,1
MLB,2022,TB,621433,Brett Phillips,197,1,2,0,0,0,21,46,44,83
MLB,2022,TB,622534,Manuel Margot,360,54,105,35,0,54,65,36,6,5
MLB,2022,TB,623912,Harold Ramírez,422,3,62,118,138,60,21,10,4,6
MLB,2022,TB,642336,Francisco Mejía,293,0,1,1,1,38,62,69,79,42
MLB,2022,TB,642350,Jose Siri,175,1,0,4,1,7,10,17,30,105
MLB,2022,TB,644374,Yu Chang,103,5,5,1,2,8,13,36,15,18
MLB,2022,TB,650490,Yandy Díaz,549,357,42,79,29,37,1,1,3,0
MLB,2022,TB,650907,René Pinto,82,0,0,0,0,0,5,8,31,38
MLB,2022,TB,660644,Vidal Bruján,157,14,3,1,0,22,22,24,23,48
MLB,2022,TB,664040,Brandon Lowe,258,102,74,16,34,31,0,0,1,0
MLB,2022,TB,666018,Jonathan Aranda,84,28,8,11,7,7,4,6,5,8
MLB,2022,TB,666139,Josh Lowe,193,14,9,4,16,27,72,16,19,16
MLB,2022,TB,668227,Randy Arozarena,628,39,63,198,167,123,27,9,2,0
MLB,2022,TB,670042,Luke Raley,68,0,6,7,5,13,18,11,5,3
MLB,2022,TB,670156,Miles Mastrobuoni,17,0,0,1,0,1,4,7,4,0
MLB,2022,TB,670623,Isaac Paredes,373,4,17,22,34,119,64,71,35,7
MLB,2022,TB,670764,Taylor Walls,454,5,1,5,1,11,62,100,140,129
MLB,2022,TB,677551,Wander Franco,334,0,243,87,0,1,0,1,2,0
MLB,2022,TEX,518586,Charlie Culberson,120,5,2,0,0,0,6,26,50,31
MLB,2022,TEX,543543,Brad Miller,240,62,3,0,0,3,0,40,79,53
MLB,2022,TEX,543760,Marcus Semien,710,533,169,8,0,0,0,0,0,0
MLB,2022,TEX,594777,Kole Calhoun,415,12,0,4,102,93,56,116,21,11
MLB,2022,TEX,608369,Corey Seager,651,0,458,193,0,0,0,0,0,0
MLB,2022,TEX,608700,Kevin Plawecki,11,0,0,0,0,0,0,3,8,0
MLB,2022,TEX,609274,Elier Hernandez,34,0,1,0,0,0,4,5,13,11
MLB,2022,TEX,621453,Steven Duggar,19,0,1,0,0,0,0,5,0,13
MLB,2022,TEX,628451,Andy Ibáñez,128,2,4,0,0,5,22,29,30,36
MLB,2022,TEX,641432,Willie Calhoun,52,0,0,0,0,4,3,9,27,9
MLB,2022,TEX,641598,Mitch Garver,211,0,0,84,47,15,42,12,9,2
MLB,2022,TEX,641680,Jonah Heim,447,1,9,46,77,171,68,33,20,22
MLB,2022,TEX,642201,Eli White,116,26,0,0,0,0,1,3,5,81
MLB,2022,TEX,650619,Meibrys Viloria,74,0,0,0,0,8,15,4,16,31
MLB,2022,TEX,656685,Brett Martin,0,0,0,0,0,0,0,0,0,0
MLB,2022,TEX,663993,Nathaniel Lowe,641,9,15,208,81,134,102,80,11,1
MLB,2022,TEX,664029,Mark Mathias,74,0,7,0,0,30,2,33,2,0
MLB,2022,TEX,665750,Leody Taveras,335,1,9,5,0,25,171,22,58,44
MLB,2022,TEX,666969,Adolis García,645,0,23,147,355,79,34,6,1,0
MLB,2022,TEX,667727,Steele Walker,16,0,0,0,0,0,0,0,9,7
MLB,2022,TEX,669087,Sam Huff,132,0,0,0,0,20,29,41,33,9
MLB,2022,TEX,669256,Nick Solak,89,1,5,0,0,23,13,14,32,1
MLB,2022,TEX,669352,Bubba Thompson,177,0,0,0,0,0,5,0,19,153
MLB,2022,TEX,669618,Joe Barlow,0,0,0,0,0,0,0,0,0,0
MLB,2022,TEX,669701,Josh Smith,241,77,0,0,0,9,6,40,75,34
MLB,2022,TEX,673962,Josh Jung,102,0,0,0,16,39,43,4,0,0
MLB,2022,TEX,676646,Zach Reks,34,0,0,1,1,0,0,10,8,14
MLB,2022,TEX,677649,Ezequiel Duran,220,0,0,0,0,4,21,94,82,19
MLB,2022,TOR,543807,George Springer,563,554,0,0,0,0,0,3,4,2
MLB,2022,TOR,593160,Whit Merrifield,126,15,0,0,2,0,0,25,53,31
MLB,2022,TOR,598265,Jackie Bradley Jr.,80,1,0,0,0,1,2,6,5,65
MLB,2022,TOR,605548,Bradley Zimmer,94,11,1,0,3,3,2,2,1,71
MLB,2022,TOR,606132,Raimel Tapia,423,32,10,2,4,23,93,113,59,87
MLB,2022,TOR,606192,Teoscar Hernández,529,0,0,29,214,225,54,5,0,2
MLB,2022,TOR,623168,Tyler Heineman,15,0,0,0,0,0,1,0,3,11
MLB,2022,TOR,624415,Cavan Biggio,292,24,1,1,2,16,40,20,35,153
MLB,2022,TOR,641470,Zack Collins,78,0,3,0,16,20,13,4,16,6
MLB,2022,TOR,641741,Gosuke Katoh,10,0,0,0,0,0,0,0,9,1
MLB,2022,TOR,643376,Danny Jansen,240,0,0,1,5,11,8,46,83,86
MLB,2022,TOR,656305,Matt Chapman,602,13,0,0,31,131,168,256,0,3
MLB,2022,TOR,665489,Vladimir Guerrero Jr.,692,0,290,399,0,2,1,0,0,0
MLB,2022,TOR,666182,Bo Bichette,689,0,399,92,91,81,22,4,0,0
MLB,2022,TOR,666971,Lourdes Gurriel Jr.,484,42,0,73,65,80,110,45,69,0
MLB,2022,TOR,669289,Santiago Espinal,485,38,28,0,5,23,63,74,203,51
MLB,2022,TOR,672386,Alejandro Kirk,529,0,0,108,244,51,72,21,25,8
MLB,2022,TOR,672515,Gabriel Moreno,73,0,0,0,2,1,5,5,46,14
MLB,2022,TOR,672640,Otto Lopez,10,5,1,0,0,0,0,0,4,0
MLB,2022,TOR,681962,Vinny Capra,7,0,0,0,0,0,1,2,3,1
MLB,2022,WSH,443558,Nelson Cruz,494,0,0,129,314,42,9,0,0,0
MLB,2022,WSH,444876,Alcides Escobar,129,0,0,0,0,0,0,21,45,63
MLB,2022,WSH,501303,Ehire Adrianza,90,0,5,1,3,0,6,15,35,25
MLB,2022,WSH,514917,César Hernández,600,351,87,0,0,20,82,35,19,6
MLB,2022,WSH,543829,Dee Strange-Gordon,59,1,0,1,0,0,0,12,27,18
MLB,2022,WSH,545121,Ildemaro Vargas,189,0,3,0,0,15,16,58,39,58
MLB,2022,WSH,572228,Luke Voit,215,0,12,97,94,12,0,0,0,0
MLB,2022,WSH,596748,Maikel Franco,383,1,0,2,0,57,120,111,77,15
MLB,2022,WSH,605137,Josh Bell,421,0,28,153,155,85,0,0,0,0
MLB,2022,WSH,608841,Joey Meneses,234,0,84,112,12,19,4,0,3,0
MLB,2022,WSH,628450,Yadiel Hernandez,321,3,0,11,51,116,92,32,10,6
MLB,2022,WSH,641943,Joshua Palacios,48,1,0,1,3,1,0,15,22,5
MLB,2022,WSH,645302,Victor Robles,381,60,0,0,1,1,2,13,94,210
MLB,2022,WSH,656180,Riley Adams,150,0,0,0,2,3,0,58,50,37
MLB,2022,WSH,657041,Lane Thomas,533,240,44,1,7,26,61,80,42,32
MLB,2022,WSH,660688,Keibert Ruiz,424,1,47,0,7,161,137,41,29,1
MLB,2022,WSH,665650,Lucius Fox,26,0,0,0,6,0,0,0,9,11
MLB,2022,WSH,665742,Juan Soto,430,0,262,167,0,0,0,0,0,1
MLB,2022,WSH,668663,Tres Barrera,52,0,0,0,0,0,0,2,24,26
MLB,2022,WSH,669743,Alex Call,113,14,21,1,3,26,9,26,8,5
MLB,2022,WSH,671277,Luis García Jr.,366,36,77,8,11,68,56,60,34,16
MLB,2022,WSH,672832,Israel Pineda,14,0,0,0,0,0,0,0,11,3
MLB,2022,WSH,682928,CJ Abrams,157,0,31,0,0,0,41,37,16,32
MLB,2023,ATL,501303,Ehire Adrianza,11,0,0,1,0,0,0,3,2,5
MLB,2023,ATL,518586,Charlie Culberson,1,0,0,0,0,0,1,0,0,0
MLB,2023,ATL,518595,Travis d'Arnaud,288,0,0,0,70,96,55,61,5,1
MLB,2023,ATL,542303,Marcell Ozuna,587,0,0,0,18,216,212,105,36,0
MLB,2023,ATL,592696,Eddie Rosario,510,0,4,0,0,148,154,163,37,4
MLB,2023,ATL,606115,Orlando Arcia,527,0,0,0,0,0,12,60,385,70
MLB,2023,ATL,607680,Kevin Pillar,201,13,4,0,0,7,10,56,70,41
MLB,2023,ATL,621566,Matt Olson,709,0,302,13,368,26,0,0,0,0
MLB,2023,ATL,641729,Joe Jiménez,0,0,0,0,0,0,0,0,0,0
MLB,2023,ATL,642201,Eli White,16,1,0,0,0,0,0,0,0,15
MLB,2023,ATL,644433,Chadwick Tromp,16,0,0,0,0,0,0,0,0,16
MLB,2023,ATL,645277,Ozzie Albies,640,5,357,18,41,48,136,35,0,0
MLB,2023,ATL,656541,Sam Hilliard,78,1,0,0,0,0,5,8,25,39
MLB,2023,ATL,657088,Forrest Wall,15,2,0,0,0,0,0,0,4,9
MLB,2023,ATL,660670,Ronald Acuña Jr.,720,720,0,0,0,0,0,0,0,0
MLB,2023,ATL,663586,Austin Riley,692,0,4,655,33,0,0,0,0,0
MLB,2023,ATL,663897,Luke Williams,9,0,1,0,3,0,1,0,1,3
MLB,2023,ATL,669221,Sean Murphy,417,0,0,20,163,129,22,70,11,2
MLB,2023,ATL,669256,Nick Solak,0,0,0,0,0,0,0,0,0,0
MLB,2023,ATL,669699,Braden Shewmake,4,0,0,0,0,0,0,0,0,4
MLB,2023,ATL,670032,Nicky Lopez,70,0,0,0,3,0,0,0,8,59
MLB,2023,ATL,671739,Michael Harris II,528,10,59,0,0,12,25,51,47,324
MLB,2023,ATL,687093,Vaughn Grissom,75,0,0,0,0,0,29,30,0,16
MLB,2023,AZ,446334,Evan Longoria,234,3,4,0,19,123,64,13,5,3
MLB,2023,AZ,502054,Tommy Pham,213,0,0,202,0,11,0,0,0,0
MLB,2023,AZ,543518,Scott McGough,0,0,0,0,0,0,0,0,0,0
MLB,2023,AZ,572233,Christian Walker,644,0,0,0,640,0,1,2,0,1
MLB,2023,AZ,605113,Nick Ahmed,210,2,3,0,0,1,5,97,102,0
MLB,2023,AZ,605177,Andrew Chafin,0,0,0,0,0,0,0,0,0,0
MLB,2023,AZ,606466,Ketel Marte,640,201,435,0,0,0,1,0,3,0
MLB,2023,AZ,607054,Jace Peterson,104,0,5,0,2,3,24,41,28,1
MLB,2023,AZ,608348,Carson Kelly,91,0,0,0,0,1,3,18,46,23
MLB,2023,AZ,612434,Miguel Castro,0,0,0,0,0,0,0,0,0,0
MLB,2023,AZ,614179,José Ruiz,0,0,0,0,0,0,0,0,0,0
MLB,2023,AZ,623149,Paul Sewald,0,0,0,0,0,0,0,0,0,0
MLB,2023,AZ,641786,Kyle Lewis,54,13,21,2,0,9,4,1,2,2
MLB,2023,AZ,645444,Jose Herrera,114,0,0,0,1,0,0,1,25,87
MLB,2023,AZ,656464,Kevin Ginkel,0,0,0,0,0,0,0,0,0,0
MLB,2023,AZ,656896,Emmanuel Rivera,279,4,71,17,3,36,77,45,23,3
MLB,2023,AZ,656976,Pavin Smith,226,62,5,20,1,25,96,12,5,0
MLB,2023,AZ,660636,Diego Castillo,1,0,0,0,0,0,0,0,0,1
MLB,2023,AZ,664874,Seby Zavala,16,0,0,0,0,0,1,1,7,7
MLB,2023,AZ,664983,Jake McCarthy,302,10,13,4,1,8,75,62,43,86
MLB,2023,AZ,666150,Dominic Fletcher,100,2,2,0,0,0,33,31,12,20
MLB,2023,AZ,666818,Luis Frías,0,0,0,0,0,0,0,0,0,0
MLB,2023,AZ,666971,Lourdes Gurriel Jr.,584,0,17,169,13,284,96,0,3,2
MLB,2023,AZ,668942,Josh Rojas,207,117,19,0,4,5,40,19,3,0
MLB,2023,AZ,669459,Kyle Nelson,0,0,0,0,0,0,0,0,0,0
MLB,2023,AZ,671083,Buddy Kennedy,28,0,10,0,0,3,11,4,0,0
MLB,2023,AZ,672515,Gabriel Moreno,370,6,5,0,0,2,26,159,152,20
MLB,2023,AZ,672695,Geraldo Perdomo,471,162,21,0,0,6,5,21,39,217
MLB,2023,AZ,677950,Alek Thomas,393,0,5,0,0,87,26,74,98,103
MLB,2023,AZ,682998,Corbin Carroll,622,135,77,286,0,50,53,18,0,3
MLB,2023,AZ,686527,Dominic Canzone,40,0,0,0,0,21,7,8,4,0
MLB,2023,AZ,686753,Drey Jameson,0,0,0,0,0,0,0,0,0,0
MLB,2023,AZ,686826,Bryce Jarvis,0,0,0,0,0,0,0,0,0,0
MLB,2023,AZ,691783,Jordan Lawlar,33,4,8,1,0,0,1,4,12,3
MLB,2023,BAL,502043,Kyle Gibson,0,0,0,0,0,0,0,0,0,0
MLB,2023,BAL,543056,Danny Coulombe,0,0,0,0,0,0,0,0,0,0
MLB,2023,BAL,543305,Aaron Hicks,235,0,0,0,22,60,86,61,4,2
MLB,2023,BAL,543510,James McCann,216,0,3,0,4,12,45,29,73,50
MLB,2023,BAL,602104,Ramón Urías,387,6,3,6,4,62,60,75,109,62
MLB,2023,BAL,621532,Anthony Bemboom,13,0,1,0,0,0,0,0,0,12
MLB,2023,BAL,622761,Jorge Mateo,340,5,1,1,0,17,11,39,66,200
MLB,2023,BAL,623507,Josh Lester,23,1,0,1,0,0,0,3,16,2
MLB,2023,BAL,623993,Anthony Santander,646,0,42,486,116,0,0,0,1,1
MLB,2023,BAL,624428,Adam Frazier,444,40,0,1,0,50,81,117,102,53
MLB,2023,BAL,641329,Bryan Baker,0,0,0,0,0,0,0,0,0,0
MLB,2023,BAL,656627,Mark Kolozsvary,0,0,0,0,0,0,0,0,0,0
MLB,2023,BAL,656775,Cedric Mullins,447,212,4,1,5,65,77,51,13,19
MLB,2023,BAL,656811,Ryan O'Hearn,361,0,0,17,224,37,8,29,21,25
MLB,2023,BAL,657508,Mike Baumann,0,0,0,0,0,0,0,0,0,0
MLB,2023,BAL,660261,Shintaro Fujinami,0,0,0,0,0,0,0,0,0,0
MLB,2023,BAL,663624,Ryan Mountcastle,460,0,74,145,147,67,24,0,0,3
MLB,2023,BAL,663630,Ryan McKenna,131,0,0,3,3,1,12,2,62,48
MLB,2023,BAL,666974,Yennier Cano,0,0,0,0,0,0,0,0,0,0
MLB,2023,BAL,668939,Adley Rutschman,680,186,487,1,0,0,1,0,0,5
MLB,2023,BAL,669065,Kyle Stowers,33,0,0,0,4,7,5,4,7,6
MLB,2023,BAL,669084,DL Hall,0,0,0,0,0,0,0,0,0,0
MLB,2023,BAL,669720,Austin Hays,558,113,4,16,105,133,115,66,6,0
MLB,2023,BAL,670810,Logan Gillaspie,0,0,0,0,0,0,0,0,0,0
MLB,2023,BAL,672335,Cionel Pérez,0,0,0,0,0,0,0,0,0,0
MLB,2023,BAL,676059,Jordan Westburg,224,0,0,2,4,42,30,56,58,32
MLB,2023,BAL,677008,Heston Kjerstad,32,0,0,0,0,5,13,5,6,3
MLB,2023,BAL,679631,Terrin Vavra,54,0,0,1,0,1,9,6,23,14
MLB,2023,BAL,681297,Colton Cowser,74,0,0,0,4,0,17,25,21,7
MLB,2023,BAL,683002,Gunnar Henderson,616,176,115,27,37,112,55,67,18,9
MLB,2023,BAL,687401,Joey Ortiz,33,0,0,0,0,0,1,1,3,28
MLB,2023,BOS,445276,Kenley Jansen,0,0,0,0,0,0,0,0,0,0
MLB,2023,BOS,455119,Chris Martin,0,0,0,0,0,0,0,0,0,0
MLB,2023,BOS,457759,Justin Turner,606,0,169,424,0,11,1,1,0,0
MLB,2023,BOS,571771,Enrique Hernández,319,10,0,1,0,68,62,85,46,47
MLB,2023,BOS,594807,Adam Duvall,340,3,0,14,56,244,21,1,0,1
MLB,2023,BOS,595751,Jorge Alfaro,19,0,0,0,1,0,9,0,8,1
MLB,2023,BOS,596115,Trevor Story,167,0,0,17,8,26,48,68,0,0
MLB,2023,BOS,601713,Nick Pivetta,0,0,0,0,0,0,0,0,0,0
MLB,2023,BOS,605463,Tayler Scott,0,0,0,0,0,0,0,0,0,0
MLB,2023,BOS,606132,Raimel Tapia,96,34,4,4,0,10,19,9,10,6
MLB,2023,BOS,608701,Rob Refsnyder,235,97,8,64,3,37,7,8,4,7
MLB,2023,BOS,622569,Pablo Reyes,179,6,3,2,0,4,30,48,30,56
MLB,2023,BOS,624414,Christian Arroyo,202,1,1,0,0,4,36,130,24,6
MLB,2023,BOS,624512,Reese McGuire,198,1,0,2,0,0,5,18,107,65
MLB,2023,BOS,643348,Caleb Hamilton,6,0,0,0,0,0,0,0,0,6
MLB,2023,BOS,644374,Yu Chang,108,0,1,0,3,0,0,1,10,93
MLB,2023,BOS,646240,Rafael Devers,639,0,285,61,290,0,0,0,1,2
MLB,2023,BOS,649966,Luis Urías,103,0,0,0,0,0,0,18,42,43
MLB,2023,BOS,657077,Alex Verdugo,591,359,79,22,31,30,56,12,2,0
MLB,2023,BOS,657136,Connor Wong,393,0,2,2,0,0,6,34,152,197
MLB,2023,BOS,665839,Enmanuel Valdez,145,0,1,0,0,0,0,34,80,30
MLB,2023,BOS,666152,David Hamilton,39,0,0,0,0,1,0,0,28,10
MLB,2023,BOS,666915,Bobby Dalbec,53,0,0,0,0,4,5,21,23,0
MLB,2023,BOS,670167,John Schreiber,0,0,0,0,0,0,0,0,0,0
MLB,2023,BOS,671213,Triston Casas,499,0,5,12,87,55,237,76,24,3
MLB,2023,BOS,676477,Garrett Whitlock,0,0,0,0,0,0,0,0,0,0
MLB,2023,BOS,676710,Kutter Crawford,0,0,0,0,0,0,0,0,0,0
MLB,2023,BOS,677800,Wilyer Abreu,82,14,6,1,0,5,27,27,1,1
MLB,2023,BOS,678882,Ceddanne Rafaela,84,70,1,1,2,2,1,4,3,0
MLB,2023,BOS,680776,Jarren Duran,356,148,0,3,7,79,27,50,27,15
MLB,2023,BOS,807799,Masataka Yoshida,568,0,152,71,195,89,56,1,0,4
MLB,2023,CHC,543228,Yan Gomes,403,1,0,0,8,34,68,47,189,56
MLB,2023,CHC,543333,Eric Hosmer,100,0,0,0,0,4,27,57,11,1
MLB,2023,CHC,571466,Tucker Barnhart,121,0,0,0,0,0,0,3,1,117
MLB,2023,CHC,592767,Drew Smyly,0,0,0,0,0,0,0,0,0,0
MLB,2023,CHC,600869,Jeimer Candelario,154,0,0,4,0,0,26,113,11,0
MLB,2023,CHC,605242,Michael Fulmer,1,0,0,0,0,0,0,0,1,0
MLB,2023,CHC,620443,Luis Torrens,21,0,0,0,0,3,2,4,4,8
MLB,2023,CHC,621020,Dansby Swanson,631,0,307,4,14,253,53,0,0,0
MLB,2023,CHC,621074,Michael Rucker,0,0,0,0,0,0,0,0,0,0
MLB,2023,CHC,621458,Edwin Rios,33,0,2,1,1,2,9,7,9,2
MLB,2023,CHC,621550,Patrick Wisdom,298,3,4,0,0,50,72,45,96,28
MLB,2023,CHC,641355,Cody Bellinger,539,0,0,31,348,62,72,26,0,0
MLB,2023,CHC,641743,Anthony Kay,0,0,0,0,0,0,0,0,0,0
MLB,2023,CHC,641820,Trey Mancini,256,1,0,0,16,71,75,60,28,5
MLB,2023,CHC,643410,Mark Leiter Jr.,0,0,0,0,0,0,0,0,0,0
MLB,2023,CHC,643565,Mike Tauchman,393,278,5,5,0,26,20,23,17,19
MLB,2023,CHC,657240,Julian Merryweather,0,0,0,0,0,0,0,0,0,0
MLB,2023,CHC,663538,Nico Hoerner,668,339,327,0,0,0,0,2,0,0
MLB,2023,CHC,663611,Nick Madrigal,280,31,5,1,0,0,1,11,73,158
MLB,2023,CHC,664023,Ian Happ,679,11,0,551,83,14,16,2,2,0
MLB,2023,CHC,665804,Miguel Amaya,143,0,0,1,0,1,9,19,48,65
MLB,2023,CHC,666624,Christopher Morel,424,70,14,60,10,16,81,121,25,27
MLB,2023,CHC,669713,Hayden Wesneski,0,0,0,0,0,0,0,0,0,0
MLB,2023,CHC,670156,Miles Mastrobuoni,146,10,6,0,0,5,2,11,39,73
MLB,2023,CHC,670223,Matt Mervis,98,0,0,0,0,0,20,57,13,8
MLB,2023,CHC,672744,Alexander Canario,17,1,0,0,4,0,0,1,0,11
MLB,2023,CHC,673548,Seiya Suzuki,574,0,58,48,203,131,103,9,22,0
MLB,2023,CHC,676369,Nelson Velázquez,32,0,0,0,0,0,4,4,7,17
MLB,2023,CHC,676724,Jared Young,46,0,0,5,0,1,2,21,17,0
MLB,2023,CHC,681432,Luke Little,0,0,0,0,0,0,0,0,0,0
MLB,2023,CHC,691718,Pete Crow-Armstrong,17,6,0,0,0,0,0,2,5,4
MLB,2023,CIN,458015,Joey Votto,235,2,0,1,0,60,167,4,0,1
MLB,2023,CIN,571656,Buck Farmer,0,0,0,0,0,0,0,0,0,0
MLB,2023,CIN,571882,Derek Law,0,0,0,0,0,0,0,0,0,0
MLB,2023,CIN,571912,Luke Maile,193,2,0,1,0,0,0,5,14,171
MLB,2023,CIN,571976,Wil Myers,139,0,0,16,0,49,33,31,10,0
MLB,2023,CIN,592200,Curt Casali,91,2,0,0,0,0,0,3,11,75
MLB,2023,CIN,592656,Henry Ramos,85,0,0,0,0,33,22,24,5,1
MLB,2023,CIN,592669,Hunter Renfroe,44,6,0,12,16,0,9,0,0,1
MLB,2023,CIN,605361,Nick Martini,77,10,9,0,8,36,2,9,1,2
MLB,2023,CIN,608371,Lucas Sims,0,0,0,0,0,0,0,0,0,0
MLB,2023,CIN,608703,Matt Reynolds,5,0,0,0,0,0,0,4,0,1
MLB,2023,CIN,613564,Jason Vosler,65,2,0,0,4,12,27,17,3,0
MLB,2023,CIN,621028,Kevin Newman,242,73,0,2,1,40,20,48,45,13
MLB,2023,CIN,622065,Alex Young,0,0,0,0,0,0,0,0,0,0
MLB,2023,CIN,641584,Jake Fraley,373,34,9,85,113,91,12,4,14,11
MLB,2023,CIN,650960,Daniel Duarte,0,0,0,0,0,0,0,0,0,0
MLB,2023,CIN,656413,Stuart Fairchild,244,2,10,24,9,12,35,44,57,51
MLB,2023,CIN,663574,Tony Santillan,0,0,0,0,0,0,0,0,0,0
MLB,2023,CIN,663697,Jonathan India,506,269,0,178,0,49,6,4,0,0
MLB,2023,CIN,663886,Tyler Stephenson,512,0,1,3,163,106,68,69,81,21
MLB,2023,CIN,664056,Harrison Bader,34,10,0,0,0,1,4,4,11,4
MLB,2023,CIN,664139,Ian Gibaut,0,0,0,0,0,0,0,0,0,0
MLB,2023,CIN,664670,Alejo Lopez,2,0,0,0,0,0,0,0,2,0
MLB,2023,CIN,664747,Alexis Díaz,0,0,0,0,0,0,0,0,0,0
MLB,2023,CIN,666181,Will Benson,327,11,2,0,0,0,18,43,145,108
MLB,2023,CIN,668715,Spencer Steer,650,9,70,198,144,97,25,102,3,2
MLB,2023,CIN,669222,Nick Senzel,327,2,65,2,1,36,78,84,46,13
MLB,2023,CIN,670770,TJ Friedl,535,187,230,7,8,4,12,24,33,30
MLB,2023,CIN,672279,Michael Siani,1,1,0,0,0,0,0,0,0,0
MLB,2023,CIN,676480,José Barrero,148,5,0,0,0,0,0,9,66,68
MLB,2023,CIN,680574,Matt McLain,396,0,310,86,0,0,0,0,0,0
MLB,2023,CIN,682622,Noelvi Marte,122,9,0,0,0,8,27,31,46,1
MLB,2023,CIN,682829,Elly De La Cruz,423,95,8,84,181,1,0,27,18,9
MLB,2023,CIN,686730,Carson Spiers,0,0,0,0,0,0,0,0,0,0
MLB,2023,CIN,686759,TJ Hopkins,43,3,0,0,0,4,0,6,17,13
MLB,2023,CIN,687952,Christian Encarnacion-Strand,236,0,1,0,44,41,95,54,0,1
MLB,2023,CLE,572287,Mike Zunino,139,0,0,0,0,0,0,52,84,3
MLB,2023,CLE,594777,Kole Calhoun,170,4,0,43,80,37,4,0,0,2
MLB,2023,CLE,595956,Cam Gallagher,147,0,0,0,0,0,0,0,8,139
MLB,2023,CLE,605137,Josh Bell,390,0,0,0,129,212,48,0,0,1
MLB,2023,CLE,606992,Eric Haase,11,0,0,0,0,4,0,0,7,0
MLB,2023,CLE,608070,José Ramírez,684,0,192,492,0,0,0,0,0,0
MLB,2023,CLE,641470,Zack Collins,6,0,0,0,0,0,0,0,3,3
MLB,2023,CLE,642708,Amed Rosario,407,0,403,0,0,0,0,1,0,3
MLB,2023,CLE,647304,Josh Naylor,485,0,1,106,308,56,6,4,3,1
MLB,2023,CLE,650619,Meibrys Viloria,4,0,0,0,0,0,0,0,2,2
MLB,2023,CLE,657656,Ramón Laureano,152,0,0,16,82,39,14,0,0,1
MLB,2023,CLE,660757,Oscar Gonzalez,178,0,0,10,58,46,35,21,1,7
MLB,2023,CLE,664702,Myles Straw,504,0,12,0,0,1,3,40,186,262
MLB,2023,CLE,665926,Andrés Giménez,589,9,76,20,7,203,202,68,3,1
MLB,2023,CLE,666310,Bo Naylor,228,0,0,0,0,0,0,17,121,90
MLB,2023,CLE,671289,Tyler Freeman,163,7,20,2,2,13,69,28,17,5
MLB,2023,CLE,672356,Gabriel Arias,343,0,14,0,4,9,118,105,68,25
MLB,2023,CLE,677587,Brayan Rocchio,85,4,4,2,0,4,30,33,4,4
MLB,2023,CLE,677588,José Tena,34,0,0,5,0,1,2,1,5,20
MLB,2023,CLE,680757,Steven Kwan,708,705,0,1,1,0,0,0,0,1
MLB,2023,CLE,681807,David Fry,109,0,1,3,4,15,29,30,17,10
MLB,2023,CLE,686823,Will Brennan,448,8,0,4,5,24,82,228,85,12
MLB,2023,COL,453568,Charlie Blackmon,398,320,19,51,0,0,2,1,2,3
MLB,2023,COL,519058,Mike Moustakas,132,0,0,1,11,55,29,20,4,12
MLB,2023,COL,543068,C.J. Cron,221,0,0,0,171,49,0,1,0,0
MLB,2023,COL,545341,Randal Grichuk,258,4,33,12,51,68,54,35,0,1
MLB,2023,COL,553869,Elias Díaz,520,0,0,57,231,99,89,22,11,11
MLB,2023,COL,572955,Pierce Johnson,0,0,0,0,0,0,0,0,0,0
MLB,2023,COL,592178,Kris Bryant,329,0,150,140,29,9,0,0,1,0
MLB,2023,COL,595751,Jorge Alfaro,31,0,0,0,3,8,16,0,4,0
MLB,2023,COL,595777,Jurickson Profar,460,298,141,0,0,0,0,16,3,2
MLB,2023,COL,602074,Yonathan Daza,77,14,9,1,0,0,5,26,22,0
MLB,2023,COL,605612,Harold Castro,267,0,0,0,0,8,63,76,93,27
MLB,2023,COL,608718,Brent Suter,0,0,0,0,0,0,0,0,0,0
MLB,2023,COL,641857,Ryan McMahon,623,0,33,351,53,116,56,14,0,0
MLB,2023,COL,642851,Austin Wynns,125,2,0,0,5,0,0,4,39,75
MLB,2023,COL,656248,Sean Bouchard,42,1,0,0,0,0,12,17,8,4
MLB,2023,COL,657061,Cole Tucker,9,2,3,0,0,0,0,0,4,0
MLB,2023,COL,660707,Elehuris Montero,299,0,0,7,17,62,77,88,48,0
MLB,2023,COL,661531,Brian Serven,23,0,0,1,0,0,0,0,0,22
MLB,2023,COL,663731,Connor Kaiser,4,0,0,0,0,0,0,0,0,4
MLB,2023,COL,663796,Coco Montes,40,0,1,2,0,0,0,17,17,3
MLB,2023,COL,663898,Brendan Rodgers,189,0,36,21,59,34,19,12,8,0
MLB,2023,COL,664875,Justin Lawrence,0,0,0,0,0,0,0,0,0,0
MLB,2023,COL,666134,Nolan Jones,420,14,18,51,53,140,108,32,3,1
MLB,2023,COL,666154,Karl Kauffmann,0,0,0,0,0,0,0,0,0,0
MLB,2023,COL,669911,Michael Toglia,151,0,0,3,0,8,31,46,61,2
MLB,2023,COL,676701,Alan Trejo,223,0,2,0,0,0,33,59,115,14
MLB,2023,COL,678662,Ezequiel Tovar,606,53,267,0,0,0,17,77,43,149
MLB,2023,COL,686668,Brenton Doyle,421,14,0,1,0,2,4,39,102,259
MLB,2023,COL,696100,Hunter Goodman,75,0,5,0,2,4,30,18,16,0
MLB,2023,CWS,462101,Elvis Andrus,396,65,4,0,0,0,10,67,108,142
MLB,2023,CWS,518735,Yasmani Grandal,399,0,0,0,5,104,117,150,5,18
MLB,2023,CWS,545350,Jake Marisnick,2,0,0,0,0,0,0,0,0,2
MLB,2023,CWS,571740,Billy Hamilton,2,0,2,0,0,0,0,0,0,0
MLB,2023,CWS,571980,Tyler Naquin,8,0,0,0,0,0,0,5,2,1
MLB,2023,CWS,572204,Trayce Thompson,89,0,1,8,0,0,17,38,25,0
MLB,2023,CWS,593643,Hanser Alberto,86,3,0,0,1,13,17,25,13,14
MLB,2023,CWS,607481,Aaron Bummer,0,0,0,0,0,0,0,0,0,0
MLB,2023,CWS,621545,Zach Remillard,153,16,17,0,0,1,2,17,45,55
MLB,2023,CWS,640449,Clint Frazier,76,9,2,0,0,3,7,23,32,0
MLB,2023,CWS,641313,Tim Anderson,519,388,126,0,3,0,0,1,1,0
MLB,2023,CWS,643217,Andrew Benintendi,611,202,324,32,0,17,29,4,2,1
MLB,2023,CWS,650391,Eloy Jiménez,483,0,5,54,422,0,0,1,0,1
MLB,2023,CWS,656024,Carlos Pérez,53,0,1,0,1,3,8,10,12,18
MLB,2023,CWS,656514,Adam Haseley,39,6,0,2,3,1,2,4,7,14
MLB,2023,CWS,657757,Gavin Sheets,337,0,9,15,30,54,112,73,39,5
MLB,2023,CWS,660162,Yoán Moncada,354,7,39,8,94,199,4,1,1,1
MLB,2023,CWS,663853,Romy Gonzalez,95,3,0,1,0,0,0,9,36,46
MLB,2023,CWS,664874,Seby Zavala,171,0,0,0,0,1,5,17,43,105
MLB,2023,CWS,669394,Jake Burger,316,1,18,0,17,62,125,68,24,1
MLB,2023,CWS,672820,Lenyn Sosa,166,4,2,0,0,0,8,30,61,61
MLB,2023,CWS,673357,Luis Robert Jr.,575,21,80,428,11,30,5,0,0,0
MLB,2023,CWS,679563,José Rodríguez,0,0,0,0,0,0,0,0,0,0
MLB,2023,CWS,683734,Andrew Vaughn,599,0,75,126,80,164,148,4,2,0
MLB,2023,CWS,686676,Korey Lee,68,0,0,0,0,0,0,0,0,68
MLB,2023,CWS,693049,Oscar Colás,257,3,1,0,0,0,15,72,139,27
MLB,2023,DET,408234,Miguel Cabrera,365,1,0,16,26,37,97,188,0,0
MLB,2023,DET,545350,Jake Marisnick,72,0,0,1,0,0,1,1,0,69
MLB,2023,DET,570731,Jonathan Schoop,149,11,1,3,6,13,39,21,41,14
MLB,2023,DET,595879,Javier Báez,534,2,99,128,89,49,63,56,47,1
MLB,2023,DET,606992,Eric Haase,280,1,2,4,22,45,28,20,72,86
MLB,2023,DET,608348,Carson Kelly,59,0,0,0,0,0,0,0,24,35
MLB,2023,DET,628451,Andy Ibáñez,380,15,60,62,13,54,63,23,73,17
MLB,2023,DET,640457,Austin Meadows,21,0,0,0,7,3,9,0,0,2
MLB,2023,DET,656371,Isan Díaz,5,0,0,0,0,0,0,0,5,0
MLB,2023,DET,656638,Alex Lange,0,0,0,0,0,0,0,0,0,0
MLB,2023,DET,656716,Zach McKinstry,508,298,44,0,0,8,38,43,68,9
MLB,2023,DET,663527,Tyler Nevin,107,0,6,1,4,19,34,27,13,3
MLB,2023,DET,663837,Matt Vierling,523,194,33,64,4,95,31,53,32,17
MLB,2023,DET,665155,Nick Maton,287,44,7,2,42,102,33,29,20,8
MLB,2023,DET,668670,Jake Rogers,359,2,0,0,21,42,14,9,98,173
MLB,2023,DET,668731,Akil Baddoo,354,116,9,15,2,13,78,73,36,12
MLB,2023,DET,668952,Ryan Kreidler,18,0,0,1,1,0,0,0,2,14
MLB,2023,DET,669256,Nick Solak,0,0,0,0,0,0,0,0,0,0
MLB,2023,DET,670097,Zack Short,249,22,0,3,2,4,21,30,78,89
MLB,2023,DET,676684,Will Vest,0,0,0,0,0,0,0,0,0,0
MLB,2023,DET,678009,Parker Meadows,142,24,0,0,0,0,21,58,8,31
MLB,2023,DET,679529,Spencer Torkelson,673,0,140,245,173,73,42,0,0,0
MLB,2023,DET,681481,Kerry Carpenter,450,1,1,59,264,99,17,1,4,4
MLB,2023,DET,682985,Riley Greene,413,0,311,89,5,4,0,0,0,4
MLB,2023,DET,686531,Andre Lipcius,38,0,3,0,0,4,22,0,1,8
MLB,2023,HOU,455117,Martín Maldonado,392,0,0,0,0,0,0,0,3,389
MLB,2023,HOU,488726,Michael Brantley,56,0,0,0,0,5,32,18,1,0
MLB,2023,HOU,514888,Jose Altuve,404,362,41,0,0,0,0,0,0,1
MLB,2023,HOU,519151,Ryan Pressly,0,0,0,0,0,0,0,0,0,0
MLB,2023,HOU,547989,José Abreu,582,0,0,0,228,216,130,8,0,0
MLB,2023,HOU,572138,Jon Singleton,72,0,0,1,1,3,36,21,5,5
MLB,2023,HOU,592773,Ryne Stanek,0,0,0,0,0,0,0,0,0,0
MLB,2023,HOU,593576,Héctor Neris,0,0,0,0,0,0,0,0,0,0
MLB,2023,HOU,606160,Rafael Montero,0,0,0,0,0,0,0,0,0,0
MLB,2023,HOU,608324,Alex Bregman,714,0,457,37,220,0,0,0,0,0
MLB,2023,HOU,608665,Kendall Graveman,0,0,0,0,0,0,0,0,0,0
MLB,2023,HOU,643289,Mauricio Dubón,486,289,20,0,1,5,20,23,107,21
MLB,2023,HOU,661527,Seth Martinez,0,0,0,0,0,0,0,0,0,0
MLB,2023,HOU,663656,Kyle Tucker,654,0,5,236,187,225,0,0,1,0
MLB,2023,HOU,663967,César Salazar,19,0,0,1,0,0,0,0,3,15
MLB,2023,HOU,664208,Phil Maton,0,0,0,0,0,0,0,0,0,0
MLB,2023,HOU,665161,Jeremy Peña,620,55,193,0,0,4,147,111,85,25
MLB,2023,HOU,666197,Grae Kessinger,45,10,4,0,3,0,2,0,14,12
MLB,2023,HOU,667452,Corey Julks,320,4,15,4,1,5,50,172,54,15
MLB,2023,HOU,670541,Yordan Alvarez,479,0,0,418,29,31,0,0,1,0
MLB,2023,HOU,673237,Yainer Diaz,366,0,0,1,17,99,78,83,58,30
MLB,2023,HOU,676625,Rylan Bannon,6,0,0,0,0,0,0,0,6,0
MLB,2023,HOU,676632,Bligh Madris,30,0,0,0,0,0,11,15,1,3
MLB,2023,HOU,676694,Jake Meyers,335,5,0,5,3,1,0,44,204,73
MLB,2023,HOU,676801,Chas McCormick,443,30,0,2,10,74,135,123,60,9
MLB,2023,HOU,682073,David Hensley,94,2,0,0,2,11,17,33,22,7
MLB,2023,KC,425844,Zack Greinke,0,0,0,0,0,0,0,0,0,0
MLB,2023,KC,521692,Salvador Perez,557,0,38,299,220,0,0,0,0,0
MLB,2023,KC,547973,Aroldis Chapman,0,0,0,0,0,0,0,0,0,0
MLB,2023,KC,598265,Jackie Bradley Jr.,110,0,1,2,0,1,0,7,37,62
MLB,2023,KC,605130,Scott Barlow,0,0,0,0,0,0,0,0,0,0
MLB,2023,KC,607461,Matt Beaty,62,1,0,4,1,7,12,27,10,0
MLB,2023,KC,614177,Franmil Reyes,63,0,0,0,8,24,14,13,4,0
MLB,2023,KC,621295,Nick Wittgren,0,0,0,0,0,0,0,0,0,0
MLB,2023,KC,622110,Matt Duffy,203,19,0,10,7,24,32,44,36,31
MLB,2023,KC,641531,Hunter Dozier,90,0,3,0,0,0,21,47,16,3
MLB,2023,KC,658668,Edward Olivares,376,6,41,15,41,122,97,38,11,5
MLB,2023,KC,663704,James McArthur,0,0,0,0,0,0,0,0,0,0
MLB,2023,KC,664199,Taylor Clarke,0,0,0,0,0,0,0,0,0,0
MLB,2023,KC,664728,Kyle Isbel,309,4,4,0,4,33,44,33,57,130
MLB,2023,KC,666023,Freddy Fermin,230,0,1,7,8,60,65,41,25,23
MLB,2023,KC,668472,Nick Pratto,335,116,4,17,25,44,56,28,24,21
MLB,2023,KC,669004,MJ Melendez,595,56,53,132,198,117,33,3,0,3
MLB,2023,KC,669169,Jonathan Heasley,0,0,0,0,0,0,0,0,0,0
MLB,2023,KC,669392,Samad Taylor,67,0,1,1,0,3,0,22,28,12
MLB,2023,KC,669395,Dylan Coleman,0,0,0,0,0,0,0,0,0,0
MLB,2023,KC,670032,Nicky Lopez,181,0,0,0,0,1,12,32,50,86
MLB,2023,KC,671221,Drew Waters,329,0,0,0,0,4,23,121,146,35
MLB,2023,KC,672578,Carlos Hernández,0,0,0,0,0,0,0,0,0,0
MLB,2023,KC,672580,Maikel Garcia,502,313,3,1,20,65,41,23,23,13
MLB,2023,KC,676369,Nelson Velázquez,144,4,0,5,32,41,40,6,11,5
MLB,2023,KC,677951,Bobby Witt Jr.,681,193,422,12,47,3,4,0,0,0
MLB,2023,KC,679845,Nick Loftin,66,0,0,0,0,4,16,23,14,9
MLB,2023,KC,680118,Dairon Blanco,134,0,0,0,0,1,2,13,29,89
MLB,2023,KC,680418,Tyler Cropley,6,0,0,0,0,0,0,3,3,0
MLB,2023,KC,680735,Austin Cox,0,0,0,0,0,0,0,0,0,0
MLB,2023,KC,681987,Nate Eaton,55,0,1,1,0,0,0,3,23,27
MLB,2023,KC,682515,Logan Porter,36,0,0,3,0,0,0,10,15,8
MLB,2023,KC,686469,Vinnie Pasquantino,256,0,129,93,29,0,5,0,0,0
MLB,2023,KC,686681,Michael Massey,452,6,3,76,29,92,119,81,34,12
MLB,2023,LAA,500871,Eduardo Escobar,188,2,5,4,9,41,45,30,38,14
MLB,2023,LAA,519058,Mike Moustakas,243,0,0,13,129,80,17,0,0,4
MLB,2023,LAA,543068,C.J. Cron,54,0,0,26,8,18,0,0,0,2
MLB,2023,LAA,543685,Anthony Rendon,173,0,0,8,165,0,0,0,0,0
MLB,2023,LAA,545341,Randal Grichuk,205,31,0,9,8,39,21,41,18,38
MLB,2023,LAA,545361,Mike Trout,353,0,259,93,0,0,0,0,1,0
MLB,2023,LAA,570482,Gio Urshela,224,0,0,0,0,12,56,111,43,2
MLB,2023,LAA,571875,Jake Lamb,54,0,0,0,0,16,27,5,4,2
MLB,2023,LAA,592273,Brandon Drury,510,0,33,180,74,87,106,27,3,0
MLB,2023,LAA,592669,Hunter Renfroe,498,7,5,13,103,155,69,136,10,0
MLB,2023,LAA,595453,Chad Wallach,170,0,0,1,1,2,15,14,100,37
MLB,2023,LAA,608360,Chris Okey,2,0,0,0,0,0,0,0,2,0
MLB,2023,LAA,621433,Brett Phillips,71,0,1,1,0,0,1,4,36,28
MLB,2023,LAA,621493,Taylor Ward,395,241,12,24,69,10,23,10,5,1
MLB,2023,LAA,623205,Andrew Velazquez,91,0,0,6,2,2,1,1,8,71
MLB,2023,LAA,642136,Matt Thaiss,298,0,0,1,0,73,80,39,92,13
MLB,2023,LAA,650859,Luis Rengifo,435,112,9,13,9,37,27,87,100,41
MLB,2023,LAA,656821,Kevin Padlo,8,0,0,0,0,0,7,1,0,0
MLB,2023,LAA,660271,Shohei Ohtani,588,22,313,253,0,0,0,0,0,0
MLB,2023,LAA,663550,Trey Cabbage,55,0,0,0,1,0,4,10,36,4
MLB,2023,LAA,664058,David Fletcher,96,0,4,0,4,1,4,4,15,64
MLB,2023,LAA,665120,Jared Walsh,115,0,0,0,18,22,25,24,22,4
MLB,2023,LAA,666160,Mickey Moniak,320,111,0,58,21,0,71,33,25,1
MLB,2023,LAA,666176,Jo Adell,62,0,0,1,5,21,27,8,0,0
MLB,2023,LAA,670869,Livan Soto,12,0,0,0,0,0,0,0,0,12
MLB,2023,LAA,677347,Kyren Paris,44,4,0,2,2,0,0,0,7,29
MLB,2023,LAA,677941,Jordyn Adams,39,0,0,0,1,0,1,11,5,21
MLB,2023,LAA,681351,Logan O'Hoppe,196,0,0,0,56,55,20,8,24,33
MLB,2023,LAA,683021,Michael Stefanic,70,0,3,0,0,0,7,26,8,26
MLB,2023,LAA,687263,Zach Neto,309,77,69,0,0,0,0,4,22,137
MLB,2023,LAA,694384,Nolan Schanuel,129,125,4,0,0,0,0,0,0,0
MLB,2023,LAD,444482,David Peralta,414,24,2,20,26,103,118,43,65,13
MLB,2023,LAD,500743,Miguel Rojas,411,3,0,0,0,3,18,19,141,227
MLB,2023,LAD,502110,J.D. Martinez,466,0,0,74,186,204,0,2,0,0
MLB,2023,LAD,518489,Ryan Brasier,0,0,0,0,0,0,0,0,0,0
MLB,2023,LAD,518692,Freddie Freeman,709,0,709,0,0,0,0,0,0,0
MLB,2023,LAD,518792,Jason Heyward,368,5,6,16,10,83,123,83,26,16
MLB,2023,LAD,543939,Kolten Wong,32,4,1,0,1,2,4,1,10,9
MLB,2023,LAD,545350,Jake Marisnick,5,0,0,0,0,0,3,1,1,0
MLB,2023,LAD,571771,Enrique Hernández,180,0,3,3,1,21,50,45,42,15
MLB,2023,LAD,571946,Shelby Miller,1,0,1,0,0,0,0,0,0,0
MLB,2023,LAD,571970,Max Muncy,567,0,0,63,384,91,29,0,0,0
MLB,2023,LAD,572204,Trayce Thompson,86,2,2,3,0,17,9,11,26,16
MLB,2023,LAD,605131,Austin Barnes,195,1,0,3,0,1,0,1,3,186
MLB,2023,LAD,605141,Mookie Betts,680,678,0,0,0,0,0,0,2,0
MLB,2023,LAD,605463,Tayler Scott,0,0,0,0,0,0,0,0,0,0
MLB,2023,LAD,621035,Chris Taylor,379,19,3,7,37,47,93,64,71,38
MLB,2023,LAD,624647,Victor González,0,0,0,0,0,0,0,0,0,0
MLB,2023,LAD,642232,Ryan Yarbrough,0,0,0,0,0,0,0,0,0,0
MLB,2023,LAD,642708,Amed Rosario,132,3,4,6,36,34,11,14,12,12
MLB,2023,LAD,642851,Austin Wynns,12,0,0,0,0,0,0,0,0,12
MLB,2023,LAD,657571,Caleb Ferguson,0,0,0,0,0,0,0,0,0,0
MLB,2023,LAD,660634,Yonny Hernández,24,4,2,0,0,0,1,1,2,14
MLB,2023,LAD,660813,Brusdar Graterol,0,0,0,0,0,0,0,0,0,0
MLB,2023,LAD,663897,Luke Williams,10,0,0,0,0,0,0,0,10,0
MLB,2023,LAD,669257,Will Smith,527,0,0,515,7,0,0,0,1,4
MLB,2023,LAD,676356,Jonny DeLuca,45,0,2,0,1,7,7,8,17,3
MLB,2023,LAD,678246,Miguel Vargas,294,1,0,1,1,40,94,140,17,0
MLB,2023,LAD,681546,James Outman,551,16,1,0,14,30,103,191,176,20
MLB,2023,LAD,681911,Alex Vesia,0,0,0,0,0,0,0,0,0,0
MLB,2023,LAD,683737,Michael Busch,80,5,2,0,0,2,5,23,13,30
MLB,2023,MIA,493329,Yuli Gurriel,324,3,3,31,52,113,64,48,7,3
MLB,2023,MIA,516416,Jean Segura,323,8,8,0,0,31,164,97,13,2
MLB,2023,MIA,541645,Avisaíl García,114,2,1,0,15,51,30,10,2,3
MLB,2023,MIA,542932,Jon Berti,414,83,8,1,6,19,52,86,48,111
MLB,2023,MIA,605137,Josh Bell,216,0,95,105,16,0,0,0,0,0
MLB,2023,MIA,607732,Jacob Stallings,268,0,7,0,0,0,0,3,185,73
MLB,2023,MIA,621563,Joey Wendle,310,1,0,0,2,8,79,91,69,60
MLB,2023,MIA,624585,Jorge Soler,566,75,406,23,51,9,0,0,0,2
MLB,2023,MIA,641505,Jonathan Davis,97,11,1,0,0,0,0,16,7,62
MLB,2023,MIA,641658,Garrett Hampson,241,15,2,6,5,12,15,48,32,106
MLB,2023,MIA,643265,Garrett Cooper,322,0,86,73,81,78,1,1,1,1
MLB,2023,MIA,650333,Luis Arraez,609,363,49,169,21,0,1,1,2,3
MLB,2023,MIA,650559,Bryan De La Cruz,616,25,22,178,99,202,69,14,7,0
MLB,2023,MIA,660821,Jesús Sánchez,398,1,5,14,131,41,109,79,16,2
MLB,2023,MIA,663743,Nick Fortes,308,0,2,0,0,8,14,34,177,73
MLB,2023,MIA,663773,Bryan Hoeing,0,0,0,0,0,0,0,0,0,0
MLB,2023,MIA,665862,Jazz Chisholm Jr.,375,126,4,7,183,0,32,21,1,1
MLB,2023,MIA,667472,Dane Myers,69,0,0,1,1,4,0,12,15,36
MLB,2023,MIA,669364,Xavier Edwards,78,5,0,3,5,0,0,22,13,30
MLB,2023,MIA,669394,Jake Burger,204,0,7,83,11,82,9,12,0,0
MLB,2023,MIA,676070,Jacob Amaya,9,1,0,0,0,0,0,0,3,5
MLB,2023,MIA,677053,Andrew Nardi,0,0,0,0,0,0,0,0,0,0
MLB,2023,MIA,680814,Peyton Burdick,36,1,0,0,0,5,0,23,2,5
MLB,2023,MIL,467793,Carlos Santana,225,0,0,224,0,0,0,0,0,1
MLB,2023,MIL,518626,Josh Donaldson,69,0,0,0,0,30,16,23,0,0
MLB,2023,MIL,572138,Jon Singleton,32,0,3,0,4,10,12,2,0,1
MLB,2023,MIL,572228,Luke Voit,72,0,7,0,0,14,40,10,0,1
MLB,2023,MIL,573131,Darin Ruf,30,11,1,0,3,10,1,0,4,0
MLB,2023,MIL,592192,Mark Canha,195,31,4,17,53,15,62,10,0,3
MLB,2023,MIL,592885,Christian Yelich,628,552,5,28,34,6,0,0,2,1
MLB,2023,MIL,605119,Brian Anderson,354,0,0,5,16,124,119,67,16,7
MLB,2023,MIL,605170,Victor Caratini,220,0,2,0,5,17,44,89,60,3
MLB,2023,MIL,606132,Raimel Tapia,58,0,0,0,1,10,20,15,0,12
MLB,2023,MIL,608385,Jesse Winker,192,0,120,4,27,20,7,4,4,6
MLB,2023,MIL,621438,Tyrone Taylor,239,1,0,4,4,14,36,23,62,95
MLB,2023,MIL,642133,Rowdy Tellez,346,5,0,89,158,29,38,20,2,5
MLB,2023,MIL,642715,Willy Adames,624,0,103,242,134,133,12,0,0,0
MLB,2023,MIL,647351,Abraham Toro,20,0,0,0,0,0,14,5,1,0
MLB,2023,MIL,649966,Luis Urías,62,0,0,1,1,7,13,16,21,3
MLB,2023,MIL,655316,Andruw Monasterio,310,9,6,0,5,30,98,80,46,36
MLB,2023,MIL,661388,William Contreras,603,9,410,70,44,70,0,0,0,0
MLB,2023,MIL,663330,Jahmai Jones,11,0,0,0,0,4,3,0,4,0
MLB,2023,MIL,663368,Blake Perkins,166,8,0,1,1,12,21,19,43,61
MLB,2023,MIL,668930,Brice Turang,442,2,0,3,2,2,10,161,224,38
MLB,2023,MIL,669003,Garrett Mitchell,72,2,0,0,0,17,32,16,2,3
MLB,2023,MIL,670712,Mike Brosseau,77,23,1,1,11,6,3,12,7,13
MLB,2023,MIL,680911,Owen Miller,308,48,42,1,66,45,32,23,47,4
MLB,2023,MIL,686217,Sal Frelick,219,37,0,5,104,34,8,18,11,2
MLB,2023,MIL,686894,Joey Wiemer,403,0,6,0,5,8,11,24,57,292
MLB,2023,MIN,456781,Donovan Solano,434,103,92,55,33,34,58,27,21,11
MLB,2023,MIN,543877,Christian Vázquez,352,1,0,0,0,3,4,73,189,82
MLB,2023,MIN,571657,Kyle Farmer,359,10,20,9,57,64,71,68,32,28
MLB,2023,MIN,572191,Michael A. Taylor,381,1,2,1,0,6,0,11,54,306
MLB,2023,MIN,593871,Jorge Polanco,338,28,177,39,20,68,4,2,0,0
MLB,2023,MIN,596146,Max Kepler,483,75,14,62,167,52,47,44,12,10
MLB,2023,MIN,608336,Joey Gallo,330,51,8,3,3,23,20,103,87,32
MLB,2023,MIN,621043,Carlos Correa,573,124,175,137,86,51,0,0,0,0
MLB,2023,MIN,621439,Byron Buxton,339,58,16,152,87,4,18,1,2,1
MLB,2023,MIN,624503,Nick Gordon,92,4,0,1,9,11,17,25,9,16
MLB,2023,MIN,641941,Emilio Pagán,0,0,0,0,0,0,0,0,0,0
MLB,2023,MIN,650489,Willi Castro,392,9,21,5,5,54,109,91,50,48
MLB,2023,MIN,656669,Jordan Luplow,72,5,10,18,6,7,3,4,14,5
MLB,2023,MIN,663485,Cole Sands,0,0,0,0,0,0,0,0,0,0
MLB,2023,MIN,663558,Jovani Morán,0,0,0,0,0,0,0,0,0,0
MLB,2023,MIN,663616,Trevor Larnach,210,7,4,26,56,49,31,16,19,2
MLB,2023,MIN,664057,Andrew Stevenson,39,4,0,3,2,0,0,17,2,11
MLB,2023,MIN,664247,Kyle Garlick,30,4,1,3,0,11,3,5,3,0
MLB,2023,MIN,666135,Alex Kirilloff,309,11,57,97,69,32,25,4,6,8
MLB,2023,MIN,666397,Edouard Julien,402,238,97,12,8,14,11,6,11,5
MLB,2023,MIN,668904,Royce Lewis,237,0,26,72,28,49,54,8,0,0
MLB,2023,MIN,669304,Jose F Miranda,151,0,5,8,37,46,41,11,3,0
MLB,2023,MIN,670242,Matt Wallner,241,0,0,2,8,62,68,54,35,12
MLB,2023,MIN,680777,Ryan Jeffers,319,5,2,6,14,34,78,66,86,28
MLB,2023,NYM,488984,Tommy Hunter,0,0,0,0,0,0,0,0,0,0
MLB,2023,NYM,500871,Eduardo Escobar,118,1,5,1,0,5,1,22,68,15
MLB,2023,NYM,501659,Abraham Almonte,16,0,0,0,1,2,11,0,1,1
MLB,2023,NYM,502054,Tommy Pham,258,14,46,5,17,64,36,51,23,2
MLB,2023,NYM,516782,Starling Marte,329,0,175,0,0,19,131,4,0,0
MLB,2023,NYM,542364,Rafael Ortega,132,18,0,0,0,0,9,9,52,44
MLB,2023,NYM,548384,Brooks Raley,0,0,0,0,0,0,0,0,0,0
MLB,2023,NYM,553882,Omar Narváez,142,0,0,0,0,5,4,39,34,60
MLB,2023,NYM,592192,Mark Canha,287,0,17,0,0,40,60,69,73,28
MLB,2023,NYM,596019,Francisco Lindor,663,0,293,285,85,0,0,0,0,0
MLB,2023,NYM,596129,Daniel Vogelbach,317,0,0,0,0,156,41,99,9,12
MLB,2023,NYM,596142,Gary Sánchez,6,0,0,0,0,0,0,0,3,3
MLB,2023,NYM,605421,Michael Pérez,8,0,0,0,0,0,0,1,0,7
MLB,2023,NYM,607043,Brandon Nimmo,661,659,0,0,0,0,0,0,1,1
MLB,2023,NYM,621466,DJ Stewart,172,2,4,9,12,24,62,19,24,16
MLB,2023,NYM,621512,Tomás Nido,58,0,0,0,0,0,0,0,5,53
MLB,2023,NYM,624413,Pete Alonso,627,0,0,102,525,0,0,0,0,0
MLB,2023,NYM,641645,Luis Guillorme,117,0,7,0,2,0,0,10,51,47
MLB,2023,NYM,641796,Tim Locastro,57,2,6,0,0,0,1,2,0,46
MLB,2023,NYM,643446,Jeff McNeil,622,21,26,275,12,130,114,42,0,2
MLB,2023,NYM,660620,Jonathan Araúz,64,0,1,0,0,0,0,8,16,39
MLB,2023,NYM,664901,Danny Mendick,69,1,0,0,0,2,0,17,18,31
MLB,2023,NYM,668901,Mark Vientos,225,0,9,0,0,50,25,79,47,15
MLB,2023,NYM,677595,Ronny Mauricio,104,0,46,0,0,8,24,11,8,7
MLB,2023,NYM,682626,Francisco Alvarez,411,0,69,0,4,50,65,40,49,134
MLB,2023,NYM,683146,Brett Baty,377,1,0,0,0,102,51,97,113,13
MLB,2023,NYY,518626,Josh Donaldson,118,0,8,5,20,55,28,1,0,1
MLB,2023,NYY,518934,DJ LeMahieu,557,257,0,4,132,98,50,13,0,3
MLB,2023,NYY,519203,Anthony Rizzo,408,9,37,281,81,0,0,0,0,0
MLB,2023,NYY,519317,Giancarlo Stanton,412,0,46,67,261,36,1,0,0,1
MLB,2023,NYY,543305,Aaron Hicks,76,0,1,0,0,1,3,8,11,52
MLB,2023,NYY,543309,Kyle Higashioka,256,0,0,0,4,1,5,4,144,98
MLB,2023,NYY,592450,Aaron Judge,455,0,445,8,0,1,0,0,0,1
MLB,2023,NYY,614173,Franchy Cordero,71,0,0,0,0,11,23,23,7,7
MLB,2023,NYY,624431,Jose Trevino,165,0,0,0,0,0,3,14,113,35
MLB,2023,NYY,641343,Jake Bauers,269,100,9,5,17,38,64,16,12,8
MLB,2023,NYY,641432,Willie Calhoun,148,11,0,21,11,50,42,4,3,6
MLB,2023,NYY,641856,Billy McKinney,145,4,0,2,0,25,42,61,8,3
MLB,2023,NYY,643396,Isiah Kiner-Falefa,354,28,0,0,1,72,97,102,32,22
MLB,2023,NYY,650402,Gleyber Torres,663,143,140,238,80,51,9,0,2,0
MLB,2023,NYY,656185,Greg Allen,25,1,0,1,2,2,1,6,0,12
MLB,2023,NYY,664056,Harrison Bader,302,4,8,8,21,125,66,70,0,0
MLB,2023,NYY,664314,Estevan Florial,68,17,0,0,0,13,0,13,3,22
MLB,2023,NYY,665828,Oswaldo Cabrera,323,1,3,2,3,0,73,98,71,72
MLB,2023,NYY,666163,Ben Rortvedt,79,0,0,0,1,0,0,0,5,73
MLB,2023,NYY,669224,Austin Wells,73,0,0,8,37,8,11,8,1,0
MLB,2023,NYY,672724,Oswald Peraza,186,17,4,1,0,9,23,47,52,33
MLB,2023,NYY,677592,Everson Pereira,101,0,0,0,4,0,0,50,31,16
MLB,2023,NYY,683011,Anthony Volpe,593,123,5,8,2,60,98,78,107,112
MLB,2023,NYY,691176,Jasson Domínguez,33,0,0,29,0,4,0,0,0,0
MLB,2023,OAK,444489,Manny Piña,12,0,0,0,0,0,0,6,4,2
MLB,2023,OAK,542208,Carlos Pérez,181,1,12,24,23,49,24,36,8,4
MLB,2023,OAK,542583,Jesús Aguilar,112,0,1,21,45,26,12,4,3,0
MLB,2023,OAK,607054,Jace Peterson,317,0,22,0,17,78,55,63,79,3
MLB,2023,OAK,642137,Cody Thomas,46,6,0,1,3,16,7,2,7,4
MLB,2023,OAK,642180,Tyler Wade,55,1,0,0,6,0,1,7,24,16
MLB,2023,OAK,643393,Tony Kemp,403,195,17,2,3,34,17,22,67,46
MLB,2023,OAK,649557,Aledmys Díaz,332,1,23,45,33,76,60,54,25,15
MLB,2023,OAK,657656,Ramón Laureano,242,0,14,34,73,26,83,12,0,0
MLB,2023,OAK,664913,Seth Brown,373,3,8,104,212,18,14,3,7,4
MLB,2023,OAK,665923,Esteury Ruiz,469,343,0,3,4,3,1,6,8,101
MLB,2023,OAK,667670,Brent Rooker,512,2,41,253,159,38,10,7,2,0
MLB,2023,OAK,668709,JJ Bleday,298,12,48,51,35,75,31,36,10,0
MLB,2023,OAK,668843,Conner Capel,85,0,10,1,0,18,6,25,10,15
MLB,2023,OAK,669127,Shea Langeliers,482,1,0,0,30,78,79,145,123,26
MLB,2023,OAK,669397,Nick Allen,320,5,0,0,0,0,2,0,64,249
MLB,2023,OAK,671732,Lawrence Butler,127,11,0,2,4,0,34,45,19,12
MLB,2023,OAK,672478,Jordan Diaz,289,0,36,17,16,55,88,47,23,7
MLB,2023,OAK,675656,Kevin Smith,140,0,2,0,1,1,25,21,45,45
MLB,2023,OAK,676116,Ryan Noda,483,96,236,83,6,20,19,14,9,0
MLB,2023,OAK,680869,Zack Gelof,296,21,231,32,0,0,8,4,0,0
MLB,2023,OAK,681146,Jonah Bride,99,7,3,1,1,11,22,25,22,7
MLB,2023,OAK,691016,Tyler Soderstrom,136,0,0,2,2,27,34,25,36,10
MLB,2023,PHI,543281,Josh Harrison,106,0,1,0,1,0,22,40,12,30
MLB,2023,PHI,547180,Bryce Harper,537,0,0,364,172,0,0,0,0,1
MLB,2023,PHI,592206,Nick Castellanos,662,0,67,169,337,17,24,35,13,0
MLB,2023,PHI,592663,J.T. Realmuto,524,0,0,37,31,181,222,48,2,3
MLB,2023,PHI,595909,Jake Cave,199,0,1,0,1,0,4,34,97,62
MLB,2023,PHI,596117,Garrett Stubbs,122,0,0,1,1,2,3,4,35,76
MLB,2023,PHI,607208,Trea Turner,684,67,502,5,33,10,48,8,11,0
MLB,2023,PHI,624641,Edmundo Sosa,287,0,11,0,4,3,13,54,91,111
MLB,2023,PHI,642215,Weston Wilson,22,1,2,0,0,1,4,12,2,0
MLB,2023,PHI,656403,Drew Ellis,29,0,0,0,0,0,3,7,10,9
MLB,2023,PHI,656495,Dalton Guthrie,27,1,1,0,1,2,0,0,0,22
MLB,2023,PHI,656941,Kyle Schwarber,711,496,44,81,3,87,0,0,0,0
MLB,2023,PHI,664761,Alec Bohm,600,0,90,36,87,67,118,200,2,0
MLB,2023,PHI,665019,Kody Clemens,147,0,3,1,0,0,5,32,77,29
MLB,2023,PHI,665506,Cristian Pache,94,3,0,1,0,4,2,1,18,65
MLB,2023,PHI,666801,Rodolfo Castro,32,2,1,5,2,0,8,2,4,8
MLB,2023,PHI,669016,Brandon Marsh,463,0,0,2,4,64,41,109,188,55
MLB,2023,PHI,669742,Darick Hall,56,0,0,0,14,0,4,7,25,6
MLB,2023,PHI,679032,Johan Rojas,154,1,0,0,0,0,0,7,21,125
MLB,2023,PHI,681082,Bryson Stott,624,184,5,5,2,235,136,38,19,0
MLB,2023,PIT,457705,Andrew McCutchen,465,100,44,314,0,1,0,1,3,2
MLB,2023,PIT,467793,Carlos Santana,390,0,0,33,353,4,0,0,0,0
MLB,2023,PIT,543482,Drew Maggi,6,2,0,1,0,0,0,0,3,0
MLB,2023,PIT,572008,Chris Owings,25,0,1,0,0,0,0,4,16,4
MLB,2023,PIT,595978,Austin Hedges,172,0,0,0,0,0,0,0,0,172
MLB,2023,PIT,596847,Ji Man Choi,75,0,0,7,30,34,0,2,1,1
MLB,2023,PIT,609280,Miguel Andujar,90,0,2,8,23,17,12,18,5,5
MLB,2023,PIT,623168,Tyler Heineman,10,0,0,0,0,0,0,0,0,10
MLB,2023,PIT,641511,Jason Delay,181,0,0,0,0,0,0,5,7,169
MLB,2023,PIT,641943,Joshua Palacios,259,65,1,5,20,29,57,23,37,22
MLB,2023,PIT,656582,Connor Joe,463,79,10,101,85,99,55,19,9,6
MLB,2023,PIT,663647,Ke'Bryan Hayes,522,203,13,116,8,92,69,20,0,1
MLB,2023,PIT,663845,Alfonso Rivas III,101,10,1,3,5,11,5,26,37,3
MLB,2023,PIT,664029,Mark Mathias,62,0,1,1,0,0,1,29,29,1
MLB,2023,PIT,665833,Oneil Cruz,39,35,0,0,0,0,4,0,0,0
MLB,2023,PIT,666801,Rodolfo Castro,218,2,0,0,4,32,71,67,39,3
MLB,2023,PIT,668751,Cal Mitchell,5,0,0,0,0,0,0,4,0,1
MLB,2023,PIT,668804,Bryan Reynolds,627,0,625,1,0,0,0,0,0,1
MLB,2023,PIT,669261,Jack Suwinski,522,49,1,62,125,133,79,49,23,1
MLB,2023,PIT,669707,Jared Triolo,205,10,4,6,0,28,59,40,52,6
MLB,2023,PIT,672779,Tucupita Marcano,212,50,12,2,0,0,34,63,49,2
MLB,2023,PIT,675961,Alika Williams,110,0,0,0,1,0,0,0,40,69
MLB,2023,PIT,675986,Canaan Smith-Njigba,36,0,0,0,2,10,12,11,0,1
MLB,2023,PIT,678225,Jihwan Bae,364,112,2,0,1,0,18,75,127,29
MLB,2023,PIT,678894,Liover Peguero,209,4,0,0,0,8,41,77,44,35
MLB,2023,PIT,680779,Henry Davis,250,7,0,40,27,125,16,21,12,2
MLB,2023,PIT,681962,Vinny Capra,20,1,0,0,0,1,7,4,3,4
MLB,2023,PIT,682848,Endy Rodríguez,203,0,0,0,4,50,81,44,14,10
MLB,2023,PIT,693304,Nick Gonzales,121,0,0,0,0,0,39,22,49,11
MLB,2023,SD,443558,Nelson Cruz,149,0,0,4,36,41,27,25,10,6
MLB,2023,SD,543592,Austin Nola,148,0,0,0,0,0,3,34,44,67
MLB,2023,SD,572761,Matt Carpenter,229,0,0,0,5,53,73,66,28,4
MLB,2023,SD,592325,Ben Gamel,15,0,0,0,0,0,0,4,7,4
MLB,2023,SD,592518,Manny Machado,593,0,99,166,324,4,0,0,0,0
MLB,2023,SD,593428,Xander Bogaerts,652,98,0,16,225,312,1,0,0,0
MLB,2023,SD,593619,Domingo Tapia,0,0,0,0,0,0,0,0,0,0
MLB,2023,SD,595777,Jurickson Profar,49,9,5,0,1,14,12,6,0,2
MLB,2023,SD,596059,Rougned Odor,155,10,1,4,1,16,25,25,70,3
MLB,2023,SD,596142,Gary Sánchez,255,0,0,0,19,21,53,118,38,6
MLB,2023,SD,596847,Ji Man Choi,39,0,0,4,0,6,11,17,1,0
MLB,2023,SD,621311,David Dahl,9,0,0,0,0,0,0,0,4,5
MLB,2023,SD,623352,Josh Hader,0,0,0,0,0,0,0,0,0,0
MLB,2023,SD,630105,Jake Cronenworth,504,11,51,0,4,136,289,12,1,0
MLB,2023,SD,640492,José Azócar,95,0,1,2,5,2,0,4,32,49
MLB,2023,SD,641525,Brandon Dixon,80,0,0,1,0,11,2,29,25,12
MLB,2023,SD,641553,Adam Engel,6,0,0,0,0,0,0,0,0,6
MLB,2023,SD,643265,Garrett Cooper,131,0,0,0,0,9,66,20,36,0
MLB,2023,SD,663757,Trent Grisham,544,68,0,1,0,0,8,35,134,298
MLB,2023,SD,663845,Alfonso Rivas III,17,1,0,0,0,0,0,0,14,2
MLB,2023,SD,664954,Brett Sullivan,85,1,0,0,0,1,0,6,5,72
MLB,2023,SD,665487,Fernando Tatis Jr.,628,205,364,27,30,2,0,0,0,0
MLB,2023,SD,665742,Juan Soto,700,0,173,486,39,0,0,1,1,0
MLB,2023,SD,666703,Eguy Rosario,37,0,0,0,0,0,0,1,10,26
MLB,2023,SD,669134,Luis Campusano,170,0,0,0,7,26,37,81,15,4
MLB,2023,SD,670128,Taylor Kohlwey,13,0,0,2,0,0,0,0,11,0
MLB,2023,SD,673490,Ha-Seong Kim,613,329,32,0,0,22,53,113,43,21
MLB,2023,SD,676882,Chandler Seagle,1,0,0,1,0,0,0,0,0,0
MLB,2023,SD,676946,Matthew Batten,137,7,0,0,2,0,3,32,89,4
MLB,2023,SEA,543939,Kolten Wong,210,1,15,1,0,0,10,19,35,129
MLB,2023,SEA,553993,Eugenio Suárez,668,0,84,205,89,153,123,13,1,0
MLB,2023,SEA,572041,AJ Pollock,136,2,0,0,0,25,10,43,52,4
MLB,2023,SEA,600303,Tommy La Stella,24,0,0,0,0,1,0,13,10,0
MLB,2023,SEA,606192,Teoscar Hernández,663,0,0,56,303,171,72,61,0,0
MLB,2023,SEA,608596,Tom Murphy,155,0,0,0,5,7,25,58,52,8
MLB,2023,SEA,620443,Luis Torrens,8,0,0,1,0,0,1,0,1,5
MLB,2023,SEA,623149,Paul Sewald,0,0,0,0,0,0,0,0,0,0
MLB,2023,SEA,623437,Justin Topa,0,0,0,0,0,0,0,0,0,0
MLB,2023,SEA,641487,J.P. Crawford,628,510,0,0,0,0,4,20,5,89
MLB,2023,SEA,642048,Tayler Saucedo,0,0,0,0,0,0,0,0,0,0
MLB,2023,SEA,645801,Mike Ford,243,0,0,1,13,28,24,65,109,3
MLB,2023,SEA,656266,J.B. Bukauskas,0,0,0,0,0,0,0,0,0,0
MLB,2023,SEA,657247,Brian O'Keefe,21,0,0,0,2,0,4,0,0,15
MLB,2023,SEA,662253,Andrés Muñoz,0,0,0,0,0,0,0,0,0,0
MLB,2023,SEA,663728,Cal Raleigh,567,0,0,88,187,119,94,69,3,7
MLB,2023,SEA,664034,Ty France,630,0,220,182,0,46,88,77,15,2
MLB,2023,SEA,664059,Sam Haggerty,106,2,2,3,0,4,6,16,32,41
MLB,2023,SEA,664238,Dylan Moore,161,5,0,0,2,7,19,38,61,29
MLB,2023,SEA,666211,Taylor Trammell,55,0,0,0,0,1,5,8,37,4
MLB,2023,SEA,666374,Matt Brash,0,0,0,0,0,0,0,0,0,0
MLB,2023,SEA,668942,Josh Rojas,134,0,0,0,0,0,0,0,29,105
MLB,2023,SEA,669450,Cooper Hummel,25,0,0,0,0,0,0,11,14,0
MLB,2023,SEA,672284,Jarred Kelenic,413,15,4,76,89,81,93,44,9,2
MLB,2023,SEA,676609,José Caballero,259,6,2,1,0,0,2,17,82,149
MLB,2023,SEA,677594,Julio Rodríguez,701,211,394,83,4,5,4,0,0,0
MLB,2023,SEA,682171,Penn Murfee,0,0,0,0,0,0,0,0,0,0
MLB,2023,SEA,686527,Dominic Canzone,141,0,1,0,8,25,51,41,11,4
MLB,2023,SEA,686654,Ty Adcock,0,0,0,0,0,0,0,0,0,0
MLB,2023,SEA,687799,Cade Marlowe,100,0,1,0,1,0,17,19,52,10
MLB,2023,SF,518397,Scott Alexander,0,0,0,0,0,0,0,0,0,0
MLB,2023,SF,527038,Wilmer Flores,446,12,129,190,40,35,16,8,9,7
MLB,2023,SF,543063,Brandon Crawford,311,4,0,0,0,0,18,90,118,81
MLB,2023,SF,547379,Roberto Pérez,17,0,0,0,0,0,0,0,0,17
MLB,2023,SF,571745,Mitch Haniger,226,0,2,41,42,75,51,12,3,0
MLB,2023,SF,572041,AJ Pollock,6,0,0,3,0,0,0,0,0,3
MLB,2023,SF,573124,Taylor Rogers,0,0,0,0,0,0,0,0,0,0
MLB,2023,SF,573131,Darin Ruf,27,0,4,10,0,11,1,0,0,1
MLB,2023,SF,573262,Mike Yastrzemski,375,36,44,33,12,117,70,41,12,10
MLB,2023,SF,592626,Joc Pederson,415,38,83,82,173,10,15,7,2,5
MLB,2023,SF,596001,Jakob Junis,0,0,0,0,0,0,0,0,0,0
MLB,2023,SF,596103,Austin Slater,205,132,7,3,12,10,11,9,11,10
MLB,2023,SF,605204,J.D. Davis,532,5,27,172,176,61,71,15,2,3
MLB,2023,SF,607461,Matt Beaty,5,0,0,2,0,2,0,0,0,1
MLB,2023,SF,622666,Johan Camargo,19,0,0,0,0,0,3,0,11,5
MLB,2023,SF,624424,Michael Conforto,459,5,60,58,156,99,70,9,1,1
MLB,2023,SF,642731,Thairo Estrada,517,57,309,54,0,25,35,8,6,23
MLB,2023,SF,642851,Austin Wynns,2,0,0,0,0,0,0,2,0,0
MLB,2023,SF,643511,Tyler Rogers,0,0,0,0,0,0,0,0,0,0
MLB,2023,SF,656371,Isan Díaz,21,0,0,0,0,0,0,0,17,4
MLB,2023,SF,657557,Paul DeJong,49,0,0,0,1,1,11,17,13,6
MLB,2023,SF,663698,Joey Bart,90,0,0,0,1,0,0,36,36,17
MLB,2023,SF,664029,Mark Mathias,10,0,0,0,0,0,0,0,2,8
MLB,2023,SF,664774,LaMonte Wade Jr.,505,407,4,19,3,15,32,0,9,16
MLB,2023,SF,666149,Tyler Fitzgerald,34,0,0,0,0,0,0,4,2,28
MLB,2023,SF,666165,Blake Sabol,334,6,10,0,12,56,42,97,85,26
MLB,2023,SF,666808,Camilo Doval,0,0,0,0,0,0,0,0,0,0
MLB,2023,SF,669369,Bryce Johnson,47,2,0,0,2,0,0,0,4,39
MLB,2023,SF,669477,Casey Schmitt,266,3,2,0,2,10,33,67,73,76
MLB,2023,SF,670276,Cal Stevenson,12,0,0,0,0,0,0,0,0,12
MLB,2023,SF,671218,Heliot Ramos,60,2,0,0,2,2,3,9,33,9
MLB,2023,SF,672275,Patrick Bailey,347,1,1,8,36,81,74,94,45,7
MLB,2023,SF,681584,David Villar,135,1,0,10,6,20,31,31,20,16
MLB,2023,SF,682617,Marco Luciano,45,0,0,3,0,7,3,23,6,3
MLB,2023,SF,682641,Luis Matos,248,11,17,6,3,30,57,40,23,61
MLB,2023,SF,685133,Wade Meckler,62,6,15,0,0,0,1,6,26,8
MLB,2023,SF,689172,Brett Wisely,129,0,0,0,0,0,0,8,40,81
MLB,2023,STL,425794,Adam Wainwright,2,0,0,0,1,0,0,1,0,0
MLB,2023,STL,502671,Paul Goldschmidt,680,0,533,147,0,0,0,0,0,0
MLB,2023,STL,571448,Nolan Arenado,601,0,0,129,471,1,0,0,0,0
MLB,2023,STL,575929,Willson Contreras,479,0,1,56,91,324,3,0,2,2
MLB,2023,STL,578570,Juniel Querecuto,21,0,1,0,0,0,0,4,13,3
MLB,2023,STL,600301,Taylor Motter,81,1,0,5,1,0,0,17,38,19
MLB,2023,STL,640458,Óscar Mercado,32,3,2,0,2,0,0,0,4,21
MLB,2023,STL,641933,Tyler O'Neill,266,1,26,5,22,49,116,44,0,3
MLB,2023,STL,650893,Génesis Cabrera,0,0,0,0,0,0,0,0,0,0
MLB,2023,STL,657557,Paul DeJong,300,0,0,1,6,5,40,140,80,28
MLB,2023,STL,660766,Juan Yepez,64,0,3,2,6,20,14,0,14,5
MLB,2023,STL,663457,Lars Nootbaar,498,307,24,77,9,11,4,19,21,26
MLB,2023,STL,663609,Luken Baker,99,0,2,10,15,4,40,22,6,0
MLB,2023,STL,664854,Ryan Helsley,0,0,0,0,0,0,0,0,0,0
MLB,2023,STL,664942,James Naile,0,0,0,0,0,0,0,0,0,0
MLB,2023,STL,665877,José Fermín,57,1,2,0,1,0,0,10,25,18
MLB,2023,STL,666185,Dylan Carlson,245,8,19,0,1,26,57,40,59,35
MLB,2023,STL,668663,Tres Barrera,2,0,0,0,0,1,0,0,1,0
MLB,2023,STL,668800,Andrew Knizner,236,0,2,0,7,3,19,51,70,84
MLB,2023,STL,668941,JoJo Romero,0,0,0,0,0,0,0,0,0,0
MLB,2023,STL,669242,Tommy Edman,514,186,28,2,0,5,8,39,53,193
MLB,2023,STL,669357,Nolan Gorman,459,1,4,226,17,61,85,51,7,7
MLB,2023,STL,671056,Iván Herrera,42,0,0,0,0,6,16,8,9,3
MLB,2023,STL,672279,Michael Siani,5,2,0,0,0,2,0,1,0,0
MLB,2023,STL,676475,Alec Burleson,338,0,82,26,16,41,96,35,31,11
MLB,2023,STL,676761,Irving Lopez,11,1,0,0,0,0,0,0,10,0
MLB,2023,STL,680700,Richie Palacios,99,5,0,0,1,40,10,19,23,1
MLB,2023,STL,680977,Brendan Donovan,360,229,1,4,1,11,45,23,34,12
MLB,2023,STL,691023,Jordan Walker,457,0,7,20,22,70,103,117,118,0
MLB,2023,STL,691026,Masyn Winn,132,0,0,0,0,0,0,0,0,132
MLB,2023,TB,542194,Christian Bethancourt,328,0,1,1,1,0,10,50,116,149
MLB,2023,TB,606132,Raimel Tapia,11,0,0,0,0,0,0,5,6,0
MLB,2023,TB,622534,Manuel Margot,329,10,2,3,0,19,48,101,112,34
MLB,2023,TB,623912,Harold Ramírez,422,7,21,146,49,128,43,16,5,7
MLB,2023,TB,642336,Francisco Mejía,156,0,0,0,0,1,0,12,42,101
MLB,2023,TB,642350,Jose Siri,358,5,0,1,0,22,54,103,80,93
MLB,2023,TB,650490,Yandy Díaz,590,588,0,0,0,0,0,0,1,1
MLB,2023,TB,650907,René Pinto,105,0,0,0,0,0,0,0,8,97
MLB,2023,TB,656484,Tristan Gray,5,1,0,0,0,0,0,0,4,0
MLB,2023,TB,660644,Vidal Bruján,81,4,1,0,1,5,4,5,15,46
MLB,2023,TB,664040,Brandon Lowe,427,38,139,89,84,39,30,3,0,5
MLB,2023,TB,666018,Jonathan Aranda,100,12,0,0,0,10,14,20,37,7
MLB,2023,TB,666139,Josh Lowe,497,48,8,37,66,69,122,81,59,7
MLB,2023,TB,668227,Randy Arozarena,631,4,84,263,280,0,0,0,0,0
MLB,2023,TB,670042,Luke Raley,385,3,16,76,46,82,67,43,47,5
MLB,2023,TB,670623,Isaac Paredes,550,3,4,61,112,241,108,19,0,2
MLB,2023,TB,670764,Taylor Walls,347,3,0,0,0,18,95,125,68,38
MLB,2023,TB,677551,Wander Franco,484,0,434,4,44,0,0,1,0,1
MLB,2023,TB,678545,Osleivis Basabe,93,3,2,1,2,1,19,38,17,10
MLB,2023,TB,678554,Curtis Mead,90,1,2,14,0,24,31,12,6,0
MLB,2023,TB,691406,Junior Caminero,36,12,10,0,0,10,4,0,0,0
MLB,2023,TEX,506702,Sandy León,42,0,0,0,0,0,6,0,3,33
MLB,2023,TEX,519293,Will Smith,0,0,0,0,0,0,0,0,0,0
MLB,2023,TEX,543257,Robbie Grossman,410,0,80,24,5,39,97,106,55,4
MLB,2023,TEX,543543,Brad Miller,66,0,0,3,0,1,1,23,38,0
MLB,2023,TEX,543760,Marcus Semien,742,742,0,0,0,0,0,0,0,0
MLB,2023,TEX,592351,Jon Gray,0,0,0,0,0,0,0,0,0,0
MLB,2023,TEX,595978,Austin Hedges,24,0,0,0,1,2,2,1,4,14
MLB,2023,TEX,608369,Corey Seager,526,0,526,0,0,0,0,0,0,0
MLB,2023,TEX,608671,Travis Jankowski,282,0,83,2,2,9,34,66,54,32
MLB,2023,TEX,621368,Taylor Hearn,0,0,0,0,0,0,0,0,0,0
MLB,2023,TEX,622250,Josh Sborz,1,0,0,1,0,0,0,0,0,0
MLB,2023,TEX,641598,Mitch Garver,340,0,1,9,56,89,26,136,20,3
MLB,2023,TEX,641680,Jonah Heim,497,0,0,0,0,57,360,56,22,2
MLB,2023,TEX,663993,Nathaniel Lowe,716,0,0,646,8,46,8,8,0,0
MLB,2023,TEX,665750,Leody Taveras,546,0,3,0,0,4,29,20,140,350
MLB,2023,TEX,666142,Cole Ragans,0,0,0,0,0,0,0,0,0,0
MLB,2023,TEX,666969,Adolis García,620,0,0,8,575,24,11,0,1,1
MLB,2023,TEX,667463,John King,0,0,0,0,0,0,0,0,0,0
MLB,2023,TEX,669087,Sam Huff,45,1,0,0,1,0,9,9,19,6
MLB,2023,TEX,669352,Bubba Thompson,57,0,3,0,2,0,2,1,14,35
MLB,2023,TEX,669701,Josh Smith,220,4,23,0,1,0,9,34,98,51
MLB,2023,TEX,673962,Josh Jung,508,0,0,30,54,410,11,2,0,1
MLB,2023,TEX,677649,Ezequiel Duran,429,7,14,7,1,4,42,178,161,15
MLB,2023,TEX,679881,J.P. Martínez,42,0,0,0,1,0,25,9,7,0
MLB,2023,TEX,680716,Jonathan Ornelas,7,0,2,0,0,0,1,0,2,2
MLB,2023,TEX,694497,Evan Carter,74,1,0,2,0,0,0,2,4,65
MLB,2023,TOR,474832,Brandon Belt,400,0,84,126,61,16,72,28,11,2
MLB,2023,TOR,543807,George Springer,673,561,12,3,60,33,0,0,3,1
MLB,2023,TOR,593160,Whit Merrifield,583,135,27,0,18,79,185,94,45,0
MLB,2023,TOR,595281,Kevin Kiermaier,399,0,0,0,0,2,5,20,46,326
MLB,2023,TOR,605447,Jordan Romano,0,0,0,0,0,0,0,0,0,0
MLB,2023,TOR,621244,José Berríos,0,0,0,0,0,0,0,0,0,0
MLB,2023,TOR,623168,Tyler Heineman,36,0,0,1,0,0,0,0,5,30
MLB,2023,TOR,624415,Cavan Biggio,329,3,13,12,31,58,31,27,96,58
MLB,2023,TOR,641835,Tim Mayza,0,0,0,0,0,0,0,0,0,0
MLB,2023,TOR,643376,Danny Jansen,291,0,0,0,10,15,46,77,140,3
MLB,2023,TOR,656305,Matt Chapman,571,0,0,9,180,260,63,49,10,0
MLB,2023,TOR,656669,Jordan Luplow,17,0,0,0,0,0,0,0,17,0
MLB,2023,TOR,657557,Paul DeJong,44,0,0,0,1,0,0,0,14,29
MLB,2023,TOR,662139,Daulton Varsho,572,1,9,39,105,76,98,164,32,48
MLB,2023,TOR,664770,Nathan Lukes,30,4,0,1,4,0,5,0,9,7
MLB,2023,TOR,665489,Vladimir Guerrero Jr.,669,0,38,480,151,0,0,0,0,0
MLB,2023,TOR,666182,Bo Bichette,598,40,511,31,14,0,0,0,2,0
MLB,2023,TOR,669200,Mason McCoy,1,0,0,0,0,0,0,1,0,0
MLB,2023,TOR,669289,Santiago Espinal,248,1,7,1,0,10,17,52,81,79
MLB,2023,TOR,672386,Alejandro Kirk,414,0,0,0,2,84,136,98,80,14
MLB,2023,TOR,676391,Ernie Clement,51,0,4,0,0,1,3,16,24,3
MLB,2023,TOR,676914,Davis Schneider,137,4,24,9,49,28,4,14,5,0
MLB,2023,TOR,686490,Cam Eden,6,0,0,0,0,0,0,1,0,5
MLB,2023,TOR,687462,Spencer Horwitz,43,0,4,1,9,14,4,3,7,1
MLB,2023,WSH,545121,Ildemaro Vargas,281,4,0,4,0,30,66,108,53,16
MLB,2023,WSH,572816,Corey Dickerson,151,0,0,0,17,58,31,40,5,0
MLB,2023,WSH,600869,Jeimer Candelario,404,0,55,221,80,33,12,3,0,0
MLB,2023,WSH,608841,Joey Meneses,649,0,52,316,271,8,0,0,2,0
MLB,2023,WSH,642086,Dominic Smith,574,0,26,35,80,139,179,102,13,0
MLB,2023,WSH,645302,Victor Robles,118,0,0,0,0,0,0,1,46,71
MLB,2023,WSH,656180,Riley Adams,154,0,0,0,5,9,16,72,30,22
MLB,2023,WSH,656308,Michael Chavis,96,0,0,3,2,1,24,28,24,14
MLB,2023,WSH,656448,Stone Garrett,260,0,5,1,52,73,47,59,19,4
MLB,2023,WSH,656537,Derek Hill,50,0,0,0,0,0,0,0,31,19
MLB,2023,WSH,657041,Lane Thomas,664,284,299,0,0,14,18,44,0,5
MLB,2023,WSH,660688,Keibert Ruiz,554,0,4,115,153,151,105,25,1,0
MLB,2023,WSH,663905,Travis Blankenhorn,37,0,0,0,11,15,4,7,0,0
MLB,2023,WSH,666164,Blake Rutherford,36,0,0,0,0,0,4,0,18,14
MLB,2023,WSH,666198,Carter Kieboom,93,1,0,0,4,40,29,12,4,3
MLB,2023,WSH,666906,Jake Alu,169,0,0,0,0,6,40,40,64,19
MLB,2023,WSH,669023,Jeter Downs,9,2,0,0,0,0,0,0,2,5
MLB,2023,WSH,669743,Alex Call,428,99,12,0,0,26,24,36,68,163
MLB,2023,WSH,671277,Luis García Jr.,474,12,253,0,9,62,52,18,66,2
MLB,2023,WSH,682928,CJ Abrams,595,312,0,0,0,0,5,15,144,119
MLB,2023,WSH,686452,Drew Millas,32,0,0,1,0,0,0,20,11,0
MLB,2023,WSH,696285,Jacob Young,117,10,0,0,0,0,0,0,0,107
MLB,2024,ATL,518595,Travis d'Arnaud,327,0,5,0,0,105,102,39,58,18
MLB,2024,ATL,542303,Marcell Ozuna,676,0,0,463,8,205,0,0,0,0
MLB,2024,ATL,570482,Gio Urshela,136,0,0,0,0,0,0,28,78,30
MLB,2024,ATL,592696,Eddie Rosario,81,0,0,0,0,0,36,43,0,2
MLB,2024,ATL,593160,Whit Merrifield,157,29,16,0,0,0,17,9,13,73
MLB,2024,ATL,594807,Adam Duvall,324,4,2,5,0,28,141,81,49,14
MLB,2024,ATL,605119,Brian Anderson,5,0,1,0,0,0,0,0,2,2
MLB,2024,ATL,606115,Orlando Arcia,588,0,13,0,0,66,87,113,140,169
MLB,2024,ATL,621566,Matt Olson,666,0,0,0,659,7,0,0,0,0
MLB,2024,ATL,624415,Cavan Biggio,5,0,0,0,0,0,0,1,3,1
MLB,2024,ATL,624585,Jorge Soler,176,54,87,0,0,32,1,1,1,0
MLB,2024,ATL,641645,Luis Guillorme,21,0,0,0,0,0,0,0,5,16
MLB,2024,ATL,642201,Eli White,40,3,10,0,0,6,0,2,0,19
MLB,2024,ATL,644433,Chadwick Tromp,53,0,0,0,0,2,0,0,14,37
MLB,2024,ATL,645277,Ozzie Albies,421,25,369,0,0,27,0,0,0,0
MLB,2024,ATL,657088,Forrest Wall,32,1,0,0,0,0,0,6,25,0
MLB,2024,ATL,657656,Ramón Laureano,224,4,4,0,0,52,75,39,38,12
MLB,2024,ATL,660670,Ronald Acuña Jr.,214,214,0,0,0,0,0,0,0,0
MLB,2024,ATL,663586,Austin Riley,457,0,157,217,0,83,0,0,0,0
MLB,2024,ATL,663897,Luke Williams,50,0,4,1,1,0,1,0,1,42
MLB,2024,ATL,664058,David Fletcher,8,0,0,0,0,0,0,0,0,8
MLB,2024,ATL,669221,Sean Murphy,260,0,0,0,0,41,67,74,76,2
MLB,2024,ATL,670097,Zack Short,66,0,0,3,0,0,0,7,3,53
MLB,2024,ATL,671739,Michael Harris II,459,210,25,0,0,0,91,117,16,0
MLB,2024,ATL,672284,Jarred Kelenic,440,178,3,0,0,0,31,68,80,80
MLB,2024,ATL,679881,J.P. Martínez,10,4,0,0,0,0,0,0,1,5
MLB,2024,ATL,805373,Nacho Alvarez Jr.,30,0,9,0,0,0,0,8,6,7
MLB,2024,AZ,543518,Scott McGough,1,0,0,0,0,0,0,0,0,1
MLB,2024,AZ,545341,Randal Grichuk,274,2,21,60,0,107,55,18,9,2
MLB,2024,AZ,553993,Eugenio Suárez,620,0,0,0,15,95,225,285,0,0
MLB,2024,AZ,571466,Tucker Barnhart,94,0,2,0,2,0,0,0,48,42
MLB,2024,AZ,572233,Christian Walker,534,1,0,5,525,0,2,0,0,1
MLB,2024,AZ,573009,Joe Mantiply,0,0,0,0,0,0,0,0,0,0
MLB,2024,AZ,592626,Joc Pederson,422,1,8,321,3,73,3,6,6,1
MLB,2024,AZ,605137,Josh Bell,157,0,0,13,129,10,4,0,1,0
MLB,2024,AZ,606466,Ketel Marte,569,263,269,33,0,0,2,0,2,0
MLB,2024,AZ,607054,Jace Peterson,25,0,1,0,0,0,9,3,7,5
MLB,2024,AZ,621028,Kevin Newman,303,0,12,2,4,0,0,30,104,151
MLB,2024,AZ,623149,Paul Sewald,0,0,0,0,0,0,0,0,0,0
MLB,2024,AZ,640462,A.J. Puk,0,0,0,0,0,0,0,0,0,0
MLB,2024,AZ,641645,Luis Guillorme,48,4,0,0,1,0,0,1,38,4
MLB,2024,AZ,645444,Jose Herrera,106,0,5,3,0,1,0,0,3,94
MLB,2024,AZ,656464,Kevin Ginkel,0,0,0,0,0,0,0,0,0,0
MLB,2024,AZ,656976,Pavin Smith,155,15,1,8,3,57,44,12,9,6
MLB,2024,AZ,657044,Ryan Thompson,0,0,0,0,0,0,0,0,0,0
MLB,2024,AZ,664983,Jake McCarthy,473,24,83,1,0,76,170,53,50,16
MLB,2024,AZ,666818,Luis Frías,0,0,0,0,0,0,0,0,0,0
MLB,2024,AZ,666971,Lourdes Gurriel Jr.,542,1,29,267,18,220,2,3,0,2
MLB,2024,AZ,672515,Gabriel Moreno,346,0,69,0,0,13,68,92,97,7
MLB,2024,AZ,672695,Geraldo Perdomo,373,44,32,0,0,4,12,11,70,200
MLB,2024,AZ,677942,Blaze Alexander,181,4,29,3,1,0,7,43,60,34
MLB,2024,AZ,677950,Alek Thomas,102,0,0,5,0,0,0,16,68,13
MLB,2024,AZ,678489,Jorge Barrosa,17,0,0,1,0,0,1,9,1,5
MLB,2024,AZ,679885,Justin Martinez,0,0,0,0,0,0,0,0,0,0
MLB,2024,AZ,680728,Adrian Del Castillo,87,0,0,0,0,4,42,9,22,10
MLB,2024,AZ,682998,Corbin Carroll,662,387,177,3,1,6,1,53,33,1
MLB,2024,AZ,686826,Bryce Jarvis,0,0,0,0,0,0,0,0,0,0
MLB,2024,BAL,518886,Craig Kimbrel,0,0,0,0,0,0,0,0,0,0
MLB,2024,BAL,543056,Danny Coulombe,0,0,0,0,0,0,0,0,0,0
MLB,2024,BAL,543510,James McCann,227,0,1,0,0,0,0,13,73,140
MLB,2024,BAL,544150,Albert Suárez,0,0,0,0,0,0,0,0,0,0
MLB,2024,BAL,596103,Austin Slater,77,35,6,0,2,1,7,18,2,6
MLB,2024,BAL,602104,Ramón Urías,295,4,0,2,1,8,4,44,96,136
MLB,2024,BAL,622554,Seranthony Domínguez,0,0,0,0,0,0,0,0,0,0
MLB,2024,BAL,622761,Jorge Mateo,202,4,0,0,0,1,24,37,27,109
MLB,2024,BAL,623993,Anthony Santander,653,0,91,173,243,145,0,0,0,1
MLB,2024,BAL,643393,Tony Kemp,10,1,0,0,0,0,0,0,0,9
MLB,2024,BAL,650391,Eloy Jiménez,99,0,0,2,14,30,43,7,2,1
MLB,2024,BAL,656775,Cedric Mullins,485,7,35,3,1,12,98,173,123,33
MLB,2024,BAL,656811,Ryan O'Hearn,489,2,3,199,173,49,51,6,5,1
MLB,2024,BAL,656896,Emmanuel Rivera,70,0,0,0,0,8,5,16,22,19
MLB,2024,BAL,657097,Jacob Webb,0,0,0,0,0,0,0,0,0,0
MLB,2024,BAL,657508,Mike Baumann,0,0,0,0,0,0,0,0,0,0
MLB,2024,BAL,663624,Ryan Mountcastle,500,0,23,163,139,88,50,34,2,1
MLB,2024,BAL,663630,Ryan McKenna,9,0,0,1,0,0,0,4,0,4
MLB,2024,BAL,665155,Nick Maton,5,0,0,1,0,0,0,0,0,4
MLB,2024,BAL,665506,Cristian Pache,1,0,0,0,0,1,0,0,0,0
MLB,2024,BAL,668939,Adley Rutschman,629,10,516,8,14,76,1,1,0,3
MLB,2024,BAL,669065,Kyle Stowers,36,0,0,0,1,0,0,13,21,1
MLB,2024,BAL,669169,Jonathan Heasley,0,0,0,0,0,0,0,0,0,0
MLB,2024,BAL,669288,Daniel Johnson,1,0,0,0,0,0,0,0,1,0
MLB,2024,BAL,669720,Austin Hays,166,0,0,7,3,19,83,27,25,2
MLB,2024,BAL,670869,Livan Soto,13,0,0,0,0,0,1,0,5,7
MLB,2024,BAL,675915,David Bañuelos,1,0,0,0,0,0,1,0,0,0
MLB,2024,BAL,676059,Jordan Westburg,438,22,42,4,12,149,120,58,31,0
MLB,2024,BAL,677008,Heston Kjerstad,109,0,6,3,5,28,20,24,20,3
MLB,2024,BAL,681297,Colton Cowser,551,111,4,2,45,62,121,125,54,27
MLB,2024,BAL,681393,Connor Norby,32,0,0,0,0,0,0,3,19,10
MLB,2024,BAL,683002,Gunnar Henderson,708,533,0,145,30,0,0,0,0,0
MLB,2024,BAL,691723,Coby Mayo,45,1,0,0,0,0,7,14,17,6
MLB,2024,BAL,702616,Jackson Holliday,205,9,0,0,0,0,18,15,80,83
MLB,2024,BOS,445276,Kenley Jansen,0,0,0,0,0,0,0,0,0,0
MLB,2024,BOS,455119,Chris Martin,0,0,0,0,0,0,0,0,0,0
MLB,2024,BOS,502624,Chase Anderson,0,0,0,0,0,0,0,0,0,0
MLB,2024,BOS,596115,Trevor Story,105,0,13,25,18,3,8,21,17,0
MLB,2024,BOS,608701,Rob Refsnyder,300,14,112,120,4,43,4,0,1,2
MLB,2024,BOS,622569,Pablo Reyes,63,0,13,3,4,5,8,15,9,6
MLB,2024,BOS,623168,Tyler Heineman,2,0,0,0,0,0,0,0,2,0
MLB,2024,BOS,624512,Reese McGuire,152,1,1,0,1,1,3,53,70,22
MLB,2024,BOS,641933,Tyler O'Neill,464,1,32,252,53,120,4,0,2,0
MLB,2024,BOS,642086,Dominic Smith,274,2,1,8,2,13,114,61,68,5
MLB,2024,BOS,642197,Jamie Westbrook,44,1,6,0,0,4,5,12,7,9
MLB,2024,BOS,643265,Garrett Cooper,73,0,2,4,3,9,30,25,0,0
MLB,2024,BOS,643376,Danny Jansen,95,0,0,0,0,12,8,44,31,0
MLB,2024,BOS,646240,Rafael Devers,592,0,149,18,425,0,0,0,0,0
MLB,2024,BOS,657136,Connor Wong,475,1,8,70,14,219,66,65,18,14
MLB,2024,BOS,657514,Brennan Bernardino,0,0,0,0,0,0,0,0,0,0
MLB,2024,BOS,663462,Isaiah Campbell,0,0,0,0,0,0,0,0,0,0
MLB,2024,BOS,663767,Chase Shugart,0,0,0,0,0,0,0,0,0,0
MLB,2024,BOS,663853,Romy Gonzalez,211,8,34,13,5,31,52,29,25,14
MLB,2024,BOS,665839,Enmanuel Valdez,218,0,27,2,3,29,38,51,48,20
MLB,2024,BOS,666152,David Hamilton,316,8,86,3,3,3,12,23,110,68
MLB,2024,BOS,666915,Bobby Dalbec,91,0,3,0,4,11,12,33,28,0
MLB,2024,BOS,670097,Zack Short,7,0,0,0,0,0,0,0,0,7
MLB,2024,BOS,670174,Josh Winckowski,0,0,0,0,0,0,0,0,0,0
MLB,2024,BOS,671213,Triston Casas,242,0,5,69,81,21,28,32,4,2
MLB,2024,BOS,677800,Wilyer Abreu,439,3,170,49,57,51,49,41,15,4
MLB,2024,BOS,678882,Ceddanne Rafaela,559,9,1,0,0,0,16,21,93,419
MLB,2024,BOS,680776,Jarren Duran,725,695,27,0,0,0,0,0,3,0
MLB,2024,BOS,681508,Mickey Gasper,22,1,4,0,0,4,1,6,6,0
MLB,2024,BOS,683068,Zach Penrod,0,0,0,0,0,0,0,0,0,0
MLB,2024,BOS,686765,Nick Sogard,84,0,0,0,0,0,8,42,26,8
MLB,2024,BOS,687093,Vaughn Grissom,112,0,5,0,0,18,18,41,25,5
MLB,2024,BOS,807799,Masataka Yoshida,405,1,27,76,27,79,169,21,5,0
MLB,2024,CHC,542194,Christian Bethancourt,59,0,0,0,0,0,0,4,9,46
MLB,2024,CHC,543228,Yan Gomes,93,0,1,0,0,0,0,0,22,70
MLB,2024,CHC,593576,Héctor Neris,0,0,0,0,0,0,0,0,0,0
MLB,2024,CHC,621020,Dansby Swanson,588,1,108,0,9,71,135,233,31,0
MLB,2024,CHC,621512,Tomás Nido,48,1,0,0,0,0,0,0,14,33
MLB,2024,CHC,621550,Patrick Wisdom,168,24,36,2,7,25,25,20,23,6
MLB,2024,CHC,623520,David Bote,48,0,3,0,0,0,3,19,20,3
MLB,2024,CHC,641355,Cody Bellinger,561,0,9,350,202,0,0,0,0,0
MLB,2024,CHC,643265,Garrett Cooper,41,0,0,0,1,13,9,13,4,1
MLB,2024,CHC,643565,Mike Tauchman,345,115,71,0,1,31,46,18,45,18
MLB,2024,CHC,657240,Julian Merryweather,0,0,0,0,0,0,0,0,0,0
MLB,2024,CHC,663538,Nico Hoerner,626,289,5,0,0,19,208,105,0,0
MLB,2024,CHC,663611,Nick Madrigal,90,1,0,1,6,0,7,46,27,2
MLB,2024,CHC,664023,Ian Happ,649,305,12,53,60,182,21,15,0,1
MLB,2024,CHC,665804,Miguel Amaya,351,0,1,1,0,0,0,10,74,265
MLB,2024,CHC,666624,Christopher Morel,409,4,25,13,252,55,59,0,0,1
MLB,2024,CHC,670156,Miles Mastrobuoni,105,0,1,1,1,2,10,29,37,24
MLB,2024,CHC,670223,Matt Mervis,27,0,0,0,0,0,0,23,4,0
MLB,2024,CHC,670623,Isaac Paredes,203,0,14,9,6,169,3,0,2,0
MLB,2024,CHC,672744,Alexander Canario,27,0,0,1,1,0,4,0,0,21
MLB,2024,CHC,673548,Seiya Suzuki,575,0,186,279,108,0,0,0,2,0
MLB,2024,CHC,676679,Luis Vázquez,12,1,0,0,0,1,0,1,0,9
MLB,2024,CHC,682634,Kevin Alcántara,10,0,0,0,0,0,0,0,3,7
MLB,2024,CHC,683737,Michael Busch,559,0,248,1,28,91,120,54,10,7
MLB,2024,CHC,687863,Porter Hodge,0,0,0,0,0,0,0,0,0,0
MLB,2024,CHC,691718,Pete Crow-Armstrong,393,0,0,0,0,1,3,39,275,75
MLB,2024,CIN,458677,Justin Wilson,0,0,0,0,0,0,0,0,0,0
MLB,2024,CIN,518585,Fernando Cruz,0,0,0,0,0,0,0,0,0,0
MLB,2024,CIN,571656,Buck Farmer,0,0,0,0,0,0,0,0,0,0
MLB,2024,CIN,571912,Luke Maile,148,0,0,2,0,0,2,1,46,97
MLB,2024,CIN,596103,Austin Slater,20,0,0,0,0,0,16,0,3,1
MLB,2024,CIN,600869,Jeimer Candelario,454,0,0,205,73,39,75,58,4,0
MLB,2024,CIN,605361,Nick Martini,155,0,0,0,11,31,29,41,42,1
MLB,2024,CIN,608371,Lucas Sims,0,0,0,0,0,0,0,0,0,0
MLB,2024,CIN,621458,Edwin Rios,10,0,0,0,0,5,3,0,0,2
MLB,2024,CIN,622065,Alex Young,0,0,0,0,0,0,0,0,0,0
MLB,2024,CIN,641584,Jake Fraley,376,4,4,0,36,149,39,87,49,8
MLB,2024,CIN,642086,Dominic Smith,29,0,0,0,0,3,3,23,0,0
MLB,2024,CIN,642708,Amed Rosario,58,1,0,0,0,3,4,12,22,16
MLB,2024,CIN,642851,Austin Wynns,19,0,0,0,0,0,1,3,0,15
MLB,2024,CIN,645801,Mike Ford,62,0,0,29,5,4,18,5,0,1
MLB,2024,CIN,656413,Stuart Fairchild,226,38,1,12,6,26,16,50,25,52
MLB,2024,CIN,663697,Jonathan India,613,445,0,0,13,20,43,28,55,9
MLB,2024,CIN,663886,Tyler Stephenson,505,2,0,185,55,122,79,17,3,42
MLB,2024,CIN,664034,Ty France,189,0,0,0,29,40,90,28,2,0
MLB,2024,CIN,664747,Alexis Díaz,0,0,0,0,0,0,0,0,0,0
MLB,2024,CIN,666181,Will Benson,383,73,52,2,1,3,5,15,85,147
MLB,2024,CIN,668715,Spencer Steer,646,20,53,167,291,87,6,22,0,0
MLB,2024,CIN,668843,Conner Capel,8,0,0,1,0,0,3,0,2,2
MLB,2024,CIN,669289,Santiago Espinal,381,5,0,1,0,19,64,102,137,53
MLB,2024,CIN,669352,Bubba Thompson,18,0,0,0,1,1,0,0,0,16
MLB,2024,CIN,670770,TJ Friedl,323,92,4,8,128,47,13,22,7,2
MLB,2024,CIN,670869,Livan Soto,3,0,0,0,0,0,0,0,3,0
MLB,2024,CIN,674441,Jacob Hurtubise,60,24,0,0,0,0,0,20,3,13
MLB,2024,CIN,677956,Rece Hinds,50,0,0,2,1,1,3,14,27,2
MLB,2024,CIN,682119,Levi Jordan,10,1,0,0,1,1,0,0,4,3
MLB,2024,CIN,682622,Noelvi Marte,238,1,1,0,0,22,22,60,53,79
MLB,2024,CIN,682829,Elly De La Cruz,687,0,599,0,0,0,87,0,1,0
MLB,2024,CIN,686894,Joey Wiemer,1,0,0,0,0,0,0,0,1,0
MLB,2024,CIN,687066,Eric Yang,1,0,0,0,0,1,0,0,0,0
MLB,2024,CIN,687952,Christian Encarnacion-Strand,120,0,0,74,16,26,4,0,0,0
MLB,2024,CIN,694362,Blake Dunn,28,1,0,1,0,0,1,1,10,14
MLB,2024,CLE,595978,Austin Hedges,138,0,0,1,0,0,0,1,56,80
MLB,2024,CLE,608070,José Ramírez,674,0,30,644,0,0,0,0,0,0
MLB,2024,CLE,647304,Josh Naylor,621,0,0,18,570,33,0,0,0,0
MLB,2024,CLE,657041,Lane Thomas,184,0,65,1,0,90,2,23,2,1
MLB,2024,CLE,657656,Ramón Laureano,77,1,0,7,0,18,35,16,0,0
MLB,2024,CLE,658648,Pedro Avila,0,0,0,0,0,0,0,0,0,0
MLB,2024,CLE,664314,Estevan Florial,109,18,0,0,0,0,19,39,31,2
MLB,2024,CLE,664702,Myles Straw,4,0,0,0,0,0,0,4,0,0
MLB,2024,CLE,665926,Andrés Giménez,609,5,328,5,0,4,220,43,4,0
MLB,2024,CLE,666310,Bo Naylor,383,0,1,0,0,14,11,76,196,85
MLB,2024,CLE,671286,Johnathan Rodríguez,40,0,0,0,0,3,20,16,0,1
MLB,2024,CLE,671289,Tyler Freeman,358,81,46,1,0,51,48,63,58,10
MLB,2024,CLE,672356,Gabriel Arias,159,1,1,0,0,2,6,69,48,32
MLB,2024,CLE,675921,Spencer Howard,0,0,0,0,0,0,0,0,0,0
MLB,2024,CLE,677587,Brayan Rocchio,427,8,4,1,0,0,0,2,107,305
MLB,2024,CLE,677588,José Tena,4,1,0,0,0,1,0,0,0,2
MLB,2024,CLE,678877,Jhonkensy Noel,192,1,1,1,1,58,55,65,6,4
MLB,2024,CLE,680757,Steven Kwan,533,532,0,0,1,0,0,0,0,0
MLB,2024,CLE,681807,David Fry,377,2,22,8,77,233,11,5,13,6
MLB,2024,CLE,682177,Daniel Schneemann,218,5,28,1,8,10,20,91,34,21
MLB,2024,CLE,682657,Angel Martínez,166,43,101,0,0,4,0,8,3,7
MLB,2024,CLE,683769,Hunter Gaddis,0,0,0,0,0,0,0,0,0,0
MLB,2024,CLE,686823,Will Brennan,349,13,31,4,5,114,101,67,14,0
MLB,2024,CLE,700932,Kyle Manzardo,154,0,27,0,0,10,81,17,14,5
MLB,2024,COL,453568,Charlie Blackmon,491,452,8,0,1,14,7,1,2,6
MLB,2024,COL,553869,Elias Díaz,321,0,0,18,217,12,32,7,32,3
MLB,2024,COL,571863,Matt Koch,0,0,0,0,0,0,0,0,0,0
MLB,2024,COL,592178,Kris Bryant,146,0,11,10,44,55,21,5,0,0
MLB,2024,COL,595909,Jake Cave,337,10,19,0,1,5,76,113,71,42
MLB,2024,COL,607536,Kyle Freeland,0,0,0,0,0,0,0,0,0,0
MLB,2024,COL,607732,Jacob Stallings,270,0,0,3,26,35,72,58,38,38
MLB,2024,COL,641755,Tyler Kinley,0,0,0,0,0,0,0,0,0,0
MLB,2024,COL,641857,Ryan McMahon,636,0,23,415,168,28,0,0,1,1
MLB,2024,COL,656222,Jalen Beeks,0,0,0,0,0,0,0,0,0,0
MLB,2024,COL,656248,Sean Bouchard,103,0,4,0,0,11,19,22,24,23
MLB,2024,COL,656541,Sam Hilliard,152,0,0,2,0,1,38,20,35,56
MLB,2024,COL,660707,Elehuris Montero,239,4,0,4,25,58,33,29,71,15
MLB,2024,COL,663567,Peter Lambert,0,0,0,0,0,0,0,0,0,0
MLB,2024,COL,663898,Brendan Rodgers,532,0,119,12,67,201,81,38,11,3
MLB,2024,COL,664875,Justin Lawrence,0,0,0,0,0,0,0,0,0,0
MLB,2024,COL,666134,Nolan Jones,292,0,8,31,8,63,60,73,49,0
MLB,2024,COL,668845,Aaron Schunk,98,0,0,2,4,1,0,0,7,84
MLB,2024,COL,669911,Michael Toglia,453,0,1,0,67,108,127,94,46,10
MLB,2024,COL,675659,Greg Jones,6,0,1,0,1,0,0,0,1,3
MLB,2024,COL,676105,Jeff Criswell,0,0,0,0,0,0,0,0,0,0
MLB,2024,COL,676701,Alan Trejo,65,0,0,2,0,4,0,0,14,45
MLB,2024,COL,678020,Seth Halvorsen,0,0,0,0,0,0,0,0,0,0
MLB,2024,COL,678662,Ezequiel Tovar,673,186,426,34,0,0,0,26,0,1
MLB,2024,COL,680767,Victor Vodnik,0,0,0,0,0,0,0,0,0,0
MLB,2024,COL,683232,Nick Mears,0,0,0,0,0,0,0,0,0,0
MLB,2024,COL,686668,Brenton Doyle,584,51,83,158,40,73,59,62,15,43
MLB,2024,COL,687597,Jordan Beck,178,2,0,1,2,0,4,20,73,76
MLB,2024,COL,691011,Drew Romo,53,0,0,0,0,0,0,0,8,45
MLB,2024,COL,691182,Adael Amador,36,0,0,0,0,0,0,0,3,33
MLB,2024,COL,696100,Hunter Goodman,217,3,0,4,1,2,12,54,92,49
MLB,2024,CWS,455117,Martín Maldonado,140,0,0,0,0,0,1,0,18,121
MLB,2024,CWS,502054,Tommy Pham,296,227,52,14,0,0,0,1,0,2
MLB,2024,CWS,542364,Rafael Ortega,16,0,0,0,0,0,1,10,4,1
MLB,2024,CWS,543257,Robbie Grossman,84,51,8,5,0,5,10,2,2,1
MLB,2024,CWS,605154,John Brebbia,0,0,0,0,0,0,0,0,0,0
MLB,2024,CWS,607680,Kevin Pillar,29,1,0,0,7,3,4,11,3,0
MLB,2024,CWS,621545,Zach Remillard,38,0,1,0,0,0,3,14,9,11
MLB,2024,CWS,642020,Chuckie Robinson,75,0,0,0,0,1,1,4,28,41
MLB,2024,CWS,643217,Andrew Benintendi,514,30,90,160,9,143,65,11,5,1
MLB,2024,CWS,650391,Eloy Jiménez,247,0,10,52,128,57,0,0,0,0
MLB,2024,CWS,656629,Michael Kopech,0,0,0,0,0,0,0,0,0,0
MLB,2024,CWS,657557,Paul DeJong,348,0,0,0,50,30,146,58,62,2
MLB,2024,CWS,657757,Gavin Sheets,492,0,50,103,158,151,8,12,3,7
MLB,2024,CWS,660162,Yoán Moncada,41,0,40,0,1,0,0,0,0,0
MLB,2024,CWS,664901,Danny Mendick,138,4,10,2,0,2,8,30,60,22
MLB,2024,CWS,666150,Dominic Fletcher,231,12,0,0,0,4,28,115,63,9
MLB,2024,CWS,667452,Corey Julks,188,73,10,13,10,22,11,14,30,5
MLB,2024,CWS,668752,Duke Ellis,4,1,0,0,0,0,0,0,0,3
MLB,2024,CWS,669222,Nick Senzel,31,0,0,0,0,4,7,12,8,0
MLB,2024,CWS,669699,Braden Shewmake,65,0,0,0,0,0,11,16,13,25
MLB,2024,CWS,670032,Nicky Lopez,432,183,61,0,0,0,4,58,82,44
MLB,2024,CWS,672820,Lenyn Sosa,363,21,21,14,8,52,88,92,35,32
MLB,2024,CWS,673357,Luis Robert Jr.,417,30,164,220,3,0,0,0,0,0
MLB,2024,CWS,676070,Jacob Amaya,71,0,0,0,0,0,0,4,0,67
MLB,2024,CWS,676113,Zach DeLoach,75,14,18,6,0,1,16,6,12,2
MLB,2024,CWS,678246,Miguel Vargas,152,54,8,0,0,3,25,18,38,6
MLB,2024,CWS,681460,Brooks Baldwin,120,0,21,0,0,0,14,14,20,51
MLB,2024,CWS,682868,Bryan Ramos,106,4,1,5,4,18,47,11,12,4
MLB,2024,CWS,683734,Andrew Vaughn,605,0,120,94,276,110,5,0,0,0
MLB,2024,CWS,686676,Korey Lee,394,0,5,0,5,37,107,65,71,104
MLB,2024,CWS,693049,Oscar Colás,37,0,0,2,1,3,14,15,1,1
MLB,2024,DET,570482,Gio Urshela,316,2,2,1,47,108,53,57,39,7
MLB,2024,DET,592192,Mark Canha,355,7,117,86,101,39,3,0,0,2
MLB,2024,DET,595879,Javier Báez,281,0,0,0,1,0,5,33,199,43
MLB,2024,DET,608348,Carson Kelly,196,0,0,1,13,26,8,19,22,107
MLB,2024,DET,628451,Andy Ibáñez,233,66,75,5,11,10,26,25,15,0
MLB,2024,DET,656716,Zach McKinstry,317,6,2,5,1,6,34,151,80,32
MLB,2024,DET,663837,Matt Vierling,551,216,47,167,27,81,11,1,1,0
MLB,2024,DET,668670,Jake Rogers,326,0,0,0,8,17,26,16,55,204
MLB,2024,DET,668723,Ryan Vilade,47,1,0,0,0,0,4,15,0,27
MLB,2024,DET,668731,Akil Baddoo,81,4,1,1,1,0,13,24,26,11
MLB,2024,DET,668952,Ryan Kreidler,65,0,3,1,0,0,3,0,10,48
MLB,2024,DET,669234,Justyn-Henry Malloy,225,6,25,39,41,6,49,47,8,4
MLB,2024,DET,669438,Mason Englert,0,0,0,0,0,0,0,0,0,0
MLB,2024,DET,671083,Buddy Kennedy,12,0,0,0,1,1,4,6,0,0
MLB,2024,DET,671345,Jason Foley,0,0,0,0,0,0,0,0,0,0
MLB,2024,DET,672761,Wenceel Pérez,418,118,37,118,6,62,38,30,2,7
MLB,2024,DET,676632,Bligh Madris,73,0,2,0,13,39,15,4,0,0
MLB,2024,DET,678009,Parker Meadows,293,157,0,0,0,0,36,26,23,51
MLB,2024,DET,679529,Spencer Torkelson,372,0,32,56,30,37,160,57,0,0
MLB,2024,DET,681481,Kerry Carpenter,285,0,66,42,161,1,8,1,3,3
MLB,2024,DET,682985,Riley Greene,568,137,136,126,168,1,0,0,0,0
MLB,2024,DET,690291,Jace Jung,94,2,11,0,3,29,7,37,4,1
MLB,2024,DET,690993,Colt Keith,545,4,146,32,30,184,116,32,1,0
MLB,2024,DET,693307,Dillon Dingler,87,0,0,0,3,4,7,18,22,33
MLB,2024,DET,700242,Trey Sweeney,117,0,0,0,0,0,0,26,91,0
MLB,2024,HOU,514888,Jose Altuve,675,673,0,0,0,0,0,0,2,0
MLB,2024,HOU,518792,Jason Heyward,60,1,4,1,0,0,13,6,31,4
MLB,2024,HOU,519151,Ryan Pressly,0,0,0,0,0,0,0,0,0,0
MLB,2024,HOU,547989,José Abreu,117,0,0,0,0,8,13,24,72,0
MLB,2024,HOU,572138,Jon Singleton,402,1,3,0,18,141,146,60,22,11
MLB,2024,HOU,592325,Ben Gamel,69,0,0,0,0,8,17,25,14,5
MLB,2024,HOU,605170,Victor Caratini,268,1,0,6,4,41,56,63,47,50
MLB,2024,HOU,608324,Alex Bregman,625,28,295,48,208,30,16,0,0,0
MLB,2024,HOU,623352,Josh Hader,0,0,0,0,0,0,0,0,0,0
MLB,2024,HOU,643289,Mauricio Dubón,418,6,12,0,0,0,37,96,105,162
MLB,2024,HOU,649557,Aledmys Díaz,4,1,0,0,0,0,0,0,3,0
MLB,2024,HOU,663550,Trey Cabbage,90,2,1,4,0,0,0,13,22,48
MLB,2024,HOU,663656,Kyle Tucker,333,9,126,131,65,0,1,0,0,1
MLB,2024,HOU,663967,César Salazar,27,0,1,1,0,1,0,2,0,22
MLB,2024,HOU,665161,Jeremy Peña,627,5,35,0,117,228,153,50,39,0
MLB,2024,HOU,666197,Grae Kessinger,24,4,2,1,2,0,0,1,0,14
MLB,2024,HOU,669450,Cooper Hummel,8,0,0,1,0,2,0,0,1,4
MLB,2024,HOU,670541,Yordan Alvarez,621,0,232,389,0,0,0,0,0,0
MLB,2024,HOU,673237,Yainer Diaz,609,0,0,112,254,125,53,37,19,9
MLB,2024,HOU,676070,Jacob Amaya,1,1,0,0,0,0,0,0,0,0
MLB,2024,HOU,676694,Jake Meyers,496,0,6,0,12,59,93,161,86,79
MLB,2024,HOU,676801,Chas McCormick,259,4,1,5,0,11,28,39,58,113
MLB,2024,HOU,687911,Bryan King,0,0,0,0,0,0,0,0,0,0
MLB,2024,HOU,694175,Pedro León,21,0,0,0,0,0,0,0,0,21
MLB,2024,HOU,694376,Shay Whitcomb,46,2,0,2,1,5,4,5,18,9
MLB,2024,HOU,694388,Joey Loperfido,113,0,1,0,0,0,3,22,52,35
MLB,2024,HOU,701305,Zach Dezenzo,65,0,0,0,0,5,17,24,19,0
MLB,2024,KC,493329,Yuli Gurriel,63,0,0,0,14,15,15,12,7,0
MLB,2024,KC,502054,Tommy Pham,104,104,0,0,0,0,0,0,0,0
MLB,2024,KC,521692,Salvador Perez,632,0,0,107,525,0,0,0,0,0
MLB,2024,KC,543257,Robbie Grossman,37,0,0,0,10,0,22,1,3,1
MLB,2024,KC,592669,Hunter Renfroe,421,1,0,0,0,137,127,51,104,1
MLB,2024,KC,624428,Adam Frazier,282,63,1,2,6,12,32,117,41,8
MLB,2024,KC,640451,Hunter Harvey,0,0,0,0,0,0,0,0,0,0
MLB,2024,KC,641658,Garrett Hampson,227,9,1,0,0,3,11,46,77,80
MLB,2024,KC,657557,Paul DeJong,117,0,1,0,11,25,22,33,23,2
MLB,2024,KC,663460,Kris Bubic,0,0,0,0,0,0,0,0,0,0
MLB,2024,KC,663704,James McArthur,0,0,0,0,0,0,0,0,0,0
MLB,2024,KC,664728,Kyle Isbel,409,0,0,0,0,2,0,2,13,392
MLB,2024,KC,666023,Freddy Fermin,360,7,1,0,8,66,92,88,95,3
MLB,2024,KC,669004,MJ Melendez,445,0,0,0,28,160,124,119,12,2
MLB,2024,KC,671221,Drew Waters,18,0,0,0,0,0,0,15,3,0
MLB,2024,KC,672580,Maikel Garcia,614,457,4,0,0,0,2,37,105,9
MLB,2024,KC,676369,Nelson Velázquez,224,1,0,1,23,85,84,13,15,2
MLB,2024,KC,677951,Bobby Witt Jr.,690,0,690,0,0,0,0,0,0,0
MLB,2024,KC,679845,Nick Loftin,167,16,0,6,0,16,57,32,34,6
MLB,2024,KC,680118,Dairon Blanco,128,0,1,0,3,1,5,25,36,57
MLB,2024,KC,680769,CJ Alexander,8,0,0,0,0,0,0,0,8,0
MLB,2024,KC,686469,Vinnie Pasquantino,534,0,0,530,1,1,1,0,0,1
MLB,2024,KC,686681,Michael Massey,345,69,0,28,30,123,43,24,23,5
MLB,2024,KC,694355,Tyler Gentry,5,0,0,0,0,0,1,0,0,4
MLB,2024,LAA,501303,Ehire Adrianza,28,4,4,0,4,0,0,4,12,0
MLB,2024,LAA,543305,Aaron Hicks,63,4,17,0,0,32,10,0,0,0
MLB,2024,LAA,543685,Anthony Rendon,229,139,3,0,46,12,29,0,0,0
MLB,2024,LAA,545361,Mike Trout,125,25,37,63,0,0,0,0,0,0
MLB,2024,LAA,592273,Brandon Drury,352,0,13,14,50,96,79,65,34,1
MLB,2024,LAA,592348,Niko Goodrum,15,0,0,0,0,4,7,4,0,0
MLB,2024,LAA,593934,Miguel Sanó,92,0,3,0,52,12,16,9,0,0
MLB,2024,LAA,605346,Jack López,69,0,21,0,2,0,0,1,1,44
MLB,2024,LAA,607680,Kevin Pillar,271,0,9,28,161,57,7,7,1,1
MLB,2024,LAA,621493,Taylor Ward,648,178,0,370,69,31,0,0,0,0
MLB,2024,LAA,641432,Willie Calhoun,252,0,0,1,208,15,12,12,3,1
MLB,2024,LAA,641645,Luis Guillorme,115,4,13,2,1,0,2,1,21,71
MLB,2024,LAA,641779,Charles Leblanc,28,1,1,4,4,0,0,13,4,1
MLB,2024,LAA,642136,Matt Thaiss,185,0,0,2,0,40,63,33,37,10
MLB,2024,LAA,650671,José Quijada,0,0,0,0,0,0,0,0,0,0
MLB,2024,LAA,650859,Luis Rengifo,299,26,195,0,4,8,4,37,18,7
MLB,2024,LAA,657061,Cole Tucker,56,0,11,2,2,0,0,9,25,7
MLB,2024,LAA,666160,Mickey Moniak,413,1,60,2,2,46,102,104,85,11
MLB,2024,LAA,666176,Jo Adell,440,0,18,1,5,16,54,129,121,96
MLB,2024,LAA,669326,Bryce Teodosio,12,0,0,0,0,0,0,0,2,10
MLB,2024,LAA,669374,Keston Hiura,27,0,5,0,7,0,1,3,3,8
MLB,2024,LAA,670871,Guillo Zuñiga,0,0,0,0,0,0,0,0,0,0
MLB,2024,LAA,672569,Gustavo Campero,46,0,0,0,0,0,0,15,17,14
MLB,2024,LAA,676572,Eric Wagaman,74,0,0,18,5,10,25,16,0,0
MLB,2024,LAA,677347,Kyren Paris,58,0,0,1,1,0,0,0,0,56
MLB,2024,LAA,677941,Jordyn Adams,38,2,0,0,0,0,4,10,18,4
MLB,2024,LAA,681351,Logan O'Hoppe,512,0,0,43,13,249,143,27,37,0
MLB,2024,LAA,683021,Michael Stefanic,120,20,6,0,3,0,2,4,16,69
MLB,2024,LAA,687263,Zach Neto,581,4,204,0,0,7,61,75,97,133
MLB,2024,LAA,694359,Niko Kavadas,104,0,1,0,27,4,4,12,33,23
MLB,2024,LAA,694384,Nolan Schanuel,587,304,78,134,1,9,13,22,11,15
MLB,2024,LAD,500743,Miguel Rojas,330,7,0,1,0,27,78,83,78,56
MLB,2024,LAD,518692,Freddie Freeman,620,0,18,585,17,0,0,0,0,0
MLB,2024,LAD,518792,Jason Heyward,190,0,0,1,12,32,51,42,43,9
MLB,2024,LAD,571771,Enrique Hernández,389,0,2,9,5,38,63,93,108,71
MLB,2024,LAD,571970,Max Muncy,282,0,0,0,14,158,45,51,12,2
MLB,2024,LAD,595281,Kevin Kiermaier,61,1,4,1,1,0,4,5,22,23
MLB,2024,LAD,605113,Nick Ahmed,49,0,0,0,0,0,0,0,6,43
MLB,2024,LAD,605131,Austin Barnes,154,2,2,0,0,2,1,5,22,120
MLB,2024,LAD,605141,Mookie Betts,511,330,180,0,0,0,0,0,0,1
MLB,2024,LAD,606192,Teoscar Hernández,642,0,76,36,311,119,100,0,0,0
MLB,2024,LAD,621035,Chris Taylor,241,2,5,5,9,12,7,57,61,83
MLB,2024,LAD,624415,Cavan Biggio,83,0,0,2,1,0,15,19,25,21
MLB,2024,LAD,642708,Amed Rosario,12,0,0,1,0,7,0,4,0,0
MLB,2024,LAD,660271,Shohei Ohtani,717,411,306,0,0,0,0,0,0,0
MLB,2024,LAD,666158,Gavin Lux,483,0,0,48,4,77,89,69,110,86
MLB,2024,LAD,666211,Taylor Trammell,6,0,0,1,0,0,0,0,0,5
MLB,2024,LAD,669242,Tommy Edman,150,0,0,0,8,46,49,24,16,7
MLB,2024,LAD,669257,Will Smith,527,0,129,13,267,46,60,4,4,4
MLB,2024,LAD,676439,Hunter Feduccia,14,0,0,0,2,1,0,0,3,8
MLB,2024,LAD,678246,Miguel Vargas,79,0,2,1,1,6,16,12,31,10
MLB,2024,LAD,681546,James Outman,152,0,2,1,1,7,16,81,16,28
MLB,2024,LAD,681624,Andy Pages,432,0,4,3,47,110,64,102,71,31
MLB,2024,MIA,541645,Avisaíl García,51,0,0,0,3,2,21,20,4,1
MLB,2024,MIA,542194,Christian Bethancourt,85,0,0,3,0,0,0,0,6,76
MLB,2024,MIA,605137,Josh Bell,432,0,77,234,121,0,0,0,0,0
MLB,2024,MIA,624503,Nick Gordon,271,3,0,0,3,7,104,102,47,5
MLB,2024,MIA,640902,Jhonny Pereda,39,0,0,0,1,0,0,0,0,38
MLB,2024,MIA,641313,Tim Anderson,241,4,0,0,12,20,111,81,12,1
MLB,2024,MIA,645305,Ali Sánchez,88,0,0,1,0,0,0,0,4,83
MLB,2024,MIA,650333,Luis Arraez,145,145,0,0,0,0,0,0,0,0
MLB,2024,MIA,650559,Bryan De La Cruz,449,8,341,40,34,15,0,11,0,0
MLB,2024,MIA,656484,Tristan Gray,7,1,0,0,0,0,0,0,3,3
MLB,2024,MIA,656537,Derek Hill,109,0,4,2,19,29,4,37,14,0
MLB,2024,MIA,656896,Emmanuel Rivera,221,0,0,8,2,30,35,61,83,2
MLB,2024,MIA,657088,Forrest Wall,3,0,0,0,0,0,0,0,2,1
MLB,2024,MIA,660644,Vidal Bruján,273,7,3,0,1,0,0,62,174,26
MLB,2024,MIA,660821,Jesús Sánchez,530,4,20,97,196,146,35,17,7,8
MLB,2024,MIA,663743,Nick Fortes,319,0,0,0,0,0,0,0,24,295
MLB,2024,MIA,665052,Griffin Conine,88,0,0,2,0,9,30,19,26,2
MLB,2024,MIA,665506,Cristian Pache,64,0,0,0,0,5,8,29,21,1
MLB,2024,MIA,665862,Jazz Chisholm Jr.,425,260,5,47,37,67,8,1,0,0
MLB,2024,MIA,667472,Dane Myers,103,22,0,3,11,15,30,20,1,1
MLB,2024,MIA,669065,Kyle Stowers,169,5,0,4,10,50,45,26,29,0
MLB,2024,MIA,669364,Xavier Edwards,298,201,18,0,0,4,41,23,9,2
MLB,2024,MIA,669394,Jake Burger,566,4,132,195,105,128,0,0,0,2
MLB,2024,MIA,672640,Otto Lopez,428,7,8,0,17,66,143,93,86,8
MLB,2024,MIA,672701,José Devers,4,0,0,0,0,0,0,4,0,0
MLB,2024,MIA,681146,Jonah Bride,262,0,4,53,103,55,16,14,14,3
MLB,2024,MIA,681393,Connor Norby,161,48,92,4,5,8,4,0,0,0
MLB,2024,MIA,682073,David Hensley,58,0,0,2,1,6,12,4,28,5
MLB,2024,MIA,691594,Javier Sanoja,36,7,0,0,0,0,4,6,13,6
MLB,2024,MIL,571948,Hoby Milner,0,0,0,0,0,0,0,0,0,0
MLB,2024,MIL,592885,Christian Yelich,310,0,9,301,0,0,0,0,0,0
MLB,2024,MIL,596142,Gary Sánchez,272,2,2,26,34,47,74,51,35,1
MLB,2024,MIL,606303,Joel Payamps,0,0,0,0,0,0,0,0,0,0
MLB,2024,MIL,606992,Eric Haase,69,0,0,0,1,7,0,2,10,49
MLB,2024,MIL,641343,Jake Bauers,341,1,3,21,61,110,67,40,33,5
MLB,2024,MIL,642715,Willy Adames,684,0,12,86,438,148,0,0,0,0
MLB,2024,MIL,643361,Kevin Herget,0,0,0,0,0,0,0,0,0,0
MLB,2024,MIL,655316,Andruw Monasterio,141,18,1,4,0,3,7,18,40,50
MLB,2024,MIL,656555,Rhys Hoskins,502,0,36,14,39,124,193,95,1,0
MLB,2024,MIL,656730,Trevor Megill,0,0,0,0,0,0,0,0,0,0
MLB,2024,MIL,661388,William Contreras,673,35,431,146,59,0,0,0,2,0
MLB,2024,MIL,663368,Blake Perkins,425,0,45,4,7,42,74,63,56,134
MLB,2024,MIL,665625,Elvis Peguero,0,0,0,0,0,0,0,0,0,0
MLB,2024,MIL,668930,Brice Turang,609,380,5,0,0,13,16,50,47,98
MLB,2024,MIL,669003,Garrett Mitchell,221,3,17,41,37,30,29,32,12,20
MLB,2024,MIL,669952,Mitch White,0,0,0,0,0,0,0,0,0,0
MLB,2024,MIL,672012,Tyler Black,56,0,3,28,6,0,7,11,0,1
MLB,2024,MIL,676551,Brewer Hicklen,5,0,0,0,0,2,3,0,0,0
MLB,2024,MIL,676896,Chris Roller,1,0,0,0,0,1,0,0,0,0
MLB,2024,MIL,680911,Owen Miller,27,2,0,1,0,1,0,14,9,0
MLB,2024,MIL,681962,Vinny Capra,9,0,0,0,1,0,0,0,4,4
MLB,2024,MIL,686217,Sal Frelick,514,81,3,21,4,79,85,141,88,12
MLB,2024,MIL,686554,Oliver Dunn,101,20,1,0,4,19,6,16,29,6
MLB,2024,MIL,686555,Isaac Collins,19,2,1,0,0,0,5,4,4,3
MLB,2024,MIL,686894,Joey Wiemer,27,4,1,0,1,0,0,0,5,16
MLB,2024,MIL,687401,Joey Ortiz,496,45,12,7,1,16,77,69,153,116
MLB,2024,MIL,694192,Jackson Chourio,567,152,138,10,0,26,14,39,98,90
MLB,2024,MIN,467793,Carlos Santana,584,19,18,36,45,141,141,92,88,4
MLB,2024,MIN,543877,Christian Vázquez,305,0,0,2,0,1,5,34,86,177
MLB,2024,MIN,571657,Kyle Farmer,233,16,5,4,6,13,29,42,60,58
MLB,2024,MIN,596146,Max Kepler,386,9,3,16,182,71,42,42,20,1
MLB,2024,MIN,621043,Carlos Correa,355,0,188,70,16,79,2,0,0,0
MLB,2024,MIN,621439,Byron Buxton,375,33,38,70,38,79,39,78,0,0
MLB,2024,MIN,622534,Manuel Margot,332,147,14,26,14,17,20,34,42,18
MLB,2024,MIN,650489,Willi Castro,604,213,10,21,1,38,121,85,72,43
MLB,2024,MIN,660636,Diego Castillo,8,0,3,0,0,0,0,3,0,2
MLB,2024,MIN,663616,Trevor Larnach,392,50,192,68,34,14,17,6,7,4
MLB,2024,MIN,665856,Jair Camargo,7,0,0,0,1,0,0,2,4,0
MLB,2024,MIN,666135,Alex Kirilloff,174,32,24,42,8,7,24,21,13,3
MLB,2024,MIN,666397,Edouard Julien,299,147,35,6,7,8,12,26,25,33
MLB,2024,MIN,668885,Austin Martin,249,1,12,2,1,10,25,13,28,157
MLB,2024,MIN,668904,Royce Lewis,320,0,39,152,73,49,4,1,0,2
MLB,2024,MIN,669304,Jose F Miranda,414,4,33,55,130,57,62,13,24,36
MLB,2024,MIN,670242,Matt Wallner,244,8,24,40,72,26,18,28,17,11
MLB,2024,MIN,680577,DaShawn Keirsey Jr.,13,0,0,0,1,0,0,0,3,9
MLB,2024,MIN,680737,Michael Helman,10,0,2,0,0,0,1,4,0,3
MLB,2024,MIN,680777,Ryan Jeffers,440,42,60,68,34,54,50,65,65,2
MLB,2024,MIN,686797,Brooks Lee,180,8,0,15,10,0,32,35,55,25
MLB,2024,NYM,502110,J.D. Martinez,483,0,0,223,122,57,75,4,1,1
MLB,2024,NYM,516782,Starling Marte,362,0,145,8,1,111,60,33,0,4
MLB,2024,NYM,518617,Jake Diekman,0,0,0,0,0,0,0,0,0,0
MLB,2024,NYM,553882,Omar Narváez,68,0,0,0,0,0,4,2,4,58
MLB,2024,NYM,578428,Jose Iglesias,282,43,38,0,0,11,51,76,49,14
MLB,2024,NYM,592325,Ben Gamel,30,0,1,2,1,1,0,8,12,5
MLB,2024,NYM,596019,Francisco Lindor,674,488,60,123,0,0,0,0,3,0
MLB,2024,NYM,605347,Jorge López,0,0,0,0,0,0,0,0,0,0
MLB,2024,NYM,607043,Brandon Nimmo,648,176,264,161,28,17,1,1,0,0
MLB,2024,NYM,608385,Jesse Winker,125,1,6,14,17,62,17,3,3,2
MLB,2024,NYM,620443,Luis Torrens,127,0,0,2,0,1,28,26,37,33
MLB,2024,NYM,621242,Edwin Díaz,0,0,0,0,0,0,0,0,0,0
MLB,2024,NYM,621438,Tyrone Taylor,338,17,7,2,5,34,93,76,51,53
MLB,2024,NYM,621466,DJ Stewart,189,4,4,6,18,76,32,13,19,17
MLB,2024,NYM,621512,Tomás Nido,87,0,0,0,0,0,0,0,0,87
MLB,2024,NYM,621529,Joe Hudson,0,0,0,0,0,0,0,0,0,0
MLB,2024,NYM,621563,Joey Wendle,37,0,0,5,0,1,2,3,10,16
MLB,2024,NYM,622569,Pablo Reyes,0,0,0,0,0,0,0,0,0,0
MLB,2024,NYM,624413,Pete Alonso,678,0,108,76,443,49,0,1,1,0
MLB,2024,NYM,643446,Jeff McNeil,459,0,0,0,7,34,90,125,161,42
MLB,2024,NYM,657193,Eddy Alvarez,10,3,0,1,0,0,0,0,0,6
MLB,2024,NYM,664056,Harrison Bader,423,0,13,0,2,18,6,90,99,195
MLB,2024,NYM,668901,Mark Vientos,446,0,79,68,14,92,122,65,6,0
MLB,2024,NYM,670097,Zack Short,11,0,0,0,0,1,0,0,6,4
MLB,2024,NYM,682626,Francisco Alvarez,338,0,0,16,18,41,44,91,105,23
MLB,2024,NYM,682668,Luisangel Acuña,40,7,0,0,0,0,0,0,0,33
MLB,2024,NYM,683146,Brett Baty,169,0,4,0,13,52,26,16,57,1
MLB,2024,NYY,518934,DJ LeMahieu,220,5,0,0,0,3,27,41,43,101
MLB,2024,NYY,519203,Anthony Rizzo,364,0,0,0,68,78,133,63,21,1
MLB,2024,NYY,519317,Giancarlo Stanton,451,0,0,7,175,264,2,2,0,1
MLB,2024,NYY,542932,Jon Berti,69,1,0,0,0,8,4,8,16,32
MLB,2024,NYY,592450,Aaron Judge,688,0,0,688,0,0,0,0,0,0
MLB,2024,NYY,605204,J.D. Davis,22,0,0,0,14,0,3,4,0,1
MLB,2024,NYY,624431,Jose Trevino,226,0,0,0,0,0,10,21,136,59
MLB,2024,NYY,650402,Gleyber Torres,648,262,0,4,5,125,108,140,4,0
MLB,2024,NYY,657077,Alex Verdugo,604,82,16,0,208,52,88,74,22,62
MLB,2024,NYY,663330,Jahmai Jones,44,4,1,4,0,3,4,2,9,17
MLB,2024,NYY,663757,Trent Grisham,201,2,9,4,3,6,17,20,60,80
MLB,2024,NYY,665742,Juan Soto,701,0,700,0,0,0,0,1,0,0
MLB,2024,NYY,665828,Oswaldo Cabrera,317,0,0,0,2,3,3,34,109,166
MLB,2024,NYY,665862,Jazz Chisholm Jr.,190,0,0,4,22,64,81,19,0,0
MLB,2024,NYY,665966,Carlos Narváez,15,0,0,0,2,0,0,0,5,8
MLB,2024,NYY,666211,Taylor Trammell,2,0,1,1,0,0,0,0,0,0
MLB,2024,NYY,668752,Duke Ellis,1,0,0,1,0,0,0,0,0,0
MLB,2024,NYY,669224,Austin Wells,401,0,5,1,168,24,39,38,100,26
MLB,2024,NYY,672724,Oswald Peraza,11,0,0,0,0,0,0,0,4,7
MLB,2024,NYY,675656,Kevin Smith,0,0,0,0,0,0,0,0,0,0
MLB,2024,NYY,683011,Anthony Volpe,675,344,0,0,0,26,80,135,57,33
MLB,2024,NYY,691176,Jasson Domínguez,67,5,0,0,8,10,25,18,1,0
MLB,2024,NYY,700250,Ben Rice,172,48,4,0,20,4,32,16,38,10
MLB,2024,OAK,605204,J.D. Davis,132,0,4,15,20,35,36,14,7,1
MLB,2024,OAK,609280,Miguel Andujar,315,2,187,47,79,0,0,0,0,0
MLB,2024,OAK,647351,Abraham Toro,357,226,1,9,2,38,48,26,3,4
MLB,2024,OAK,649557,Aledmys Díaz,30,0,0,0,0,0,0,0,15,15
MLB,2024,OAK,656484,Tristan Gray,24,0,0,0,1,5,0,14,4,0
MLB,2024,OAK,663527,Tyler Nevin,270,2,74,0,16,63,32,49,32,2
MLB,2024,OAK,663662,Daz Cameron,183,31,1,2,8,30,58,27,25,1
MLB,2024,OAK,664913,Seth Brown,397,6,0,8,80,129,92,65,12,5
MLB,2024,OAK,665923,Esteury Ruiz,59,42,1,4,0,1,0,1,5,5
MLB,2024,OAK,667670,Brent Rooker,605,0,186,219,186,3,11,0,0,0
MLB,2024,OAK,668709,JJ Bleday,639,59,166,325,22,7,30,9,16,5
MLB,2024,OAK,668832,Kyle McCann,156,0,1,3,2,20,21,60,30,19
MLB,2024,OAK,669127,Shea Langeliers,523,0,0,41,204,157,74,29,15,3
MLB,2024,OAK,669137,Armando Alvarez,39,1,1,1,1,5,0,23,6,1
MLB,2024,OAK,669397,Nick Allen,102,0,0,0,1,0,1,3,27,70
MLB,2024,OAK,671732,Lawrence Butler,447,274,2,0,8,6,27,57,57,16
MLB,2024,OAK,676116,Ryan Noda,109,33,3,0,2,6,7,25,17,16
MLB,2024,OAK,680474,Max Schuemann,443,32,0,1,2,3,6,47,78,274
MLB,2024,OAK,680869,Zack Gelof,535,5,71,16,0,59,159,110,99,16
MLB,2024,OAK,687231,Darell Hernaiz,131,1,0,0,0,0,6,22,65,37
MLB,2024,OAK,691016,Tyler Soderstrom,209,0,4,8,41,94,14,30,17,1
MLB,2024,OAK,695391,Brett Harris,120,0,0,0,0,0,0,0,74,46
MLB,2024,OAK,805779,Jacob Wilson,100,10,0,0,0,0,16,16,11,47
MLB,2024,PHI,547180,Bryce Harper,626,0,0,626,0,0,0,0,0,0
MLB,2024,PHI,592206,Nick Castellanos,647,0,42,1,120,218,159,107,0,0
MLB,2024,PHI,592663,J.T. Realmuto,407,0,103,9,78,64,104,49,0,0
MLB,2024,PHI,593160,Whit Merrifield,171,15,6,0,3,5,37,55,36,14
MLB,2024,PHI,596117,Garrett Stubbs,181,1,2,0,1,0,3,4,70,100
MLB,2024,PHI,605244,Aramis Garcia,7,0,0,0,0,1,0,0,0,6
MLB,2024,PHI,607208,Trea Turner,532,0,532,0,0,0,0,0,0,0
MLB,2024,PHI,621311,David Dahl,61,0,0,0,0,1,4,26,29,1
MLB,2024,PHI,624641,Edmundo Sosa,262,0,10,3,4,11,78,75,74,7
MLB,2024,PHI,642215,Weston Wilson,96,0,0,4,4,1,8,35,38,6
MLB,2024,PHI,656941,Kyle Schwarber,679,678,0,0,0,0,0,0,1,0
MLB,2024,PHI,664761,Alec Bohm,594,0,9,54,433,94,0,0,0,4
MLB,2024,PHI,665019,Kody Clemens,119,1,0,3,0,6,31,27,33,18
MLB,2024,PHI,665506,Cristian Pache,117,1,0,0,0,1,3,13,54,45
MLB,2024,PHI,665561,Rafael Marchán,54,0,0,0,0,0,0,9,12,33
MLB,2024,PHI,669016,Brandon Marsh,468,1,0,0,34,85,93,147,94,14
MLB,2024,PHI,669720,Austin Hays,78,0,5,0,0,0,11,5,11,46
MLB,2024,PHI,670276,Cal Stevenson,27,0,1,0,2,0,1,0,6,17
MLB,2024,PHI,671083,Buddy Kennedy,13,3,3,0,0,0,1,0,6,0
MLB,2024,PHI,679032,Johan Rojas,351,2,0,4,0,0,0,2,62,281
MLB,2024,PHI,681082,Bryson Stott,559,43,19,5,12,185,125,76,91,3
MLB,2024,PIT,457705,Andrew McCutchen,506,357,0,0,101,42,3,0,2,1
MLB,2024,PIT,518735,Yasmani Grandal,239,0,0,0,0,5,22,81,83,48
MLB,2024,PIT,572191,Michael A. Taylor,292,3,0,1,3,0,12,25,79,169
MLB,2024,PIT,641511,Jason Delay,18,1,0,0,0,0,0,0,0,17
MLB,2024,PIT,641856,Billy McKinney,27,0,3,0,0,0,5,15,0,4
MLB,2024,PIT,641943,Joshua Palacios,77,12,0,1,5,18,24,11,4,2
MLB,2024,PIT,642133,Rowdy Tellez,414,4,0,17,102,146,77,46,17,5
MLB,2024,PIT,643396,Isiah Kiner-Falefa,211,176,0,6,4,5,18,0,0,2
MLB,2024,PIT,650559,Bryan De La Cruz,164,0,0,0,22,24,86,14,16,2
MLB,2024,PIT,656582,Connor Joe,408,59,0,139,104,28,21,46,8,3
MLB,2024,PIT,658668,Edward Olivares,190,5,0,0,63,79,24,17,1,1
MLB,2024,PIT,663647,Ke'Bryan Hayes,388,24,0,141,0,73,80,68,0,2
MLB,2024,PIT,663698,Joey Bart,275,1,0,46,60,44,24,31,51,18
MLB,2024,PIT,665833,Oneil Cruz,592,50,23,312,82,20,32,50,19,4
MLB,2024,PIT,667428,Grant Koch,8,0,0,0,1,0,0,0,0,7
MLB,2024,PIT,668804,Bryan Reynolds,679,0,679,0,0,0,0,0,0,0
MLB,2024,PIT,669261,Jack Suwinski,274,0,1,1,50,45,46,44,54,33
MLB,2024,PIT,669707,Jared Triolo,436,4,0,5,0,5,69,139,157,57
MLB,2024,PIT,675961,Alika Williams,90,4,0,0,2,0,0,1,7,76
MLB,2024,PIT,678225,Jihwan Bae,80,1,1,0,0,0,0,11,34,33
MLB,2024,PIT,678894,Liover Peguero,10,0,0,0,0,0,0,0,0,10
MLB,2024,PIT,680779,Henry Davis,117,0,0,0,1,10,10,13,29,54
MLB,2024,PIT,693304,Nick Gonzales,377,26,4,31,88,122,93,11,1,1
MLB,2024,PIT,694377,Nick Yorke,41,0,0,0,0,0,0,15,26,0
MLB,2024,PIT,695257,Billy Cook,49,0,0,0,0,0,0,4,11,34
MLB,2024,SD,444482,David Peralta,258,0,1,2,5,4,45,162,29,10
MLB,2024,SD,456781,Donovan Solano,305,3,50,9,12,122,55,9,36,9
MLB,2024,SD,543309,Kyle Higashioka,261,0,0,0,0,0,0,12,72,177
MLB,2024,SD,553869,Elias Díaz,24,0,0,0,0,0,0,3,8,13
MLB,2024,SD,592518,Manny Machado,638,0,0,39,539,59,0,0,0,1
MLB,2024,SD,593428,Xander Bogaerts,456,129,0,45,11,158,112,0,0,1
MLB,2024,SD,595777,Jurickson Profar,640,80,211,211,25,71,42,0,0,0
MLB,2024,SD,605113,Nick Ahmed,7,0,0,0,0,4,3,0,0,0
MLB,2024,SD,630105,Jake Cronenworth,638,0,4,380,95,93,21,41,4,0
MLB,2024,SD,640492,José Azócar,78,3,3,4,0,7,7,0,26,28
MLB,2024,SD,642180,Tyler Wade,149,6,8,2,0,1,0,21,35,76
MLB,2024,SD,650333,Luis Arraez,516,512,1,0,0,0,0,1,0,2
MLB,2024,SD,663604,Brandon Lockridge,12,0,0,2,0,0,0,0,4,6
MLB,2024,SD,664954,Brett Sullivan,17,0,0,1,0,0,0,0,9,7
MLB,2024,SD,665487,Fernando Tatis Jr.,430,0,428,0,0,0,0,1,0,1
MLB,2024,SD,666703,Eguy Rosario,55,0,1,1,1,1,1,20,19,11
MLB,2024,SD,666745,Jhony Brito,0,0,0,0,0,0,0,0,0,0
MLB,2024,SD,669134,Luis Campusano,297,1,0,0,0,0,27,92,123,54
MLB,2024,SD,669200,Mason McCoy,54,0,0,0,0,2,0,0,0,52
MLB,2024,SD,669369,Bryce Johnson,70,0,1,0,2,0,0,11,8,48
MLB,2024,SD,673490,Ha-Seong Kim,461,0,2,0,0,82,87,82,153,55
MLB,2024,SD,676946,Matthew Batten,3,0,0,0,0,0,0,0,3,0
MLB,2024,SD,688363,Graham Pauley,32,0,2,0,0,3,2,1,21,3
MLB,2024,SD,701538,Jackson Merrill,583,5,1,4,0,58,236,184,62,33
MLB,2024,SEA,457759,Justin Turner,179,0,0,12,37,60,62,6,0,2
MLB,2024,SEA,571745,Mitch Haniger,420,2,26,21,99,52,68,90,60,2
MLB,2024,SEA,592773,Ryne Stanek,0,0,0,0,0,0,0,0,0,0
MLB,2024,SEA,593871,Jorge Polanco,463,0,14,132,27,131,78,74,6,1
MLB,2024,SEA,608723,Austin Voth,0,0,0,0,0,0,0,0,0,0
MLB,2024,SEA,613564,Jason Vosler,30,0,0,0,0,1,14,8,1,6
MLB,2024,SEA,622491,Luis Castillo,1,0,0,0,0,0,1,0,0,0
MLB,2024,SEA,641487,J.P. Crawford,444,359,0,0,0,0,0,35,45,5
MLB,2024,SEA,641598,Mitch Garver,420,3,33,13,81,83,62,94,50,1
MLB,2024,SEA,645302,Victor Robles,245,166,20,1,1,0,9,11,13,24
MLB,2024,SEA,649966,Luis Urías,103,0,0,1,0,0,4,16,49,33
MLB,2024,SEA,657508,Mike Baumann,0,0,0,0,0,0,0,0,0,0
MLB,2024,SEA,660844,Leo Rivas,83,1,1,0,1,2,1,0,3,74
MLB,2024,SEA,663423,Trent Thornton,0,0,0,0,0,0,0,0,0,0
MLB,2024,SEA,663728,Cal Raleigh,616,0,38,285,160,72,28,21,5,7
MLB,2024,SEA,664034,Ty France,328,0,4,22,41,88,103,38,30,2
MLB,2024,SEA,664059,Sam Haggerty,16,0,0,0,1,0,0,0,3,12
MLB,2024,SEA,664238,Dylan Moore,421,17,53,0,1,12,73,58,81,126
MLB,2024,SEA,664874,Seby Zavala,42,0,0,1,1,0,0,0,5,35
MLB,2024,SEA,668227,Randy Arozarena,227,0,71,39,113,4,0,0,0,0
MLB,2024,SEA,668942,Josh Rojas,468,93,91,0,1,7,15,34,82,145
MLB,2024,SEA,669208,Ryan Bliss,68,1,0,0,0,1,1,2,9,54
MLB,2024,SEA,669392,Samad Taylor,5,0,1,0,0,0,0,0,2,2
MLB,2024,SEA,670042,Luke Raley,431,22,4,23,59,121,84,33,65,20
MLB,2024,SEA,677594,Julio Rodríguez,605,48,349,141,39,8,12,8,0,0
MLB,2024,SEA,682729,Jonatan Clase,43,0,1,0,0,0,0,3,16,23
MLB,2024,SEA,682988,Tyler Locklear,48,1,0,0,0,0,8,23,16,0
MLB,2024,SEA,686527,Dominic Canzone,186,1,1,1,5,15,16,73,67,7
MLB,2024,SEA,687799,Cade Marlowe,9,3,2,0,1,0,0,0,0,3
MLB,2024,SF,527038,Wilmer Flores,234,0,55,51,25,62,14,19,3,5
MLB,2024,SF,573262,Mike Yastrzemski,466,104,20,0,0,26,100,142,65,9
MLB,2024,SF,592192,Mark Canha,82,12,30,1,3,19,12,3,0,2
MLB,2024,SF,592200,Curt Casali,121,0,0,0,0,0,0,4,41,76
MLB,2024,SF,595284,Andrew Knapp,6,0,0,0,0,0,0,0,0,6
MLB,2024,SF,596103,Austin Slater,106,60,15,5,2,2,9,4,7,2
MLB,2024,SF,605113,Nick Ahmed,165,0,1,0,0,0,0,6,25,133
MLB,2024,SF,608596,Tom Murphy,38,0,0,1,0,6,12,1,18,0
MLB,2024,SF,622268,Donovan Walton,24,0,0,2,0,1,0,0,11,10
MLB,2024,SF,624424,Michael Conforto,480,6,2,81,170,109,74,31,4,3
MLB,2024,SF,624585,Jorge Soler,385,129,26,65,44,35,80,5,0,1
MLB,2024,SF,642731,Thairo Estrada,374,9,61,47,0,8,77,114,41,17
MLB,2024,SF,656305,Matt Chapman,639,0,12,45,333,201,40,8,0,0
MLB,2024,SF,656537,Derek Hill,13,0,0,0,0,0,0,0,0,13
MLB,2024,SF,656883,Jakson Reetz,15,0,0,0,0,0,0,2,1,12
MLB,2024,SF,663630,Ryan McKenna,6,0,0,0,0,1,1,2,2,0
MLB,2024,SF,664774,LaMonte Wade Jr.,393,47,197,90,12,29,6,6,3,3
MLB,2024,SF,666149,Tyler Fitzgerald,336,97,43,5,4,24,47,23,54,39
MLB,2024,SF,666165,Blake Sabol,37,0,0,0,0,0,0,21,15,1
MLB,2024,SF,666464,Jerar Encarnacion,118,1,10,5,4,21,48,7,21,1
MLB,2024,SF,669477,Casey Schmitt,111,0,7,0,4,5,3,26,40,26
MLB,2024,SF,670092,Trenton Brooks,29,0,0,0,0,0,0,4,6,19
MLB,2024,SF,671218,Heliot Ramos,512,23,189,188,17,13,36,34,11,1
MLB,2024,SF,672275,Patrick Bailey,440,1,17,85,67,83,52,55,75,5
MLB,2024,SF,681584,David Villar,36,1,0,0,0,5,7,8,15,0
MLB,2024,SF,682617,Marco Luciano,81,4,1,0,2,0,7,14,32,21
MLB,2024,SF,682641,Luis Matos,155,48,4,5,0,21,21,31,10,15
MLB,2024,SF,687529,Grant McCray,130,5,0,0,1,0,8,29,50,37
MLB,2024,SF,689172,Brett Wisely,265,52,15,0,0,0,1,25,55,117
MLB,2024,SF,808982,Jung Hoo Lee,155,132,0,21,0,0,0,2,0,0
MLB,2024,STL,502054,Tommy Pham,75,0,12,10,1,8,10,6,24,4
MLB,2024,STL,502671,Paul Goldschmidt,646,0,86,285,116,84,28,47,0,0
MLB,2024,STL,543063,Brandon Crawford,79,0,0,2,0,2,1,31,35,8
MLB,2024,STL,552640,Andrew Kittredge,0,0,0,0,0,0,0,0,0,0
MLB,2024,STL,571448,Nolan Arenado,622,0,0,69,345,151,57,0,0,0
MLB,2024,STL,572761,Matt Carpenter,152,22,2,6,3,9,25,42,34,9
MLB,2024,STL,575929,Willson Contreras,346,0,108,195,0,42,0,0,1,0
MLB,2024,STL,663457,Lars Nootbaar,400,0,77,43,16,40,122,81,14,7
MLB,2024,STL,663609,Luken Baker,47,0,13,9,13,1,1,4,5,1
MLB,2024,STL,664854,Ryan Helsley,0,0,0,0,0,0,0,0,0,0
MLB,2024,STL,665877,José Fermín,78,9,7,0,3,2,5,10,32,10
MLB,2024,STL,666185,Dylan Carlson,133,0,5,0,1,8,21,50,20,28
MLB,2024,STL,667463,John King,0,0,0,0,0,0,0,0,0,0
MLB,2024,STL,668941,JoJo Romero,0,0,0,0,0,0,0,0,0,0
MLB,2024,STL,669357,Nolan Gorman,399,0,4,45,69,62,23,95,98,3
MLB,2024,STL,671056,Iván Herrera,254,1,0,4,26,61,108,43,7,4
MLB,2024,STL,672279,Michael Siani,319,0,1,1,0,4,1,2,3,307
MLB,2024,STL,676475,Alec Burleson,582,0,386,27,12,55,77,20,3,2
MLB,2024,STL,680977,Brendan Donovan,634,228,14,0,79,141,110,41,17,4
MLB,2024,STL,681517,Kyle Leahy,0,0,0,0,0,0,0,0,0,0
MLB,2024,STL,681676,Ryan Fernandez,0,0,0,0,0,0,0,0,0,0
MLB,2024,STL,686780,Pedro Pagés,215,0,2,0,0,1,0,8,160,44
MLB,2024,STL,687363,Victor Scott II,151,6,1,0,0,0,1,5,17,121
MLB,2024,STL,691023,Jordan Walker,174,0,0,0,0,4,44,78,43,5
MLB,2024,STL,691026,Masyn Winn,628,466,0,0,0,0,10,41,91,20
MLB,2024,STL,695336,Thomas Saggese,51,0,0,0,0,0,12,31,8,0
MLB,2024,TB,542963,Rob Brantly,9,0,0,0,0,0,0,0,6,3
MLB,2024,TB,592348,Niko Goodrum,17,1,1,0,0,0,4,7,0,4
MLB,2024,TB,623912,Harold Ramírez,167,0,37,40,13,38,31,3,2,3
MLB,2024,TB,642350,Jose Siri,433,0,0,2,5,38,71,144,72,101
MLB,2024,TB,642708,Amed Rosario,271,15,10,40,10,106,60,21,5,4
MLB,2024,TB,650490,Yandy Díaz,613,567,12,14,15,2,1,1,0,1
MLB,2024,TB,650907,René Pinto,46,0,0,0,0,0,0,0,0,46
MLB,2024,TB,656577,Alex Jackson,151,0,0,1,0,0,2,9,21,118
MLB,2024,TB,664040,Brandon Lowe,418,0,316,74,11,10,0,3,1,3
MLB,2024,TB,666018,Jonathan Aranda,140,2,18,5,72,14,16,3,6,4
MLB,2024,TB,666139,Josh Lowe,385,4,50,23,157,90,49,9,2,1
MLB,2024,TB,666163,Ben Rortvedt,324,0,0,0,0,4,34,61,171,54
MLB,2024,TB,666185,Dylan Carlson,124,14,15,13,5,35,24,10,1,7
MLB,2024,TB,666624,Christopher Morel,187,41,0,48,51,21,18,7,0,1
MLB,2024,TB,668227,Randy Arozarena,395,0,130,134,60,56,12,1,0,2
MLB,2024,TB,668853,Austin Shenton,50,2,0,0,6,14,11,9,5,3
MLB,2024,TB,670224,Kameron Misner,15,2,0,1,2,0,0,0,6,4
MLB,2024,TB,670623,Isaac Paredes,415,0,45,101,233,36,0,0,0,0
MLB,2024,TB,670764,Taylor Walls,249,1,3,0,1,0,12,47,87,98
MLB,2024,TB,676356,Jonny DeLuca,356,12,9,17,3,74,83,76,53,29
MLB,2024,TB,676609,José Caballero,468,5,0,14,1,40,75,162,106,65
MLB,2024,TB,678554,Curtis Mead,128,0,1,16,1,8,47,24,19,12
MLB,2024,TB,680700,Richie Palacios,309,57,35,31,2,52,83,25,21,3
MLB,2024,TB,686482,Logan Driscoll,36,0,0,0,0,0,7,0,19,10
MLB,2024,TB,691406,Junior Caminero,176,0,17,108,19,26,5,0,0,1
MLB,2024,TEX,489446,Kirby Yates,0,0,0,0,0,0,0,0,0,0
MLB,2024,TEX,502085,David Robertson,0,0,0,0,0,0,0,0,0,0
MLB,2024,TEX,543257,Robbie Grossman,121,0,14,40,0,2,17,18,25,5
MLB,2024,TEX,543760,Marcus Semien,714,663,0,51,0,0,0,0,0,0
MLB,2024,TEX,570632,José Ureña,0,0,0,0,0,0,0,0,0,0
MLB,2024,TEX,600917,José Leclerc,0,0,0,0,0,0,0,0,0,0
MLB,2024,TEX,608348,Carson Kelly,110,0,0,0,0,0,7,17,67,19
MLB,2024,TEX,608369,Corey Seager,528,0,527,0,0,0,0,0,1,0
MLB,2024,TEX,608671,Travis Jankowski,202,4,6,4,2,3,12,64,65,42
MLB,2024,TEX,622110,Matt Duffy,9,0,0,0,1,0,0,0,4,4
MLB,2024,TEX,641680,Jonah Heim,485,0,0,13,8,70,80,188,109,17
MLB,2024,TEX,642546,Jonathan Hernández,0,0,0,0,0,0,0,0,0,0
MLB,2024,TEX,656537,Derek Hill,45,0,0,0,0,1,0,9,22,13
MLB,2024,TEX,656641,Jacob Latz,0,0,0,0,0,0,0,0,0,0
MLB,2024,TEX,660758,Sandro Fabian,5,0,0,0,1,0,0,4,0,0
MLB,2024,TEX,663993,Nathaniel Lowe,557,0,0,139,42,193,173,8,2,0
MLB,2024,TEX,665120,Jared Walsh,60,0,0,0,0,4,18,26,12,0
MLB,2024,TEX,665750,Leody Taveras,522,0,2,3,0,25,23,42,60,367
MLB,2024,TEX,666720,Yerry Rodríguez,0,0,0,0,0,0,0,0,0,0
MLB,2024,TEX,666969,Adolis García,625,0,0,30,484,86,3,22,0,0
MLB,2024,TEX,668800,Andrew Knizner,91,0,0,0,0,0,4,3,56,28
MLB,2024,TEX,669087,Sam Huff,4,0,0,0,0,0,0,0,4,0
MLB,2024,TEX,669391,Owen White,0,0,0,0,0,0,0,0,0,0
MLB,2024,TEX,669701,Josh Smith,569,63,114,208,8,62,56,35,19,4
MLB,2024,TEX,673962,Josh Jung,186,0,0,25,27,22,106,6,0,0
MLB,2024,TEX,673995,Davis Wendzel,48,2,6,0,0,1,0,12,16,11
MLB,2024,TEX,677649,Ezequiel Duran,282,0,4,3,2,22,40,83,98,30
MLB,2024,TEX,679822,Justin Foscue,44,1,0,0,0,1,7,0,24,11
MLB,2024,TEX,680716,Jonathan Ornelas,39,2,2,0,0,0,1,0,0,34
MLB,2024,TEX,687957,Dustin Harris,7,0,0,0,0,0,0,0,7,0
MLB,2024,TEX,694497,Evan Carter,159,0,9,53,4,46,12,5,21,9
MLB,2024,TEX,694671,Wyatt Langford,550,0,28,116,94,122,95,95,0,0
MLB,2024,TOR,457759,Justin Turner,338,0,20,29,205,56,22,6,0,0
MLB,2024,TOR,543807,George Springer,602,445,0,0,9,59,66,20,1,2
MLB,2024,TOR,595281,Kevin Kiermaier,210,0,0,0,1,0,1,20,25,163
MLB,2024,TOR,596129,Daniel Vogelbach,79,0,0,0,23,32,15,4,4,1
MLB,2024,TOR,623168,Tyler Heineman,13,0,0,0,0,0,0,0,0,13
MLB,2024,TOR,624415,Cavan Biggio,124,0,0,0,0,22,12,22,20,48
MLB,2024,TOR,643338,Chad Green,0,0,0,0,0,0,0,0,0,0
MLB,2024,TOR,643376,Danny Jansen,223,1,83,0,14,70,22,31,0,2
MLB,2024,TOR,643396,Isiah Kiner-Falefa,268,17,7,0,0,2,0,42,173,27
MLB,2024,TOR,650893,Génesis Cabrera,0,0,0,0,0,0,0,0,0,0
MLB,2024,TOR,661531,Brian Serven,68,3,0,0,0,1,2,5,9,48
MLB,2024,TOR,662139,Daulton Varsho,505,8,173,4,39,108,69,74,17,13
MLB,2024,TOR,664770,Nathan Lukes,86,23,39,0,0,0,2,5,11,6
MLB,2024,TOR,665489,Vladimir Guerrero Jr.,685,4,149,531,0,0,0,1,0,0
MLB,2024,TOR,665782,Luis De Los Santos,31,1,0,0,0,2,3,6,9,10
MLB,2024,TOR,666182,Bo Bichette,328,38,17,116,124,20,13,0,0,0
MLB,2024,TOR,672386,Alejandro Kirk,373,1,0,0,74,69,125,66,32,6
MLB,2024,TOR,672642,Steward Berroa,45,3,1,0,0,0,1,4,6,30
MLB,2024,TOR,676391,Ernie Clement,444,14,45,3,11,51,89,78,103,50
MLB,2024,TOR,676914,Davis Schneider,442,124,19,3,13,59,80,92,47,5
MLB,2024,TOR,677870,Leo Jiménez,191,0,0,1,1,10,17,36,57,69
MLB,2024,TOR,680718,Addison Barger,222,2,0,1,11,31,40,68,30,39
MLB,2024,TOR,682619,Orelvis Martinez,3,0,0,0,0,0,0,0,3,0
MLB,2024,TOR,682729,Jonatan Clase,21,4,4,0,0,0,0,4,7,2
MLB,2024,TOR,687462,Spencer Horwitz,370,40,115,12,145,35,17,4,1,1
MLB,2024,TOR,694388,Joey Loperfido,143,0,33,0,0,4,10,22,40,34
MLB,2024,TOR,695238,Will Wagner,86,0,4,0,4,25,32,9,4,8
MLB,2024,WSH,545121,Ildemaro Vargas,291,0,11,13,2,52,47,89,63,14
MLB,2024,WSH,571882,Derek Law,0,0,0,0,0,0,0,0,0,0
MLB,2024,WSH,592696,Eddie Rosario,232,0,39,23,39,18,32,60,21,0
MLB,2024,WSH,608336,Joey Gallo,255,6,0,13,38,32,33,52,76,5
MLB,2024,WSH,608385,Jesse Winker,368,3,59,164,46,47,31,9,8,1
MLB,2024,WSH,608841,Joey Meneses,302,0,4,76,134,40,39,8,1,0
MLB,2024,WSH,623912,Harold Ramírez,76,0,0,17,31,7,21,0,0,0
MLB,2024,WSH,640448,Kyle Finnegan,0,0,0,0,0,0,0,0,0,0
MLB,2024,WSH,645302,Victor Robles,30,0,0,2,0,0,0,3,4,21
MLB,2024,WSH,656180,Riley Adams,126,0,0,0,0,20,22,24,54,6
MLB,2024,WSH,656448,Stone Garrett,6,0,0,0,0,5,1,0,0,0
MLB,2024,WSH,657041,Lane Thomas,332,20,258,42,4,5,3,0,0,0
MLB,2024,WSH,660688,Keibert Ruiz,475,0,0,8,80,123,159,74,31,0
MLB,2024,WSH,660766,Juan Yepez,244,0,44,86,39,30,11,30,4,0
MLB,2024,WSH,663905,Travis Blankenhorn,32,0,0,1,1,0,19,6,5,0
MLB,2024,WSH,665953,Andrés Chaparro,128,0,0,44,56,11,9,8,0,0
MLB,2024,WSH,669222,Nick Senzel,233,0,28,9,30,19,36,58,50,3
MLB,2024,WSH,669743,Alex Call,111,42,15,0,0,0,15,32,7,0
MLB,2024,WSH,671117,Darren Baker,14,0,0,2,0,0,2,1,4,5
MLB,2024,WSH,671277,Luis García Jr.,527,9,21,87,98,128,70,43,56,15
MLB,2024,WSH,677588,José Tena,164,0,14,4,20,58,44,12,12,0
MLB,2024,WSH,682928,CJ Abrams,581,499,61,0,0,0,7,12,0,2
MLB,2024,WSH,683083,Nasim Nuñez,73,11,0,0,0,0,0,0,0,62
MLB,2024,WSH,686452,Drew Millas,62,0,0,0,0,0,0,14,36,12
MLB,2024,WSH,686611,Dylan Crews,130,75,25,0,0,3,4,23,0,0
MLB,2024,WSH,695578,James Wood,334,0,119,93,41,60,13,8,0,0
MLB,2024,WSH,696285,Jacob Young,498,46,5,0,0,0,1,16,74,356
MLB,2024,WSH,702358,Trey Lipscomb,206,0,4,0,3,0,19,33,88,59
MLB,2025,ATH,547184,Michael Kelly,0,0,0,0,0,0,0,0,0,0
MLB,2025,ATH,570482,Gio Urshela,194,0,0,0,0,0,24,53,87,30
MLB,2025,ATH,609280,Miguel Andujar,229,3,0,0,33,71,90,30,2,0
MLB,2025,ATH,621053,Tyler Ferguson,0,0,0,0,0,0,0,0,0,0
MLB,2025,ATH,640902,Jhonny Pereda,46,1,0,0,2,0,1,4,11,27
MLB,2025,ATH,642851,Austin Wynns,65,0,0,0,9,4,7,19,22,4
MLB,2025,ATH,649966,Luis Urías,318,1,0,0,4,11,32,128,76,66
MLB,2025,ATH,664913,Seth Brown,74,2,2,7,5,6,16,15,15,6
MLB,2025,ATH,665660,Elvis Alvarado,0,0,0,0,0,0,0,0,0,0
MLB,2025,ATH,666126,Carlos Cortes,97,15,0,3,0,4,14,34,18,9
MLB,2025,ATH,667670,Brent Rooker,691,0,271,300,118,0,2,0,0,0
MLB,2025,ATH,668709,JJ Bleday,343,0,5,47,12,80,71,63,48,17
MLB,2025,ATH,669127,Shea Langeliers,517,73,99,8,216,103,15,0,0,3
MLB,2025,ATH,669722,Logan Davidson,23,0,0,0,2,1,4,4,9,3
MLB,2025,ATH,671732,Lawrence Butler,628,450,10,0,6,28,65,46,17,6
MLB,2025,ATH,672016,Denzel Clarke,154,4,0,0,2,0,0,0,3,145
MLB,2025,ATH,680474,Max Schuemann,205,20,10,1,5,7,0,11,46,105
MLB,2025,ATH,680769,CJ Alexander,17,0,0,0,0,0,8,6,0,3
MLB,2025,ATH,680862,Willie MacIver,109,0,0,1,5,0,5,17,60,21
MLB,2025,ATH,680869,Zack Gelof,99,0,0,0,0,0,7,12,49,31
MLB,2025,ATH,682183,Drew Avans,15,1,0,0,0,0,0,7,6,1
MLB,2025,ATH,687231,Darell Hernaiz,190,0,0,0,0,27,53,63,26,21
MLB,2025,ATH,687515,Colby Thomas,127,7,0,7,29,32,24,15,13,0
MLB,2025,ATH,691016,Tyler Soderstrom,616,2,35,191,175,124,73,10,3,3
MLB,2025,ATH,691777,Max Muncy,216,0,0,2,4,71,23,28,43,45
MLB,2025,ATH,695391,Brett Harris,80,1,0,2,0,1,4,16,33,23
MLB,2025,ATH,701762,Nick Kurtz,483,80,63,128,63,9,63,25,37,15
MLB,2025,ATH,805779,Jacob Wilson,513,88,226,0,0,93,55,35,0,16
MLB,2025,ATL,506702,Sandy León,12,0,0,1,0,0,0,3,8,0
MLB,2025,ATL,542303,Marcell Ozuna,581,0,5,222,143,106,29,48,20,8
MLB,2025,ATL,592696,Eddie Rosario,4,0,0,0,0,0,0,1,0,3
MLB,2025,ATL,595777,Jurickson Profar,366,332,0,0,9,21,4,0,0,0
MLB,2025,ATL,606115,Orlando Arcia,32,0,0,0,0,0,1,3,7,21
MLB,2025,ATL,621566,Matt Olson,715,0,393,95,227,0,0,0,0,0
MLB,2025,ATL,640492,José Azócar,1,1,0,0,0,0,0,0,0,0
MLB,2025,ATL,641584,Jake Fraley,24,0,0,1,0,0,3,2,17,1
MLB,2025,ATL,642201,Eli White,267,13,8,3,0,5,16,98,110,14
MLB,2025,ATL,644433,Chadwick Tromp,6,0,0,0,0,0,0,0,4,2
MLB,2025,ATL,645277,Ozzie Albies,658,24,26,28,33,222,220,97,8,0
MLB,2025,ATL,650559,Bryan De La Cruz,50,0,0,0,0,8,20,18,2,2
MLB,2025,ATL,656413,Stuart Fairchild,55,7,0,2,0,0,0,18,25,3
MLB,2025,ATL,657077,Alex Verdugo,211,118,23,0,0,4,18,36,11,1
MLB,2025,ATL,660644,Vidal Bruján,46,0,0,0,0,0,0,13,5,28
MLB,2025,ATL,660670,Ronald Acuña Jr.,409,189,0,205,0,0,7,7,0,1
MLB,2025,ATL,663586,Austin Riley,443,0,227,112,48,56,0,0,0,0
MLB,2025,ATL,663897,Luke Williams,32,0,0,6,0,1,0,0,4,21
MLB,2025,ATL,669221,Sean Murphy,326,0,0,0,56,74,97,69,21,9
MLB,2025,ATL,669397,Nick Allen,402,0,0,0,3,1,4,1,43,350
MLB,2025,ATL,671739,Michael Harris II,627,54,0,0,25,69,141,130,191,17
MLB,2025,ATL,672284,Jarred Kelenic,65,0,0,0,0,1,0,12,27,25
MLB,2025,ATL,673490,Ha-Seong Kim,95,0,0,0,3,53,33,4,0,2
MLB,2025,ATL,680716,Jonathan Ornelas,4,0,0,0,0,0,0,0,4,0
MLB,2025,ATL,686948,Drake Baldwin,443,0,45,39,150,64,69,35,18,23
MLB,2025,ATL,689172,Brett Wisely,9,0,0,0,0,0,0,0,2,7
MLB,2025,ATL,805373,Nacho Alvarez Jr.,200,0,0,0,0,0,0,51,93,56
MLB,2025,AZ,543510,James McCann,131,0,0,0,0,7,27,51,36,10
MLB,2025,AZ,545121,Ildemaro Vargas,117,0,11,0,6,9,36,13,25,17
MLB,2025,AZ,545341,Randal Grichuk,185,0,1,51,13,14,60,34,12,0
MLB,2025,AZ,553993,Eugenio Suárez,416,0,0,0,129,193,85,6,0,3
MLB,2025,AZ,571946,Shelby Miller,0,0,0,0,0,0,0,0,0,0
MLB,2025,AZ,573009,Joe Mantiply,0,0,0,0,0,0,0,0,0,0
MLB,2025,AZ,595928,John Curtiss,0,0,0,0,0,0,0,0,0,0
MLB,2025,AZ,605244,Aramis Garcia,4,0,0,0,0,0,0,0,0,4
MLB,2025,AZ,606466,Ketel Marte,544,182,356,1,0,0,0,1,1,3
MLB,2025,AZ,640462,A.J. Puk,0,0,0,0,0,0,0,0,0,0
MLB,2025,AZ,641658,Garrett Hampson,39,1,4,0,0,0,0,2,9,23
MLB,2025,AZ,645444,Jose Herrera,189,0,0,0,0,0,2,0,8,179
MLB,2025,AZ,647304,Josh Naylor,386,0,0,0,282,99,4,0,1,0
MLB,2025,AZ,656976,Pavin Smith,285,0,0,165,8,27,31,48,4,2
MLB,2025,AZ,657044,Ryan Thompson,0,0,0,0,0,0,0,0,0,0
MLB,2025,AZ,663536,Tristin English,23,0,0,0,0,4,3,10,3,3
MLB,2025,AZ,663731,Connor Kaiser,19,0,1,0,0,0,0,0,5,13
MLB,2025,AZ,664983,Jake McCarthy,216,0,8,2,0,23,51,50,39,43
MLB,2025,AZ,666661,Juan Morillo,0,0,0,0,0,0,0,0,0,0
MLB,2025,AZ,666971,Lourdes Gurriel Jr.,531,0,0,158,132,93,110,35,3,0
MLB,2025,AZ,669194,Ryne Nelson,1,0,0,0,0,0,0,1,0,0
MLB,2025,AZ,672515,Gabriel Moreno,306,2,4,4,81,26,89,75,21,4
MLB,2025,AZ,672695,Geraldo Perdomo,691,217,207,151,0,0,0,32,4,80
MLB,2025,AZ,677942,Blaze Alexander,252,0,14,0,12,61,53,36,48,28
MLB,2025,AZ,677950,Alek Thomas,454,0,0,3,0,5,18,144,225,59
MLB,2025,AZ,678489,Jorge Barrosa,73,0,0,0,2,2,2,7,21,39
MLB,2025,AZ,679775,Kyle Backhus,0,0,0,0,0,0,0,0,0,0
MLB,2025,AZ,679885,Justin Martinez,0,0,0,0,0,0,0,0,0,0
MLB,2025,AZ,680728,Adrian Del Castillo,128,0,0,4,7,70,26,16,2,3
MLB,2025,AZ,682988,Tyler Locklear,113,0,0,0,0,28,44,19,22,0
MLB,2025,AZ,682998,Corbin Carroll,631,335,110,182,0,1,0,0,0,3
MLB,2025,AZ,685314,Andrew Saalfrank,0,0,0,0,0,0,0,0,0,0
MLB,2025,AZ,686753,Drey Jameson,0,0,0,0,0,0,0,0,0,0
MLB,2025,AZ,691783,Jordan Lawlar,72,0,6,0,0,3,4,13,20,26
MLB,2025,AZ,694374,Tim Tawa,219,6,0,2,12,1,3,48,99,48
MLB,2025,AZ,805299,Brandyn Garcia,0,0,0,0,0,0,0,0,0,0
MLB,2025,BAL,552640,Andrew Kittredge,0,0,0,0,0,0,0,0,0,0
MLB,2025,BAL,596142,Gary Sánchez,95,1,0,0,13,16,17,33,12,3
MLB,2025,BAL,602104,Ramón Urías,279,0,33,1,18,61,42,42,40,42
MLB,2025,BAL,605353,Vimael Machín,12,0,0,0,0,0,0,0,6,6
MLB,2025,BAL,607732,Jacob Stallings,36,0,0,0,0,1,3,0,0,32
MLB,2025,BAL,608650,Dietrich Enns,0,0,0,0,0,0,0,0,0,0
MLB,2025,BAL,621199,Matt Bowman,0,0,0,0,0,0,0,0,0,0
MLB,2025,BAL,622554,Seranthony Domínguez,0,0,0,0,0,0,0,0,0,0
MLB,2025,BAL,622761,Jorge Mateo,83,0,0,1,0,0,1,11,19,51
MLB,2025,BAL,641329,Bryan Baker,0,0,0,0,0,0,0,0,0,0
MLB,2025,BAL,641933,Tyler O'Neill,203,0,9,16,68,42,30,28,9,1
MLB,2025,BAL,642585,Félix Bautista,0,0,0,0,0,0,0,0,0,0
MLB,2025,BAL,644433,Chadwick Tromp,16,0,0,0,0,0,0,0,0,16
MLB,2025,BAL,656185,Greg Allen,14,0,0,0,0,0,1,1,7,5
MLB,2025,BAL,656577,Alex Jackson,96,0,0,0,0,4,0,8,20,64
MLB,2025,BAL,656775,Cedric Mullins,348,79,0,5,8,39,38,75,81,23
MLB,2025,BAL,656811,Ryan O'Hearn,353,0,5,38,191,100,8,5,4,2
MLB,2025,BAL,656896,Emmanuel Rivera,126,1,1,0,16,13,20,28,23,24
MLB,2025,BAL,657656,Ramón Laureano,281,4,34,16,45,106,30,16,15,15
MLB,2025,BAL,660644,Vidal Bruján,1,0,0,0,0,1,0,0,0,0
MLB,2025,BAL,663624,Ryan Mountcastle,347,4,32,15,165,71,30,20,10,0
MLB,2025,BAL,666185,Dylan Carlson,238,0,0,0,3,14,25,7,103,86
MLB,2025,BAL,666974,Yennier Cano,0,0,0,0,0,0,0,0,0,0
MLB,2025,BAL,668939,Adley Rutschman,362,4,193,52,87,8,12,0,3,3
MLB,2025,BAL,668974,Maverick Handley,43,0,4,0,0,0,0,0,3,36
MLB,2025,BAL,669211,Keegan Akin,0,0,0,0,0,0,0,0,0,0
MLB,2025,BAL,669236,Jeremiah Jackson,181,4,98,0,4,19,20,19,5,12
MLB,2025,BAL,669288,Daniel Johnson,26,0,1,0,0,0,4,1,8,12
MLB,2025,BAL,669432,Trevor Rogers,2,0,0,0,0,0,0,0,0,2
MLB,2025,BAL,669450,Cooper Hummel,1,0,0,0,1,0,0,0,0,0
MLB,2025,BAL,672335,Cionel Pérez,0,0,0,0,0,0,0,0,0,0
MLB,2025,BAL,675915,David Bañuelos,1,0,1,0,0,0,0,0,0,0
MLB,2025,BAL,676059,Jordan Westburg,345,33,204,26,42,17,11,12,0,0
MLB,2025,BAL,676116,Ryan Noda,14,0,0,0,0,3,7,3,0,1
MLB,2025,BAL,676679,Luis Vázquez,53,0,10,5,0,0,0,3,7,28
MLB,2025,BAL,677008,Heston Kjerstad,162,1,0,0,0,7,44,47,58,5
MLB,2025,BAL,677941,Jordyn Adams,5,0,0,0,0,1,0,0,2,2
MLB,2025,BAL,679631,Terrin Vavra,1,0,0,0,0,0,0,0,0,1
MLB,2025,BAL,681297,Colton Cowser,354,21,0,0,5,63,168,57,32,8
MLB,2025,BAL,683002,Gunnar Henderson,639,58,60,513,4,0,0,2,0,2
MLB,2025,BAL,687637,Dylan Beavers,136,9,13,0,0,31,21,28,34,0
MLB,2025,BAL,691723,Coby Mayo,290,0,3,0,2,18,43,125,42,57
MLB,2025,BAL,694212,Samuel Basallo,115,0,0,0,0,26,32,26,30,1
MLB,2025,BAL,702616,Jackson Holliday,642,517,5,1,0,0,27,25,28,39
MLB,2025,BOS,547973,Aroldis Chapman,0,0,0,0,0,0,0,0,0,0
MLB,2025,BOS,596115,Trevor Story,645,0,51,58,193,174,128,40,1,0
MLB,2025,BOS,608324,Alex Bregman,484,0,213,269,1,1,0,0,0,0
MLB,2025,BOS,608701,Rob Refsnyder,206,39,0,27,62,31,16,9,15,7
MLB,2025,BOS,645305,Ali Sánchez,2,0,0,0,0,0,0,0,0,2
MLB,2025,BOS,646240,Rafael Devers,328,0,328,0,0,0,0,0,0,0
MLB,2025,BOS,647351,Abraham Toro,273,0,27,46,12,11,44,61,43,29
MLB,2025,BOS,657136,Connor Wong,184,0,1,1,0,0,3,16,68,95
MLB,2025,BOS,657514,Brennan Bernardino,0,0,0,0,0,0,0,0,0,0
MLB,2025,BOS,663853,Romy Gonzalez,333,39,19,28,41,69,75,45,13,4
MLB,2025,BOS,663993,Nathaniel Lowe,115,4,0,5,13,39,20,30,4,0
MLB,2025,BOS,665966,Carlos Narváez,441,1,7,8,116,17,43,32,122,95
MLB,2025,BOS,666152,David Hamilton,190,6,1,1,2,3,0,47,93,37
MLB,2025,BOS,666165,Blake Sabol,17,0,1,0,0,0,0,0,11,5
MLB,2025,BOS,671213,Triston Casas,110,0,0,1,52,0,27,29,0,1
MLB,2025,BOS,676477,Garrett Whitlock,0,0,0,0,0,0,0,0,0,0
MLB,2025,BOS,677800,Wilyer Abreu,413,2,4,45,75,155,47,65,20,0
MLB,2025,BOS,678882,Ceddanne Rafaela,574,0,4,4,4,10,60,81,149,262
MLB,2025,BOS,680776,Jarren Duran,680,485,10,109,9,15,28,20,4,0
MLB,2025,BOS,681987,Nate Eaton,87,24,0,1,0,2,25,8,18,9
MLB,2025,BOS,686765,Nick Sogard,101,0,0,2,0,8,23,34,18,16
MLB,2025,BOS,691373,Jhostynxon Garcia,9,0,0,0,0,4,0,0,0,5
MLB,2025,BOS,691785,Marcelo Mayer,135,6,0,3,4,28,18,51,20,5
MLB,2025,BOS,692225,Kristian Campbell,258,0,0,2,53,27,67,57,24,28
MLB,2025,BOS,701350,Roman Anthony,297,129,59,87,4,17,0,0,1,0
MLB,2025,BOS,807799,Masataka Yoshida,198,9,0,8,54,65,37,21,1,3
MLB,2025,CHC,457759,Justin Turner,186,10,4,18,35,17,13,29,50,10
MLB,2025,CHC,467793,Carlos Santana,19,2,0,0,0,15,0,2,0,0
MLB,2025,CHC,542932,Jon Berti,105,1,2,2,1,1,2,5,3,88
MLB,2025,CHC,607067,Colin Rea,1,0,0,0,0,1,0,0,0,0
MLB,2025,CHC,608348,Carson Kelly,414,1,0,13,121,120,52,46,27,34
MLB,2025,CHC,621020,Dansby Swanson,637,4,0,0,33,238,116,112,126,8
MLB,2025,CHC,624512,Reese McGuire,137,1,0,0,2,0,0,0,55,79
MLB,2025,CHC,650489,Willi Castro,108,0,1,0,0,12,17,41,24,13
MLB,2025,CHC,660644,Vidal Bruján,46,2,3,2,0,2,2,1,1,33
MLB,2025,CHC,663538,Nico Hoerner,638,74,50,0,0,56,212,149,97,0
MLB,2025,CHC,663656,Kyle Tucker,587,0,503,70,12,0,0,0,2,0
MLB,2025,CHC,664023,Ian Happ,656,390,72,47,30,31,63,23,0,0
MLB,2025,CHC,665804,Miguel Amaya,100,0,0,3,0,0,3,16,52,26
MLB,2025,CHC,669398,Gage Workman,15,1,0,0,0,0,3,0,2,9
MLB,2025,CHC,670032,Nicky Lopez,22,0,1,0,0,0,1,0,0,20
MLB,2025,CHC,673548,Seiya Suzuki,642,1,78,537,0,25,0,0,1,0
MLB,2025,CHC,682634,Kevin Alcántara,12,0,0,2,0,1,0,0,0,9
MLB,2025,CHC,683357,Owen Caissie,27,1,1,0,0,6,10,5,3,1
MLB,2025,CHC,683737,Michael Busch,580,216,5,1,165,47,91,33,20,2
MLB,2025,CHC,691718,Pete Crow-Armstrong,620,35,4,9,245,92,62,153,10,10
MLB,2025,CHC,694208,Moisés Ballesteros,66,1,0,0,31,3,14,17,0,0
MLB,2025,CHC,807713,Matt Shaw,431,0,0,0,1,12,0,7,151,260
MLB,2025,CIN,600869,Jeimer Candelario,89,0,0,0,0,47,33,0,9,0
MLB,2025,CIN,609280,Miguel Andujar,109,0,4,18,68,8,8,0,2,1
MLB,2025,CIN,624431,Jose Trevino,294,0,1,0,0,0,21,82,120,70
MLB,2025,CIN,641584,Jake Fraley,190,0,1,0,0,9,11,43,116,10
MLB,2025,CIN,641658,Garrett Hampson,19,1,0,0,0,0,0,0,0,18
MLB,2025,CIN,642851,Austin Wynns,43,1,0,0,0,0,1,4,9,28
MLB,2025,CIN,656582,Connor Joe,67,2,2,0,0,2,6,13,16,26
MLB,2025,CIN,663647,Ke'Bryan Hayes,176,0,0,0,0,0,0,58,59,59
MLB,2025,CIN,663886,Tyler Stephenson,336,1,0,5,56,43,83,126,21,1
MLB,2025,CIN,666158,Gavin Lux,499,25,81,19,89,225,8,46,0,6
MLB,2025,CIN,666181,Will Benson,243,2,0,5,2,28,56,45,94,11
MLB,2025,CIN,668715,Spencer Steer,557,4,47,0,46,136,243,75,4,2
MLB,2025,CIN,668723,Ryan Vilade,0,0,0,0,0,0,0,0,0,0
MLB,2025,CIN,669289,Santiago Espinal,319,0,130,3,0,33,22,21,45,65
MLB,2025,CIN,669720,Austin Hays,409,1,0,4,347,49,6,1,1,0
MLB,2025,CIN,670770,TJ Friedl,657,655,0,0,0,0,0,0,2,0
MLB,2025,CIN,674441,Jacob Hurtubise,13,0,0,0,0,0,0,1,7,5
MLB,2025,CIN,677943,Will Banfield,10,0,0,0,0,0,1,2,5,2
MLB,2025,CIN,677956,Rece Hinds,44,0,0,0,0,0,8,11,9,16
MLB,2025,CIN,680574,Matt McLain,563,24,291,0,0,0,4,13,44,187
MLB,2025,CIN,682622,Noelvi Marte,355,0,133,7,19,29,65,46,18,38
MLB,2025,CIN,682829,Elly De La Cruz,693,0,0,640,0,21,20,12,0,0
MLB,2025,CIN,682997,Tyler Callihan,6,0,0,1,0,0,0,0,0,5
MLB,2025,CIN,687952,Christian Encarnacion-Strand,133,0,0,0,36,26,25,16,16,14
MLB,2025,CIN,694362,Blake Dunn,68,0,14,0,4,1,3,9,12,25
MLB,2025,CIN,701398,Sal Stewart,58,0,4,0,12,13,23,4,1,1
MLB,2025,CLE,467793,Carlos Santana,448,0,0,60,169,208,3,6,0,2
MLB,2025,CLE,595978,Austin Hedges,173,0,0,0,0,0,1,2,49,121
MLB,2025,CLE,608070,José Ramírez,659,0,75,584,0,0,0,0,0,0
MLB,2025,CLE,624513,Dom Nuñez,7,0,0,0,0,0,0,0,4,3
MLB,2025,CLE,657041,Lane Thomas,139,5,44,9,6,50,22,0,3,0
MLB,2025,CLE,661403,Emmanuel Clase,0,0,0,0,0,0,0,0,0,0
MLB,2025,CLE,666134,Nolan Jones,394,4,67,3,4,85,81,53,55,42
MLB,2025,CLE,666310,Bo Naylor,404,0,8,0,0,76,83,69,125,43
MLB,2025,CLE,669717,Will Wilson,85,0,2,1,0,6,3,51,11,11
MLB,2025,CLE,670036,Matt Festa,0,0,0,0,0,0,0,0,0,0
MLB,2025,CLE,671286,Johnathan Rodríguez,77,4,0,0,7,1,17,29,18,1
MLB,2025,CLE,671655,George Valera,48,0,34,0,5,0,0,9,0,0
MLB,2025,CLE,672356,Gabriel Arias,459,0,28,0,7,72,180,127,45,0
MLB,2025,CLE,677587,Brayan Rocchio,366,0,6,0,0,0,4,30,105,221
MLB,2025,CLE,678877,Jhonkensy Noel,152,1,10,0,4,32,38,24,30,13
MLB,2025,CLE,680757,Steven Kwan,680,680,0,0,0,0,0,0,0,0
MLB,2025,CLE,681807,David Fry,155,0,41,0,72,12,5,17,3,5
MLB,2025,CLE,682120,Tim Herrin,0,0,0,0,0,0,0,0,0,0
MLB,2025,CLE,682177,Daniel Schneemann,417,1,141,3,1,36,117,68,42,8
MLB,2025,CLE,682657,Angel Martínez,469,22,188,3,0,17,46,80,35,78
MLB,2025,CLE,686823,Will Brennan,12,0,0,0,1,0,0,1,2,8
MLB,2025,CLE,690984,Petey Halpin,8,0,0,0,0,0,3,0,5,0
MLB,2025,CLE,692216,CJ Kayfus,134,0,4,0,4,8,16,43,51,8
MLB,2025,CLE,700932,Kyle Manzardo,518,0,52,28,384,46,7,0,0,1
MLB,2025,COL,543592,Austin Nola,40,0,0,3,0,0,0,12,19,6
MLB,2025,COL,571657,Kyle Farmer,294,0,46,16,4,23,34,87,63,21
MLB,2025,COL,592178,Kris Bryant,41,0,0,0,16,20,0,4,0,1
MLB,2025,COL,605361,Nick Martini,111,4,17,0,0,7,18,22,40,3
MLB,2025,COL,606115,Orlando Arcia,181,0,1,0,0,2,20,36,58,64
MLB,2025,COL,607732,Jacob Stallings,89,0,0,0,0,5,8,25,26,25
MLB,2025,COL,641857,Ryan McMahon,399,0,4,144,161,45,40,2,1,2
MLB,2025,COL,642731,Thairo Estrada,160,0,24,27,42,43,13,11,0,0
MLB,2025,COL,656234,Jake Bird,0,0,0,0,0,0,0,0,0,0
MLB,2025,COL,656248,Sean Bouchard,73,12,17,1,0,8,18,5,10,2
MLB,2025,COL,656541,Sam Hilliard,61,12,13,0,0,0,4,21,7,4
MLB,2025,COL,666160,Mickey Moniak,456,66,146,13,0,21,90,66,19,35
MLB,2025,COL,668845,Aaron Schunk,32,0,1,0,0,0,0,0,6,25
MLB,2025,COL,669374,Keston Hiura,18,0,0,0,0,0,2,10,6,0
MLB,2025,COL,669911,Michael Toglia,334,0,2,8,45,131,71,41,26,10
MLB,2025,COL,671289,Tyler Freeman,411,312,20,0,1,0,15,16,5,42
MLB,2025,COL,675848,Juan Mejia,0,0,0,0,0,0,0,0,0,0
MLB,2025,COL,676701,Alan Trejo,41,0,0,0,0,0,0,0,20,21
MLB,2025,COL,678020,Seth Halvorsen,0,0,0,0,0,0,0,0,0,0
MLB,2025,COL,678662,Ezequiel Tovar,381,29,197,36,0,73,46,0,0,0
MLB,2025,COL,680767,Victor Vodnik,0,0,0,0,0,0,0,0,0,0
MLB,2025,COL,680911,Owen Miller,16,0,2,2,0,0,1,2,6,3
MLB,2025,COL,682653,Warming Bernabel,146,0,4,1,13,52,33,21,21,1
MLB,2025,COL,683409,Angel Chivilli,0,0,0,0,0,0,0,0,0,0
MLB,2025,COL,686668,Brenton Doyle,532,143,5,3,21,169,116,59,16,0
MLB,2025,COL,687597,Jordan Beck,582,135,101,70,223,12,6,4,16,15
MLB,2025,COL,688642,Zach Agnos,0,0,0,0,0,0,0,0,0,0
MLB,2025,COL,688760,Blaine Crim,59,0,0,25,14,4,12,4,0,0
MLB,2025,COL,690022,Ryan Ritter,197,0,4,0,0,4,4,3,21,161
MLB,2025,COL,690924,Braxton Fulford,115,0,1,1,0,0,7,23,67,16
MLB,2025,COL,691011,Drew Romo,3,0,0,1,0,1,0,0,1,0
MLB,2025,COL,691182,Adael Amador,124,0,1,0,0,0,0,3,31,89
MLB,2025,COL,691720,Kyle Karros,152,0,0,5,0,12,39,68,28,0
MLB,2025,COL,691728,Zac Veen,36,4,5,0,0,4,0,10,6,7
MLB,2025,COL,692585,Yanquiel Fernández,146,2,0,2,1,4,26,44,57,10
MLB,2025,COL,696100,Hunter Goodman,573,0,76,332,128,12,9,8,4,4
MLB,2025,CWS,553882,Omar Narváez,9,0,0,0,0,0,0,0,6,3
MLB,2025,CWS,572191,Michael A. Taylor,314,5,3,1,1,11,19,22,106,146
MLB,2025,CWS,596103,Austin Slater,132,2,54,12,0,21,10,14,11,8
MLB,2025,CWS,608671,Travis Jankowski,15,0,0,0,0,0,0,7,1,7
MLB,2025,CWS,641302,Tyler Alexander,1,0,0,1,0,0,0,0,0,0
MLB,2025,CWS,641943,Joshua Palacios,135,22,0,5,7,33,48,11,5,4
MLB,2025,CWS,642136,Matt Thaiss,108,0,12,7,16,23,18,16,7,9
MLB,2025,CWS,643217,Andrew Benintendi,450,0,48,200,73,64,32,30,0,3
MLB,2025,CWS,643565,Mike Tauchman,377,287,45,0,0,20,3,13,3,6
MLB,2025,CWS,656537,Derek Hill,7,0,0,0,0,0,0,0,0,7
MLB,2025,CWS,665155,Nick Maton,63,26,9,6,1,14,2,1,2,2
MLB,2025,CWS,666150,Dominic Fletcher,34,0,0,0,0,0,0,0,8,26
MLB,2025,CWS,666915,Bobby Dalbec,18,1,0,0,0,0,0,3,8,6
MLB,2025,CWS,667452,Corey Julks,12,0,3,0,0,0,0,8,1,0
MLB,2025,CWS,668942,Josh Rojas,203,1,16,0,0,7,9,28,72,70
MLB,2025,CWS,669060,Bryse Wilson,0,0,0,0,0,0,0,0,0,0
MLB,2025,CWS,669398,Gage Workman,2,0,0,0,0,0,0,0,0,2
MLB,2025,CWS,671284,Tim Elko,72,1,0,1,0,0,12,29,8,21
MLB,2025,CWS,672820,Lenyn Sosa,527,5,74,71,52,55,129,94,47,0
MLB,2025,CWS,673357,Luis Robert Jr.,412,5,78,61,94,62,84,25,3,0
MLB,2025,CWS,673929,Jordan Leasure,0,0,0,0,0,0,0,0,0,0
MLB,2025,CWS,675659,Greg Jones,2,1,0,0,0,0,0,0,0,1
MLB,2025,CWS,676070,Jacob Amaya,69,1,0,0,3,1,0,1,18,45
MLB,2025,CWS,676116,Ryan Noda,44,4,0,0,1,2,7,20,5,5
MLB,2025,CWS,678246,Miguel Vargas,550,60,98,105,191,26,42,12,7,9
MLB,2025,CWS,678554,Curtis Mead,128,0,19,7,4,21,40,17,5,15
MLB,2025,CWS,681460,Brooks Baldwin,320,2,0,0,5,4,35,81,124,69
MLB,2025,CWS,681962,Vinny Capra,43,0,1,0,2,0,0,1,2,37
MLB,2025,CWS,682868,Bryan Ramos,12,0,0,0,0,0,3,0,4,5
MLB,2025,CWS,683734,Andrew Vaughn,184,0,9,18,77,61,12,7,0,0
MLB,2025,CWS,683770,Will Robertson,61,2,1,0,0,0,6,17,22,13
MLB,2025,CWS,686676,Korey Lee,39,0,2,2,0,0,3,11,13,8
MLB,2025,CWS,691019,Kyle Teel,288,12,84,39,8,74,20,42,4,5
MLB,2025,CWS,695657,Colson Montgomery,278,0,1,69,67,63,16,36,22,4
MLB,2025,CWS,700337,Edgar Quero,389,13,12,80,68,69,62,49,27,9
MLB,2025,CWS,805367,Chase Meidroth,491,266,121,0,0,7,10,13,50,24
MLB,2025,DET,592454,Tommy Kahnle,0,0,0,0,0,0,0,0,0,0
MLB,2025,DET,595879,Javier Báez,427,2,0,0,0,0,23,68,106,228
MLB,2025,DET,605154,John Brebbia,0,0,0,0,0,0,0,0,0,0
MLB,2025,DET,621512,Tomás Nido,35,0,0,0,0,0,0,5,14,16
MLB,2025,DET,622534,Manuel Margot,19,0,2,0,3,6,8,0,0,0
MLB,2025,DET,628451,Andy Ibáñez,188,21,25,29,27,6,45,15,6,14
MLB,2025,DET,650402,Gleyber Torres,617,92,516,9,0,0,0,0,0,0
MLB,2025,DET,656716,Zach McKinstry,498,19,21,61,1,7,166,108,72,43
MLB,2025,DET,663330,Jahmai Jones,147,61,27,38,3,0,5,6,2,5
MLB,2025,DET,663837,Matt Vierling,95,19,9,4,0,17,8,24,7,7
MLB,2025,DET,668670,Jake Rogers,138,0,0,0,1,1,1,5,49,81
MLB,2025,DET,668731,Akil Baddoo,18,0,2,0,0,0,0,0,9,7
MLB,2025,DET,668952,Ryan Kreidler,42,0,1,0,0,0,0,0,8,33
MLB,2025,DET,669234,Justyn-Henry Malloy,124,72,4,16,3,7,15,3,0,4
MLB,2025,DET,672761,Wenceel Pérez,375,6,0,79,0,77,174,17,22,0
MLB,2025,DET,676551,Brewer Hicklen,4,0,0,0,0,0,0,0,0,4
MLB,2025,DET,678009,Parker Meadows,212,74,0,0,0,0,1,36,64,37
MLB,2025,DET,679529,Spencer Torkelson,635,0,4,46,248,333,3,1,0,0
MLB,2025,DET,681481,Kerry Carpenter,451,141,71,200,16,4,17,0,0,2
MLB,2025,DET,682985,Riley Greene,646,4,20,154,368,95,4,0,1,0
MLB,2025,DET,687074,Tyler Owens,0,0,0,0,0,0,0,0,0,0
MLB,2025,DET,690291,Jace Jung,54,2,1,2,1,0,20,10,11,7
MLB,2025,DET,690993,Colt Keith,462,214,5,61,4,74,66,32,5,1
MLB,2025,DET,693307,Dillon Dingler,458,0,0,0,11,38,63,248,84,14
MLB,2025,DET,700242,Trey Sweeney,322,3,5,1,4,1,20,50,149,89
MLB,2025,HOU,514888,Jose Altuve,639,146,128,342,22,0,0,0,0,1
MLB,2025,HOU,572138,Jon Singleton,9,0,0,0,2,3,4,0,0,0
MLB,2025,HOU,572233,Christian Walker,621,0,0,32,340,168,60,21,0,0
MLB,2025,HOU,602104,Ramón Urías,100,2,2,5,3,9,24,16,22,17
MLB,2025,HOU,605170,Victor Caratini,363,0,8,34,15,109,116,61,12,8
MLB,2025,HOU,621043,Carlos Correa,219,16,87,48,68,0,0,0,0,0
MLB,2025,HOU,623352,Josh Hader,0,0,0,0,0,0,0,0,0,0
MLB,2025,HOU,641645,Luis Guillorme,21,1,0,3,0,0,0,0,0,17
MLB,2025,HOU,643289,Mauricio Dubón,390,3,10,1,2,0,16,64,119,175
MLB,2025,HOU,650556,Bryan Abreu,0,0,0,0,0,0,0,0,0,0
MLB,2025,HOU,656986,Bennett Sousa,0,0,0,0,0,0,0,0,0,0
MLB,2025,HOU,660821,Jesús Sánchez,159,0,31,10,30,49,13,16,5,5
MLB,2025,HOU,660853,Enyel De Los Santos,0,0,0,0,0,0,0,0,0,0
MLB,2025,HOU,663898,Brendan Rodgers,123,3,6,1,0,0,10,35,54,14
MLB,2025,HOU,663967,César Salazar,15,0,0,4,1,0,2,0,0,8
MLB,2025,HOU,665161,Jeremy Peña,524,418,4,0,27,41,30,3,1,0
MLB,2025,HOU,666211,Taylor Trammell,134,21,3,1,0,6,9,40,26,28
MLB,2025,HOU,669450,Cooper Hummel,101,2,1,1,0,2,13,40,36,6
MLB,2025,HOU,670097,Zack Short,54,2,4,0,0,1,0,1,8,38
MLB,2025,HOU,670541,Yordan Alvarez,193,0,91,97,4,1,0,0,0,0
MLB,2025,HOU,670623,Isaac Paredes,428,74,243,98,12,0,0,1,0,0
MLB,2025,HOU,672391,Kaleb Ort,0,0,0,0,0,0,0,0,0,0
MLB,2025,HOU,673237,Yainer Diaz,559,0,19,6,91,170,184,52,29,8
MLB,2025,HOU,676694,Jake Meyers,371,0,33,1,7,41,79,108,53,49
MLB,2025,HOU,676801,Chas McCormick,109,1,1,3,1,8,1,11,27,56
MLB,2025,HOU,685744,Kenedy Corona,4,0,0,1,0,0,0,0,0,3
MLB,2025,HOU,689200,Jacob Melton,76,0,0,0,0,6,0,8,14,48
MLB,2025,HOU,694376,Shay Whitcomb,32,1,1,3,0,0,0,5,11,11
MLB,2025,HOU,694728,Brice Matthews,44,3,2,0,0,4,5,3,18,9
MLB,2025,HOU,701305,Zach Dezenzo,106,2,0,1,1,3,16,39,35,9
MLB,2025,HOU,701358,Cam Smith,484,23,32,1,61,32,54,97,120,64
MLB,2025,HOU,805904,Zach Cole,52,5,3,0,0,8,7,8,14,7
MLB,2025,KC,521692,Salvador Perez,625,0,0,19,298,308,0,0,0,0
MLB,2025,KC,545341,Randal Grichuk,104,13,0,2,0,28,18,22,17,4
MLB,2025,KC,571912,Luke Maile,52,0,0,0,1,3,0,5,23,20
MLB,2025,KC,573262,Mike Yastrzemski,181,136,0,0,0,22,20,0,0,3
MLB,2025,KC,592192,Mark Canha,120,1,0,3,12,24,31,37,9,3
MLB,2025,KC,592669,Hunter Renfroe,107,0,0,0,0,0,61,31,11,4
MLB,2025,KC,608032,Carlos Estévez,0,0,0,0,0,0,0,0,0,0
MLB,2025,KC,624415,Cavan Biggio,80,1,0,0,2,19,11,33,10,4
MLB,2025,KC,624428,Adam Frazier,193,5,0,0,0,24,107,45,10,2
MLB,2025,KC,663697,Jonathan India,551,440,2,0,0,4,27,75,0,3
MLB,2025,KC,663738,Daniel Lynch IV,0,0,0,0,0,0,0,0,0,0
MLB,2025,KC,664199,Taylor Clarke,0,0,0,0,0,0,0,0,0,0
MLB,2025,KC,664728,Kyle Isbel,391,0,0,0,1,1,0,1,18,370
MLB,2025,KC,666023,Freddy Fermin,205,0,0,1,1,7,3,42,125,26
MLB,2025,KC,668674,Lucas Erceg,0,0,0,0,0,0,0,0,0,0
MLB,2025,KC,669004,MJ Melendez,63,1,0,0,0,0,12,34,16,0
MLB,2025,KC,669674,Sam Long,0,0,0,0,0,0,0,0,0,0
MLB,2025,KC,670167,John Schreiber,0,0,0,0,0,0,0,0,0,0
MLB,2025,KC,670231,John Rave,171,0,0,4,1,0,20,27,91,28
MLB,2025,KC,670950,Trevor Richards,0,0,0,0,0,0,0,0,0,0
MLB,2025,KC,671221,Drew Waters,217,5,0,0,0,6,29,74,67,36
MLB,2025,KC,672580,Maikel Garcia,657,92,22,98,262,119,20,17,22,5
MLB,2025,KC,674444,Steven Cruz,0,0,0,0,0,0,0,0,0,0
MLB,2025,KC,677951,Bobby Witt Jr.,672,0,672,0,0,0,0,0,0,0
MLB,2025,KC,679845,Nick Loftin,182,3,3,0,0,8,22,98,40,8
MLB,2025,KC,679883,Luinder Avila,0,0,0,0,0,0,0,0,0,0
MLB,2025,KC,680118,Dairon Blanco,6,0,0,0,0,0,0,0,0,6
MLB,2025,KC,686469,Vinnie Pasquantino,670,0,0,557,92,4,7,10,0,0
MLB,2025,KC,686475,Tyler Tolbert,51,4,2,2,2,1,1,1,7,31
MLB,2025,KC,686681,Michael Massey,271,0,0,5,1,77,73,33,74,8
MLB,2025,KC,695506,Jac Caglianone,228,0,1,0,0,5,163,25,30,4
MLB,2025,KC,695600,Carter Jensen,69,11,0,0,0,0,14,9,29,6
MLB,2025,LAA,445276,Kenley Jansen,0,0,0,0,0,0,0,0,0,0
MLB,2025,LAA,518595,Travis d'Arnaud,226,0,0,0,0,49,83,60,27,7
MLB,2025,LAA,545361,Mike Trout,543,48,97,383,0,9,4,0,2,0
MLB,2025,LAA,595453,Chad Wallach,0,0,0,0,0,0,0,0,0,0
MLB,2025,LAA,605204,J.D. Davis,9,0,0,0,0,0,3,6,0,0
MLB,2025,LAA,621028,Kevin Newman,115,1,1,1,0,0,6,0,18,88
MLB,2025,LAA,621035,Chris Taylor,83,5,5,3,4,22,14,0,19,11
MLB,2025,LAA,621493,Taylor Ward,654,96,8,125,411,13,0,0,0,1
MLB,2025,LAA,624585,Jorge Soler,307,17,0,29,138,75,32,12,0,4
MLB,2025,LAA,641313,Tim Anderson,86,3,0,0,1,4,0,2,7,69
MLB,2025,LAA,650859,Luis Rengifo,534,31,79,0,0,51,79,136,103,55
MLB,2025,LAA,660162,Yoán Moncada,280,0,38,98,8,65,61,3,0,7
MLB,2025,LAA,664068,Scott Kingery,29,0,2,0,0,0,0,4,10,13
MLB,2025,LAA,664774,LaMonte Wade Jr.,71,0,6,0,0,0,0,27,27,11
MLB,2025,LAA,665861,Sebastián Rivero,34,0,0,0,0,0,0,5,29,0
MLB,2025,LAA,666176,Jo Adell,559,0,0,12,93,169,93,60,120,12
MLB,2025,LAA,666198,Carter Kieboom,8,0,0,1,0,0,4,3,0,0
MLB,2025,LAA,669326,Bryce Teodosio,143,0,0,0,0,0,0,0,0,143
MLB,2025,LAA,669722,Logan Davidson,22,1,0,0,0,0,7,7,7,0
MLB,2025,LAA,670032,Nicky Lopez,6,0,0,0,0,0,2,0,0,4
MLB,2025,LAA,672569,Gustavo Campero,63,0,0,0,1,2,3,13,27,17
MLB,2025,LAA,672724,Oswald Peraza,92,7,6,0,0,4,23,29,18,5
MLB,2025,LAA,677060,Chad Stevens,13,0,0,0,0,0,0,0,0,13
MLB,2025,LAA,677347,Kyren Paris,136,0,0,0,2,0,0,45,47,42
MLB,2025,LAA,681351,Logan O'Hoppe,447,0,3,0,4,169,133,98,33,7
MLB,2025,LAA,683090,Matthew Lugo,69,0,0,2,4,3,1,33,12,14
MLB,2025,LAA,687263,Zach Neto,535,478,34,7,0,0,0,10,3,3
MLB,2025,LAA,694203,Denzer Guzman,43,0,0,0,0,0,0,9,30,4
MLB,2025,LAA,694359,Niko Kavadas,23,0,3,0,0,0,0,2,18,0
MLB,2025,LAA,694384,Nolan Schanuel,547,26,411,29,4,4,69,4,0,0
MLB,2025,LAA,695681,Christian Moore,181,0,4,1,0,22,23,44,43,44
MLB,2025,LAD,500743,Miguel Rojas,314,2,9,6,2,2,29,54,91,119
MLB,2025,LAD,518692,Freddie Freeman,616,0,9,407,198,0,0,1,0,1
MLB,2025,LAD,571771,Enrique Hernández,250,2,4,5,5,9,45,37,119,24
MLB,2025,LAD,571970,Max Muncy,377,0,0,0,59,128,83,87,18,2
MLB,2025,LAD,592696,Eddie Rosario,4,0,0,0,0,0,0,0,4,0
MLB,2025,LAD,605131,Austin Barnes,43,1,0,0,0,0,0,0,0,42
MLB,2025,LAD,605141,Mookie Betts,650,52,596,0,0,0,0,1,0,1
MLB,2025,LAD,606192,Teoscar Hernández,537,0,21,120,196,183,15,1,0,1
MLB,2025,LAD,607455,Anthony Banda,0,0,0,0,0,0,0,0,0,0
MLB,2025,LAD,621035,Chris Taylor,35,0,1,3,6,3,0,1,4,17
MLB,2025,LAD,624424,Michael Conforto,474,0,0,3,21,74,120,156,85,15
MLB,2025,LAD,642020,Chuckie Robinson,1,0,0,0,0,0,0,0,0,1
MLB,2025,LAD,656945,Tanner Scott,0,0,0,0,0,0,0,0,0,0
MLB,2025,LAD,660271,Shohei Ohtani,720,673,47,0,0,0,0,0,0,0
MLB,2025,LAD,665923,Esteury Ruiz,23,0,2,1,0,1,1,0,10,8
MLB,2025,LAD,666163,Ben Rortvedt,53,0,0,1,0,0,0,0,1,51
MLB,2025,LAD,669242,Tommy Edman,365,14,10,28,0,66,69,63,66,49
MLB,2025,LAD,669257,Will Smith,426,0,18,120,165,70,45,1,3,4
MLB,2025,LAD,669743,Alex Call,83,1,0,3,0,13,22,21,11,12
MLB,2025,LAD,671083,Buddy Kennedy,17,0,0,0,0,0,0,0,4,13
MLB,2025,LAD,676439,Hunter Feduccia,3,0,0,2,0,0,0,0,1,0
MLB,2025,LAD,681546,James Outman,43,0,0,0,0,0,3,0,22,18
MLB,2025,LAD,681624,Andy Pages,610,0,9,0,39,112,200,150,47,53
MLB,2025,LAD,681909,Justin Dean,2,0,0,0,1,0,0,1,0,0
MLB,2025,LAD,687221,Dalton Rushing,152,2,1,12,0,0,8,12,48,69
MLB,2025,LAD,690976,Alex Freeland,95,0,0,0,0,9,5,17,40,24
MLB,2025,LAD,808975,Hyeseong Kim,168,0,4,0,2,7,8,33,45,69
MLB,2025,MIA,542963,Rob Brantly,7,0,0,0,0,0,0,0,0,7
MLB,2025,MIA,640459,Brian Navarreto,14,0,1,2,1,0,0,0,8,2
MLB,2025,MIA,656537,Derek Hill,136,1,2,0,5,11,9,32,55,21
MLB,2025,MIA,660821,Jesús Sánchez,334,49,229,1,17,1,2,17,17,1
MLB,2025,MIA,663743,Nick Fortes,136,0,2,1,1,2,13,29,34,54
MLB,2025,MIA,665052,Griffin Conine,86,2,0,10,4,3,34,21,9,3
MLB,2025,MIA,667472,Dane Myers,330,0,1,7,8,37,78,62,51,86
MLB,2025,MIA,669065,Kyle Stowers,447,0,114,27,91,172,14,18,6,5
MLB,2025,MIA,669364,Xavier Edwards,610,583,0,16,0,6,4,0,1,0
MLB,2025,MIA,670223,Matt Mervis,131,0,0,7,40,25,19,31,8,1
MLB,2025,MIA,672640,Otto Lopez,588,37,34,214,111,131,28,13,11,9
MLB,2025,MIA,676466,Jack Winkler,16,1,0,0,4,1,0,0,6,4
MLB,2025,MIA,676572,Eric Wagaman,508,0,21,77,84,105,129,59,19,14
MLB,2025,MIA,681146,Jonah Bride,45,0,0,19,5,8,10,3,0,0
MLB,2025,MIA,681393,Connor Norby,329,0,7,28,23,43,108,55,64,1
MLB,2025,MIA,681715,Heriberto Hernández,287,0,12,23,53,49,53,62,21,14
MLB,2025,MIA,682663,Agustín Ramírez,573,25,209,195,127,10,4,3,0,0
MLB,2025,MIA,682927,Ronny Simon,54,0,2,0,0,0,15,7,19,11
MLB,2025,MIA,683748,Victor Mesa Jr.,37,0,0,0,0,0,0,0,23,14
MLB,2025,MIA,686894,Joey Wiemer,57,2,0,0,1,0,14,14,22,4
MLB,2025,MIA,687859,Troy Johnston,120,1,0,2,2,7,23,55,27,3
MLB,2025,MIA,688363,Graham Pauley,182,1,0,0,0,9,5,15,85,67
MLB,2025,MIA,689414,Liam Hicks,375,0,6,24,108,39,45,80,46,27
MLB,2025,MIA,691185,Maximo Acosta,60,0,0,0,0,0,0,14,20,26
MLB,2025,MIA,691594,Javier Sanoja,332,7,1,1,0,4,7,33,70,209
MLB,2025,MIA,805300,Jakob Marsee,231,32,84,50,0,8,38,9,3,7
MLB,2025,MIL,592885,Christian Yelich,637,28,25,332,241,10,0,1,0,0
MLB,2025,MIL,606992,Eric Haase,74,1,1,5,3,0,5,10,15,34
MLB,2025,MIL,641343,Jake Bauers,215,0,2,2,19,19,38,99,31,5
MLB,2025,MIL,643376,Danny Jansen,76,0,1,0,6,1,8,22,29,9
MLB,2025,MIL,655316,Andruw Monasterio,133,8,1,1,0,1,10,18,34,60
MLB,2025,MIL,656555,Rhys Hoskins,317,0,0,0,82,99,129,3,0,4
MLB,2025,MIL,661388,William Contreras,650,0,169,248,233,0,0,0,0,0
MLB,2025,MIL,663368,Blake Perkins,170,0,2,1,0,3,55,42,67,0
MLB,2025,MIL,663604,Brandon Lockridge,50,9,0,0,0,0,0,0,29,12
MLB,2025,MIL,663662,Daz Cameron,42,0,3,1,0,30,5,1,2,0
MLB,2025,MIL,668930,Brice Turang,650,304,26,40,5,90,27,100,11,47
MLB,2025,MIL,669003,Garrett Mitchell,75,0,0,0,4,3,0,47,21,0
MLB,2025,MIL,672012,Tyler Black,13,0,0,0,0,0,7,0,5,1
MLB,2025,MIL,672642,Steward Berroa,6,0,0,0,0,0,0,0,6,0
MLB,2025,MIL,678011,Anthony Seigler,70,3,5,0,0,1,4,18,26,13
MLB,2025,MIL,681962,Vinny Capra,56,6,0,1,0,0,10,16,20,3
MLB,2025,MIL,682183,Drew Avans,2,0,0,0,0,0,0,0,2,0
MLB,2025,MIL,683734,Andrew Vaughn,245,0,0,23,49,125,42,2,4,0
MLB,2025,MIL,686217,Sal Frelick,575,254,5,3,4,201,69,36,2,1
MLB,2025,MIL,686554,Oliver Dunn,38,0,0,0,0,0,0,9,15,14
MLB,2025,MIL,686555,Isaac Collins,429,4,84,11,7,68,130,106,9,10
MLB,2025,MIL,687401,Joey Ortiz,497,0,8,0,0,1,20,24,111,333
MLB,2025,MIL,694192,Jackson Chourio,579,117,370,48,40,0,4,0,0,0
MLB,2025,MIL,702332,Caleb Durbin,475,8,30,0,0,17,91,93,179,57
MLB,2025,MIN,543877,Christian Vázquez,203,1,3,0,0,0,0,0,24,175
MLB,2025,MIN,621043,Carlos Correa,357,0,59,79,120,73,25,0,1,0
MLB,2025,MIN,621439,Byron Buxton,523,387,86,42,0,8,0,0,0,0
MLB,2025,MIN,640902,Jhonny Pereda,31,0,0,0,0,0,0,0,15,16
MLB,2025,MIN,643377,Griffin Jax,0,0,0,0,0,0,0,0,0,0
MLB,2025,MIN,650489,Willi Castro,332,4,73,87,3,35,56,36,19,19
MLB,2025,MIN,661395,Jhoan Duran,0,0,0,0,0,0,0,0,0,0
MLB,2025,MIN,663616,Trevor Larnach,551,76,178,106,116,16,22,19,11,7
MLB,2025,MIN,664034,Ty France,363,2,9,45,68,103,71,48,17,0
MLB,2025,MIN,664056,Harrison Bader,294,1,1,3,1,4,33,40,95,116
MLB,2025,MIN,665019,Kody Clemens,370,2,22,21,72,76,45,72,41,19
MLB,2025,MIN,666397,Edouard Julien,201,61,0,0,4,5,25,28,47,31
MLB,2025,MIN,668885,Austin Martin,178,54,66,6,0,4,9,5,16,18
MLB,2025,MIN,668904,Royce Lewis,401,0,5,13,37,90,81,137,35,3
MLB,2025,MIN,669304,Jose F Miranda,36,0,0,0,0,7,4,2,19,4
MLB,2025,MIN,670242,Matt Wallner,379,56,47,32,59,66,71,23,17,8
MLB,2025,MIN,676812,Carson McCusker,30,0,0,0,0,2,13,9,4,2
MLB,2025,MIN,680577,DaShawn Keirsey Jr.,84,0,5,4,1,2,2,2,32,36
MLB,2025,MIN,680777,Ryan Jeffers,456,35,125,91,34,70,52,22,23,4
MLB,2025,MIN,680837,Ryan Fitzgerald,53,0,1,2,0,3,0,7,15,25
MLB,2025,MIN,681146,Jonah Bride,77,6,0,0,2,15,18,15,17,4
MLB,2025,MIN,681508,Mickey Gasper,105,5,0,6,0,4,8,22,39,21
MLB,2025,MIN,681546,James Outman,103,4,0,0,1,2,8,14,16,58
MLB,2025,MIN,681892,Kody Funderburk,0,0,0,0,0,0,0,0,0,0
MLB,2025,MIN,686797,Brooks Lee,513,3,20,73,56,49,100,112,87,13
MLB,2025,MIN,702176,Alan Roden,38,15,6,0,0,3,0,3,8,3
MLB,2025,MIN,807712,Luke Keaschall,198,5,5,74,89,17,0,4,4,0
MLB,2025,NYM,516782,Starling Marte,315,19,45,26,26,81,92,16,5,5
MLB,2025,NYM,592773,Ryne Stanek,0,0,0,0,0,0,0,0,0,0
MLB,2025,NYM,596019,Francisco Lindor,709,593,111,4,0,0,1,0,0,0
MLB,2025,NYM,607043,Brandon Nimmo,637,106,101,53,206,130,39,0,2,0
MLB,2025,NYM,608385,Jesse Winker,79,0,0,0,18,29,29,0,1,2
MLB,2025,NYM,608671,Travis Jankowski,0,0,0,0,0,0,0,0,0,0
MLB,2025,NYM,620443,Luis Torrens,280,1,1,0,1,4,67,68,70,68
MLB,2025,NYM,621242,Edwin Díaz,0,0,0,0,0,0,0,0,0,0
MLB,2025,NYM,621438,Tyrone Taylor,326,3,0,2,1,1,33,101,65,120
MLB,2025,NYM,624413,Pete Alonso,685,0,0,335,350,0,0,0,0,0
MLB,2025,NYM,640492,José Azócar,20,0,3,0,0,0,1,0,1,15
MLB,2025,NYM,642350,Jose Siri,36,0,0,0,0,0,0,0,9,27
MLB,2025,NYM,643446,Jeff McNeil,448,0,0,0,5,192,117,41,85,8
MLB,2025,NYM,656775,Cedric Mullins,137,0,2,0,0,0,5,41,35,54
MLB,2025,NYM,663584,Hayden Senger,75,0,0,1,0,0,0,1,2,71
MLB,2025,NYM,665742,Juan Soto,704,0,431,273,0,0,0,0,0,0
MLB,2025,NYM,668901,Mark Vientos,454,0,27,4,76,195,129,17,4,2
MLB,2025,NYM,676724,Jared Young,45,0,0,0,0,6,26,7,3,3
MLB,2025,NYM,677595,Ronny Mauricio,183,7,0,0,1,3,32,32,55,53
MLB,2025,NYM,682626,Francisco Alvarez,273,0,0,0,0,4,11,119,94,45
MLB,2025,NYM,682668,Luisangel Acuña,188,1,3,0,1,4,19,19,66,75
MLB,2025,NYM,683146,Brett Baty,426,0,1,0,3,22,55,175,121,49
MLB,2025,NYY,502671,Paul Goldschmidt,522,185,18,10,158,14,93,29,7,8
MLB,2025,NYY,518934,DJ LeMahieu,142,0,1,0,0,0,5,37,48,51
MLB,2025,NYY,519317,Giancarlo Stanton,278,0,1,0,180,85,3,0,2,7
MLB,2025,NYY,554431,Tyler Matzek,0,0,0,0,0,0,0,0,0,0
MLB,2025,NYY,592450,Aaron Judge,662,0,343,318,0,0,0,0,0,1
MLB,2025,NYY,596103,Austin Slater,25,9,2,0,0,2,8,4,0,0
MLB,2025,NYY,622569,Pablo Reyes,33,2,5,1,1,0,0,9,11,4
MLB,2025,NYY,641355,Cody Bellinger,642,4,86,297,220,32,0,2,1,0
MLB,2025,NYY,641555,J.C. Escarra,95,3,0,0,2,0,11,33,43,3
MLB,2025,NYY,641857,Ryan McMahon,180,0,0,0,0,0,2,48,84,46
MLB,2025,NYY,642708,Amed Rosario,33,1,4,0,1,18,4,2,1,2
MLB,2025,NYY,660787,Yerry De los Santos,0,0,0,0,0,0,0,0,0,0
MLB,2025,NYY,663757,Trent Grisham,574,402,72,0,0,11,18,33,15,23
MLB,2025,NYY,665828,Oswaldo Cabrera,118,1,0,0,0,0,0,0,32,85
MLB,2025,NYY,665862,Jazz Chisholm Jr.,518,0,0,9,68,296,117,25,2,1
MLB,2025,NYY,669224,Austin Wells,429,9,1,12,0,13,47,142,120,85
MLB,2025,NYY,672724,Oswald Peraza,167,0,1,1,2,1,8,4,21,129
MLB,2025,NYY,676609,José Caballero,93,0,1,0,2,2,5,9,33,41
MLB,2025,NYY,678391,Jorbit Vivas,61,0,0,0,0,0,0,2,8,51
MLB,2025,NYY,683011,Anthony Volpe,580,0,0,0,0,84,198,144,113,41
MLB,2025,NYY,691176,Jasson Domínguez,422,36,12,1,3,88,106,105,56,15
MLB,2025,NYY,700250,Ben Rice,514,98,183,60,55,33,38,14,22,11
MLB,2025,PHI,547180,Bryce Harper,571,4,66,501,0,0,0,0,0,0
MLB,2025,PHI,592206,Nick Castellanos,579,0,0,0,211,256,72,40,0,0
MLB,2025,PHI,592663,J.T. Realmuto,537,0,0,4,169,129,102,121,12,0
MLB,2025,PHI,596117,Garrett Stubbs,1,0,0,0,0,0,0,0,0,1
MLB,2025,PHI,596146,Max Kepler,465,0,0,0,13,94,169,139,42,8
MLB,2025,PHI,607208,Trea Turner,632,437,194,0,0,0,0,0,1,0
MLB,2025,PHI,622268,Donovan Walton,8,0,0,0,0,0,0,0,0,8
MLB,2025,PHI,624641,Edmundo Sosa,253,5,2,5,2,1,33,88,80,37
MLB,2025,PHI,642215,Weston Wilson,123,0,0,3,1,1,0,31,45,42
MLB,2025,PHI,656941,Kyle Schwarber,712,49,439,69,155,0,0,0,0,0
MLB,2025,PHI,664056,Harrison Bader,189,81,0,0,0,9,52,26,18,3
MLB,2025,PHI,664761,Alec Bohm,493,0,20,125,102,66,61,30,89,0
MLB,2025,PHI,665019,Kody Clemens,7,1,0,0,1,1,0,1,1,2
MLB,2025,PHI,665561,Rafael Marchán,115,0,0,1,4,2,2,2,27,77
MLB,2025,PHI,669016,Brandon Marsh,417,0,0,0,12,91,77,7,76,154
MLB,2025,PHI,670276,Cal Stevenson,8,0,0,0,0,0,0,0,2,6
MLB,2025,PHI,671083,Buddy Kennedy,8,0,1,0,0,0,0,1,6,0
MLB,2025,PHI,679032,Johan Rojas,165,0,1,1,5,3,3,0,18,134
MLB,2025,PHI,681082,Bryson Stott,553,173,0,0,0,8,23,91,146,112
MLB,2025,PHI,805249,Otto Kemp,209,2,0,0,0,14,56,65,59,13
MLB,2025,PIT,457705,Andrew McCutchen,544,1,262,104,33,135,5,1,3,0
MLB,2025,PIT,502054,Tommy Pham,442,47,55,16,85,48,59,74,58,0
MLB,2025,PIT,624428,Adam Frazier,252,32,0,1,0,10,49,106,49,5
MLB,2025,PIT,643396,Isiah Kiner-Falefa,418,8,9,0,1,0,15,11,28,346
MLB,2025,PIT,663647,Ke'Bryan Hayes,387,38,0,13,16,87,135,54,44,0
MLB,2025,PIT,663698,Joey Bart,325,0,0,17,118,60,39,35,54,2
MLB,2025,PIT,664954,Brett Sullivan,7,0,0,0,0,0,0,0,7,0
MLB,2025,PIT,665833,Oneil Cruz,535,265,0,47,62,104,31,22,4,0
MLB,2025,PIT,665839,Enmanuel Valdez,102,8,0,0,47,18,15,3,10,1
MLB,2025,PIT,668804,Bryan Reynolds,644,0,199,442,1,0,1,1,0,0
MLB,2025,PIT,669256,Nick Solak,11,0,0,0,0,1,10,0,0,0
MLB,2025,PIT,669261,Jack Suwinski,174,11,0,2,0,27,77,52,3,2
MLB,2025,PIT,669707,Jared Triolo,370,116,23,0,3,0,25,70,81,52
MLB,2025,PIT,672744,Alexander Canario,233,5,1,7,14,64,67,29,45,1
MLB,2025,PIT,678225,Jihwan Bae,25,4,0,0,0,0,1,0,13,7
MLB,2025,PIT,678894,Liover Peguero,86,15,1,0,0,1,8,9,31,21
MLB,2025,PIT,680779,Henry Davis,270,0,0,0,4,9,23,45,111,78
MLB,2025,PIT,682848,Endy Rodríguez,57,0,0,0,7,0,9,31,10,0
MLB,2025,PIT,682927,Ronny Simon,31,31,0,0,0,0,0,0,0,0
MLB,2025,PIT,685301,Matt Gorski,42,0,0,0,2,7,17,11,4,1
MLB,2025,PIT,687462,Spencer Horwitz,408,131,78,18,119,24,12,20,4,2
MLB,2025,PIT,687478,Cam Devanney,38,1,1,0,0,0,0,8,0,28
MLB,2025,PIT,691907,Tsung-Che Cheng,7,0,0,2,0,0,0,0,3,2
MLB,2025,PIT,693304,Nick Gonzales,402,9,74,21,176,75,39,8,0,0
MLB,2025,PIT,694377,Nick Yorke,72,0,0,1,0,0,8,29,20,14
MLB,2025,PIT,695257,Billy Cook,6,0,0,0,0,0,0,2,0,4
MLB,2025,PIT,804668,Rafael Flores Jr.,17,0,2,0,0,0,0,0,12,3
MLB,2025,SD,455117,Martín Maldonado,155,0,0,0,0,0,0,2,1,152
MLB,2025,SD,493329,Yuli Gurriel,40,1,0,0,1,6,29,1,0,2
MLB,2025,SD,518792,Jason Heyward,91,2,0,0,0,2,1,25,54,7
MLB,2025,SD,553869,Elias Díaz,276,0,0,0,0,0,0,15,58,203
MLB,2025,SD,578428,Jose Iglesias,330,0,0,5,1,4,81,145,89,5
MLB,2025,SD,592518,Manny Machado,670,0,34,632,4,0,0,0,0,0
MLB,2025,SD,593428,Xander Bogaerts,539,5,13,3,89,289,138,1,0,1
MLB,2025,SD,630105,Jake Cronenworth,488,0,0,0,4,26,72,219,166,1
MLB,2025,SD,642180,Tyler Wade,122,4,2,0,0,5,1,19,65,26
MLB,2025,SD,650333,Luis Arraez,654,49,561,0,39,0,0,4,0,1
MLB,2025,SD,656582,Connor Joe,10,0,0,1,0,2,1,2,1,3
MLB,2025,SD,656811,Ryan O'Hearn,179,0,13,4,67,18,29,41,4,3
MLB,2025,SD,657656,Ramón Laureano,195,0,9,5,13,86,26,55,0,1
MLB,2025,SD,657757,Gavin Sheets,536,0,23,5,166,128,164,43,5,2
MLB,2025,SD,660757,Oscar Gonzalez,61,2,0,0,0,31,22,5,0,1
MLB,2025,SD,663604,Brandon Lockridge,92,5,0,1,1,1,0,0,61,23
MLB,2025,SD,665487,Fernando Tatis Jr.,683,662,0,0,21,0,0,0,0,0
MLB,2025,SD,666023,Freddy Fermin,133,0,0,0,0,0,0,4,13,116
MLB,2025,SD,669134,Luis Campusano,27,0,0,0,0,11,0,7,8,1
MLB,2025,SD,669200,Mason McCoy,25,0,1,2,0,3,0,0,3,16
MLB,2025,SD,669369,Bryce Johnson,79,7,0,0,5,0,6,16,40,5
MLB,2025,SD,670092,Trenton Brooks,43,0,0,0,0,0,0,6,25,12
MLB,2025,SD,672359,Tirso Ornelas,16,0,0,0,0,10,2,3,0,1
MLB,2025,SD,695238,Will Wagner,17,1,0,5,0,1,0,0,2,8
MLB,2025,SD,701538,Jackson Merrill,473,0,51,34,266,40,77,5,0,0
MLB,2025,SEA,456781,Donovan Solano,171,0,0,0,4,16,80,68,0,3
MLB,2025,SEA,553993,Eugenio Suárez,218,0,0,4,59,108,47,0,0,0
MLB,2025,SEA,593871,Jorge Polanco,513,0,144,0,89,129,128,21,1,1
MLB,2025,SEA,620454,José Castillo,0,0,0,0,0,0,0,0,0,0
MLB,2025,SEA,641487,J.P. Crawford,644,348,0,0,0,0,12,11,110,163
MLB,2025,SEA,641598,Mitch Garver,284,0,22,2,11,90,82,67,8,2
MLB,2025,SEA,642133,Rowdy Tellez,181,0,0,0,0,27,136,17,1,0
MLB,2025,SEA,645302,Victor Robles,109,44,0,2,1,0,0,11,38,13
MLB,2025,SEA,647304,Josh Naylor,205,0,5,0,143,36,21,0,0,0
MLB,2025,SEA,647315,Zach Pop,0,0,0,0,0,0,0,0,0,0
MLB,2025,SEA,660844,Leo Rivas,110,2,1,0,1,2,2,9,51,42
MLB,2025,SEA,663423,Trent Thornton,0,0,0,0,0,0,0,0,0,0
MLB,2025,SEA,663728,Cal Raleigh,693,0,257,343,91,1,0,0,0,1
MLB,2025,SEA,664238,Dylan Moore,211,32,0,0,1,8,36,73,49,12
MLB,2025,SEA,665750,Leody Taveras,95,0,0,3,0,0,5,74,13,0
MLB,2025,SEA,668227,Randy Arozarena,677,234,0,19,267,157,0,0,0,0
MLB,2025,SEA,668984,Casey Legumina,0,0,0,0,0,0,0,0,0,0
MLB,2025,SEA,669208,Ryan Bliss,39,0,0,0,0,0,0,3,36,0
MLB,2025,SEA,669392,Samad Taylor,8,0,0,2,0,0,0,0,0,6
MLB,2025,SEA,670042,Luke Raley,202,0,0,3,17,69,69,32,9,3
MLB,2025,SEA,670156,Miles Mastrobuoni,169,9,1,1,0,6,10,32,71,39
MLB,2025,SEA,676106,Emerson Hancock,0,0,0,0,0,0,0,0,0,0
MLB,2025,SEA,677594,Julio Rodríguez,696,67,295,334,0,0,0,0,0,0
MLB,2025,SEA,686527,Dominic Canzone,263,0,0,2,0,13,20,185,40,3
MLB,2025,SEA,689041,Rhylan Thomas,9,0,0,0,0,1,0,0,0,8
MLB,2025,SEA,695670,Harry Ford,6,1,0,0,0,0,0,0,0,5
MLB,2025,SEA,702284,Cole Young,251,0,0,0,1,5,1,0,52,192
MLB,2025,SEA,810938,Ben Williamson,292,0,0,1,0,0,6,32,143,110
MLB,2025,SF,527038,Wilmer Flores,450,2,27,66,93,162,29,61,6,4
MLB,2025,SF,573262,Mike Yastrzemski,364,192,0,0,9,33,59,49,22,0
MLB,2025,SF,642086,Dominic Smith,219,0,0,1,94,71,18,17,17,1
MLB,2025,SF,642715,Willy Adames,667,3,242,227,34,88,70,3,0,0
MLB,2025,SF,642727,Sergio Alcántara,4,0,0,0,0,0,0,0,0,4
MLB,2025,SF,643511,Tyler Rogers,0,0,0,0,0,0,0,0,0,0
MLB,2025,SF,646240,Rafael Devers,391,0,286,104,0,0,0,0,0,1
MLB,2025,SF,656305,Matt Chapman,521,0,18,4,386,92,21,0,0,0
MLB,2025,SF,664774,LaMonte Wade Jr.,161,37,0,0,0,1,51,58,7,7
MLB,2025,SF,666149,Tyler Fitzgerald,231,0,4,0,0,1,7,46,54,119
MLB,2025,SF,666464,Jerar Encarnacion,56,1,0,0,1,9,15,21,6,3
MLB,2025,SF,668800,Andrew Knizner,84,0,0,1,0,0,0,2,6,75
MLB,2025,SF,669087,Sam Huff,57,0,0,0,0,0,0,8,30,19
MLB,2025,SF,669288,Daniel Johnson,31,13,1,0,1,0,0,10,1,5
MLB,2025,SF,669477,Casey Schmitt,339,5,5,9,13,48,141,90,23,5
MLB,2025,SF,671218,Heliot Ramos,668,368,96,68,19,73,39,5,0,0
MLB,2025,SF,672275,Patrick Bailey,436,0,1,0,0,0,9,60,263,103
MLB,2025,SF,676254,Ryan Walker,0,0,0,0,0,0,0,0,0,0
MLB,2025,SF,681584,David Villar,24,0,0,0,0,0,1,12,10,1
MLB,2025,SF,682515,Logan Porter,8,0,0,0,0,0,0,0,2,6
MLB,2025,SF,682641,Luis Matos,183,6,2,0,0,2,59,33,58,23
MLB,2025,SF,683766,Christian Koss,183,8,0,1,1,1,13,39,37,83
MLB,2025,SF,687529,Grant McCray,24,0,0,0,0,0,2,0,5,17
MLB,2025,SF,687551,Drew Gilbert,107,0,0,0,0,0,7,5,30,65
MLB,2025,SF,689172,Brett Wisely,52,0,1,0,2,1,0,0,12,36
MLB,2025,SF,805811,Bryce Eldridge,35,0,0,0,4,31,0,0,0,0
MLB,2025,SF,806185,Hayden Birdsong,0,0,0,0,0,0,0,0,0,0
MLB,2025,SF,808982,Jung Hoo Lee,603,91,27,211,17,45,105,101,5,1
MLB,2025,STL,571448,Nolan Arenado,429,0,0,3,224,78,123,0,0,1
MLB,2025,STL,575929,Willson Contreras,534,0,100,73,296,65,0,0,0,0
MLB,2025,STL,641658,Garrett Hampson,30,2,3,0,6,2,0,0,4,13
MLB,2025,STL,650968,Yohel Pozo,167,1,0,2,2,8,9,62,61,22
MLB,2025,STL,663457,Lars Nootbaar,573,431,1,9,12,74,18,28,0,0
MLB,2025,STL,663609,Luken Baker,41,0,14,8,0,10,5,0,2,2
MLB,2025,STL,664208,Phil Maton,0,0,0,0,0,0,0,0,0,0
MLB,2025,STL,664854,Ryan Helsley,0,0,0,0,0,0,0,0,0,0
MLB,2025,STL,665877,José Fermín,68,7,1,0,3,0,7,16,12,22
MLB,2025,STL,668723,Ryan Vilade,15,0,0,0,0,0,0,3,9,3
MLB,2025,STL,669357,Nolan Gorman,398,0,0,27,35,98,96,123,18,1
MLB,2025,STL,669467,Andre Pallante,0,0,0,0,0,0,0,0,0,0
MLB,2025,STL,671056,Iván Herrera,431,0,271,27,23,62,47,1,0,0
MLB,2025,STL,672279,Michael Siani,19,1,0,0,0,0,0,0,9,9
MLB,2025,STL,676475,Alec Burleson,536,0,22,287,44,121,19,42,1,0
MLB,2025,STL,676480,José Barrero,30,1,3,0,0,0,2,0,4,20
MLB,2025,STL,680977,Brendan Donovan,502,231,4,242,0,12,10,2,1,0
MLB,2025,STL,686780,Pedro Pagés,380,0,5,0,0,4,20,97,248,6
MLB,2025,STL,687363,Victor Scott II,440,9,0,1,1,0,0,10,94,325
MLB,2025,STL,691023,Jordan Walker,392,1,4,0,0,24,102,154,103,4
MLB,2025,STL,691026,Masyn Winn,525,45,270,4,10,58,65,0,0,73
MLB,2025,STL,693409,César Prieto,6,0,1,0,0,1,4,0,0,0
MLB,2025,STL,695336,Thomas Saggese,291,5,5,0,9,38,117,78,29,10
MLB,2025,STL,699625,Jimmy Crooks,45,0,1,0,0,7,10,12,12,3
MLB,2025,STL,701675,Nathan Church,59,0,0,1,0,0,0,0,4,54
MLB,2025,TB,608671,Travis Jankowski,33,0,0,0,1,0,1,21,10,0
MLB,2025,TB,642136,Matt Thaiss,77,0,0,0,1,0,0,35,15,26
MLB,2025,TB,643376,Danny Jansen,254,0,0,0,4,24,30,46,60,90
MLB,2025,TB,650490,Yandy Díaz,640,283,201,156,0,0,0,0,0,0
MLB,2025,TB,656484,Tristan Gray,84,0,0,0,4,4,8,26,16,26
MLB,2025,TB,657756,Connor Seabold,0,0,0,0,0,0,0,0,0,0
MLB,2025,TB,663743,Nick Fortes,96,0,1,0,0,8,9,7,34,37
MLB,2025,TB,663796,Coco Montes,10,0,0,0,0,1,0,9,0,0
MLB,2025,TB,663968,Jake Mangum,424,7,6,25,9,107,167,47,52,4
MLB,2025,TB,664040,Brandon Lowe,545,0,297,198,37,8,4,1,0,0
MLB,2025,TB,666018,Jonathan Aranda,411,0,35,44,262,56,7,0,5,2
MLB,2025,TB,666139,Josh Lowe,429,93,25,5,66,106,86,46,0,2
MLB,2025,TB,666163,Ben Rortvedt,70,0,0,0,0,0,0,0,28,42
MLB,2025,TB,666624,Christopher Morel,303,3,22,18,57,107,35,35,9,17
MLB,2025,TB,670224,Kameron Misner,213,3,0,0,1,32,81,49,30,17
MLB,2025,TB,670764,Taylor Walls,308,0,3,0,0,6,6,54,112,127
MLB,2025,TB,671976,Tristan Peters,12,0,0,0,0,3,0,0,4,5
MLB,2025,TB,673490,Ha-Seong Kim,92,9,21,0,0,21,9,15,17,0
MLB,2025,TB,676044,Bob Seymour,82,0,5,0,0,4,6,14,11,42
MLB,2025,TB,676356,Jonny DeLuca,59,2,0,4,0,7,7,11,10,18
MLB,2025,TB,676439,Hunter Feduccia,100,0,3,0,0,0,22,33,17,25
MLB,2025,TB,676609,José Caballero,268,10,12,2,1,13,57,107,46,20
MLB,2025,TB,677592,Everson Pereira,72,5,0,0,0,12,27,10,15,3
MLB,2025,TB,678554,Curtis Mead,127,8,24,9,3,27,23,16,15,2
MLB,2025,TB,680700,Richie Palacios,47,9,0,1,0,4,8,23,1,1
MLB,2025,TB,687330,Kevin Kelly,0,0,0,0,0,0,0,0,0,0
MLB,2025,TB,691406,Junior Caminero,643,0,50,233,233,119,8,0,0,0
MLB,2025,TB,700246,Carson Williams,105,0,0,0,0,0,4,9,59,33
MLB,2025,TB,802415,Chandler Simpson,434,296,1,0,0,5,36,15,43,38
MLB,2025,TEX,456781,Donovan Solano,3,0,0,0,0,0,0,3,0,0
MLB,2025,TEX,542888,Shawn Armstrong,0,0,0,0,0,0,0,0,0,0
MLB,2025,TEX,543309,Kyle Higashioka,323,0,3,10,11,31,38,52,84,94
MLB,2025,TEX,543760,Marcus Semien,520,85,0,186,78,114,27,0,17,13
MLB,2025,TEX,571466,Tucker Barnhart,14,0,0,1,0,1,3,0,3,6
MLB,2025,TEX,571948,Hoby Milner,0,0,0,0,0,0,0,0,0,0
MLB,2025,TEX,592626,Joc Pederson,299,28,2,104,91,37,17,11,5,4
MLB,2025,TEX,605113,Nick Ahmed,10,0,1,0,0,0,2,0,2,5
MLB,2025,TEX,607680,Kevin Pillar,43,14,0,3,1,9,2,7,4,3
MLB,2025,TEX,608369,Corey Seager,438,0,269,169,0,0,0,0,0,0
MLB,2025,TEX,641680,Jonah Heim,427,1,1,5,17,34,72,83,133,81
MLB,2025,TEX,641856,Billy McKinney,21,0,0,0,0,0,0,10,11,0
MLB,2025,TEX,642133,Rowdy Tellez,125,1,1,3,28,17,25,36,7,7
MLB,2025,TEX,664059,Sam Haggerty,178,108,24,2,4,4,0,8,7,21
MLB,2025,TEX,664238,Dylan Moore,28,0,2,4,2,6,4,0,2,8
MLB,2025,TEX,665750,Leody Taveras,81,1,0,1,1,0,0,3,3,72
MLB,2025,TEX,666969,Adolis García,535,1,0,0,316,96,33,56,32,1
MLB,2025,TEX,669394,Jake Burger,368,1,4,12,69,61,70,87,64,0
MLB,2025,TEX,669701,Josh Smith,550,389,32,21,0,3,14,46,22,23
MLB,2025,TEX,673962,Josh Jung,509,1,0,83,46,83,115,105,64,12
MLB,2025,TEX,676395,Robert Garcia,0,0,0,0,0,0,0,0,0,0
MLB,2025,TEX,677649,Ezequiel Duran,213,7,15,8,1,4,16,20,49,93
MLB,2025,TEX,679822,Justin Foscue,9,0,0,0,0,0,2,1,3,3
MLB,2025,TEX,680716,Jonathan Ornelas,6,0,2,0,0,1,0,0,3,0
MLB,2025,TEX,680737,Michael Helman,106,20,3,0,0,1,3,2,9,68
MLB,2025,TEX,681168,Luis Curvelo,0,0,0,0,0,0,0,0,0,0
MLB,2025,TEX,683004,Jack Leiter,1,0,0,0,0,0,0,0,1,0
MLB,2025,TEX,683227,Cody Freeman,119,3,32,0,2,0,15,14,41,12
MLB,2025,TEX,687957,Dustin Harris,43,2,0,0,2,4,17,6,9,3
MLB,2025,TEX,688760,Blaine Crim,12,0,0,0,4,0,0,0,3,5
MLB,2025,TEX,694497,Evan Carter,213,14,0,0,0,73,63,51,2,10
MLB,2025,TEX,694671,Wyatt Langford,563,40,319,73,8,48,75,0,0,0
MLB,2025,TEX,696030,Alejandro Osuna,172,4,4,11,1,34,32,27,20,39
MLB,2025,TOR,543807,George Springer,563,172,98,22,157,84,25,0,1,4
MLB,2025,TOR,554340,Yimi García,0,0,0,0,0,0,0,0,0,0
MLB,2025,TOR,623168,Tyler Heineman,161,0,1,0,2,8,1,3,93,53
MLB,2025,TOR,623993,Anthony Santander,219,0,4,176,3,18,14,3,1,0
MLB,2025,TOR,643396,Isiah Kiner-Falefa,30,0,0,0,1,0,2,12,6,9
MLB,2025,TOR,645305,Ali Sánchez,21,0,2,0,0,0,0,0,8,11
MLB,2025,TOR,656546,Jeff Hoffman,0,0,0,0,0,0,0,0,0,0
MLB,2025,TOR,662139,Daulton Varsho,265,5,11,51,13,96,70,15,4,0
MLB,2025,TOR,664034,Ty France,97,0,0,6,3,19,35,16,14,4
MLB,2025,TOR,664702,Myles Straw,286,0,4,1,2,6,8,69,87,109
MLB,2025,TOR,664770,Nathan Lukes,422,104,73,0,2,24,51,63,44,61
MLB,2025,TOR,665489,Vladimir Guerrero Jr.,666,0,297,366,1,0,0,0,0,2
MLB,2025,TOR,665926,Andrés Giménez,354,8,8,4,79,31,20,30,57,117
MLB,2025,TOR,666182,Bo Bichette,618,374,41,27,174,0,0,1,0,1
MLB,2025,TOR,671083,Buddy Kennedy,6,0,0,0,0,0,3,0,3,0
MLB,2025,TOR,672386,Alejandro Kirk,495,2,1,18,147,189,121,10,3,4
MLB,2025,TOR,676391,Ernie Clement,568,33,36,0,0,48,133,169,134,15
MLB,2025,TOR,676914,Davis Schneider,220,27,29,2,0,26,48,41,25,22
MLB,2025,TOR,677870,Leo Jiménez,31,1,0,0,0,0,0,8,7,15
MLB,2025,TOR,680704,Nick Sandlin,0,0,0,0,0,0,0,0,0,0
MLB,2025,TOR,680718,Addison Barger,492,6,106,36,100,104,76,56,4,4
MLB,2025,TOR,682729,Jonatan Clase,110,0,0,0,0,1,2,18,41,48
MLB,2025,TOR,683021,Michael Stefanic,25,2,0,0,0,0,0,0,8,15
MLB,2025,TOR,683770,Will Robertson,11,0,0,0,0,0,0,0,11,0
MLB,2025,TOR,694388,Joey Loperfido,96,8,9,0,0,2,10,28,24,15
MLB,2025,TOR,695238,Will Wagner,129,4,2,0,2,12,23,47,17,22
MLB,2025,TOR,702176,Alan Roden,106,0,0,2,2,0,10,30,15,47
MLB,2025,WSH,595751,Jorge Alfaro,39,0,0,4,0,8,20,4,3,0
MLB,2025,WSH,605137,Josh Bell,525,2,1,138,123,137,113,9,2,0
MLB,2025,WSH,642708,Amed Rosario,155,3,70,36,0,15,13,15,2,1
MLB,2025,WSH,656180,Riley Adams,281,0,0,22,12,39,37,44,105,22
MLB,2025,WSH,657557,Paul DeJong,204,0,0,37,23,19,41,43,35,6
MLB,2025,WSH,660688,Keibert Ruiz,263,0,14,48,91,23,9,24,50,4
MLB,2025,WSH,663455,Konnor Pilkington,0,0,0,0,0,0,0,0,0,0
MLB,2025,WSH,663993,Nathaniel Lowe,487,0,12,115,235,112,12,1,0,0
MLB,2025,WSH,665953,Andrés Chaparro,71,0,0,18,25,12,13,3,0,0
MLB,2025,WSH,667690,C.J. Stubbs,3,0,0,0,0,0,0,0,0,3
MLB,2025,WSH,669743,Alex Call,223,46,30,1,0,47,41,33,17,8
MLB,2025,WSH,671131,Jackson Rutledge,0,0,0,0,0,0,0,0,0,0
MLB,2025,WSH,671277,Luis García Jr.,515,5,6,166,67,149,77,18,23,4
MLB,2025,WSH,676571,PJ Poulin,0,0,0,0,0,0,0,0,0,0
MLB,2025,WSH,676917,Cade Cavalli,0,0,0,0,0,0,0,0,0,0
MLB,2025,WSH,677588,José Tena,167,0,0,1,0,0,8,45,99,14
MLB,2025,WSH,678606,José A. Ferrer,0,0,0,0,0,0,0,0,0,0
MLB,2025,WSH,682928,CJ Abrams,617,466,139,11,0,0,0,0,1,0
MLB,2025,WSH,683083,Nasim Nuñez,90,17,0,0,0,0,0,3,23,47
MLB,2025,WSH,686452,Drew Millas,53,0,0,0,0,0,4,15,34,0
MLB,2025,WSH,686611,Dylan Crews,317,0,21,0,0,40,77,98,54,27
MLB,2025,WSH,690987,Robert Hassell III,205,0,1,0,3,5,28,45,33,90
MLB,2025,WSH,691781,Brady House,269,1,0,4,1,24,99,61,72,7
MLB,2025,WSH,695578,James Wood,683,178,407,86,4,7,1,0,0,0
MLB,2025,WSH,695734,Daylen Lile,342,0,5,0,89,18,43,148,10,29
MLB,2025,WSH,696285,Jacob Young,351,0,0,0,0,0,0,7,34,310
MLB,2025,WSH,702358,Trey Lipscomb,4,0,0,0,0,0,0,0,4,0
MLB,2025,WSH,829272,Shinnosuke Ogasawara,1,0,0,0,0,0,0,1,0,0
