season,slot,team,teamId,plateAppearances,ops,woba,rel_ops_team
2010,1,Seattle Mariners,136,734,0.754,0.33051532033426184,1.182897375661952
2010,1,Detroit Tigers,116,773,0.752,0.3311760104302477,1.000693604962248
2010,1,Los Angeles Dodgers,119,751,0.785,0.34421024258760113,1.1239224869143092
2010,1,New York Mets,121,758,0.761,0.3314026666666667,1.0930431757739885
2010,1,Arizona Diamondbacks,109,751,0.851,0.3724109772423025,1.150202618188114
2010,1,Atlanta Braves,144,767,0.768,0.3370895915678524,1.0384670036423391
2010,1,New York Yankees,147,786,0.743,0.33284615384615385,0.9461536879874777
2010,1,Colorado Rockies,115,765,0.755,0.33312335958005246,0.9936531151056407
2010,1,Oakland Athletics,133,756,0.721,0.3207946666666667,1.0256570243330803
2010,1,Chicago White Sox,145,751,0.643,0.29535597826086957,0.855346751589476
2010,1,Baltimore Orioles,110,746,0.681,0.3046002728512961,0.9699583593684427
2010,1,Boston Red Sox,111,783,0.686,0.3069216944801027,0.8675133920719571
2010,1,Kansas City Royals,118,761,0.703,0.31194666666666665,0.9621463474418162
2010,1,Milwaukee Brewers,158,771,0.811,0.36005836575875483,1.0693358733632765
2010,1,Los Angeles Angels,108,744,0.703,0.31345156889495224,1.0012052633967143
2010,1,Florida Marlins,146,759,0.716,0.318896,0.991352802269677
2010,1,Minnesota Twins,142,759,0.68,0.30700534045393857,0.8922379933222023
2010,1,Houston Astros,117,738,0.665,0.2996740027510316,1.001433691576504
2010,1,Philadelphia Phillies,143,769,0.753,0.33075130890052357,1.009859141418179
2010,1,San Francisco Giants,137,748,0.774,0.3376922043010753,1.0628391169731
2010,1,Texas Rangers,140,771,0.61,0.28169507323568577,0.806771794236277
2010,1,Chicago Cubs,112,752,0.679,0.3035850066934404,0.9433173747780612
2010,1,Tampa Bay Rays,139,767,0.729,0.328875,0.9905260493552132
2010,1,Pittsburgh Pirates,134,725,0.726,0.32179005524861876,1.0718017443402108
2010,1,Cleveland Indians,114,760,0.609,0.2748798397863818,0.8689778862818291
2010,1,Cincinnati Reds,113,767,0.684,0.3047267973856209,0.8832002248401528
2010,1,Toronto Blue Jays,141,749,0.698,0.3102104557640751,0.9107626822167457
2010,1,St. Louis Cardinals,138,761,0.646,0.29139417989417987,0.8796594545119333
2010,1,Washington Nationals,120,743,0.617,0.2784555403556772,0.8706448096735329
2010,1,San Diego Padres,135,752,0.617,0.28176177658142665,0.8960327221937059
2010,2,Florida Marlins,146,744,0.821,0.36328243243243247,1.1367327523231912
2010,2,Cincinnati Reds,113,747,0.763,0.33735694822888285,0.9852072683523927
2010,2,Pittsburgh Pirates,134,710,0.759,0.33636182336182335,1.120520005446584
2010,2,Texas Rangers,140,753,0.779,0.33852272727272725,1.0302872585410816
2010,2,Chicago Cubs,112,737,0.732,0.323646174863388,1.0169489224411499
2010,2,St. Louis Cardinals,138,747,0.781,0.3462834008097166,1.0634892166777397
2010,2,Detroit Tigers,116,753,0.777,0.3449009497964722,1.0339613444889184
2010,2,Atlanta Braves,144,754,0.783,0.35025534759358284,1.0587495623072285
2010,2,Baltimore Orioles,110,734,0.753,0.32923553719008264,1.0725090229140049
2010,2,San Francisco Giants,137,727,0.718,0.3198661087866109,0.9859411963652271
2010,2,Philadelphia Phillies,143,749,0.718,0.3184182305630027,0.9629201375009993
2010,2,Oakland Athletics,133,733,0.803,0.36177994428969357,1.142305950817564
2010,2,Kansas City Royals,118,741,0.675,0.3024093406593406,0.9238247290515306
2010,2,Colorado Rockies,115,748,0.748,0.3324524456521739,0.984440437217244
2010,2,Arizona Diamondbacks,109,732,0.764,0.334407967032967,1.0326143364227016
2010,2,Washington Nationals,120,722,0.7,0.31295063469675594,0.9877655863395024
2010,2,Boston Red Sox,111,757,0.818,0.3570975935828877,1.0344401672228292
2010,2,Milwaukee Brewers,158,752,0.741,0.3248088235294117,0.9770380791149049
2010,2,Tampa Bay Rays,139,753,0.752,0.3303369418132612,1.021777214149685
2010,2,San Diego Padres,135,739,0.676,0.30318930041152264,0.9817149436028286
2010,2,Houston Astros,117,718,0.654,0.2936765536723164,0.9848686229940355
2010,2,Los Angeles Angels,108,731,0.713,0.3139834710743802,1.0154471590353589
2010,2,Chicago White Sox,145,727,0.667,0.2999704641350211,0.8872726023486478
2010,2,Seattle Mariners,136,716,0.64,0.29532808022922635,1.0040508228430363
2010,2,Minnesota Twins,142,746,0.684,0.3064103260869565,0.8974864521064506
2010,2,Los Angeles Dodgers,119,737,0.702,0.3145331491712707,1.0050873704634968
2010,2,Cleveland Indians,114,741,0.69,0.30747275204359675,0.9845562258365551
2010,2,New York Yankees,147,773,0.763,0.33839062499999994,0.9716221587273829
2010,2,New York Mets,121,733,0.645,0.2900518207282913,0.9264294985206604
2010,2,Toronto Blue Jays,141,723,0.736,0.3238251748251748,0.9603457508761102
2010,3,Cincinnati Reds,113,732,1.013,0.434751724137931,1.3080143680746705
2010,3,Kansas City Royals,118,713,0.843,0.3694794326241135,1.1537544393932446
2010,3,Minnesota Twins,142,734,0.869,0.37638161559888583,1.140227670877932
2010,3,Milwaukee Brewers,158,733,0.928,0.40303292181069966,1.2236050437498405
2010,3,St. Louis Cardinals,138,735,0.997,0.4140702005730659,1.35761683614303
2010,3,Colorado Rockies,115,729,0.892,0.38230833333333336,1.1739583823499755
2010,3,Texas Rangers,140,739,0.861,0.37533831521739136,1.138738548913827
2010,3,Boston Red Sox,111,739,0.913,0.3897413554633472,1.1545768614601994
2010,3,Cleveland Indians,114,722,0.886,0.38779859154929575,1.2642272696973738
2010,3,Tampa Bay Rays,139,732,0.833,0.36099443671766346,1.1318356640780418
2010,3,San Diego Padres,135,722,0.853,0.36372190201729104,1.2387616078301964
2010,3,Florida Marlins,146,723,0.823,0.3569775910364146,1.1395018942289723
2010,3,Philadelphia Phillies,143,733,0.805,0.35678326474622774,1.0795970900951317
2010,3,San Francisco Giants,137,718,0.818,0.35613623595505617,1.1232589117364287
2010,3,Washington Nationals,120,713,0.829,0.36148022598870055,1.169796672964925
2010,3,Pittsburgh Pirates,134,698,0.777,0.3425014450867052,1.1470936024136968
2010,3,New York Mets,121,719,0.792,0.34656197183098586,1.1375692446951364
2010,3,Houston Astros,117,702,0.8,0.35043428571428575,1.2047322605431627
2010,3,Detroit Tigers,116,737,0.746,0.33291180461329717,0.9927093474758469
2010,3,Los Angeles Dodgers,119,721,0.803,0.3458718309859155,1.1496939579518348
2010,3,Atlanta Braves,144,737,0.792,0.3515816186556927,1.0709190975061622
2010,3,Baltimore Orioles,110,715,0.716,0.3165742574257426,1.0198093763697575
2010,3,Chicago White Sox,145,708,0.77,0.3381036931818182,1.02428771185676
2010,3,Los Angeles Angels,108,714,0.736,0.3273492957746479,1.0482035190042414
2010,3,New York Yankees,147,749,0.835,0.36560349462365593,1.0633086533910414
2010,3,Chicago Cubs,112,722,0.721,0.32120000000000004,1.0016669031148484
2010,3,Arizona Diamondbacks,109,723,0.751,0.33586805555555554,1.0150436736301687
2010,3,Oakland Athletics,133,712,0.652,0.2916473087818697,0.9275012203400393
2010,3,Toronto Blue Jays,141,705,0.83,0.3593394886363636,1.082998604928222
2010,3,Seattle Mariners,136,700,0.705,0.3091223021582734,1.106024734538032
2010,4,Detroit Tigers,116,715,1.023,0.42480763582966224,1.3613159014313556
2010,4,Chicago White Sox,145,697,0.97,0.4141074020319304,1.2903364681831908
2010,4,Texas Rangers,140,722,0.842,0.3637489539748954,1.1136095913884347
2010,4,Colorado Rockies,115,715,0.886,0.38222521246458924,1.1660618013027784
2010,4,Boston Red Sox,111,723,0.9,0.3878145048814505,1.1381371033014014
2010,4,St. Louis Cardinals,138,715,0.842,0.3641353276353277,1.1465530351378448
2010,4,Los Angeles Dodgers,119,703,0.788,0.3432701149425288,1.1282177320872302
2010,4,Atlanta Braves,144,712,0.84,0.369896159317212,1.1358232852338084
2010,4,Minnesota Twins,142,718,0.857,0.37027221438645985,1.1244822945251873
2010,4,Los Angeles Angels,108,698,0.838,0.36421366279069767,1.1934708545184163
2010,4,New York Yankees,147,731,0.858,0.37010150891632376,1.0925973947419325
2010,4,Oakland Athletics,133,695,0.796,0.35056421356421363,1.132348115629864
2010,4,Florida Marlins,146,702,0.816,0.3544763948497854,1.129809897558738
2010,4,Cincinnati Reds,113,716,0.799,0.3482931276297335,1.0316914907124008
2010,4,Philadelphia Phillies,143,718,0.841,0.36190651558073655,1.1278772084099449
2010,4,Washington Nationals,120,697,0.874,0.3751093294460641,1.2332958892296073
2010,4,Toronto Blue Jays,141,689,0.818,0.35225438596491226,1.0673407937726334
2010,4,Tampa Bay Rays,139,714,0.802,0.34908744710860373,1.0897145289202756
2010,4,Kansas City Royals,118,699,0.78,0.3405468975468976,1.0675307980151019
2010,4,San Francisco Giants,137,707,0.778,0.33981007194244606,1.0683318255879481
2010,4,Milwaukee Brewers,158,717,0.807,0.35537891737891736,1.064061713691941
2010,4,Baltimore Orioles,110,701,0.731,0.32208920863309354,1.0411740979417496
2010,4,Chicago Cubs,112,707,0.753,0.32891914893617025,1.0461236866095434
2010,4,New York Mets,121,702,0.748,0.325010071942446,1.0743709533231844
2010,4,San Diego Padres,135,702,0.712,0.31143396226415093,1.0339956210728016
2010,4,Pittsburgh Pirates,134,685,0.704,0.30960672514619886,1.0393229036026286
2010,4,Cleveland Indians,114,704,0.707,0.31296536796536795,1.0088134082122384
2010,4,Arizona Diamondbacks,109,709,0.721,0.3162450142450143,0.9744959902627851
2010,4,Seattle Mariners,136,688,0.667,0.29520262390670554,1.046409216931727
2010,4,Houston Astros,117,681,0.684,0.2991152141802068,1.0300460827644042
2010,5,New York Yankees,147,706,0.936,0.39859248554913296,1.191924430627563
2010,5,Texas Rangers,140,702,0.948,0.40722254335260116,1.2538027228458863
2010,5,Philadelphia Phillies,143,702,0.944,0.4044014388489208,1.2660119913662162
2010,5,St. Louis Cardinals,138,693,0.839,0.36413138686131385,1.142467929311938
2010,5,Boston Red Sox,111,699,0.868,0.3710291120815139,1.0976700062951292
2010,5,Milwaukee Brewers,158,701,0.791,0.343441091954023,1.0429650750065989
2010,5,Kansas City Royals,118,691,0.775,0.3396131386861314,1.0606876518739794
2010,5,San Diego Padres,135,685,0.749,0.3333406754772394,1.0877285395836074
2010,5,Minnesota Twins,142,701,0.766,0.3354913793103448,1.0050798571835395
2010,5,San Francisco Giants,137,689,0.801,0.34847591240875914,1.0999149001233246
2010,5,Detroit Tigers,116,701,0.781,0.3407327586206897,1.0392841828131856
2010,5,Washington Nationals,120,682,0.832,0.36605333333333334,1.1740299540492372
2010,5,Los Angeles Angels,108,680,0.766,0.33760837070254107,1.0909292059201752
2010,5,Chicago Cubs,112,689,0.743,0.32768267831149933,1.0322309417674513
2010,5,Cincinnati Reds,113,698,0.771,0.33772976878612715,0.9955370955435056
2010,5,Oakland Athletics,133,681,0.714,0.3153519882179676,1.0156991891453804
2010,5,Los Angeles Dodgers,119,683,0.745,0.32454666666666665,1.0666525512753635
2010,5,Colorado Rockies,115,702,0.807,0.351971181556196,1.062090150848016
2010,5,Houston Astros,117,667,0.714,0.3132857142857143,1.0752235425347727
2010,5,Florida Marlins,146,684,0.703,0.312574780058651,0.9733533798820991
2010,5,Baltimore Orioles,110,679,0.72,0.3175784023668639,1.0255066354556222
2010,5,New York Mets,121,685,0.769,0.3355676470588235,1.1045337742052523
2010,5,Cleveland Indians,114,680,0.731,0.3219068047337278,1.0430588421543794
2010,5,Arizona Diamondbacks,109,693,0.806,0.3483415697674419,1.0893810931370387
2010,5,Pittsburgh Pirates,134,668,0.737,0.323868778280543,1.0880411647090018
2010,5,Chicago White Sox,145,679,0.752,0.3317725258493353,1.0003433237873811
2010,5,Toronto Blue Jays,141,678,0.742,0.32329017857142855,0.9681746564539045
2010,5,Atlanta Braves,144,691,0.72,0.31721229868228407,0.9735628159146928
2010,5,Tampa Bay Rays,139,695,0.717,0.3178927536231884,0.9742210938102713
2010,5,Seattle Mariners,136,670,0.556,0.2487353383458647,0.8722691523448878
2010,6,Baltimore Orioles,110,662,0.872,0.3772484756097561,1.2420024807184757
2010,6,Minnesota Twins,142,682,0.876,0.37762166172106826,1.1494124737503664
2010,6,St. Louis Cardinals,138,674,0.749,0.3319122541603631,1.0199147545347338
2010,6,Philadelphia Phillies,143,683,0.802,0.3450907738095238,1.0755737469022304
2010,6,Texas Rangers,140,683,0.819,0.35377198211624444,1.0831903270155916
2010,6,Chicago Cubs,112,660,0.832,0.36000763358778626,1.1558763708620718
2010,6,Cincinnati Reds,113,681,0.815,0.3541144130757801,1.0523511450946264
2010,6,Atlanta Braves,144,675,0.793,0.34647976011994003,1.0722712680838216
2010,6,Milwaukee Brewers,158,682,0.791,0.344260294117647,1.0429650750065989
2010,6,Chicago White Sox,145,663,0.758,0.3346463414634146,1.008324786477174
2010,6,Florida Marlins,146,671,0.795,0.3481079460269865,1.1007339075480354
2010,6,Colorado Rockies,115,685,0.787,0.3421540740740741,1.0357682140240254
2010,6,San Francisco Giants,137,664,0.732,0.318842748091603,1.0051656765171952
2010,6,New York Yankees,147,689,0.794,0.35022320117474304,1.0110982883742359
2010,6,Kansas City Royals,118,676,0.704,0.3116071428571428,0.9635149766700406
2010,6,Arizona Diamondbacks,109,677,0.802,0.34924776119402984,1.0839747353547209
2010,6,Boston Red Sox,111,686,0.779,0.3394700729927007,0.9851208927464352
2010,6,Los Angeles Angels,108,657,0.685,0.30035483870967744,0.9755698512471541
2010,6,Houston Astros,117,650,0.657,0.29134316770186336,0.9893863689710725
2010,6,Toronto Blue Jays,141,660,0.746,0.32379604261796047,0.9733939268391009
2010,6,Washington Nationals,120,668,0.68,0.29859365558912393,0.9595437124440882
2010,6,Pittsburgh Pirates,134,649,0.677,0.299165625,0.9994625081519598
2010,6,Seattle Mariners,136,649,0.663,0.2925407523510971,1.040133899288958
2010,6,Cleveland Indians,114,666,0.694,0.30661027190332324,0.9902637981602452
2010,6,Los Angeles Dodgers,119,668,0.663,0.2938588770864947,0.9492491832155249
2010,6,Detroit Tigers,116,690,0.688,0.30233478893740906,0.9155281917739714
2010,6,New York Mets,121,662,0.673,0.2983481595092025,0.9666465930300844
2010,6,Oakland Athletics,133,661,0.589,0.2651554878048781,0.8378807036507411
2010,6,San Diego Padres,135,658,0.661,0.2935414110429448,0.9599313279903398
2010,6,Tampa Bay Rays,139,682,0.692,0.30981443298969075,0.9402524364249759
2010,7,Minnesota Twins,142,660,0.832,0.35976219512195123,1.0916794271236356
2010,7,Kansas City Royals,118,662,0.724,0.3205516717325228,0.9908875612345305
2010,7,Houston Astros,117,636,0.698,0.3071642743221691,1.0511288973239095
2010,7,Toronto Blue Jays,141,641,0.876,0.37501415094339624,1.143020214357979
2010,7,Chicago White Sox,145,649,0.736,0.32197507788162,0.9790594232812665
2010,7,Philadelphia Phillies,143,668,0.699,0.3046748091603053,0.9374389639459589
2010,7,Colorado Rockies,115,664,0.778,0.3425257575757576,1.0239233424532297
2010,7,Cincinnati Reds,113,669,0.778,0.3378796992481203,1.0045756943357294
2010,7,Washington Nationals,120,648,0.686,0.3036973478939158,0.9680102746127125
2010,7,Chicago Cubs,112,644,0.755,0.3319282371294851,1.0489022355779618
2010,7,Pittsburgh Pirates,134,631,0.695,0.3075648,1.0260361051190723
2010,7,Boston Red Sox,111,674,0.704,0.3135179640718563,0.890276134137985
2010,7,Florida Marlins,146,655,0.698,0.3048256172839506,0.966430525117646
2010,7,Los Angeles Angels,108,641,0.746,0.3245338582677165,1.062445414642886
2010,7,Cleveland Indians,114,652,0.701,0.31078825347758887,1.0002520497267031
2010,7,Atlanta Braves,144,660,0.689,0.3069693251533742,0.9316455280072546
2010,7,Detroit Tigers,116,670,0.688,0.305287856071964,0.9155281917739714
2010,7,New York Yankees,147,667,0.735,0.3253413897280967,0.9359662996915156
2010,7,San Francisco Giants,137,650,0.681,0.29709797822706063,0.9351336416778826
2010,7,Milwaukee Brewers,158,668,0.681,0.30276631259484066,0.8979256840448722
2010,7,Baltimore Orioles,110,647,0.691,0.3043728549141966,0.9842015070831039
2010,7,Arizona Diamondbacks,109,652,0.715,0.3138129829984544,0.9663864535893084
2010,7,New York Mets,121,644,0.65,0.2842740157480315,0.9336111225402003
2010,7,Los Angeles Dodgers,119,644,0.615,0.277425431711146,0.88052526044879
2010,7,Oakland Athletics,133,643,0.632,0.28102821316614424,0.899050262660897
2010,7,Tampa Bay Rays,139,659,0.698,0.31141500765696783,0.9484049141974469
2010,7,St. Louis Cardinals,138,657,0.592,0.26389735614307935,0.8061275496456106
2010,7,Texas Rangers,140,664,0.597,0.2682668711656442,0.7895782969820613
2010,7,San Diego Padres,135,643,0.613,0.27034177215189875,0.8902237580303756
2010,7,Seattle Mariners,136,628,0.563,0.2589085072231139,0.8832509582197333
2010,8,Los Angeles Dodgers,119,624,0.764,0.3370664451827242,1.0938557707038628
2010,8,New York Yankees,147,646,0.767,0.3436530612244898,0.976715852875364
2010,8,Chicago Cubs,112,622,0.783,0.33673300165837483,1.08780192113582
2010,8,San Diego Padres,135,629,0.787,0.34148349834983505,1.1429136991352458
2010,8,San Francisco Giants,137,632,0.766,0.3302302631578948,1.0518536997434038
2010,8,Minnesota Twins,142,641,0.708,0.31153080568720376,0.92897720481194
2010,8,Cincinnati Reds,113,649,0.73,0.32327830188679246,0.942596731189052
2010,8,Chicago White Sox,145,631,0.771,0.3364815409309791,1.025617955638392
2010,8,Washington Nationals,120,622,0.705,0.30776354679802953,0.9948210548133559
2010,8,Kansas City Royals,118,641,0.672,0.29654358161648176,0.9197188413668571
2010,8,Oakland Athletics,133,627,0.697,0.30883627608346714,0.9915158751181095
2010,8,Detroit Tigers,116,645,0.697,0.3129321766561515,0.9275045780035728
2010,8,Tampa Bay Rays,139,641,0.715,0.3191637519872814,0.9715036012194477
2010,8,New York Mets,121,629,0.694,0.3037960848287113,0.9968094139121523
2010,8,Boston Red Sox,111,659,0.781,0.34044036697247704,0.9876500863093273
2010,8,Philadelphia Phillies,143,645,0.719,0.31495000000000006,0.964261251898633
2010,8,Toronto Blue Jays,141,624,0.768,0.3304012944983819,1.0020999139576803
2010,8,Atlanta Braves,144,637,0.684,0.2989059967585089,0.9248846751189583
2010,8,Texas Rangers,140,644,0.632,0.28851107594936704,0.8358684818972575
2010,8,Milwaukee Brewers,158,653,0.634,0.2813198757763975,0.8359543079066798
2010,8,Arizona Diamondbacks,109,637,0.691,0.29799674796747966,0.9339483068954015
2010,8,Florida Marlins,146,637,0.705,0.3025569823434992,0.9761225217878804
2010,8,St. Louis Cardinals,138,638,0.596,0.26420689655172414,0.8115743574134864
2010,8,Houston Astros,117,618,0.592,0.2648552631578947,0.8915018728019404
2010,8,Baltimore Orioles,110,623,0.586,0.2608009787928222,0.834648456079159
2010,8,Colorado Rockies,115,638,0.61,0.26704830917874395,0.8028190731317096
2010,8,Cleveland Indians,114,627,0.575,0.26011451612903225,0.8204635215304625
2010,8,Pittsburgh Pirates,134,619,0.565,0.24847899159663867,0.8341156825788142
2010,8,Seattle Mariners,136,613,0.603,0.2681625615763547,0.9460041346474232
2010,8,Los Angeles Angels,108,620,0.528,0.2382169657422512,0.7519720897204342
2010,9,Texas Rangers,140,624,0.698,0.3096551724137931,0.9231585448801989
2010,9,Kansas City Royals,118,625,0.694,0.3079025974025974,0.9498286843877958
2010,9,Oakland Athletics,133,609,0.706,0.31355723905723903,1.0043188060737236
2010,9,Chicago White Sox,145,613,0.706,0.31216474464579896,0.9391521098323018
2010,9,Toronto Blue Jays,141,603,0.686,0.3030468227424749,0.8951048710611571
2010,9,Cleveland Indians,114,613,0.705,0.316203642384106,1.0059596220503932
2010,9,Tampa Bay Rays,139,627,0.667,0.2984392220421394,0.9062837790396807
2010,9,Boston Red Sox,111,636,0.651,0.2907025723472669,0.823252504721347
2010,9,New York Yankees,147,632,0.616,0.28189141004862234,0.7844288987890797
2010,9,Milwaukee Brewers,158,627,0.601,0.2715099337748344,0.7924424906181617
2010,9,Baltimore Orioles,110,602,0.541,0.24504180602006692,0.7705542913631828
2010,9,Detroit Tigers,116,628,0.578,0.2619821138211382,0.7691501378566213
2010,9,Cincinnati Reds,113,626,0.594,0.26416323024054983,0.7669896689401327
2010,9,Seattle Mariners,136,591,0.554,0.2497508591065292,0.8691314935235033
2010,9,Minnesota Twins,142,616,0.571,0.25924046434494197,0.7492174914514375
2010,9,Los Angeles Angels,108,604,0.57,0.2546830508474576,0.8117880514027412
2010,9,St. Louis Cardinals,138,621,0.512,0.23266000000000006,0.6971913942880957
2010,9,Arizona Diamondbacks,109,609,0.516,0.2345,0.6974201539189975
2010,9,New York Mets,121,612,0.5,0.2260598591549296,0.7181624019540003
2010,9,Atlanta Braves,144,619,0.548,0.24605217391304346,0.7409894765572941
2010,9,San Diego Padres,135,618,0.513,0.22903130434782612,0.744999653947117
2010,9,Houston Astros,117,595,0.482,0.2177106227106227,0.7258511869772555
2010,9,Colorado Rockies,115,619,0.53,0.23966494845360828,0.6975313258357477
2010,9,San Francisco Giants,137,608,0.445,0.2031714801444043,0.6110638334018469
2010,9,Chicago Cubs,112,607,0.465,0.21233931777378817,0.6460126351572878
2010,9,Pittsburgh Pirates,134,589,0.402,0.1818167259786477,0.5934769989321829
2010,9,Washington Nationals,120,605,0.42,0.19211733800350259,0.5926593518037014
2010,9,Los Angeles Dodgers,119,609,0.368,0.171623869801085,0.5268834078783003
2010,9,Philadelphia Phillies,143,624,0.383,0.1754653130287648,0.5136468142937085
2010,9,Florida Marlins,146,619,0.373,0.17353979238754325,0.5164449654281977
2011,1,New York Mets,121,778,0.826,0.35644125326370757,1.1409877144594684
2011,1,Boston Red Sox,111,782,0.902,0.38947286821705424,1.1134135137038845
2011,1,Chicago Cubs,112,748,0.792,0.35020215633423174,1.10868970979037
2011,1,Pittsburgh Pirates,134,748,0.793,0.34909973045822107,1.1739010923287012
2011,1,Milwaukee Brewers,158,751,0.852,0.3697489932885906,1.1351789621160637
2011,1,Houston Astros,117,756,0.702,0.31193716577540104,1.0270924692494372
2011,1,Los Angeles Angels,108,745,0.753,0.32905390835579507,1.0552129559061936
2011,1,Los Angeles Dodgers,119,745,0.671,0.30040460081190795,0.963703060391201
2011,1,Florida Marlins,146,762,0.728,0.3224188829787234,1.0323541331178017
2011,1,Chicago White Sox,145,753,0.643,0.29044201909959066,0.9095712868285423
2011,1,Seattle Mariners,136,726,0.647,0.28155477528089884,1.0105057571004938
2011,1,Cincinnati Reds,113,777,0.774,0.3414766233766234,1.0547670129268358
2011,1,Colorado Rockies,115,772,0.773,0.34017539267015706,1.0473542325908798
2011,1,Oakland Athletics,133,752,0.697,0.3069959731543624,1.0247425009568225
2011,1,Minnesota Twins,142,734,0.651,0.2920958904109589,0.9769803757329186
2011,1,Texas Rangers,140,767,0.837,0.36622924901185766,1.0469688400097414
2011,1,Atlanta Braves,144,758,0.677,0.29980187416331994,0.974272284041337
2011,1,Kansas City Royals,118,766,0.766,0.33600396301188906,1.0300607712685494
2011,1,Toronto Blue Jays,141,755,0.71,0.3169033557046979,0.9700121463270505
2011,1,New York Yankees,147,771,0.694,0.3117144719687092,0.8810652755475599
2011,1,Tampa Bay Rays,139,754,0.75,0.3315140186915888,1.0353253735496133
2011,1,Philadelphia Phillies,143,768,0.74,0.324365308804205,1.0327199341222806
2011,1,St. Louis Cardinals,138,763,0.661,0.29450993377483436,0.8632969459176936
2011,1,Arizona Diamondbacks,109,746,0.731,0.32027297297297297,0.9945613746902162
2011,1,San Diego Padres,135,748,0.709,0.31063122476446836,1.0863370438685356
2011,1,Detroit Tigers,116,766,0.68,0.3006724832214765,0.8781565733762962
2011,1,Cleveland Indians,114,751,0.671,0.29609986504723346,0.9403104569012034
2011,1,Baltimore Orioles,110,755,0.685,0.3009986631016043,0.939619268873059
2011,1,San Francisco Giants,137,745,0.649,0.28874525745257446,0.9678548684968553
2011,1,Washington Nationals,120,751,0.632,0.2814364123159304,0.914960462206129
2011,2,Chicago Cubs,112,732,0.736,0.3240359116022099,1.0302975080880206
2011,2,Kansas City Royals,118,753,0.799,0.34597439353099724,1.0744367574981344
2011,2,Boston Red Sox,111,767,0.827,0.36082321899736153,1.020834784737375
2011,2,New York Yankees,147,751,0.897,0.38892328398384923,1.138783216377754
2011,2,Baltimore Orioles,110,736,0.774,0.33992896174863385,1.0617011884784637
2011,2,Cleveland Indians,114,738,0.809,0.3517045143638851,1.1336977043711975
2011,2,Philadelphia Phillies,143,748,0.775,0.34190296495956873,1.0815647958713073
2011,2,Chicago White Sox,145,737,0.739,0.3265048143053645,1.0453704214094754
2011,2,St. Louis Cardinals,138,745,0.743,0.32796580027359784,0.9703927848968931
2011,2,Texas Rangers,140,749,0.705,0.31676261937244193,0.8818554745601765
2011,2,Colorado Rockies,115,755,0.731,0.3247783783783784,0.9904475343129794
2011,2,Toronto Blue Jays,141,741,0.747,0.3252983651226158,1.0205620750793052
2011,2,Milwaukee Brewers,158,734,0.732,0.3229549929676512,0.9752946012546463
2011,2,San Francisco Giants,137,728,0.662,0.29179154929577467,0.9872417919028016
2011,2,Detroit Tigers,116,744,0.743,0.3283835616438356,0.9595151970861587
2011,2,Los Angeles Dodgers,119,728,0.686,0.30761173184357543,0.9852463478813174
2011,2,Cincinnati Reds,113,762,0.715,0.31662600536193025,0.9743648762825421
2011,2,Tampa Bay Rays,139,738,0.779,0.3428643835616438,1.0753579546601983
2011,2,Florida Marlins,146,744,0.673,0.29744827586206896,0.9543603455882975
2011,2,Los Angeles Angels,108,728,0.735,0.32325801952580197,1.0299887418207865
2011,2,Houston Astros,117,736,0.629,0.2810041551246537,0.9202865572049801
2011,2,New York Mets,121,756,0.645,0.2941693333333333,0.8909649828406261
2011,2,Pittsburgh Pirates,134,723,0.656,0.2888022440392707,0.9710959855833897
2011,2,Oakland Athletics,133,727,0.648,0.2915208913649025,0.9527017799426414
2011,2,San Diego Padres,135,733,0.599,0.27117056396148553,0.9177939199961253
2011,2,Atlanta Braves,144,735,0.644,0.2846349862258953,0.926781906828096
2011,2,Minnesota Twins,142,719,0.628,0.27999432624113474,0.9424634039328308
2011,2,Seattle Mariners,136,716,0.588,0.26350775740479543,0.9183576277822108
2011,2,Arizona Diamondbacks,109,727,0.671,0.2977246175243394,0.9129284301191999
2011,2,Washington Nationals,120,734,0.613,0.2745564738292011,0.8874537394499321
2011,3,Boston Red Sox,111,748,0.916,0.39299181446111875,1.1306948764442994
2011,3,Milwaukee Brewers,158,710,0.961,0.4132090395480226,1.2804072565651845
2011,3,Cincinnati Reds,113,737,0.944,0.40410679611650485,1.286434186308699
2011,3,Houston Astros,117,715,0.813,0.3539143258426966,1.1894959793444337
2011,3,St. Louis Cardinals,138,729,0.915,0.38806993006993,1.1950328373898482
2011,3,Kansas City Royals,118,732,0.826,0.35563223140495864,1.1107443825950676
2011,3,Texas Rangers,140,733,0.858,0.36316991643454033,1.0732368754221724
2011,3,Toronto Blue Jays,141,727,1.014,0.42771266002844943,1.3853412906699003
2011,3,Los Angeles Dodgers,119,710,0.833,0.3591951219512195,1.1963705652844567
2011,3,Arizona Diamondbacks,109,711,0.892,0.3836225071225071,1.213609775955777
2011,3,Minnesota Twins,142,703,0.764,0.33299855907780973,1.146563758924654
2011,3,Colorado Rockies,115,739,0.83,0.3590519835841313,1.1245847516823158
2011,3,Chicago Cubs,112,718,0.753,0.32725245441795237,1.0540951407476624
2011,3,Detroit Tigers,116,730,0.747,0.3265425824175824,0.9646808239883723
2011,3,San Francisco Giants,137,718,0.773,0.3306661951909477,1.1527762917535733
2011,3,Washington Nationals,120,719,0.762,0.3335217391304348,1.103164354748529
2011,3,Tampa Bay Rays,139,718,0.856,0.36879353932584275,1.1816513596779585
2011,3,New York Mets,121,731,0.822,0.3590303867403315,1.1354623502247978
2011,3,Oakland Athletics,133,712,0.715,0.31685331452750354,1.0512064392885625
2011,3,San Diego Padres,135,714,0.694,0.3099644886363636,1.063353890613207
2011,3,Los Angeles Angels,108,706,0.745,0.33105157593123213,1.0440021940904571
2011,3,Philadelphia Phillies,143,735,0.739,0.3259107142857143,1.0313243666437368
2011,3,Pittsburgh Pirates,134,703,0.752,0.3323638968481375,1.1132075932297394
2011,3,Atlanta Braves,144,719,0.759,0.3286916548797737,1.0922786759045418
2011,3,New York Yankees,147,735,0.856,0.37160792349726773,1.086731809609094
2011,3,Baltimore Orioles,110,717,0.693,0.3022362869198313,0.9505929245679267
2011,3,Seattle Mariners,136,703,0.716,0.31607449856733527,1.1182722134218757
2011,3,Chicago White Sox,145,723,0.772,0.33701123595505617,1.0920513739216713
2011,3,Florida Marlins,146,724,0.734,0.32141398601398596,1.0408625463028385
2011,3,Cleveland Indians,114,716,0.71,0.3134402250351617,0.9949633746644625
2011,4,Detroit Tigers,116,707,1.029,0.43562280701754386,1.3288575205944244
2011,4,Texas Rangers,140,710,0.832,0.3583560283687944,1.0407145458639246
2011,4,Atlanta Braves,144,704,0.922,0.3957702312138727,1.3268523572911561
2011,4,Milwaukee Brewers,158,698,0.971,0.4060945945945945,1.293730953303636
2011,4,Los Angeles Dodgers,119,699,0.879,0.37400146627565983,1.2624366469208133
2011,4,St. Louis Cardinals,138,713,0.906,0.39087731811697574,1.1832784160384726
2011,4,New York Mets,121,715,0.81,0.35272017045454546,1.1188862575207863
2011,4,Colorado Rockies,115,721,0.88,0.3735319148936171,1.1923308210607686
2011,4,Baltimore Orioles,110,698,0.716,0.31134537572254334,0.9821421846906717
2011,4,Boston Red Sox,111,729,0.861,0.37036554621848744,1.062803808535526
2011,4,Kansas City Royals,118,712,0.752,0.3254935805991441,1.0112345952923618
2011,4,San Francisco Giants,137,700,0.773,0.3345528219971056,1.1527762917535733
2011,4,New York Yankees,147,723,0.817,0.35520416666666665,1.0372194958535395
2011,4,Chicago White Sox,145,703,0.822,0.35286800573888083,1.1627800898492406
2011,4,Houston Astros,117,695,0.775,0.33555167394468705,1.1338983812938945
2011,4,Florida Marlins,146,711,0.781,0.3429402560455192,1.1075117829189605
2011,4,Minnesota Twins,142,685,0.748,0.32909370424597356,1.1225519524550278
2011,4,Pittsburgh Pirates,134,692,0.742,0.3266408759124088,1.098404300766578
2011,4,Washington Nationals,120,701,0.78,0.33873342939481266,1.1292233552543998
2011,4,Arizona Diamondbacks,109,691,0.762,0.33418768328445747,1.036738396051908
2011,4,Los Angeles Angels,108,696,0.739,0.3227294964028777,1.035594122728655
2011,4,Chicago Cubs,112,702,0.781,0.3402920863309352,1.0932912415988372
2011,4,Philadelphia Phillies,143,718,0.801,0.34273219373219377,1.1178495503134416
2011,4,Cincinnati Reds,113,719,0.701,0.3082236286919831,0.9552864031805063
2011,4,Toronto Blue Jays,141,719,0.701,0.3038459383753501,0.9577162177116372
2011,4,Oakland Athletics,133,696,0.746,0.32654913294797683,1.0967832219710036
2011,4,Cleveland Indians,114,701,0.758,0.3339281609195402,1.0622285042192432
2011,4,Tampa Bay Rays,139,701,0.693,0.30639655172413793,0.9566406451598426
2011,4,San Diego Padres,135,695,0.649,0.2873007299270073,0.994404430847221
2011,4,Seattle Mariners,136,689,0.626,0.27890247452692873,0.9777072703939863
2011,5,Detroit Tigers,116,688,0.797,0.3459457478005865,1.0292511602660412
2011,5,Boston Red Sox,111,713,0.885,0.3833148936170212,1.092429001804809
2011,5,Texas Rangers,140,696,0.83,0.35983165467625894,1.038212828205598
2011,5,St. Louis Cardinals,138,697,0.881,0.38023546511627904,1.150627245617985
2011,5,New York Yankees,147,704,0.866,0.3695441389290882,1.0994272746746208
2011,5,Kansas City Royals,118,696,0.831,0.35956603773584905,1.1174680168722775
2011,5,Los Angeles Dodgers,119,683,0.732,0.32076923076923075,1.051312429517674
2011,5,Tampa Bay Rays,139,688,0.823,0.355064610866373,1.1360970432417756
2011,5,Houston Astros,117,679,0.734,0.32187779433681074,1.0739114991867336
2011,5,Cleveland Indians,114,682,0.799,0.3441411589895988,1.1196841357139515
2011,5,Colorado Rockies,115,696,0.798,0.34644862518089725,1.0812272672801062
2011,5,Chicago Cubs,112,683,0.801,0.3497039764359352,1.1212884564925334
2011,5,New York Mets,121,703,0.717,0.32069109195402296,0.9904215390646959
2011,5,San Diego Padres,135,677,0.736,0.32538335809806834,1.1277067197281272
2011,5,Philadelphia Phillies,143,703,0.76,0.33256733524355303,1.060631283693153
2011,5,Florida Marlins,146,695,0.779,0.3373066860465116,1.1046756451906148
2011,5,Cincinnati Reds,113,702,0.812,0.34779335260115607,1.106551439918076
2011,5,Baltimore Orioles,110,682,0.777,0.33929852941176464,1.0658163093640391
2011,5,Washington Nationals,120,678,0.763,0.33420535714285715,1.1046120769988552
2011,5,Minnesota Twins,142,669,0.698,0.308512012012012,1.0475150572374456
2011,5,Arizona Diamondbacks,109,675,0.729,0.3175254491017965,0.991840276537849
2011,5,Toronto Blue Jays,141,694,0.703,0.3095130057803468,0.9604486462928401
2011,5,Chicago White Sox,145,691,0.705,0.3111262699564586,0.9972748945787283
2011,5,Los Angeles Angels,108,678,0.648,0.2869761549925484,0.9080717070746527
2011,5,San Francisco Giants,137,681,0.713,0.3131318518518519,1.063298183726129
2011,5,Oakland Athletics,133,676,0.676,0.29671706586826346,0.9938679062364593
2011,5,Seattle Mariners,136,665,0.674,0.29547256097560975,1.0526752400088606
2011,5,Atlanta Braves,144,686,0.692,0.3053157121879589,0.9958588191382646
2011,5,Milwaukee Brewers,158,685,0.627,0.27717205882352935,0.8353957855009061
2011,5,Pittsburgh Pirates,134,679,0.607,0.2714681481481481,0.8985598525138987
2011,6,Detroit Tigers,116,672,0.842,0.3643463268365817,1.087364462915943
2011,6,New York Mets,121,686,0.817,0.35044807121661725,1.1285556449314595
2011,6,Kansas City Royals,118,684,0.759,0.3293506686478454,1.0206476832804556
2011,6,St. Louis Cardinals,138,679,0.763,0.33538301043219065,0.9965137212332832
2011,6,Los Angeles Angels,108,661,0.774,0.336923896499239,1.0846412056725019
2011,6,Texas Rangers,140,675,0.898,0.3837134328358208,1.1232712285887072
2011,6,Minnesota Twins,142,658,0.777,0.33956661562021445,1.1660733516812254
2011,6,Florida Marlins,146,675,0.84,0.36377083333333327,1.1911778459051559
2011,6,Pittsburgh Pirates,134,661,0.766,0.33499999999999996,1.1339322026781653
2011,6,San Diego Padres,135,656,0.76,0.32863975155279507,1.1644797649366532
2011,6,Philadelphia Phillies,143,683,0.762,0.3346941176470588,1.0634224186502401
2011,6,Baltimore Orioles,110,671,0.758,0.3302212257100149,1.039753877088728
2011,6,Washington Nationals,120,656,0.761,0.3333001555209953,1.1017166324982028
2011,6,Chicago Cubs,112,669,0.754,0.32945127436281857,1.0554950014923472
2011,6,Colorado Rockies,115,674,0.738,0.32234384384384385,0.9999319840259628
2011,6,Tampa Bay Rays,139,669,0.733,0.3213882175226586,1.011857998415822
2011,6,San Francisco Giants,137,655,0.72,0.3170860215053763,1.0737372963293308
2011,6,Arizona Diamondbacks,109,661,0.75,0.3297400611620795,1.0204118071377049
2011,6,Cleveland Indians,114,668,0.668,0.29290909090909095,0.9361063863040296
2011,6,Boston Red Sox,111,695,0.695,0.30267151162790695,0.8578962217563189
2011,6,Los Angeles Dodgers,119,656,0.638,0.28392735703245753,0.9163078279129453
2011,6,Milwaukee Brewers,158,664,0.639,0.2799031770045386,0.8513842215870479
2011,6,Cincinnati Reds,113,686,0.673,0.2980870206489675,0.9171294569764349
2011,6,Atlanta Braves,144,667,0.698,0.3051221719457014,1.0044934331770357
2011,6,New York Yankees,147,687,0.726,0.32301908957415565,0.9216907637572456
2011,6,Houston Astros,117,669,0.605,0.2678883861236802,0.8851722847520079
2011,6,Toronto Blue Jays,141,677,0.665,0.29087518573551263,0.908532503249984
2011,6,Oakland Athletics,133,661,0.636,0.28761305007587257,0.935059154388148
2011,6,Chicago White Sox,145,669,0.615,0.27265060240963856,0.8699632059091034
2011,6,Seattle Mariners,136,652,0.635,0.2790340557275542,0.9917637646967752
2011,7,Texas Rangers,140,661,0.793,0.34373628048780486,0.9919310515265534
2011,7,St. Louis Cardinals,138,664,0.745,0.3238755760368664,0.9730048785305321
2011,7,New York Mets,121,670,0.743,0.32674135338345867,1.0263364065900544
2011,7,Houston Astros,117,654,0.749,0.32826810477657936,1.0958579194698412
2011,7,Cleveland Indians,114,646,0.73,0.32099534161490684,1.0229905119789544
2011,7,Cincinnati Reds,113,668,0.728,0.3192651515151515,0.9920806013058611
2011,7,Philadelphia Phillies,143,660,0.702,0.3107004608294931,0.9796883699376228
2011,7,Boston Red Sox,111,681,0.778,0.3383902077151335,0.9603500151459226
2011,7,Los Angeles Angels,108,643,0.756,0.32435387045813585,1.0594169915870948
2011,7,Detroit Tigers,116,663,0.72,0.31744696969696967,0.9298128423984311
2011,7,Milwaukee Brewers,158,645,0.684,0.29542204724409454,0.9113408569100795
2011,7,New York Yankees,147,666,0.738,0.3240989345509893,0.9369253218358777
2011,7,Arizona Diamondbacks,109,648,0.733,0.320588143525741,0.9972824728425834
2011,7,Colorado Rockies,115,653,0.673,0.29624265842349307,0.9118620938339743
2011,7,Los Angeles Dodgers,119,644,0.727,0.3178380503144654,1.044131333687635
2011,7,Pittsburgh Pirates,134,637,0.635,0.28317806041335447,0.9400090714107507
2011,7,Baltimore Orioles,110,651,0.759,0.33038449612403104,1.0411255840505864
2011,7,Toronto Blue Jays,141,654,0.722,0.31727441860465116,0.9864067178142683
2011,7,Washington Nationals,120,636,0.681,0.3009952456418383,0.9858988524721106
2011,7,Florida Marlins,146,661,0.664,0.29646636085626904,0.9415977258107422
2011,7,Tampa Bay Rays,139,651,0.659,0.29628260869565215,0.9097058948922603
2011,7,Seattle Mariners,136,629,0.647,0.2828673139158576,1.0105057571004938
2011,7,Chicago White Sox,145,646,0.678,0.3001018808777429,0.9590813879778409
2011,7,Minnesota Twins,142,641,0.639,0.28420125786163525,0.9589715208806989
2011,7,Chicago Cubs,112,644,0.671,0.2909731012658228,0.9393065596835081
2011,7,San Francisco Giants,137,635,0.627,0.27906677265500796,0.9350462288867923
2011,7,San Diego Padres,135,634,0.673,0.2978133971291866,1.0311774760557468
2011,7,Kansas City Royals,118,664,0.592,0.26053799392097265,0.7960782984216465
2011,7,Atlanta Braves,144,652,0.641,0.283601246105919,0.9224645998087105
2011,7,Oakland Athletics,133,646,0.606,0.26888854003139717,0.8909525905019146
2011,8,New York Yankees,147,645,0.838,0.36550786163522014,1.0638799724911459
2011,8,Arizona Diamondbacks,109,628,0.794,0.33861412151067327,1.0802759664897834
2011,8,Texas Rangers,140,645,0.76,0.33264521193092617,0.9506527101641621
2011,8,St. Louis Cardinals,138,637,0.724,0.31311202635914337,0.9455778953773224
2011,8,Atlanta Braves,144,629,0.747,0.3286481178396072,1.0750094478269996
2011,8,Kansas City Royals,118,639,0.684,0.3088566878980892,0.9197931691223079
2011,8,Milwaukee Brewers,158,623,0.74,0.3244357723577236,0.9859535586454075
2011,8,Detroit Tigers,116,639,0.768,0.33015605095541406,0.9918003652249932
2011,8,New York Mets,121,655,0.693,0.3041698113207547,0.9572693536566725
2011,8,Chicago White Sox,145,628,0.766,0.33629430894308937,1.083563928010363
2011,8,Washington Nationals,120,618,0.703,0.30329966329966324,1.0177487419792859
2011,8,Cincinnati Reds,113,649,0.678,0.2983521126760563,0.9239431973700191
2011,8,Oakland Athletics,133,623,0.688,0.30393365695792873,1.0115105317909525
2011,8,Los Angeles Angels,108,625,0.708,0.3115660685154975,0.9921524206926761
2011,8,Pittsburgh Pirates,134,618,0.639,0.27690133779264214,0.9459303883960153
2011,8,Philadelphia Phillies,143,640,0.65,0.2847053140096618,0.9071188610533546
2011,8,Colorado Rockies,115,640,0.706,0.31100963081861954,0.956574499623753
2011,8,Chicago Cubs,112,627,0.683,0.29636704730831975,0.9561048886197258
2011,8,Florida Marlins,146,643,0.665,0.29166131621187796,0.943015794674915
2011,8,Baltimore Orioles,110,630,0.709,0.31461120000000004,0.9725402359576624
2011,8,Boston Red Sox,111,658,0.629,0.2769354838709677,0.7764269402657908
2011,8,Los Angeles Dodgers,119,625,0.611,0.2703933884297521,0.8775299104307359
2011,8,Cleveland Indians,114,628,0.638,0.2851878009630819,0.8940656803322917
2011,8,San Francisco Giants,137,626,0.602,0.2631691056910569,0.8977636838753572
2011,8,Toronto Blue Jays,141,630,0.619,0.2705659163987138,0.8456866458823159
2011,8,Houston Astros,117,634,0.575,0.2510724637681159,0.8412794441857926
2011,8,San Diego Padres,135,617,0.572,0.25250580431177444,0.8764242441365336
2011,8,Minnesota Twins,142,618,0.526,0.23769642857142856,0.7893881376889634
2011,8,Seattle Mariners,136,608,0.572,0.25929284525790347,0.8933683045772526
2011,8,Tampa Bay Rays,139,625,0.605,0.27004376012965964,0.835162467996688
2011,9,Baltimore Orioles,110,616,0.69,0.3084257425742574,0.9464778036823512
2011,9,Boston Red Sox,111,641,0.758,0.33307042253521124,0.9356623540881867
2011,9,Kansas City Royals,118,621,0.651,0.28866611018363936,0.8754171828927229
2011,9,Texas Rangers,140,625,0.668,0.2943110749185668,0.8355736978811319
2011,9,Oakland Athletics,133,611,0.705,0.31149003322259133,1.0365042513264848
2011,9,Seattle Mariners,136,584,0.653,0.29274041811846685,1.0198767533023532
2011,9,Detroit Tigers,116,622,0.637,0.28221475409836067,0.8226260841775008
2011,9,Toronto Blue Jays,141,613,0.676,0.29902950819672136,0.9235608604466002
2011,9,Chicago White Sox,145,609,0.61,0.2748319467554077,0.8628903343163464
2011,9,Cleveland Indians,114,612,0.619,0.2814617940199335,0.8674398998835244
2011,9,New York Yankees,147,624,0.638,0.28204433497536946,0.8099706711806098
2011,9,Houston Astros,117,612,0.543,0.24595652173913046,0.7944604142484964
2011,9,Minnesota Twins,142,593,0.539,0.2440756013745705,0.8088977304455348
2011,9,Tampa Bay Rays,139,608,0.579,0.26279595278246204,0.7992711883803014
2011,9,Arizona Diamondbacks,109,609,0.534,0.24016319444444445,0.7265332066820458
2011,9,Cincinnati Reds,113,629,0.541,0.2407246127366609,0.7372467105858117
2011,9,St. Louis Cardinals,138,615,0.521,0.2361408695652174,0.6804503915629627
2011,9,Washington Nationals,120,597,0.508,0.22955656934306568,0.7354429031656861
2011,9,Los Angeles Angels,108,606,0.542,0.24130397236614853,0.7595291130161448
2011,9,Philadelphia Phillies,143,624,0.479,0.21470190641247835,0.668476822222395
2011,9,Milwaukee Brewers,158,603,0.489,0.2221119133574007,0.651528770510276
2011,9,Florida Marlins,146,617,0.45,0.20637696335078531,0.6381309888777621
2011,9,Colorado Rockies,115,625,0.465,0.21287046632124348,0.6300384452196107
2011,9,San Francisco Giants,137,603,0.482,0.22237455830388694,0.7188074678204688
2011,9,San Diego Padres,135,600,0.453,0.20629911504424778,0.6940912283109262
2011,9,Los Angeles Dodgers,119,604,0.446,0.20200177619893428,0.640553748039457
2011,9,Pittsburgh Pirates,134,603,0.446,0.201174688057041,0.6602268438569997
2011,9,Chicago Cubs,112,607,0.407,0.18341725352112676,0.5697433230867179
2011,9,Atlanta Braves,144,619,0.448,0.2033697916666667,0.6447178482282407
2011,9,New York Mets,121,641,0.405,0.18634557595993323,0.5594431287603931
2012,1,Los Angeles Angels,108,747,0.904,0.38642375168690957,1.1825516809533276
2012,1,New York Yankees,147,765,0.78,0.34266403162055337,0.9868668321265643
2012,1,Detroit Tigers,116,743,0.816,0.3556675675675675,1.0765510377623728
2012,1,Colorado Rockies,115,759,0.762,0.3340053333333333,0.9964620591374176
2012,1,Chicago White Sox,145,746,0.748,0.3279215155615697,1.0115657707360304
2012,1,Washington Nationals,120,762,0.744,0.3239420289855073,0.9932496115779805
2012,1,Chicago Cubs,112,730,0.747,0.3288722527472527,1.0996115273288933
2012,1,Kansas City Royals,118,753,0.73,0.3201564171122994,1.0188239005773025
2012,1,St. Louis Cardinals,138,769,0.689,0.3070184210526316,0.9096356877571685
2012,1,Minnesota Twins,142,758,0.69,0.3053466135458167,0.9640985411635719
2012,1,Atlanta Braves,144,751,0.73,0.3222021419009371,1.030984781609842
2012,1,Cleveland Indians,114,756,0.756,0.33111702127659576,1.0719717682194254
2012,1,San Diego Padres,135,747,0.724,0.3167672530446549,1.0356875623301829
2012,1,Arizona Diamondbacks,109,746,0.721,0.315277628032345,0.9681594609931616
2012,1,San Francisco Giants,137,759,0.759,0.32895478723404253,1.0496901988540357
2012,1,Milwaukee Brewers,158,761,0.756,0.32963624338624337,0.9938613220198431
2012,1,Boston Red Sox,111,751,0.673,0.29521803499327054,0.9212248194387652
2012,1,Texas Rangers,140,763,0.75,0.32719422572178475,0.9620926815949936
2012,1,New York Mets,121,748,0.677,0.3015849056603773,0.9660661523193889
2012,1,Houston Astros,117,733,0.67,0.29657103448275857,0.9968891283770178
2012,1,Baltimore Orioles,110,756,0.701,0.30524327956989245,0.9622149644062731
2012,1,Philadelphia Phillies,143,749,0.743,0.32322745625841176,1.0385508378076498
2012,1,Oakland Athletics,133,761,0.719,0.31664503311258274,1.0071196040007702
2012,1,Pittsburgh Pirates,134,742,0.677,0.29464761904761905,0.97032017283065
2012,1,Miami Marlins,146,743,0.643,0.28196443228454166,0.9329276311455678
2012,1,Toronto Blue Jays,141,746,0.649,0.2867577388963661,0.90548512522577
2012,1,Seattle Mariners,136,738,0.622,0.2714855570839065,0.9364577973647121
2012,1,Tampa Bay Rays,139,741,0.713,0.3128398914518318,1.0029924804337818
2012,1,Los Angeles Dodgers,119,747,0.583,0.2611102150537634,0.8464856471454242
2012,1,Cincinnati Reds,113,756,0.581,0.2564340878828229,0.8004428010693553
2012,2,Los Angeles Angels,108,732,0.771,0.33764,1.0085700730254596
2012,2,Philadelphia Phillies,143,733,0.749,0.3295513361462728,1.0469375202125568
2012,2,San Francisco Giants,137,748,0.733,0.32168521031207603,1.0137324318313676
2012,2,St. Louis Cardinals,138,751,0.835,0.36055630936227956,1.1023886781962782
2012,2,Arizona Diamondbacks,109,730,0.828,0.3551955617198336,1.1118391590878471
2012,2,Atlanta Braves,144,729,0.776,0.33701388888888884,1.0959509459304622
2012,2,New York Mets,121,724,0.715,0.3129264909847434,1.0202914311792657
2012,2,Texas Rangers,140,745,0.722,0.3194464285714286,0.9261745548154472
2012,2,Minnesota Twins,142,741,0.65,0.29038714090287276,0.908208770661336
2012,2,Washington Nationals,120,741,0.791,0.3432312925170068,1.0559952187609982
2012,2,Miami Marlins,146,725,0.671,0.29812762973352036,0.9735527846013624
2012,2,Boston Red Sox,111,730,0.709,0.3080831024930748,0.9705028186955192
2012,2,Colorado Rockies,115,734,0.719,0.31390758620689657,0.9402312605246761
2012,2,Kansas City Royals,118,734,0.681,0.2977085635359116,0.9504370908125248
2012,2,Cleveland Indians,114,741,0.708,0.3107154471544715,1.003910068649938
2012,2,Cincinnati Reds,113,732,0.7,0.3072551724137931,0.9643889169510305
2012,2,Detroit Tigers,116,728,0.71,0.3107472222222222,0.9367049470726528
2012,2,New York Yankees,147,746,0.82,0.3542205683355886,1.0374753876202343
2012,2,Houston Astros,117,720,0.693,0.3064720670391061,1.0311106954705571
2012,2,Pittsburgh Pirates,134,725,0.701,0.30585294117647055,1.0047185246001262
2012,2,Los Angeles Dodgers,119,730,0.672,0.30163121546961325,0.9757090135192541
2012,2,Toronto Blue Jays,141,730,0.741,0.32347513812154693,1.0338435713286525
2012,2,Milwaukee Brewers,158,743,0.699,0.3083456790123456,0.9189273334548549
2012,2,San Diego Padres,135,734,0.675,0.29884487534626036,0.9655926858741347
2012,2,Oakland Athletics,133,744,0.649,0.2896144414168937,0.9090690166849791
2012,2,Baltimore Orioles,110,735,0.652,0.2831806896551724,0.8949560011310843
2012,2,Tampa Bay Rays,139,730,0.727,0.3164840940525588,1.022686582433884
2012,2,Seattle Mariners,136,723,0.65,0.2853631284916201,0.9786134538377217
2012,2,Chicago Cubs,112,721,0.617,0.2722450704225352,0.9082467367629548
2012,2,Chicago White Sox,145,733,0.65,0.2880499306518724,0.8790344264417377
2012,3,Detroit Tigers,116,711,0.995,0.4154011544011543,1.3127062286440698
2012,3,San Francisco Giants,137,722,0.862,0.368627972027972,1.1921382759053738
2012,3,Pittsburgh Pirates,134,707,0.925,0.3921224783861671,1.3257698077819071
2012,3,Cincinnati Reds,113,709,0.946,0.40197246376811585,1.3033027363366783
2012,3,Milwaukee Brewers,158,730,0.959,0.40351608391608396,1.2607314918214676
2012,3,Colorado Rockies,115,723,0.872,0.3740813464235624,1.140308288146756
2012,3,Minnesota Twins,142,725,0.838,0.36558286516853933,1.1708906920218454
2012,3,Los Angeles Dodgers,119,714,0.862,0.36863881019830025,1.2515791215083287
2012,3,New York Yankees,147,725,0.859,0.3706439499304589,1.0868187292265625
2012,3,St. Louis Cardinals,138,739,0.866,0.37337414965986393,1.1433156830155413
2012,3,New York Mets,121,710,0.817,0.3497097701149425,1.1658434954873569
2012,3,Los Angeles Angels,108,717,0.848,0.3568516405135521,1.1092962670889621
2012,3,Boston Red Sox,111,719,0.814,0.348015514809591,1.1142303165277188
2012,3,Chicago Cubs,112,702,0.74,0.32154649499284693,1.089307269375343
2012,3,San Diego Padres,135,717,0.826,0.35914545454545455,1.1815993459733853
2012,3,Miami Marlins,146,708,0.797,0.3433769559032717,1.156365975152438
2012,3,Washington Nationals,120,725,0.787,0.3383737796373779,1.0506551670858477
2012,3,Texas Rangers,140,727,0.846,0.35487535014005606,1.0852405448391527
2012,3,Arizona Diamondbacks,109,711,0.783,0.33859631728045325,1.051413117833073
2012,3,Philadelphia Phillies,143,724,0.749,0.3262055944055944,1.0469375202125568
2012,3,Seattle Mariners,136,707,0.686,0.2994182076813656,1.032813583588734
2012,3,Cleveland Indians,114,721,0.731,0.32437709497206696,1.0365229663603173
2012,3,Tampa Bay Rays,139,713,0.755,0.3324724186704385,1.0620747864340887
2012,3,Kansas City Royals,118,717,0.705,0.30670745428973273,0.9839326711054771
2012,3,Oakland Athletics,133,722,0.774,0.3291552447552447,1.0841593511774634
2012,3,Baltimore Orioles,110,721,0.721,0.31099301675977653,0.9896676024777787
2012,3,Toronto Blue Jays,141,707,0.833,0.35632517985611506,1.162202017431535
2012,3,Atlanta Braves,144,713,0.709,0.3066225352112676,1.0013263152895588
2012,3,Houston Astros,117,702,0.688,0.30038769670958515,1.023671224363266
2012,3,Chicago White Sox,145,715,0.8,0.34491139240506324,1.0818885248513694
2012,4,Texas Rangers,140,704,0.915,0.38535683453237407,1.1737530715458921
2012,4,San Francisco Giants,137,710,0.926,0.39422901849217634,1.2806497024227101
2012,4,Detroit Tigers,116,695,0.936,0.39672230428360405,1.234867366845075
2012,4,Baltimore Orioles,110,703,0.875,0.3759800285306704,1.2010529156283722
2012,4,Milwaukee Brewers,158,710,0.902,0.3840014124293785,1.1857975032564794
2012,4,Chicago White Sox,145,698,0.846,0.36612536023054754,1.1440971150303232
2012,4,Colorado Rockies,115,706,0.827,0.3532206303724928,1.0814621035520267
2012,4,New York Yankees,147,705,0.86,0.36660114777618363,1.0880839431139042
2012,4,Kansas City Royals,118,701,0.806,0.34655699855699856,1.1248932381716519
2012,4,St. Louis Cardinals,138,727,0.824,0.35131058495821726,1.0878661926152493
2012,4,Oakland Athletics,133,698,0.818,0.35104796511627906,1.1457911489188177
2012,4,Boston Red Sox,111,704,0.827,0.3520575539568345,1.1320251495926579
2012,4,Los Angeles Dodgers,119,696,0.791,0.3407608695652174,1.148490817996622
2012,4,San Diego Padres,135,699,0.801,0.34758585858585866,1.145836653903973
2012,4,Philadelphia Phillies,143,706,0.845,0.359242816091954,1.1811244386910686
2012,4,Miami Marlins,146,691,0.796,0.3431652046783626,1.154915076814731
2012,4,Toronto Blue Jays,141,695,0.806,0.3496647398843931,1.1245316039013413
2012,4,Cincinnati Reds,113,698,0.765,0.33113603473227204,1.0539393163821977
2012,4,Arizona Diamondbacks,109,701,0.81,0.34831844380403454,1.0876687425859377
2012,4,New York Mets,121,693,0.854,0.3636014492753623,1.2186417933246056
2012,4,Washington Nationals,120,712,0.8,0.34233285917496437,1.0680103350300867
2012,4,Los Angeles Angels,108,700,0.775,0.3353481375358166,1.0138026025872
2012,4,Chicago Cubs,112,686,0.822,0.34858468335787923,1.210014291116935
2012,4,Pittsburgh Pirates,134,685,0.743,0.3194494875549048,1.0649156401967104
2012,4,Houston Astros,117,685,0.722,0.31566715542521995,1.074259627892846
2012,4,Minnesota Twins,142,709,0.803,0.3455909090909091,1.1219871428323889
2012,4,Atlanta Braves,144,692,0.779,0.3362514705882353,1.1001878696905028
2012,4,Cleveland Indians,114,705,0.716,0.31538999999999995,1.0152536852448526
2012,4,Tampa Bay Rays,139,696,0.686,0.2997834302325581,0.965010998005013
2012,4,Seattle Mariners,136,691,0.675,0.29765356622998546,1.0162524328314801
2012,5,Chicago White Sox,145,678,0.892,0.37847781065088754,1.206305705209277
2012,5,Arizona Diamondbacks,109,691,0.871,0.3752227074235808,1.169579598509076
2012,5,Washington Nationals,120,697,0.856,0.36624137931034484,1.1427710584821926
2012,5,Minnesota Twins,142,687,0.857,0.36440234948604994,1.1974383330104075
2012,5,Miami Marlins,146,675,0.832,0.3526686656671664,1.207147416972181
2012,5,Cleveland Indians,114,694,0.784,0.338235294117647,1.1116744263016263
2012,5,Seattle Mariners,136,675,0.806,0.3469046199701937,1.213480682758775
2012,5,Los Angeles Angels,108,683,0.77,0.3304395280235988,1.0072619406350245
2012,5,Boston Red Sox,111,689,0.733,0.3171148255813953,1.003354818200022
2012,5,St. Louis Cardinals,138,707,0.789,0.3406301564722617,1.0416582839483397
2012,5,Philadelphia Phillies,143,691,0.761,0.33221021897810216,1.0637108850223709
2012,5,Texas Rangers,140,682,0.71,0.30900881057268725,0.9107810719099272
2012,5,Atlanta Braves,144,680,0.765,0.33344526627218934,1.080415558810314
2012,5,Chicago Cubs,112,670,0.717,0.3125352323838081,1.0554504218136769
2012,5,New York Yankees,147,691,0.808,0.3462898550724638,1.0222928209721334
2012,5,Cincinnati Reds,113,682,0.822,0.34719259259259255,1.1324681281910671
2012,5,Milwaukee Brewers,158,695,0.803,0.3443808139534884,1.0556489968015
2012,5,Los Angeles Dodgers,119,684,0.7,0.3040905044510386,1.0163635557492228
2012,5,Detroit Tigers,116,683,0.671,0.29091629955947135,0.8852521401207748
2012,5,Pittsburgh Pirates,134,671,0.715,0.31244977511244376,1.0247842297989878
2012,5,Toronto Blue Jays,141,675,0.713,0.3090685543964232,0.9947779572973404
2012,5,Kansas City Royals,118,686,0.661,0.28519970631424374,0.9225241072350644
2012,5,San Diego Padres,135,677,0.711,0.311906528189911,1.0170909624540885
2012,5,San Francisco Giants,137,690,0.686,0.2949413489736071,0.9487318529826989
2012,5,New York Mets,121,681,0.696,0.3050576070901034,0.9931787917493272
2012,5,Houston Astros,117,673,0.694,0.3055260804769001,1.0325985896920153
2012,5,Tampa Bay Rays,139,682,0.727,0.31509185185185185,1.022686582433884
2012,5,Baltimore Orioles,110,689,0.725,0.31543877551020405,0.9951581300920799
2012,5,Oakland Athletics,133,682,0.781,0.3379852507374631,1.0939644099090426
2012,5,Colorado Rockies,115,692,0.68,0.29714494875549047,0.8892312338759107
2012,6,St. Louis Cardinals,138,689,0.855,0.3717964860907759,1.1287931974345125
2012,6,Colorado Rockies,115,676,0.808,0.3468454680534918,1.056615936723141
2012,6,San Diego Padres,135,667,0.809,0.35073708206686927,1.157280715366185
2012,6,Arizona Diamondbacks,109,677,0.848,0.3645910447761193,1.1386951774233025
2012,6,San Francisco Giants,137,676,0.743,0.3254977645305514,1.0275623422247016
2012,6,Los Angeles Angels,108,667,0.751,0.3276075757575757,0.9824074252167577
2012,6,Atlanta Braves,144,668,0.81,0.3511024096385542,1.1439694152109208
2012,6,Texas Rangers,140,671,0.756,0.33018918918918916,0.9697894230477536
2012,6,Boston Red Sox,111,669,0.84,0.3599446107784431,1.1498199826575968
2012,6,Washington Nationals,120,673,0.755,0.32784454409566516,1.0079347536846444
2012,6,Chicago White Sox,145,660,0.772,0.32952679938744256,1.0440224264815716
2012,6,Kansas City Royals,118,666,0.733,0.3183343373493976,1.0230108481139215
2012,6,Cincinnati Reds,113,662,0.796,0.34325531914893614,1.0966479684186003
2012,6,Baltimore Orioles,110,669,0.803,0.3492183734939759,1.102223418570952
2012,6,Minnesota Twins,142,676,0.704,0.3038065476190476,0.9836599608393545
2012,6,Milwaukee Brewers,158,671,0.729,0.31990854572713645,0.9583662748048486
2012,6,Los Angeles Dodgers,119,660,0.691,0.30202599388379203,1.0032960243181615
2012,6,Oakland Athletics,133,665,0.771,0.33214652567975833,1.0799571831496437
2012,6,Toronto Blue Jays,141,661,0.682,0.2963588957055215,0.9515267417626735
2012,6,Pittsburgh Pirates,134,648,0.743,0.3208289269051321,1.0649156401967104
2012,6,Miami Marlins,146,660,0.685,0.29685451761102605,0.9938653613292597
2012,6,Houston Astros,117,658,0.704,0.3061391437308868,1.0474775319065976
2012,6,Tampa Bay Rays,139,665,0.734,0.3183632218844985,1.0325336334339352
2012,6,Philadelphia Phillies,143,674,0.665,0.290344776119403,0.9295239665438589
2012,6,Detroit Tigers,116,670,0.654,0.2866586466165414,0.8628239935007254
2012,6,Cleveland Indians,114,674,0.672,0.2954439461883408,0.9528637939728226
2012,6,Chicago Cubs,112,647,0.645,0.28527795031055897,0.949463768577157
2012,6,New York Yankees,147,673,0.723,0.31254654654654657,0.9147496405480846
2012,6,Seattle Mariners,136,661,0.685,0.29777743902439024,1.0313080244289836
2012,6,New York Mets,121,660,0.673,0.2951082317073171,0.9603582282288754
2012,7,Los Angeles Angels,108,649,0.749,0.32870278637770894,0.9797911604358875
2012,7,Texas Rangers,140,656,0.825,0.35293302180685354,1.058301949754493
2012,7,Milwaukee Brewers,158,658,0.822,0.35536391437308873,1.0806269929898293
2012,7,Tampa Bay Rays,139,650,0.754,0.32997984496124033,1.0606680648626527
2012,7,Los Angeles Dodgers,119,641,0.75,0.3273359621451104,1.0889609525884532
2012,7,Philadelphia Phillies,143,655,0.766,0.33045384615384615,1.07069978702646
2012,7,Colorado Rockies,115,654,0.769,0.33026851851851846,1.0056159100743756
2012,7,New York Yankees,147,659,0.849,0.3619539877300613,1.074166590353145
2012,7,San Francisco Giants,137,653,0.688,0.3000665634674922,0.9514978350613655
2012,7,Arizona Diamondbacks,109,654,0.718,0.3108578052550232,0.9641310582428434
2012,7,St. Louis Cardinals,138,669,0.681,0.2979697428139183,0.8990738800618749
2012,7,Cincinnati Reds,113,642,0.748,0.3209796238244514,1.0305184426848155
2012,7,Atlanta Braves,144,651,0.738,0.32128682170542633,1.04228324496995
2012,7,Detroit Tigers,116,651,0.7,0.30774999999999997,0.9235119196490944
2012,7,Kansas City Royals,118,648,0.69,0.2990784929356358,0.9629979334223818
2012,7,Washington Nationals,120,655,0.718,0.31142790697674416,0.9585392756895027
2012,7,Oakland Athletics,133,654,0.745,0.3256334355828221,1.043538393575207
2012,7,New York Mets,121,639,0.717,0.3141156893819334,1.0231453932245225
2012,7,Cleveland Indians,114,654,0.668,0.2947910906298003,0.9471919856753653
2012,7,Baltimore Orioles,110,646,0.781,0.33554945054945057,1.0720255166922958
2012,7,Chicago White Sox,145,645,0.667,0.29172670807453416,0.9020245575948294
2012,7,Houston Astros,117,641,0.681,0.2969165354330709,1.0132559648130584
2012,7,Chicago Cubs,112,627,0.681,0.29759199999999997,1.002457095195417
2012,7,Pittsburgh Pirates,134,629,0.668,0.29305750798722036,0.9574207909170962
2012,7,Seattle Mariners,136,643,0.616,0.269675,0.92742444240621
2012,7,Boston Red Sox,111,652,0.651,0.2857734976887519,0.8911104865596376
2012,7,Miami Marlins,146,644,0.645,0.2827519623233909,0.9358294278209817
2012,7,Toronto Blue Jays,141,647,0.582,0.25554914196567863,0.8120066916508445
2012,7,Minnesota Twins,142,655,0.591,0.26145801526717555,0.8257713591705377
2012,7,San Diego Padres,135,648,0.601,0.2667142857142856,0.8597351173486739
2012,8,Colorado Rockies,115,626,0.835,0.35434975369458127,1.0919236474799785
2012,8,St. Louis Cardinals,138,648,0.776,0.3313655063291139,1.0244953464434874
2012,8,Kansas City Royals,118,632,0.697,0.3039019292604501,0.9727674776744929
2012,8,Boston Red Sox,111,634,0.701,0.30427679999999996,0.9595521521940183
2012,8,Chicago White Sox,145,628,0.682,0.2980595813204509,0.9223099674357925
2012,8,Milwaukee Brewers,158,638,0.701,0.3043951612903225,0.9215565962115211
2012,8,Toronto Blue Jays,141,629,0.731,0.3119482200647249,1.0198915663174697
2012,8,Texas Rangers,140,643,0.793,0.3400491283676703,1.01725266200644
2012,8,Philadelphia Phillies,143,631,0.689,0.2946882067851373,0.9630706961634867
2012,8,Cincinnati Reds,113,624,0.665,0.2875083333333333,0.916169471103479
2012,8,Detroit Tigers,116,633,0.695,0.30685553772070623,0.9169154059373151
2012,8,Houston Astros,117,611,0.714,0.3123830845771144,1.0623564741211802
2012,8,Minnesota Twins,142,639,0.658,0.29154041204437403,0.9193867247617832
2012,8,Washington Nationals,120,639,0.673,0.28878743961352654,0.8984636943440605
2012,8,Tampa Bay Rays,139,622,0.657,0.29312337662337656,0.9242160724333726
2012,8,Arizona Diamondbacks,109,633,0.674,0.2894592833876221,0.9050478179048419
2012,8,Atlanta Braves,144,630,0.626,0.2743295819935692,0.8841047579284399
2012,8,Cleveland Indians,114,634,0.623,0.27721587301587297,0.8833841423289709
2012,8,New York Yankees,147,643,0.69,0.3018238993710692,0.8729975822658068
2012,8,Los Angeles Dodgers,119,618,0.662,0.2851264755480607,0.961189534151408
2012,8,Baltimore Orioles,110,628,0.648,0.2861248,0.8894654735167832
2012,8,Los Angeles Angels,108,627,0.634,0.2789176090468497,0.8293559355358514
2012,8,San Diego Padres,135,622,0.633,0.277678747940692,0.9055113631975218
2012,8,Pittsburgh Pirates,134,613,0.667,0.2881866666666667,0.9559875262600347
2012,8,San Francisco Giants,137,630,0.598,0.26031553398058255,0.8270286415213614
2012,8,New York Mets,121,629,0.605,0.26471078431372547,0.863323518690148
2012,8,Seattle Mariners,136,621,0.67,0.29588474025974026,1.0087246370327285
2012,8,Miami Marlins,146,618,0.637,0.2758609271523179,0.9242222411193262
2012,8,Chicago Cubs,112,600,0.626,0.276202380952381,0.9214950684175198
2012,8,Oakland Athletics,133,637,0.588,0.2591204437400951,0.8236249334526465
2012,9,Kansas City Royals,118,612,0.746,0.3222154605263158,1.0411542874392707
2012,9,Texas Rangers,140,625,0.694,0.30237560975609756,0.8902564280359007
2012,9,Toronto Blue Jays,141,604,0.704,0.3066991596638655,0.9822211527872757
2012,9,Minnesota Twins,142,619,0.63,0.2797307060755337,0.8802638854102178
2012,9,New York Yankees,147,624,0.704,0.30857283142389524,0.8907105766885913
2012,9,Cleveland Indians,114,616,0.669,0.29552280130293157,0.9486099377497297
2012,9,Detroit Tigers,116,605,0.603,0.27060338983050847,0.795539553640577
2012,9,Boston Red Sox,111,618,0.612,0.2695940594059406,0.8377259873648206
2012,9,Baltimore Orioles,110,613,0.645,0.28511872909699004,0.8853475778060573
2012,9,Tampa Bay Rays,139,606,0.631,0.2781010101010101,0.8876413115760396
2012,9,Los Angeles Angels,108,599,0.632,0.2819878472222222,0.8267396707549812
2012,9,Washington Nationals,120,617,0.586,0.2581183533447684,0.7823175704095384
2012,9,Chicago White Sox,145,608,0.574,0.258680067001675,0.7762550165808575
2012,9,Colorado Rockies,115,613,0.596,0.26498594024604566,0.7793850226324158
2012,9,Seattle Mariners,136,598,0.558,0.25410884353741503,0.8401020111406904
2012,9,Oakland Athletics,133,620,0.56,0.2496830065359477,0.7844046985263302
2012,9,Cincinnati Reds,113,610,0.491,0.21578571428571425,0.6764499403185086
2012,9,New York Mets,121,607,0.52,0.23073788150807897,0.7420301317667388
2012,9,Los Angeles Dodgers,119,601,0.463,0.20694269870609983,0.6722518947312718
2012,9,Chicago Cubs,112,584,0.479,0.21024100719424463,0.7051056513929584
2012,9,San Diego Padres,135,601,0.466,0.20567914438502674,0.6666165801738471
2012,9,Houston Astros,117,591,0.459,0.20732490974729242,0.6829434476493301
2012,9,St. Louis Cardinals,138,627,0.463,0.2058507718696398,0.611264620365122
2012,9,Philadelphia Phillies,143,609,0.428,0.1933877192982456,0.5982500115500324
2012,9,San Francisco Giants,137,612,0.453,0.20392184724689166,0.6264949408180213
2012,9,Miami Marlins,146,593,0.461,0.20829569892473115,0.6688641336829032
2012,9,Milwaukee Brewers,158,618,0.427,0.1882048611111111,0.5613475985482447
2012,9,Arizona Diamondbacks,109,607,0.397,0.1810644007155635,0.5330919639587867
2012,9,Atlanta Braves,144,612,0.397,0.18288091068301227,0.5606862442453525
2012,9,Pittsburgh Pirates,134,594,0.391,0.18205555555555553,0.5604064809110548
2013,1,St. Louis Cardinals,138,761,0.825,0.36289167767503305,1.1269392135818126
2013,1,Boston Red Sox,111,780,0.77,0.3383225388601036,0.9677933306089893
2013,1,Los Angeles Dodgers,119,748,0.762,0.3353054054054054,1.0562811245487251
2013,1,Milwaukee Brewers,158,743,0.728,0.32663043478260867,1.0296871187881271
2013,1,Cincinnati Reds,113,765,0.88,0.38929497354497355,1.2248798917261599
2013,1,Los Angeles Angels,108,764,0.721,0.31622015915119367,0.9695050529199576
2013,1,San Diego Padres,135,749,0.75,0.3301027027027027,1.0941591703120765
2013,1,Detroit Tigers,116,782,0.751,0.33062901155327346,0.9611492307421067
2013,1,Pittsburgh Pirates,134,758,0.757,0.33248731642189583,1.067196795786542
2013,1,Toronto Blue Jays,141,759,0.718,0.3158399470899471,0.9846581299561588
2013,1,Cleveland Indians,114,758,0.709,0.3144760638297872,0.9621908970397174
2013,1,New York Yankees,147,740,0.77,0.33688858321870696,1.1276594352944938
2013,1,Philadelphia Phillies,143,733,0.666,0.29440633608815425,0.9656255469627325
2013,1,Arizona Diamondbacks,109,773,0.736,0.32334289439374186,1.0299457766762603
2013,1,Washington Nationals,120,742,0.7,0.3118885869565217,0.9865096914689717
2013,1,Baltimore Orioles,110,753,0.716,0.31661497326203203,0.9628435233505374
2013,1,Texas Rangers,140,762,0.722,0.3213567639257294,0.9827719344726734
2013,1,Oakland Athletics,133,764,0.787,0.3431530343007915,1.055313157953275
2013,1,San Francisco Giants,137,750,0.684,0.3039532085561497,0.9774930938058454
2013,1,Chicago White Sox,145,744,0.709,0.3137014925373134,1.0418322213603273
2013,1,Colorado Rockies,115,758,0.741,0.3288818061088977,1.0004189414190856
2013,1,Chicago Cubs,112,738,0.719,0.3187439024390244,1.0392915755768912
2013,1,Tampa Bay Rays,139,761,0.729,0.3215449735449735,0.9893821864946736
2013,1,Houston Astros,117,742,0.631,0.2836616231086658,0.9353776297045965
2013,1,Seattle Mariners,136,746,0.688,0.30247972972972975,0.9900194537651333
2013,1,Kansas City Royals,118,745,0.69,0.3026111111111111,0.9948614313924774
2013,1,Atlanta Braves,144,752,0.678,0.2987190860215054,0.9389771674154684
2013,1,New York Mets,121,754,0.608,0.27315549597855227,0.9055573685523965
2013,1,Miami Marlins,146,733,0.593,0.26542148760330575,0.9454744925074694
2013,1,Minnesota Twins,142,761,0.633,0.28250791556728233,0.9143950747908589
2013,2,St. Louis Cardinals,138,745,0.822,0.3584002713704206,1.1228412528051515
2013,2,Detroit Tigers,116,763,0.796,0.3469222661396575,1.0187413950342437
2013,2,Boston Red Sox,111,759,0.808,0.3561455273698264,1.0155545599117706
2013,2,San Francisco Giants,137,735,0.744,0.33181241379310344,1.0632381020344281
2013,2,Milwaukee Brewers,158,726,0.748,0.32736439499304587,1.0579752264471416
2013,2,Los Angeles Angels,108,752,0.846,0.3650485175202156,1.137588453218147
2013,2,Baltimore Orioles,110,740,0.747,0.3257305061559507,1.0045308826017478
2013,2,Arizona Diamondbacks,109,762,0.753,0.3311413474240422,1.053735285104924
2013,2,Tampa Bay Rays,139,747,0.815,0.3586043068640646,1.1060994266024127
2013,2,New York Mets,121,735,0.741,0.3239342465753424,1.1036480429232332
2013,2,Kansas City Royals,118,727,0.702,0.3091076923076923,1.0121633693297378
2013,2,Minnesota Twins,142,748,0.73,0.3221162162162162,1.0545156470731865
2013,2,Los Angeles Dodgers,119,738,0.705,0.31203410641200546,0.9772679695627969
2013,2,Pittsburgh Pirates,134,740,0.768,0.3379170068027211,1.082704278948566
2013,2,Oakland Athletics,133,745,0.741,0.3269309878213802,0.993630305010644
2013,2,Texas Rangers,140,748,0.651,0.2915048010973937,0.8861281569829784
2013,2,Philadelphia Phillies,143,715,0.717,0.3162370266479663,1.0395698456040228
2013,2,Toronto Blue Jays,141,732,0.707,0.31509228650137744,0.9695728382715936
2013,2,Colorado Rockies,115,738,0.631,0.27996957123098204,0.8519087072003281
2013,2,Atlanta Braves,144,731,0.75,0.3321224209078405,1.0386915568755182
2013,2,Houston Astros,117,725,0.65,0.28591631799163175,0.9635427247353213
2013,2,Chicago White Sox,145,728,0.61,0.2700621546961326,0.8963577644990123
2013,2,Miami Marlins,146,722,0.617,0.2783240223463687,0.9837399019850062
2013,2,New York Yankees,147,721,0.687,0.30320845070422536,1.006106535126386
2013,2,Chicago Cubs,112,730,0.687,0.30592286501377414,0.9930365958571966
2013,2,Cleveland Indians,114,738,0.723,0.3187530695770805,0.9811904352041124
2013,2,San Diego Padres,135,723,0.68,0.2996381486676017,0.9920376477496161
2013,2,Seattle Mariners,136,731,0.7,0.30942699724517914,1.0072872349354554
2013,2,Washington Nationals,120,722,0.648,0.28682033426183845,0.9132261143884196
2013,2,Cincinnati Reds,113,753,0.631,0.2801065573770492,0.8782945587263714
2013,3,Detroit Tigers,116,747,1.012,0.4287083906464924,1.2951837836365006
2013,3,Pittsburgh Pirates,134,715,0.906,0.3902930298719772,1.2772527040721364
2013,3,Kansas City Royals,118,711,0.82,0.3596845827439886,1.1822990923794658
2013,3,San Francisco Giants,137,718,0.815,0.35476858345021034,1.1647030284382514
2013,3,Cincinnati Reds,113,743,0.916,0.39621132596685077,1.2749886145695026
2013,3,New York Yankees,147,702,0.839,0.3594752906976744,1.2287094366390652
2013,3,Arizona Diamondbacks,109,735,0.927,0.39429230769230766,1.29722790078654
2013,3,Colorado Rockies,115,717,0.896,0.38564936886395507,1.2096833623636987
2013,3,St. Louis Cardinals,138,724,0.85,0.36958635097493037,1.1610888867206555
2013,3,Boston Red Sox,111,745,0.78,0.3415054347826087,0.9803620751623529
2013,3,Washington Nationals,120,706,0.879,0.38177065527065535,1.2387743125731803
2013,3,Cleveland Indians,114,716,0.816,0.3550112994350283,1.1074016530104505
2013,3,New York Mets,121,719,0.813,0.35292987377279106,1.2108850997254907
2013,3,Atlanta Braves,144,720,0.834,0.36132016925246835,1.1550250112455762
2013,3,Milwaukee Brewers,158,706,0.795,0.344585121602289,1.1244522794458258
2013,3,Los Angeles Dodgers,119,716,0.759,0.33049999999999996,1.0521225374442027
2013,3,Chicago White Sox,145,711,0.726,0.31813719943422913,1.066812683649644
2013,3,Philadelphia Phillies,143,697,0.727,0.3190174672489083,1.0540687276905503
2013,3,Los Angeles Angels,108,732,0.793,0.34424094707520897,1.066321091491715
2013,3,Texas Rangers,140,718,0.725,0.318685393258427,0.9868554743666043
2013,3,Toronto Blue Jays,141,715,0.867,0.37462957746478875,1.1889952627743587
2013,3,Baltimore Orioles,110,718,0.735,0.32250280112044816,0.9883938403109567
2013,3,Houston Astros,117,707,0.683,0.3,1.0124610476834222
2013,3,San Diego Padres,135,712,0.743,0.32745467422096314,1.0839470180558304
2013,3,Minnesota Twins,142,730,0.716,0.3184807162534435,1.0342920593210978
2013,3,Miami Marlins,146,711,0.761,0.33718104667609616,1.2133323588502265
2013,3,Oakland Athletics,133,731,0.694,0.3043908839779006,0.9306065204823034
2013,3,Tampa Bay Rays,139,728,0.711,0.3119736477115118,0.9649529967046816
2013,3,Chicago Cubs,112,710,0.728,0.3208243626062323,1.0523007886230553
2013,3,Seattle Mariners,136,714,0.696,0.3099831697054699,1.0015313078786814
2013,4,Colorado Rockies,115,701,0.952,0.4094060258249641,1.2852885725114298
2013,4,Los Angeles Dodgers,119,698,0.9,0.3842936046511628,1.2475761313567622
2013,4,Texas Rangers,140,701,0.88,0.37883623188405796,1.197838368886361
2013,4,St. Louis Cardinals,138,711,0.85,0.3713492957746479,1.1610888867206555
2013,4,Boston Red Sox,111,728,0.926,0.3905991501416431,1.1638657456414598
2013,4,Tampa Bay Rays,139,714,0.857,0.3677733711048159,1.1631008694457272
2013,4,Washington Nationals,120,688,0.827,0.35840029325513195,1.165490735492628
2013,4,San Francisco Giants,137,701,0.83,0.35899567099567103,1.186139280495397
2013,4,Baltimore Orioles,110,696,0.827,0.35564884393063584,1.1121111645403554
2013,4,Detroit Tigers,116,726,0.789,0.3465908460471568,1.0097826139221335
2013,4,Atlanta Braves,144,699,0.778,0.3388441558441559,1.0774693749988709
2013,4,Cincinnati Reds,113,728,0.754,0.32655446927374304,1.0494993617744597
2013,4,Oakland Athletics,133,709,0.835,0.35942613636363635,1.1196778740673248
2013,4,Miami Marlins,146,689,0.749,0.32958857979502204,1.1941996541114581
2013,4,Toronto Blue Jays,141,698,0.799,0.3466228323699422,1.0957407323606838
2013,4,Arizona Diamondbacks,109,725,0.744,0.32427222222222224,1.0411408394662196
2013,4,Seattle Mariners,136,702,0.781,0.33864131994261115,1.1238447578351296
2013,4,San Diego Padres,135,702,0.759,0.3331822094691535,1.1072890803558215
2013,4,Chicago Cubs,112,695,0.777,0.33523265895953763,1.123128726318838
2013,4,Pittsburgh Pirates,134,700,0.761,0.33267672413793103,1.0728358805727325
2013,4,Milwaukee Brewers,158,690,0.766,0.33750507982583455,1.0834345233402547
2013,4,Kansas City Royals,118,696,0.668,0.2936433770014556,0.9631412118408332
2013,4,New York Mets,121,705,0.751,0.3290171428571429,1.1185420785902134
2013,4,Cleveland Indians,114,704,0.771,0.34035142857142864,1.0463317089106094
2013,4,Minnesota Twins,142,714,0.75,0.33002668539325847,1.0834064867190272
2013,4,Los Angeles Angels,108,722,0.749,0.3241935933147632,1.0071557345867521
2013,4,Philadelphia Phillies,143,685,0.718,0.3118044117647059,1.0410197338126754
2013,4,Houston Astros,117,686,0.731,0.32143906020558005,1.0836149719715689
2013,4,New York Yankees,147,688,0.687,0.3041008771929825,1.006106535126386
2013,4,Chicago White Sox,145,696,0.679,0.3001511627906977,0.9977490526144744
2013,5,Detroit Tigers,116,709,0.781,0.3382478510028653,0.9995440069368646
2013,5,St. Louis Cardinals,138,692,0.766,0.33423367198838894,1.0463459849741437
2013,5,Baltimore Orioles,110,679,0.943,0.39603308270676685,1.2681025733513362
2013,5,Colorado Rockies,115,685,0.803,0.3478475073313783,1.0841247097969309
2013,5,Washington Nationals,120,671,0.798,0.3450120481927711,1.124621048274628
2013,5,Philadelphia Phillies,143,669,0.812,0.35382556390977443,1.1773092254260342
2013,5,Oakland Athletics,133,690,0.805,0.35334978229317854,1.0794499264960438
2013,5,San Francisco Giants,137,689,0.768,0.335546783625731,1.0975361053258614
2013,5,Kansas City Royals,118,678,0.72,0.3162314540059347,1.0381162762356286
2013,5,Los Angeles Dodgers,119,681,0.778,0.33996107784431134,1.0784602557728455
2013,5,Boston Red Sox,111,710,0.819,0.3584054054054054,1.0293801789204704
2013,5,Arizona Diamondbacks,109,710,0.697,0.31025710227272724,0.9753698455752083
2013,5,Cleveland Indians,114,683,0.787,0.34556029411764705,1.0680454668127752
2013,5,Tampa Bay Rays,139,697,0.743,0.3252141823444284,1.008382667442445
2013,5,Los Angeles Angels,108,702,0.738,0.32175431034482754,0.9923643953605114
2013,5,Cincinnati Reds,113,709,0.752,0.32299142857142854,1.0467155438387183
2013,5,San Diego Padres,135,690,0.688,0.30417810218978103,1.0037086788996115
2013,5,Pittsburgh Pirates,134,680,0.729,0.3235813609467456,1.027723202283209
2013,5,Texas Rangers,140,690,0.726,0.3143857350800583,0.9882166543312478
2013,5,Atlanta Braves,144,683,0.741,0.32483259911894274,1.0262272581930119
2013,5,Chicago White Sox,145,679,0.722,0.31638165680473374,1.0609349278168636
2013,5,Toronto Blue Jays,141,682,0.718,0.31561413843888075,0.9846581299561588
2013,5,Milwaukee Brewers,158,668,0.698,0.30832631578947367,0.9872549572996053
2013,5,Houston Astros,117,673,0.736,0.3227709580838324,1.0910268390849176
2013,5,Minnesota Twins,142,695,0.666,0.2941445086705202,0.9620649602064962
2013,5,New York Mets,121,692,0.712,0.3146443148688047,1.0604553394889906
2013,5,Seattle Mariners,136,694,0.69,0.304781476121563,0.9928974172935203
2013,5,Miami Marlins,146,674,0.612,0.2714437781109445,0.9757679416771861
2013,5,Chicago Cubs,112,677,0.655,0.2859313432835821,0.9467816161375019
2013,5,New York Yankees,147,672,0.613,0.2724399399399399,0.8977340699162657
2013,6,Los Angeles Angels,108,676,0.816,0.35213363363363365,1.0972484371465816
2013,6,Toronto Blue Jays,141,667,0.808,0.35104216867469884,1.1080832437389643
2013,6,Boston Red Sox,111,694,0.81,0.352943231441048,1.0180683088224434
2013,6,St. Louis Cardinals,138,676,0.734,0.3234038748137109,1.0026344033564247
2013,6,Arizona Diamondbacks,109,689,0.747,0.3279430656934307,1.0453389880124544
2013,6,Detroit Tigers,116,693,0.753,0.3337275362318841,0.9637088824884239
2013,6,Seattle Mariners,136,675,0.782,0.34321823617339314,1.1252837395993232
2013,6,Kansas City Royals,118,663,0.71,0.31130151515151516,1.0236979946212448
2013,6,San Francisco Giants,137,673,0.713,0.3135735735735736,1.0189365144496603
2013,6,Oakland Athletics,133,672,0.742,0.32879222720478324,0.9949712365963533
2013,6,New York Yankees,147,659,0.724,0.3190320610687023,1.060292767731446
2013,6,Minnesota Twins,142,670,0.739,0.32629624060150375,1.0675165249138148
2013,6,Los Angeles Dodgers,119,667,0.682,0.3007942511346445,0.9453854684281242
2013,6,Colorado Rockies,115,663,0.693,0.30380786686838124,0.9356144755781731
2013,6,Atlanta Braves,144,662,0.776,0.3398009118541033,1.074699530847203
2013,6,Washington Nationals,120,660,0.716,0.31338615384615387,1.009058484416834
2013,6,Pittsburgh Pirates,134,661,0.742,0.32200764525993886,1.046050227838328
2013,6,Chicago White Sox,145,658,0.648,0.28280152671755726,0.9521964449104262
2013,6,Chicago Cubs,112,665,0.703,0.30984592145015105,1.016164085717044
2013,6,Cleveland Indians,114,666,0.724,0.3174285714285714,0.9825475450729977
2013,6,Philadelphia Phillies,143,653,0.727,0.3168938461538462,1.0540687276905503
2013,6,Baltimore Orioles,110,666,0.683,0.29738391502276174,0.9184666570508618
2013,6,Texas Rangers,140,672,0.73,0.3200507462686567,0.9936613741898221
2013,6,Cincinnati Reds,113,682,0.699,0.30872794117647057,0.9729443685415746
2013,6,Houston Astros,117,650,0.727,0.32046687211093994,1.07768547828089
2013,6,Miami Marlins,146,657,0.643,0.28553230769230764,1.025194095585671
2013,6,Milwaukee Brewers,158,657,0.73,0.31750613496932517,1.0325159295540285
2013,6,Tampa Bay Rays,139,679,0.661,0.2928632986627043,0.8970941361769262
2013,6,San Diego Padres,135,667,0.595,0.2633328313253012,0.868032941780914
2013,6,New York Mets,121,681,0.635,0.28241629629629633,0.9457712648532431
2013,7,New York Mets,121,660,0.793,0.34624349157733536,1.1810970283915303
2013,7,Chicago White Sox,145,640,0.754,0.32973783359497644,1.1079569744791071
2013,7,Detroit Tigers,116,673,0.726,0.3190104477611941,0.9291535839131417
2013,7,Baltimore Orioles,110,646,0.759,0.33054062500000003,1.020667924892539
2013,7,Arizona Diamondbacks,109,672,0.68,0.2996751879699248,0.9515803371465449
2013,7,San Diego Padres,135,645,0.762,0.33385156250000003,1.1116657170370698
2013,7,San Francisco Giants,137,656,0.639,0.2848841463414634,0.9131843376344081
2013,7,Milwaukee Brewers,158,644,0.747,0.3246781789638933,1.0565608210641908
2013,7,Chicago Cubs,112,644,0.774,0.33771316614420066,1.1187923219701166
2013,7,Tampa Bay Rays,139,661,0.727,0.31798159509202445,0.9866678320735633
2013,7,St. Louis Cardinals,138,648,0.667,0.29465366614664584,0.9111132793443262
2013,7,Texas Rangers,140,650,0.75,0.3281209302325581,1.0208849734826941
2013,7,Atlanta Braves,144,643,0.707,0.31672429906542054,0.9791399076146551
2013,7,Boston Red Sox,111,679,0.75,0.32680654761904765,0.9426558415022623
2013,7,Oakland Athletics,133,649,0.79,0.34340435458786933,1.0593359527104032
2013,7,Toronto Blue Jays,141,652,0.681,0.29997072419106313,0.9339166942898944
2013,7,Seattle Mariners,136,660,0.717,0.31458652373660034,1.0317499249267452
2013,7,Cincinnati Reds,113,657,0.662,0.2913194444444445,0.9214437367303612
2013,7,Minnesota Twins,142,648,0.722,0.32006346749226,1.04295931121485
2013,7,Washington Nationals,120,640,0.673,0.2945455974842768,0.9484586033694544
2013,7,Miami Marlins,146,632,0.602,0.2670786516853933,0.9598240210615457
2013,7,Houston Astros,117,629,0.677,0.29776243980738365,1.003566807147404
2013,7,Philadelphia Phillies,143,642,0.669,0.29107606973058636,0.9699752115886908
2013,7,Colorado Rockies,115,647,0.633,0.27950699844479004,0.8546088932770327
2013,7,Los Angeles Angels,108,656,0.64,0.2842577160493827,0.8605870095267307
2013,7,Kansas City Royals,118,645,0.627,0.2770535433070866,0.9040262572218599
2013,7,Los Angeles Dodgers,119,656,0.626,0.28251380368098156,0.8677585091437034
2013,7,Cleveland Indians,114,651,0.657,0.29175503875968994,0.891621183857679
2013,7,Pittsburgh Pirates,134,640,0.681,0.29965664556962024,0.9600541848489237
2013,7,New York Yankees,147,640,0.603,0.2681403785488959,0.8830891421851684
2013,8,Chicago White Sox,145,618,0.764,0.3334337152209493,1.122651364061058
2013,8,Colorado Rockies,115,631,0.742,0.32290343698854335,1.001769034457438
2013,8,Boston Red Sox,111,653,0.781,0.3398135593220339,0.9816189496176891
2013,8,Atlanta Braves,144,629,0.74,0.3232357723577236,1.024842336117178
2013,8,Los Angeles Dodgers,119,633,0.726,0.31469494290375205,1.0063780792944548
2013,8,Washington Nationals,120,618,0.68,0.2946152570480929,0.958323700284144
2013,8,San Diego Padres,135,628,0.687,0.296060162601626,1.0022498000058622
2013,8,Detroit Tigers,116,656,0.688,0.3047926267281105,0.880520200733115
2013,8,San Francisco Giants,137,633,0.685,0.2933185550082102,0.9789221772763218
2013,8,Tampa Bay Rays,139,640,0.68,0.30230914826498423,0.9228805031774734
2013,8,Arizona Diamondbacks,109,643,0.663,0.2887404458598726,0.9277908287178812
2013,8,Cleveland Indians,114,632,0.711,0.3102284345047923,0.9649051167774881
2013,8,New York Yankees,147,626,0.639,0.282792937399679,0.9358108820171188
2013,8,Texas Rangers,140,639,0.681,0.30383227848101263,0.9269635559222863
2013,8,Oakland Athletics,133,633,0.705,0.30877119999999997,0.9453567679251066
2013,8,Kansas City Royals,118,626,0.669,0.2912552845528455,0.9645830400022717
2013,8,Philadelphia Phillies,143,621,0.637,0.27911056105610565,0.9235787889118027
2013,8,Chicago Cubs,112,625,0.664,0.2887737704918033,0.959790829183666
2013,8,Los Angeles Angels,108,635,0.71,0.31617936507936517,0.9547137136937168
2013,8,Milwaukee Brewers,158,625,0.632,0.27458428805237317,0.8939042020248577
2013,8,Minnesota Twins,142,632,0.657,0.2925870967741935,0.9490640823658678
2013,8,Seattle Mariners,136,638,0.65,0.2888748019017432,0.9353381467257802
2013,8,Cincinnati Reds,113,637,0.632,0.2762556634304207,0.879686467694242
2013,8,Houston Astros,117,611,0.617,0.27258552631578953,0.9146244017872203
2013,8,Baltimore Orioles,110,634,0.634,0.2785191082802547,0.8525737343634647
2013,8,St. Louis Cardinals,138,630,0.581,0.25378723404255316,0.7936384037467068
2013,8,Toronto Blue Jays,141,632,0.626,0.2756458333333333,0.8584902358670687
2013,8,Miami Marlins,146,611,0.577,0.25415257048092865,0.919964219522445
2013,8,Pittsburgh Pirates,134,627,0.558,0.24296505823627287,0.7866523276735674
2013,8,New York Mets,121,644,0.513,0.22667094703049762,0.7640640297160846
2013,9,Detroit Tigers,116,639,0.708,0.31230434782608696,0.9061167181962869
2013,9,Los Angeles Angels,108,621,0.655,0.2917545008183306,0.8807570175625136
2013,9,Texas Rangers,140,616,0.752,0.3292429752066116,1.0236073334119813
2013,9,Cleveland Indians,114,617,0.726,0.31970146818923334,0.9852617648107684
2013,9,Tampa Bay Rays,139,615,0.689,0.3080147299509002,0.9350950980724692
2013,9,Boston Red Sox,111,634,0.703,0.3095612082670906,0.8835827421014538
2013,9,Kansas City Royals,118,602,0.617,0.27395733788395904,0.8896079756074762
2013,9,Houston Astros,117,597,0.614,0.2716131260794473,0.9101772815192112
2013,9,Baltimore Orioles,110,612,0.631,0.2798791390728477,0.8485394737907669
2013,9,Minnesota Twins,142,614,0.608,0.27009468438538203,0.878281525233558
2013,9,Toronto Blue Jays,141,615,0.614,0.27587086092715235,0.8420335540293614
2013,9,Oakland Athletics,133,616,0.592,0.2639424342105263,0.7938314987399476
2013,9,Colorado Rockies,115,612,0.543,0.2408961937716263,0.733100519825322
2013,9,New York Yankees,147,597,0.546,0.2510289115646258,0.7996130541179137
2013,9,Seattle Mariners,136,612,0.53,0.240695867768595,0.7626603350225593
2013,9,Los Angeles Dodgers,119,608,0.52,0.234788256227758,0.720821764783907
2013,9,Cincinnati Reds,113,619,0.478,0.21552733686067016,0.665332486642164
2013,9,San Diego Padres,135,606,0.473,0.21394425087108015,0.6900497167434829
2013,9,Chicago White Sox,145,603,0.504,0.22616220735785955,0.7405972349303315
2013,9,Philadelphia Phillies,143,599,0.51,0.22801792114695343,0.7394429864129033
2013,9,Milwaukee Brewers,158,605,0.482,0.2160071813285458,0.681743394582249
2013,9,Miami Marlins,146,592,0.458,0.20332675044883303,0.7302315641963255
2013,9,Chicago Cubs,112,595,0.491,0.21976950354609928,0.7097248450740662
2013,9,Atlanta Braves,144,614,0.466,0.20954577464788732,0.6453736873386553
2013,9,New York Mets,121,617,0.44,0.20172448979591834,0.6553375693471291
2013,9,Pittsburgh Pirates,134,614,0.419,0.1903863247863248,0.5906941313534493
2013,9,Washington Nationals,120,600,0.425,0.1907124773960217,0.59895231267759
2013,9,St. Louis Cardinals,138,615,0.416,0.18982926829268293,0.5682505610303443
2013,9,Arizona Diamondbacks,109,625,0.432,0.19647877758913412,0.604533390657805
2013,9,San Francisco Giants,137,613,0.371,0.1711320422535211,0.5301899675467378
2014,1,Philadelphia Phillies,143,760,0.714,0.31758831341301463,1.0744409674060222
2014,1,Houston Astros,117,746,0.777,0.34315114709851546,1.122664106705152
2014,1,Washington Nationals,120,755,0.762,0.33720772303595203,1.0695765629424492
2014,1,Detroit Tigers,116,755,0.774,0.33931249999999996,1.0217656490689515
2014,1,Toronto Blue Jays,141,756,0.73,0.3226507304116866,0.9901735081721741
2014,1,Los Angeles Dodgers,119,760,0.717,0.3189299867899604,0.9726301915858288
2014,1,Pittsburgh Pirates,134,762,0.766,0.3382723684210526,1.0438334449947235
2014,1,Colorado Rockies,115,754,0.746,0.3275383580080753,0.9665905868098633
2014,1,Arizona Diamondbacks,109,746,0.748,0.32962110960757784,1.103503583634534
2014,1,Chicago White Sox,145,740,0.723,0.321974149659864,1.0208974346462862
2014,1,Kansas City Royals,118,744,0.705,0.3167845528455284,1.0222277431760771
2014,1,Milwaukee Brewers,158,743,0.805,0.35478783783783785,1.1403411453102448
2014,1,Baltimore Orioles,110,750,0.724,0.3225127516778523,0.9866463977598086
2014,1,Miami Marlins,146,764,0.726,0.324745382585752,1.0475975394122614
2014,1,Boston Red Sox,111,768,0.708,0.3165301047120419,1.0343083298508398
2014,1,Minnesota Twins,142,767,0.758,0.33418929503916445,1.063823118483551
2014,1,San Francisco Giants,137,741,0.705,0.31134103260869567,1.0105224117834057
2014,1,St. Louis Cardinals,138,742,0.738,0.3335785907859079,1.0716210116040814
2014,1,Los Angeles Angels,108,773,0.731,0.3231727272727273,1.0031404259258612
2014,1,New York Yankees,147,744,0.776,0.33851573187414497,1.1294271252115446
2014,1,Texas Rangers,140,739,0.711,0.32018367346938775,1.0304020709598103
2014,1,Oakland Athletics,133,762,0.713,0.3182608695652174,1.0178438151841587
2014,1,Chicago Cubs,112,749,0.676,0.29913297150610585,0.9882553173546362
2014,1,Cincinnati Reds,113,731,0.66,0.29373018080667596,0.9986203251841149
2014,1,Cleveland Indians,114,760,0.653,0.29215579227696403,0.9247946508501103
2014,1,Tampa Bay Rays,139,757,0.681,0.30416621983914205,0.9960834185874377
2014,1,Atlanta Braves,144,735,0.664,0.2990041095890411,0.9998147615663525
2014,1,Seattle Mariners,136,733,0.606,0.27102060439560444,0.8957398432210073
2014,1,San Diego Padres,135,726,0.616,0.2764602510460251,0.9724252110675564
2014,1,New York Mets,121,749,0.641,0.2894622641509434,0.9545845051734646
2014,2,Houston Astros,117,728,0.805,0.35399444444444444,1.1631204709107432
2014,2,Colorado Rockies,115,731,0.81,0.3552837465564739,1.0495152484128543
2014,2,Los Angeles Dodgers,119,745,0.84,0.3712159244264508,1.1394830696403015
2014,2,Baltimore Orioles,110,729,0.855,0.3731217150760719,1.1651694338185585
2014,2,San Francisco Giants,137,723,0.76,0.33632267037552155,1.0893574935537425
2014,2,Los Angeles Angels,108,744,0.93,0.39928900949796464,1.2762251656785921
2014,2,Toronto Blue Jays,141,734,0.777,0.3424586776859504,1.0539244052736703
2014,2,Pittsburgh Pirates,134,732,0.754,0.33551373626373626,1.0274809628277044
2014,2,New York Mets,121,735,0.717,0.3184289617486339,1.0677645713094759
2014,2,Washington Nationals,120,738,0.771,0.34051025991792067,1.0822093569929505
2014,2,Detroit Tigers,116,736,0.709,0.3110669398907103,0.9359584563176829
2014,2,Minnesota Twins,142,743,0.747,0.3329071038251366,1.0483850521203333
2014,2,Arizona Diamondbacks,109,731,0.717,0.31782943603851443,1.0577701463448672
2014,2,New York Yankees,147,723,0.661,0.296273492286115,0.962050682686638
2014,2,Milwaukee Brewers,158,727,0.726,0.3214986072423398,1.0284318900561957
2014,2,Boston Red Sox,111,747,0.668,0.2965946308724832,0.9758728309892105
2014,2,Tampa Bay Rays,139,738,0.732,0.32579972752043596,1.0706799741644704
2014,2,Cincinnati Reds,113,716,0.731,0.3253841807909605,1.1060476631963454
2014,2,Texas Rangers,140,726,0.621,0.2794008379888268,0.8999714290661633
2014,2,Kansas City Royals,118,730,0.623,0.2767872044506259,0.9033303319130441
2014,2,Miami Marlins,146,739,0.657,0.29634387895460795,0.9480324840135754
2014,2,St. Louis Cardinals,138,727,0.679,0.30451527777777776,0.9859494131154083
2014,2,Chicago Cubs,112,731,0.705,0.31260439560439557,1.03065088570269
2014,2,Philadelphia Phillies,143,743,0.7,0.3139755434782609,1.0533734974568847
2014,2,Cleveland Indians,114,742,0.642,0.2868791208791209,0.9092161804682555
2014,2,Chicago White Sox,145,726,0.634,0.2817036011080332,0.8952267960798692
2014,2,Atlanta Braves,144,718,0.629,0.2835808720112517,0.9471136822669213
2014,2,San Diego Padres,135,711,0.598,0.2685014285714286,0.9440101886662317
2014,2,Seattle Mariners,136,716,0.608,0.2694550561797753,0.8986960803273473
2014,2,Oakland Athletics,133,746,0.627,0.28253441295546555,0.8950744349515674
2014,3,Cleveland Indians,114,724,0.875,0.38350696378830085,1.2391965076475444
2014,3,Chicago White Sox,145,712,0.889,0.3848873038516405,1.2552943560173562
2014,3,Seattle Mariners,136,699,0.836,0.36044624447717233,1.2357071104501025
2014,3,Detroit Tigers,116,725,0.88,0.37822067039106144,1.1616973787864049
2014,3,Pittsburgh Pirates,134,720,0.935,0.40471629213483146,1.2741309021802436
2014,3,San Francisco Giants,137,709,0.845,0.3668836879432624,1.2111935290169897
2014,3,Colorado Rockies,115,719,0.912,0.3934908835904628,1.181676427842621
2014,3,Toronto Blue Jays,141,720,0.902,0.39331408450704225,1.2234746635223304
2014,3,Los Angeles Dodgers,119,728,0.85,0.36951456310679615,1.1530483442788764
2014,3,Atlanta Braves,144,711,0.847,0.3742178217821782,1.2753661190462358
2014,3,Milwaukee Brewers,158,715,0.809,0.35414908579465537,1.146007436715513
2014,3,Baltimore Orioles,110,711,0.809,0.3525077793493635,1.1024819555078524
2014,3,St. Louis Cardinals,138,712,0.852,0.37495325779036826,1.237155964616094
2014,3,Chicago Cubs,112,715,0.878,0.38213295615275816,1.2835623796410807
2014,3,Boston Red Sox,111,726,0.84,0.3627443820224719,1.2271454760942166
2014,3,Arizona Diamondbacks,109,710,0.855,0.36948776978417264,1.261357705892415
2014,3,Washington Nationals,120,721,0.811,0.36060584958217273,1.1383551083285124
2014,3,Miami Marlins,146,723,0.882,0.3767982832618026,1.272701142922334
2014,3,Los Angeles Angels,108,729,0.783,0.3369525139664804,1.0744992523939114
2014,3,Oakland Athletics,133,728,0.806,0.3536449375866851,1.1506060519473098
2014,3,Philadelphia Phillies,143,727,0.736,0.3201356643356643,1.1075469916118101
2014,3,Minnesota Twins,142,732,0.72,0.31888520055325037,1.0104916165015259
2014,3,New York Yankees,147,710,0.711,0.31394184397163116,1.0348230490018147
2014,3,Cincinnati Reds,113,698,0.696,0.30958620689655175,1.053090524739612
2014,3,New York Mets,121,715,0.659,0.2920394366197183,0.9813903103109409
2014,3,Tampa Bay Rays,139,722,0.712,0.31689930069930067,1.0414264229577908
2014,3,San Diego Padres,135,698,0.696,0.31396982758620684,1.0987141995178884
2014,3,Houston Astros,117,717,0.745,0.3303741209563994,1.0764282618987622
2014,3,Kansas City Royals,118,713,0.631,0.28002253521126763,0.91493007935334
2014,3,Texas Rangers,140,700,0.593,0.2657024320457797,0.8593930071436955
2014,4,Detroit Tigers,116,702,0.994,0.42020178041543027,1.3121899937655528
2014,4,Texas Rangers,140,679,0.888,0.38031297709923656,1.2869156666839825
2014,4,Colorado Rockies,115,702,0.894,0.38767816091954016,1.1583538667667799
2014,4,Miami Marlins,146,705,0.726,0.3244108416547789,1.0475975394122614
2014,4,Chicago Cubs,112,698,0.799,0.34906187050359716,1.1680710037963822
2014,4,San Francisco Giants,137,695,0.753,0.32953265602322207,1.0793239376920631
2014,4,Milwaukee Brewers,158,697,0.726,0.32299999999999995,1.0284318900561957
2014,4,Los Angeles Dodgers,119,714,0.798,0.34707183098591543,1.0825089161582864
2014,4,Toronto Blue Jays,141,703,0.826,0.3602249283667622,1.120388106507145
2014,4,Kansas City Royals,118,694,0.71,0.3136536231884058,1.029477585326262
2014,4,Arizona Diamondbacks,109,694,0.731,0.32241630276564776,1.078423956733749
2014,4,St. Louis Cardinals,138,697,0.7,0.30911527377521614,1.0164426939334106
2014,4,Tampa Bay Rays,139,704,0.7,0.3076719424460431,1.0238742922337831
2014,4,Atlanta Braves,144,696,0.763,0.33445899280575536,1.148883528727601
2014,4,Washington Nationals,120,708,0.752,0.33080114449213155,1.0555401251085588
2014,4,Boston Red Sox,111,714,0.763,0.33590212765957445,1.1146571407855803
2014,4,Baltimore Orioles,110,698,0.762,0.3318072463768116,1.0384317059295223
2014,4,Los Angeles Angels,108,713,0.715,0.31593617021276593,0.9811838639356918
2014,4,Chicago White Sox,145,696,0.769,0.3327059679767103,1.0858507983997152
2014,4,Oakland Athletics,133,713,0.777,0.34076487252124643,1.1092070748921337
2014,4,Minnesota Twins,142,713,0.696,0.3068185654008439,0.9768085626181418
2014,4,New York Mets,121,701,0.753,0.3346987087517934,1.1213761815844288
2014,4,Cleveland Indians,114,712,0.766,0.3411994342291372,1.0848280284091645
2014,4,Philadelphia Phillies,143,710,0.701,0.30925925925925923,1.054878316738966
2014,4,Cincinnati Reds,113,676,0.699,0.3103273809523809,1.0576297080359034
2014,4,Houston Astros,117,694,0.658,0.2923081395348837,0.95072455883139
2014,4,Pittsburgh Pirates,134,708,0.698,0.3093267045454546,0.9511693793816148
2014,4,San Diego Padres,135,681,0.675,0.3011253687315634,1.0655633400496762
2014,4,New York Yankees,147,697,0.688,0.30787896253602304,1.0013477604968333
2014,4,Seattle Mariners,136,685,0.647,0.29039647577092503,0.9563427039009765
2014,5,Detroit Tigers,116,695,0.809,0.35007994186046504,1.0679695220888654
2014,5,Kansas City Royals,118,673,0.814,0.3588584202682563,1.180274302050109
2014,5,Colorado Rockies,115,688,0.84,0.36231718061674006,1.0883861835392563
2014,5,Pittsburgh Pirates,134,695,0.827,0.36526889534883716,1.1269585626770708
2014,5,St. Louis Cardinals,138,682,0.773,0.33860296296296294,1.122443146300752
2014,5,Los Angeles Dodgers,119,691,0.777,0.3414250363901019,1.054021839417279
2014,5,New York Mets,121,687,0.795,0.34999416058394156,1.1839230602385402
2014,5,Washington Nationals,120,698,0.785,0.34619914040114613,1.1018603699603973
2014,5,Texas Rangers,140,671,0.728,0.31953082706766917,1.0550389699841658
2014,5,Los Angeles Angels,108,699,0.705,0.31076767676767675,0.9674610126918359
2014,5,Atlanta Braves,144,683,0.748,0.33045066273932255,1.1262973518849875
2014,5,Tampa Bay Rays,139,696,0.704,0.31174020319303336,1.029725002475119
2014,5,Miami Marlins,146,684,0.758,0.3327609970674487,1.0937726375681738
2014,5,Toronto Blue Jays,141,690,0.751,0.32760291970802924,1.018657951557949
2014,5,Milwaukee Brewers,158,679,0.735,0.3221360946745561,1.0411810457180495
2014,5,Oakland Athletics,133,696,0.754,0.3314208998548621,1.0763734034345802
2014,5,Philadelphia Phillies,143,690,0.76,0.33153001464128845,1.1436626543817605
2014,5,San Francisco Giants,137,681,0.695,0.30888740740740733,0.9961887605524354
2014,5,Boston Red Sox,111,694,0.684,0.3082691751085383,0.9992470305338623
2014,5,Cleveland Indians,114,696,0.67,0.2971027496382055,0.9488704687129769
2014,5,Arizona Diamondbacks,109,680,0.665,0.29060830860534126,0.9810559934718784
2014,5,Baltimore Orioles,110,684,0.759,0.3303284023668639,1.0343433921266503
2014,5,New York Yankees,147,681,0.684,0.30416347569955815,0.9955259711916193
2014,5,Cincinnati Reds,113,663,0.694,0.30611702127659574,1.0500644025420844
2014,5,Seattle Mariners,136,669,0.675,0.2978285714285714,0.997730023389736
2014,5,Chicago White Sox,145,683,0.678,0.30351764705882345,0.9573561005396709
2014,5,Chicago Cubs,112,679,0.668,0.29799109792284867,0.9765599881551731
2014,5,San Diego Padres,135,657,0.667,0.2953984732824427,1.052934441204643
2014,5,Minnesota Twins,142,693,0.679,0.3009767103347889,0.952949732784078
2014,5,Houston Astros,117,672,0.654,0.29083508245877054,0.9449450782305913
2014,6,Los Angeles Dodgers,119,676,0.809,0.35588261515601777,1.097430718260719
2014,6,Colorado Rockies,115,670,0.805,0.3480877458396369,1.0430367592251206
2014,6,Chicago White Sox,145,660,0.749,0.32849999999999996,1.0576102054634418
2014,6,Pittsburgh Pirates,134,680,0.799,0.34967164179104476,1.0888027709540262
2014,6,Kansas City Royals,118,659,0.743,0.3263786259541985,1.0773265435174828
2014,6,New York Mets,121,665,0.785,0.34029984779299843,1.1690309462732758
2014,6,Tampa Bay Rays,139,674,0.698,0.3116781437125749,1.020948937113115
2014,6,Washington Nationals,120,677,0.728,0.3204149253731343,1.0218526743072218
2014,6,San Francisco Giants,137,664,0.69,0.3049515151515152,0.9890219349369502
2014,6,Texas Rangers,140,652,0.7,0.30995038759689925,1.0144605480616977
2014,6,Philadelphia Phillies,143,672,0.685,0.30224924924924923,1.030801208225666
2014,6,St. Louis Cardinals,138,664,0.628,0.2814177978883861,0.9118943025574026
2014,6,Los Angeles Angels,108,681,0.666,0.294962852897474,0.9139418928407983
2014,6,Baltimore Orioles,110,663,0.637,0.28345757575757574,0.8680852974765167
2014,6,Miami Marlins,146,669,0.7,0.30814156626506023,1.0100802721605826
2014,6,Oakland Athletics,133,675,0.659,0.2933970149253731,0.9407560648055548
2014,6,Cincinnati Reds,113,645,0.652,0.29120376175548585,0.9865158363940044
2014,6,Milwaukee Brewers,158,657,0.706,0.3105696784073506,1.0001004330298542
2014,6,Minnesota Twins,142,672,0.691,0.3077817638266069,0.9697912597257701
2014,6,Seattle Mariners,136,652,0.697,0.3102043010752688,1.0302486315594754
2014,6,Arizona Diamondbacks,109,659,0.618,0.27498477929984777,0.9117182014520614
2014,6,Cleveland Indians,114,678,0.661,0.2915438335809807,0.9361244474914593
2014,6,Atlanta Braves,144,663,0.621,0.27690577507598785,0.9350677212841941
2014,6,Detroit Tigers,116,681,0.646,0.28977794117647054,0.8527914848818381
2014,6,Boston Red Sox,111,667,0.644,0.2907289156626506,0.9408115316722329
2014,6,New York Yankees,147,662,0.666,0.29379299847792995,0.9693279193181557
2014,6,Houston Astros,117,650,0.646,0.28984961240310075,0.9333861170289938
2014,6,Chicago Cubs,112,662,0.64,0.28313657056145675,0.935626335957052
2014,6,San Diego Padres,135,637,0.565,0.2556755905511811,0.8919159809304696
2014,6,Toronto Blue Jays,141,666,0.626,0.27817018072289157,0.849107693309289
2014,7,Minnesota Twins,142,658,0.777,0.34182110091743123,1.0904888694745636
2014,7,Los Angeles Dodgers,119,659,0.721,0.32040030674846626,0.9780563014412588
2014,7,Oakland Athletics,133,661,0.759,0.33714525993883787,1.0835111580992658
2014,7,Atlanta Braves,144,644,0.677,0.30106552262090486,1.0193894481632841
2014,7,Colorado Rockies,115,648,0.728,0.3210527131782946,0.943268025734022
2014,7,Pittsburgh Pirates,134,659,0.73,0.3229570552147239,0.9947759984936659
2014,7,Miami Marlins,146,652,0.71,0.313337984496124,1.0245099903343051
2014,7,Baltimore Orioles,110,651,0.71,0.3131083591331269,0.967567600013072
2014,7,Tampa Bay Rays,139,655,0.72,0.32053715170278635,1.0531278434404627
2014,7,San Diego Padres,135,615,0.732,0.31980921052631583,1.1555442443205377
2014,7,Cincinnati Reds,113,634,0.689,0.30562063492063485,1.0424990970482653
2014,7,Los Angeles Angels,108,665,0.701,0.31059909228441757,0.9619718721942936
2014,7,Chicago Cubs,112,643,0.714,0.3154336973478939,1.0438081310520861
2014,7,Toronto Blue Jays,141,647,0.739,0.32637850467289725,1.0023811267660776
2014,7,Detroit Tigers,116,654,0.694,0.3087750385208012,0.9161567964520055
2014,7,Washington Nationals,120,660,0.714,0.315358231707317,1.0022016613397753
2014,7,Kansas City Royals,118,638,0.657,0.2916666666666667,0.9526292585343018
2014,7,Seattle Mariners,136,628,0.686,0.3042822580645161,1.013989327474606
2014,7,Cleveland Indians,114,659,0.71,0.3111487730061349,1.0055194519197217
2014,7,Arizona Diamondbacks,109,639,0.657,0.2928354231974922,0.9692538161068032
2014,7,New York Yankees,147,643,0.68,0.304207488299532,0.9897041818864052
2014,7,San Francisco Giants,137,649,0.68,0.3006329704510109,0.97468828370598
2014,7,St. Louis Cardinals,138,640,0.653,0.29286206896551725,0.9481958273407387
2014,7,New York Mets,121,648,0.655,0.29183825816485226,0.975433464724835
2014,7,Milwaukee Brewers,158,642,0.711,0.31312341772151897,1.0071832972864396
2014,7,Houston Astros,117,636,0.657,0.2933649289099526,0.9492796886811903
2014,7,Philadelphia Phillies,143,654,0.569,0.25686728395061725,0.8562421715042391
2014,7,Texas Rangers,140,639,0.596,0.2652992125984252,0.863740695206817
2014,7,Boston Red Sox,111,653,0.561,0.25026905132192845,0.819557871534352
2014,7,Chicago White Sox,145,641,0.554,0.24823004694835676,0.7822644243347754
2014,8,Kansas City Royals,118,614,0.738,0.3247046204620462,1.0700767013672978
2014,8,Chicago White Sox,145,620,0.765,0.3366925566343042,1.0802026798124604
2014,8,Texas Rangers,140,623,0.751,0.3321862745098039,1.0883712451347645
2014,8,Cleveland Indians,114,637,0.715,0.3188225039619651,1.0126005748205649
2014,8,New York Yankees,147,619,0.672,0.29991909385113263,0.9780606032759769
2014,8,Seattle Mariners,136,607,0.746,0.3286889632107023,1.1026764406648044
2014,8,Los Angeles Angels,108,649,0.709,0.31588767550702024,0.9729501531893783
2014,8,Miami Marlins,146,633,0.658,0.28915746753246757,0.9494754558309477
2014,8,Pittsburgh Pirates,134,643,0.672,0.2932415458937198,0.9157390013530734
2014,8,Milwaukee Brewers,158,614,0.687,0.30073018549747044,0.97318554885483
2014,8,San Diego Padres,135,602,0.671,0.2967350427350427,1.0592488906271598
2014,8,Colorado Rockies,115,638,0.627,0.2772115384615385,0.812402544141802
2014,8,St. Louis Cardinals,138,621,0.625,0.2771903973509934,0.9075381195834022
2014,8,Washington Nationals,120,638,0.648,0.28740189873417715,0.9095611716360985
2014,8,Detroit Tigers,116,638,0.638,0.28755414012738856,0.8422305996201436
2014,8,Oakland Athletics,133,638,0.651,0.2899432176656151,0.9293356573420579
2014,8,Toronto Blue Jays,141,634,0.648,0.288667731629393,0.8789485387610533
2014,8,San Francisco Giants,137,625,0.662,0.2881907894736842,0.9488877114902335
2014,8,Minnesota Twins,142,635,0.631,0.28616349206349206,0.8855836250173096
2014,8,Cincinnati Reds,113,620,0.614,0.2718813838550247,0.9290195146409795
2014,8,Atlanta Braves,144,619,0.625,0.27629900332225915,0.9410907017755576
2014,8,Boston Red Sox,111,635,0.636,0.28706022187004754,0.929124431899907
2014,8,Baltimore Orioles,110,630,0.665,0.29434571890145395,0.9062428929699899
2014,8,Arizona Diamondbacks,109,625,0.575,0.25433278955954325,0.8482814981147819
2014,8,Tampa Bay Rays,139,639,0.613,0.27983891547049444,0.8966213444847272
2014,8,New York Mets,121,633,0.625,0.2754101307189542,0.9307571228290411
2014,8,Philadelphia Phillies,143,633,0.59,0.26248548387096776,0.8878433764279456
2014,8,Houston Astros,117,617,0.627,0.28046341463414626,0.9059335841751999
2014,8,Chicago Cubs,112,623,0.553,0.24320888157894738,0.8084396309128903
2014,8,Los Angeles Dodgers,119,638,0.548,0.24920799999999999,0.743377050193911
2014,9,Minnesota Twins,142,620,0.701,0.31373311367380563,0.9838258655105134
2014,9,Cleveland Indians,114,614,0.658,0.2922672268907563,0.9318757737509534
2014,9,Detroit Tigers,116,616,0.638,0.2861661184210526,0.8422305996201436
2014,9,Texas Rangers,140,597,0.62,0.2751934931506849,0.8985221997117895
2014,9,Baltimore Orioles,110,614,0.655,0.2908733333333333,0.8926151802937495
2014,9,Kansas City Royals,118,593,0.584,0.2599671280276816,0.8467815631416015
2014,9,Boston Red Sox,111,622,0.627,0.2822520325203252,0.9159764446560404
2014,9,New York Yankees,147,603,0.629,0.28289130434782606,0.9154763682449247
2014,9,Houston Astros,117,595,0.622,0.278518771331058,0.8987092334242015
2014,9,Toronto Blue Jays,141,617,0.6,0.2718419301164725,0.8138412395935678
2014,9,Los Angeles Angels,108,632,0.585,0.26620322580645167,0.8027867977655659
2014,9,Seattle Mariners,136,588,0.59,0.26271553228621286,0.8720899463702877
2014,9,Chicago White Sox,145,599,0.59,0.26444122657580915,0.8330974916200675
2014,9,Oakland Athletics,133,626,0.537,0.2482536585365854,0.7665948509872276
2014,9,Tampa Bay Rays,139,620,0.574,0.2578199672667758,0.8395769196317021
2014,9,Colorado Rockies,115,614,0.538,0.2390727902946274,0.6970854366001428
2014,9,St. Louis Cardinals,138,601,0.508,0.23347661870503594,0.7376469835973893
2014,9,Los Angeles Dodgers,119,620,0.525,0.24253321976149914,0.7121769185251885
2014,9,Arizona Diamondbacks,109,605,0.483,0.21941021126760563,0.7125564584164169
2014,9,Chicago Cubs,112,602,0.475,0.21513051146384482,0.6944101712181245
2014,9,Philadelphia Phillies,143,609,0.481,0.21985514834205935,0.7238180746810878
2014,9,Cincinnati Reds,113,595,0.485,0.21586520947176682,0.733834632900448
2014,9,San Francisco Giants,137,600,0.443,0.20282631578947366,0.634980749531984
2014,9,San Diego Padres,135,578,0.468,0.21131078610603288,0.7387905824344423
2014,9,Miami Marlins,146,616,0.374,0.17158741258741259,0.5396714596972256
2014,9,Milwaukee Brewers,158,591,0.389,0.17890091743119266,0.5510468391623419
2014,9,Pittsburgh Pirates,134,625,0.373,0.17349659863945577,0.5082896540248458
2014,9,Washington Nationals,120,621,0.389,0.1811416083916084,0.546017431738337
2014,9,Atlanta Braves,144,595,0.351,0.1601205035971223,0.5285165381171532
2014,9,New York Mets,121,612,0.379,0.17581802120141343,0.5644111192835305
2015,1,Miami Marlins,146,732,0.742,0.32244751381215475,1.072102460184307
2015,1,Houston Astros,117,750,0.82,0.354,1.0910555251137148
2015,1,Arizona Diamondbacks,109,763,0.764,0.3310815789473685,1.0338885727598965
2015,1,Boston Red Sox,111,764,0.823,0.3526368421052632,1.1123296606377249
2015,1,Philadelphia Phillies,143,746,0.703,0.3074514824797844,1.028437527491809
2015,1,San Francisco Giants,137,748,0.745,0.3291512717536814,1.0183736626026374
2015,1,Cleveland Indians,114,751,0.805,0.34952432432432434,1.108875431971993
2015,1,Colorado Rockies,115,745,0.8,0.3467289972899729,1.0709020599121282
2015,1,Chicago White Sox,145,743,0.776,0.3396059782608696,1.1301067578432118
2015,1,Baltimore Orioles,110,735,0.813,0.3522188782489741,1.1159176855810382
2015,1,Milwaukee Brewers,158,734,0.719,0.31107692307692314,1.0277243763901696
2015,1,Washington Nationals,120,751,0.755,0.32939066666666666,1.0430588542452444
2015,1,Toronto Blue Jays,141,763,0.708,0.31047883597883597,0.8870639324487334
2015,1,St. Louis Cardinals,138,744,0.82,0.3523184885290148,1.147141148371698
2015,1,Detroit Tigers,116,754,0.725,0.3153869680851064,0.968375855029725
2015,1,Pittsburgh Pirates,134,766,0.706,0.30813026315789477,0.9825128952866192
2015,1,New York Yankees,147,767,0.714,0.31375394736842105,0.9590298253031527
2015,1,Tampa Bay Rays,139,745,0.743,0.32687331536388137,1.0313196767638337
2015,1,Chicago Cubs,112,756,0.757,0.3321366047745358,1.050775230504945
2015,1,New York Mets,121,753,0.794,0.3450838881491345,1.1160559783574626
2015,1,Atlanta Braves,144,746,0.69,0.301672131147541,1.0262408118706405
2015,1,Oakland Athletics,133,759,0.645,0.2831735099337748,0.911713922626421
2015,1,Kansas City Royals,118,746,0.615,0.2724182561307902,0.8370750909327215
2015,1,Seattle Mariners,136,740,0.701,0.30635967302452316,0.9725480833962226
2015,1,San Diego Padres,135,737,0.712,0.3094079126875853,1.0400792547106026
2015,1,Texas Rangers,140,756,0.677,0.2977560321715818,0.9169875007169782
2015,1,Cincinnati Reds,113,755,0.624,0.27614913448735023,0.8817410485006107
2015,1,Los Angeles Angels,108,734,0.63,0.27576,0.8955674430845852
2015,1,Minnesota Twins,142,741,0.73,0.3134171195652174,1.0361935613847273
2015,1,Los Angeles Dodgers,119,745,0.745,0.3246541049798116,1.0103751040260676
2015,2,Toronto Blue Jays,141,742,0.958,0.4050594594594594,1.200292722155207
2015,2,Kansas City Royals,118,727,0.813,0.35393784530386746,1.1065724372817927
2015,2,Los Angeles Dodgers,119,733,0.821,0.3554651162790698,1.1134469267186597
2015,2,San Diego Padres,135,717,0.794,0.34706582633053223,1.1598636632587338
2015,2,Philadelphia Phillies,143,725,0.75,0.3285160390516039,1.097195086228815
2015,2,San Francisco Giants,137,733,0.751,0.33056515775034295,1.026575329684001
2015,2,Arizona Diamondbacks,109,748,0.765,0.330650067294751,1.0352418300540849
2015,2,Colorado Rockies,115,731,0.728,0.3170914127423823,0.9745208745200366
2015,2,Boston Red Sox,111,745,0.717,0.31702702702702706,0.9690648440792815
2015,2,Cleveland Indians,114,731,0.77,0.3330769230769231,1.0606634566688629
2015,2,Pittsburgh Pirates,134,748,0.724,0.3163423180592992,1.0075627991324536
2015,2,Miami Marlins,146,712,0.708,0.3118626062322946,1.0229764714427079
2015,2,Los Angeles Angels,108,712,0.847,0.35992165242165247,1.2040406734803868
2015,2,Texas Rangers,140,746,0.791,0.34695392953929544,1.071398985328109
2015,2,Houston Astros,117,723,0.78,0.33589525139664805,1.0378333043764607
2015,2,Cincinnati Reds,113,735,0.841,0.3635576923076923,1.1883721503029065
2015,2,Detroit Tigers,116,733,0.725,0.3147250341997264,0.968375855029725
2015,2,Washington Nationals,120,733,0.689,0.30585851648351653,0.9518775504304282
2015,2,New York Mets,121,738,0.729,0.31590027322404374,1.0246911942350003
2015,2,Chicago Cubs,112,736,0.833,0.36143673469387755,1.156269177028559
2015,2,New York Yankees,147,749,0.714,0.3156202702702703,0.9590298253031527
2015,2,Tampa Bay Rays,139,718,0.751,0.328700139470014,1.042424060901264
2015,2,Seattle Mariners,136,728,0.736,0.3190288858321871,1.0211061189438229
2015,2,Baltimore Orioles,110,722,0.716,0.31077559607293126,0.9827762150996597
2015,2,Minnesota Twins,142,720,0.725,0.314608938547486,1.0290963452108595
2015,2,Milwaukee Brewers,158,718,0.711,0.30922191011235955,1.016289334650084
2015,2,St. Louis Cardinals,138,730,0.75,0.3290330123796424,1.049214464974114
2015,2,Atlanta Braves,144,726,0.657,0.2893448753462604,0.9771597295637838
2015,2,Chicago White Sox,145,723,0.623,0.2720881118881119,0.9072893171859806
2015,2,Oakland Athletics,133,732,0.64,0.28324180327868853,0.9046463728386193
2015,3,Detroit Tigers,116,716,0.941,0.40083737517831663,1.2568850752868568
2015,3,Arizona Diamondbacks,109,733,0.971,0.40460567375886525,1.314012832656884
2015,3,Cleveland Indians,114,716,0.84,0.3594441301272984,1.157087407275123
2015,3,Texas Rangers,140,725,0.855,0.36648531468531476,1.1580861345834805
2015,3,Chicago White Sox,145,711,0.855,0.3632865248226951,1.2451562860257037
2015,3,Kansas City Royals,118,717,0.806,0.34779043600562587,1.097044753319957
2015,3,Pittsburgh Pirates,134,723,0.885,0.37935112359550566,1.2316202724201954
2015,3,Boston Red Sox,111,730,0.774,0.3348557558945909,1.0461034718512747
2015,3,Washington Nationals,120,716,0.87,0.37215340909090905,1.2019353684680298
2015,3,San Francisco Giants,137,721,0.733,0.319375,1.0019703284399104
2015,3,Los Angeles Angels,108,702,0.927,0.3918028776978417,1.3177635233958898
2015,3,Colorado Rockies,115,713,0.863,0.364234375,1.1552355971302082
2015,3,Cincinnati Reds,113,723,0.897,0.38187780898876406,1.267502757219628
2015,3,Atlanta Braves,144,699,0.77,0.3383741007194245,1.1452252538266567
2015,3,St. Louis Cardinals,138,719,0.77,0.3363286516853933,1.0771935173734237
2015,3,Miami Marlins,146,699,0.823,0.3507149059334298,1.1891379039510575
2015,3,Seattle Mariners,136,720,0.796,0.34082773109243697,1.104348465596852
2015,3,Milwaukee Brewers,158,698,0.84,0.3584436416184971,1.2006793827089601
2015,3,Baltimore Orioles,110,707,0.821,0.3500099573257468,1.126898425414554
2015,3,Chicago Cubs,112,722,0.843,0.3632990264255911,1.1701499594658764
2015,3,Los Angeles Dodgers,119,717,0.793,0.3412742616033755,1.0754730973055995
2015,3,San Diego Padres,135,703,0.74,0.32059914407988593,1.0809812478733791
2015,3,New York Mets,121,727,0.766,0.32769080779944293,1.0766988405816327
2015,3,Oakland Athletics,133,716,0.739,0.31921861777150917,1.0445838586370932
2015,3,Tampa Bay Rays,139,703,0.701,0.30164418938307036,0.9730216600423249
2015,3,Toronto Blue Jays,141,720,0.907,0.3851615598885795,1.1363940490550866
2015,3,Minnesota Twins,142,703,0.683,0.29814430014430016,0.9694797293503683
2015,3,Houston Astros,117,706,0.753,0.32566,1.0019083053788138
2015,3,Philadelphia Phillies,143,702,0.662,0.291132183908046,0.9684575294446339
2015,3,New York Yankees,147,728,0.75,0.3269640387275242,1.007384270276421
2015,4,Arizona Diamondbacks,109,717,0.906,0.385578431372549,1.2260511085346417
2015,4,San Francisco Giants,137,705,0.85,0.3659555873925502,1.1619028365264992
2015,4,Seattle Mariners,136,697,0.919,0.3909752906976744,1.2749952762355614
2015,4,Kansas City Royals,118,702,0.849,0.3650243902439025,1.1555719547998058
2015,4,Colorado Rockies,115,697,0.868,0.36420262390670555,1.161928735004659
2015,4,Texas Rangers,140,709,0.778,0.3328475783475784,1.0537906581356116
2015,4,Cincinnati Reds,113,710,0.821,0.3512772277227723,1.1601112192612202
2015,4,Atlanta Braves,144,684,0.751,0.32614454277286137,1.116966448862103
2015,4,Los Angeles Dodgers,119,694,0.806,0.34769635036496355,1.0931038038188061
2015,4,Washington Nationals,120,701,0.893,0.38152223816355807,1.2337106713125872
2015,4,Baltimore Orioles,110,687,0.869,0.3700365497076023,1.1927828644156484
2015,4,Toronto Blue Jays,141,708,0.891,0.3778492176386914,1.1163474065138723
2015,4,Pittsburgh Pirates,134,711,0.738,0.32088841807909607,1.027046057679214
2015,4,Boston Red Sox,111,712,0.861,0.3608416547788873,1.1636887458190537
2015,4,Tampa Bay Rays,139,686,0.764,0.3307581120943953,1.0604686851245881
2015,4,Milwaukee Brewers,158,691,0.775,0.3335607613469985,1.107769668570767
2015,4,Oakland Athletics,133,703,0.762,0.3283011527377522,1.077094587660981
2015,4,Detroit Tigers,116,694,0.746,0.3188277372262774,0.9964253625547239
2015,4,Miami Marlins,146,685,0.771,0.33099117647058823,1.1140040388168473
2015,4,New York Yankees,147,708,0.864,0.3657375178316691,1.160506679358437
2015,4,Chicago White Sox,145,691,0.735,0.3215597667638484,1.07039750903964
2015,4,St. Louis Cardinals,138,704,0.714,0.31041091954022987,0.9988521706553565
2015,4,New York Mets,121,710,0.74,0.3226497175141243,1.0401529269326477
2015,4,Cleveland Indians,114,698,0.774,0.3383082489146165,1.0661733967035063
2015,4,Chicago Cubs,112,707,0.761,0.33058069164265136,1.056327543479872
2015,4,San Diego Padres,135,690,0.759,0.3262463556851312,1.108736171805263
2015,4,Philadelphia Phillies,143,688,0.725,0.3129344023323615,1.0606219166878543
2015,4,Minnesota Twins,142,688,0.754,0.3275270072992701,1.0702601990192937
2015,4,Houston Astros,117,694,0.743,0.31625872093023255,0.9886027501945003
2015,4,Los Angeles Angels,108,686,0.689,0.294837037037037,0.9794380448972685
2015,5,Chicago Cubs,112,692,0.808,0.3505791001451379,1.121567220935265
2015,5,Oakland Athletics,133,689,0.851,0.3641064139941691,1.2028969738838515
2015,5,Tampa Bay Rays,139,677,0.765,0.33481925925925926,1.061856733141767
2015,5,Kansas City Royals,118,689,0.812,0.34850073206442167,1.105211339572959
2015,5,Colorado Rockies,115,681,0.807,0.34081157270029677,1.0802724529363592
2015,5,Texas Rangers,140,692,0.776,0.33443503649635037,1.051081684721381
2015,5,San Francisco Giants,137,689,0.795,0.33817862371888724,1.086720888280667
2015,5,Baltimore Orioles,110,668,0.765,0.33091154422788605,1.0500332465799438
2015,5,Detroit Tigers,116,682,0.756,0.324929203539823,1.0097822708999615
2015,5,Los Angeles Dodgers,119,674,0.761,0.3325611940298507,1.032074435119245
2015,5,Pittsburgh Pirates,134,702,0.796,0.3421418234442837,1.1077624145157918
2015,5,Los Angeles Angels,108,670,0.673,0.2921609022556391,0.9566934749141681
2015,5,New York Mets,121,683,0.805,0.3415674074074074,1.1315177110551102
2015,5,Milwaukee Brewers,158,674,0.784,0.33860986547085203,1.120634090528363
2015,5,Seattle Mariners,136,685,0.782,0.33493195266272185,1.0849252513778118
2015,5,Toronto Blue Jays,141,692,0.721,0.31254848046309697,0.90335182951347
2015,5,Atlanta Braves,144,670,0.723,0.31454272863568217,1.0753218941774971
2015,5,Minnesota Twins,142,667,0.733,0.31693543543543545,1.0404518910890481
2015,5,Arizona Diamondbacks,109,703,0.739,0.31868945868945875,1.000057140405188
2015,5,St. Louis Cardinals,138,685,0.677,0.2925535976505139,0.9470909237166336
2015,5,Washington Nationals,120,680,0.741,0.31832740740740745,1.0237173655572531
2015,5,Cleveland Indians,114,678,0.719,0.3104166666666667,0.9904117212271588
2015,5,New York Yankees,147,699,0.744,0.3205956834532374,0.9993251961142097
2015,5,Philadelphia Phillies,143,678,0.73,0.31455834564254065,1.0679365505960463
2015,5,San Diego Padres,135,673,0.683,0.29631797919762265,0.997716476077727
2015,5,Boston Red Sox,111,690,0.677,0.29589840348330915,0.9150026491515671
2015,5,Miami Marlins,146,667,0.641,0.2822195488721804,0.9261693759813219
2015,5,Cincinnati Reds,113,690,0.688,0.2935184094256259,0.9721760278340067
2015,5,Chicago White Sox,145,676,0.617,0.2713184523809524,0.8985513783366774
2015,5,Houston Astros,117,677,0.669,0.2910475482912333,0.8901416418305798
2015,6,New York Yankees,147,688,0.89,0.3811883211678832,1.1954293340613529
2015,6,Miami Marlins,146,648,0.753,0.32401708074534163,1.087996162424236
2015,6,San Diego Padres,135,654,0.712,0.31040832049306627,1.0400792547106026
2015,6,Tampa Bay Rays,139,660,0.794,0.3404931297709924,1.1021101256399517
2015,6,Kansas City Royals,118,671,0.814,0.34736802413273005,1.1079335349906263
2015,6,Colorado Rockies,115,656,0.716,0.3121605504587156,0.9584573436213546
2015,6,Los Angeles Dodgers,119,661,0.779,0.33808371385083713,1.0564861825990695
2015,6,Texas Rangers,140,670,0.765,0.32619699248120304,1.0361823309431142
2015,6,Toronto Blue Jays,141,676,0.786,0.34090949554896144,0.9847913148371533
2015,6,Detroit Tigers,116,670,0.752,0.3230645645645646,1.0044395075618666
2015,6,Chicago Cubs,112,672,0.683,0.29630434782608694,0.9480574404687945
2015,6,Washington Nationals,120,662,0.727,0.31425948406676785,1.0043758768692617
2015,6,St. Louis Cardinals,138,667,0.72,0.312392749244713,1.0072458863751494
2015,6,Chicago White Sox,145,656,0.675,0.29350611620795103,0.9830181205466082
2015,6,Seattle Mariners,136,673,0.708,0.30893591654247393,0.9822596905057426
2015,6,Arizona Diamondbacks,109,687,0.683,0.29676323529411763,0.9242747319306405
2015,6,Minnesota Twins,142,653,0.688,0.2965956790123457,0.9765769455242361
2015,6,Los Angeles Angels,108,653,0.666,0.29586244204018547,0.9467427255465616
2015,6,Boston Red Sox,111,676,0.705,0.3089449404761905,0.9528461856009672
2015,6,Philadelphia Phillies,143,662,0.69,0.30314112291350526,1.0094194793305096
2015,6,Oakland Athletics,133,672,0.703,0.30781315396113607,0.9936975001649208
2015,6,Atlanta Braves,144,651,0.636,0.27795962732919255,0.9459263135503295
2015,6,Pittsburgh Pirates,134,686,0.678,0.2931420118343195,0.9435463781930991
2015,6,Baltimore Orioles,110,649,0.656,0.2859024767801857,0.9004206663482917
2015,6,San Francisco Giants,137,675,0.673,0.29306110283159464,0.9199536576262752
2015,6,Cleveland Indians,114,661,0.647,0.2787110091743119,0.8912328006035769
2015,6,New York Mets,121,668,0.665,0.29194602698650673,0.9347320221759605
2015,6,Houston Astros,117,659,0.72,0.3140990853658537,0.957999973270579
2015,6,Milwaukee Brewers,158,662,0.627,0.27222644376899696,0.8962213963791882
2015,6,Cincinnati Reds,113,673,0.624,0.27422503725782416,0.8817410485006107
2015,7,Toronto Blue Jays,141,663,0.756,0.32922340425531915,0.9472038600723764
2015,7,Cincinnati Reds,113,658,0.764,0.3298613251155624,1.0795675657924144
2015,7,Milwaukee Brewers,158,636,0.68,0.29794294770206026,0.9719785479072536
2015,7,St. Louis Cardinals,138,658,0.727,0.31544104134762635,1.017038554714908
2015,7,New York Mets,121,644,0.737,0.32059311424100156,1.0359360907423802
2015,7,Colorado Rockies,115,634,0.732,0.31611022364217256,0.9798753848195971
2015,7,Atlanta Braves,144,632,0.663,0.29472424722662444,0.986083562710485
2015,7,Pittsburgh Pirates,134,670,0.764,0.33214392803598203,1.063229252123197
2015,7,Oakland Athletics,133,654,0.703,0.30463020030816645,0.9936975001649208
2015,7,Minnesota Twins,142,635,0.724,0.30789210950080514,1.0276769019760859
2015,7,San Francisco Giants,137,652,0.716,0.3097789799072643,0.9787322717093804
2015,7,Los Angeles Dodgers,119,642,0.758,0.3293014128728415,1.0280058105392742
2015,7,Detroit Tigers,116,653,0.686,0.2993425925925926,0.9162839124832985
2015,7,Miami Marlins,146,637,0.647,0.2817661927330174,0.9348386681121923
2015,7,Houston Astros,117,639,0.806,0.34683176100628926,1.072427747855676
2015,7,Chicago White Sox,145,640,0.692,0.3010455974842768,1.0077756139529672
2015,7,Philadelphia Phillies,143,638,0.675,0.29545411392405063,0.9874755776059334
2015,7,Arizona Diamondbacks,109,663,0.664,0.29125113464447805,0.898562843341062
2015,7,Cleveland Indians,114,643,0.666,0.29016771159874605,0.9174050157681333
2015,7,New York Yankees,147,663,0.693,0.30071493212669687,0.930823065735413
2015,7,Tampa Bay Rays,139,647,0.665,0.28997049689440996,0.923051931423889
2015,7,San Diego Padres,135,636,0.634,0.2770429936305733,0.926137988042868
2015,7,Seattle Mariners,136,652,0.698,0.30266976744186047,0.9683859660635711
2015,7,Boston Red Sox,111,658,0.665,0.29242638036809815,0.8987839906732529
2015,7,Kansas City Royals,118,645,0.629,0.27289201877934277,0.8561304588563932
2015,7,Chicago Cubs,112,657,0.672,0.28536133122028523,0.9327885797877451
2015,7,Los Angeles Angels,108,631,0.669,0.29175480769230766,0.951007332418393
2015,7,Baltimore Orioles,110,628,0.624,0.2713070739549839,0.8564977070142286
2015,7,Washington Nationals,120,647,0.623,0.2740605590062112,0.8606962466156123
2015,7,Texas Rangers,140,649,0.659,0.2889003115264797,0.8926067399889049
2015,8,Detroit Tigers,116,640,0.772,0.3353793650793651,1.0311533242523416
2015,8,Toronto Blue Jays,141,644,0.795,0.3437582417582418,0.9960675512665864
2015,8,Atlanta Braves,144,621,0.728,0.31591556291390727,1.0827584217997481
2015,8,Pittsburgh Pirates,134,652,0.698,0.30225471698113204,0.9713796046884705
2015,8,Boston Red Sox,111,644,0.714,0.3099543307086614,0.9650101794597029
2015,8,St. Louis Cardinals,138,630,0.78,0.3312704918032787,1.0911830435730787
2015,8,Miami Marlins,146,613,0.672,0.29097685950413227,0.9709607186574857
2015,8,San Francisco Giants,137,624,0.743,0.3207622950819672,1.0156397735755163
2015,8,New York Yankees,147,642,0.709,0.30811023622047246,0.9523139301679766
2015,8,Kansas City Royals,118,623,0.648,0.2781666666666667,0.8819913153242334
2015,8,Houston Astros,117,622,0.771,0.33313128038897893,1.0258583047105785
2015,8,Colorado Rockies,115,613,0.721,0.308,0.9651504814958054
2015,8,Cincinnati Reds,113,636,0.629,0.27519869706840394,0.8888062812610323
2015,8,Minnesota Twins,142,615,0.644,0.283473597359736,0.9141214431941979
2015,8,Philadelphia Phillies,143,615,0.669,0.28726245847176085,0.9786980169161029
2015,8,Oakland Athletics,133,633,0.699,0.30433755942947704,0.9880434603346794
2015,8,Cleveland Indians,114,623,0.682,0.30039052287581697,0.939444775906707
2015,8,Tampa Bay Rays,139,628,0.654,0.28413483146067414,0.9077834032349223
2015,8,Milwaukee Brewers,158,619,0.633,0.27372727272727276,0.9047976776842522
2015,8,Los Angeles Angels,108,610,0.625,0.2760016556291391,0.8884597649648663
2015,8,Washington Nationals,120,624,0.647,0.27767215815485996,0.8938530843664545
2015,8,Los Angeles Dodgers,119,619,0.671,0.295542904290429,0.9100156977201227
2015,8,San Diego Padres,135,615,0.617,0.2658288590604027,0.9013046350511822
2015,8,Texas Rangers,140,627,0.66,0.2910551053484603,0.8939612266960201
2015,8,Arizona Diamondbacks,109,642,0.606,0.26416878980891717,0.8200739202781377
2015,8,Baltimore Orioles,110,616,0.602,0.26255646481178396,0.8263006724720603
2015,8,Chicago White Sox,145,631,0.564,0.2504173354735153,0.8213662518344992
2015,8,New York Mets,121,620,0.594,0.2614542429284526,0.8349335656729632
2015,8,Seattle Mariners,136,629,0.561,0.25074677419354835,0.7783159412058216
2015,8,Chicago Cubs,112,640,0.397,0.17585668276972627,0.5510670627615101
2015,9,Boston Red Sox,111,618,0.7,0.30875493421052636,0.9460884112350029
2015,9,Detroit Tigers,116,617,0.616,0.27382101806239734,0.8227855540666353
2015,9,Chicago Cubs,112,618,0.681,0.2991327868852459,0.9452812839813309
2015,9,Minnesota Twins,142,595,0.644,0.28080683760683767,0.9141214431941979
2015,9,Toronto Blue Jays,141,624,0.634,0.28105610561056105,0.7943482106956172
2015,9,Houston Astros,117,603,0.69,0.2998636363636364,0.9180833077176381
2015,9,Oakland Athletics,133,613,0.623,0.27548270181219114,0.8806167035600935
2015,9,Chicago White Sox,145,599,0.612,0.27217966101694924,0.8912697626289248
2015,9,Kansas City Royals,118,596,0.595,0.2607299145299145,0.8098531367560475
2015,9,Texas Rangers,140,613,0.658,0.2897591362126246,0.8912522532817897
2015,9,Cleveland Indians,114,608,0.588,0.2617341137123746,0.8099611850925861
2015,9,New York Yankees,147,624,0.608,0.2668874388254487,0.8166528484374186
2015,9,Baltimore Orioles,110,595,0.647,0.2825733788395905,0.8880673340355864
2015,9,Los Angeles Angels,108,592,0.567,0.2518911917098446,0.8060106987761266
2015,9,Tampa Bay Rays,139,607,0.628,0.271195325542571,0.8716941547882741
2015,9,San Francisco Giants,137,606,0.55,0.24183420593368238,0.7518194824583231
2015,9,Seattle Mariners,136,607,0.545,0.24304088586030664,0.7561179820983471
2015,9,Arizona Diamondbacks,109,620,0.489,0.22183557046979865,0.6617428168581013
2015,9,New York Mets,121,602,0.526,0.23432474226804126,0.7393519453602335
2015,9,Milwaukee Brewers,158,592,0.484,0.21546931407942238,0.6918200252751628
2015,9,Washington Nationals,120,603,0.522,0.23242678571428574,0.721161221080818
2015,9,Philadelphia Phillies,143,599,0.521,0.2294630281690141,0.7621848532336167
2015,9,Miami Marlins,146,595,0.427,0.19174397031539892,0.6169646233136106
2015,9,Colorado Rockies,115,601,0.435,0.193713298791019,0.5823029950772196
2015,9,Pittsburgh Pirates,134,627,0.444,0.20032534246575345,0.6178976281972507
2015,9,St. Louis Cardinals,138,602,0.433,0.1967029876977153,0.6057464844450552
2015,9,Cincinnati Reds,113,616,0.433,0.1950566666666667,0.6118491570525072
2015,9,San Diego Padres,135,594,0.462,0.20368028419182949,0.6748828871858124
2015,9,Los Angeles Dodgers,119,605,0.456,0.20684126984126983,0.6184309361555528
2015,9,Atlanta Braves,144,605,0.403,0.18259747292418774,0.5993841263534321
2016,1,Boston Red Sox,111,772,0.873,0.37197150259067363,1.0784504399622596
2016,1,Colorado Rockies,115,763,0.886,0.3751562913907285,1.1170970296653358
2016,1,Arizona Diamondbacks,109,762,0.833,0.35749801849405555,1.1070425465515448
2016,1,Miami Marlins,146,754,0.729,0.31989959839357424,1.0178278047654619
2016,1,Los Angeles Angels,108,738,0.736,0.32165122615803815,1.0113721406438585
2016,1,Detroit Tigers,116,744,0.817,0.35112096774193546,1.0620434223970834
2016,1,Milwaukee Brewers,158,736,0.814,0.350320987654321,1.1198027883092925
2016,1,San Diego Padres,135,730,0.734,0.32203176795580113,1.066553055562416
2016,1,Houston Astros,117,766,0.858,0.36741130091984237,1.1662137017345873
2016,1,Chicago White Sox,145,752,0.762,0.3308236877523553,1.0481291796640833
2016,1,Atlanta Braves,144,762,0.736,0.3238132450331126,1.0440307043597725
2016,1,Philadelphia Phillies,143,733,0.748,0.3258919667590027,1.092160789277076
2016,1,Cincinnati Reds,113,743,0.755,0.3252642276422764,1.0433814578499263
2016,1,Pittsburgh Pirates,134,771,0.729,0.3184096858638743,0.9934932638422417
2016,1,Minnesota Twins,142,761,0.806,0.34072509960159364,1.0930276645028927
2016,1,Seattle Mariners,136,765,0.719,0.31698548812664906,0.9506615882194065
2016,1,Chicago Cubs,112,772,0.815,0.35753696498054477,1.0549703718839394
2016,1,St. Louis Cardinals,138,759,0.848,0.3611096256684491,1.1052248858983036
2016,1,Toronto Blue Jays,141,759,0.761,0.32946338215712384,1.0043238337865865
2016,1,Washington Nationals,120,764,0.727,0.31098689384010486,0.9677959304769416
2016,1,San Francisco Giants,137,769,0.709,0.3089434954007884,0.9747275901326278
2016,1,Baltimore Orioles,110,748,0.737,0.3149097035040431,0.9696716754347657
2016,1,New York Yankees,147,739,0.715,0.3140344827586206,0.9932363310884829
2016,1,Los Angeles Dodgers,119,756,0.73,0.3195848806366048,1.003449628488682
2016,1,Tampa Bay Rays,139,745,0.783,0.3372110215053764,1.0686608606141053
2016,1,Kansas City Royals,118,745,0.629,0.27554087193460486,0.8834958576717553
2016,1,Cleveland Indians,114,748,0.806,0.3483293172690763,1.0621941545309828
2016,1,Texas Rangers,140,751,0.726,0.31431459170013387,0.9619057711334746
2016,1,Oakland Athletics,133,742,0.643,0.27989566395663956,0.9199482738672078
2016,1,New York Mets,121,749,0.744,0.3193983849259758,1.0161228506364892
2016,2,Colorado Rockies,115,745,0.885,0.3777774762550882,1.115836197803411
2016,2,Texas Rangers,140,731,0.79,0.3412178082191781,1.0467018721700345
2016,2,Los Angeles Dodgers,119,740,0.82,0.3501902173913043,1.1271625963845469
2016,2,Miami Marlins,146,732,0.75,0.3255103163686382,1.04714794728957
2016,2,Baltimore Orioles,110,735,0.832,0.3546634615384615,1.0946632753890435
2016,2,Cincinnati Reds,113,731,0.748,0.3259004149377593,1.0337077224791322
2016,2,Chicago Cubs,112,753,0.82,0.3556893333333333,1.061442582754393
2016,2,Boston Red Sox,111,757,0.77,0.33653439153439146,0.9512105827845819
2016,2,Los Angeles Angels,108,719,0.811,0.3516554621848739,1.1144331604105562
2016,2,St. Louis Cardinals,138,743,0.814,0.3464056987788331,1.0609116239637018
2016,2,New York Mets,121,733,0.802,0.34475136612021856,1.095336728777506
2016,2,Cleveland Indians,114,727,0.792,0.3403213296398892,1.043744131995705
2016,2,Chicago White Sox,145,734,0.706,0.30529655172413794,0.9711013134420509
2016,2,Houston Astros,117,742,0.777,0.3338523035230352,1.0561166040183851
2016,2,Tampa Bay Rays,139,726,0.803,0.3449599447513812,1.0959574343207235
2016,2,Toronto Blue Jays,141,744,0.883,0.3755395095367848,1.1653323853266175
2016,2,Kansas City Royals,118,727,0.713,0.3073739612188366,1.0014825858822918
2016,2,New York Yankees,147,726,0.707,0.3112510460251046,0.9821231973140662
2016,2,Arizona Diamondbacks,109,751,0.716,0.3094932975871314,0.9515515766277384
2016,2,San Francisco Giants,137,748,0.72,0.31323014804845223,0.9898503030966036
2016,2,Detroit Tigers,116,727,0.719,0.312335635359116,0.9346502089394161
2016,2,Washington Nationals,120,742,0.752,0.3289135135135135,1.0010763957615683
2016,2,Seattle Mariners,136,744,0.755,0.32686388140161726,0.9982607776156495
2016,2,Milwaukee Brewers,158,728,0.73,0.31725381414701803,1.0042457438154588
2016,2,Minnesota Twins,142,744,0.722,0.3155587044534413,0.9791141113785217
2016,2,Philadelphia Phillies,143,720,0.685,0.2983309759547383,1.0001739848326165
2016,2,San Diego Padres,135,717,0.738,0.31745874125874124,1.072365333794364
2016,2,Pittsburgh Pirates,134,751,0.717,0.3101514745308311,0.9771394652604763
2016,2,Atlanta Braves,144,735,0.647,0.28287277701778385,0.91778242625105
2016,2,Oakland Athletics,133,725,0.581,0.2551636615811373,0.8312440857182701
2016,3,Detroit Tigers,116,713,0.956,0.39908166189111743,1.24273379658704
2016,3,Boston Red Sox,111,745,0.88,0.3748802153432032,1.087097808896665
2016,3,Cincinnati Reds,113,711,0.9,0.38132086330935255,1.2437659762449451
2016,3,Los Angeles Angels,108,709,0.94,0.39736571428571427,1.2916981144092756
2016,3,Milwaukee Brewers,158,708,0.9,0.3764074605451937,1.2381111910053604
2016,3,Houston Astros,117,726,0.835,0.35627132867132866,1.1349515628769002
2016,3,Seattle Mariners,136,729,0.878,0.36874757281553394,1.160891341386146
2016,3,Arizona Diamondbacks,109,734,0.919,0.38850069348127597,1.221335054358787
2016,3,Cleveland Indians,114,713,0.784,0.33661103253182456,1.0332012619755464
2016,3,Miami Marlins,146,714,0.827,0.35644397759103635,1.1546551365446325
2016,3,Atlanta Braves,144,713,0.932,0.387568345323741,1.322060620194712
2016,3,Oakland Athletics,133,703,0.804,0.34301289398280804,1.1502930205120296
2016,3,Chicago Cubs,112,735,0.896,0.3782743484224966,1.159820187985288
2016,3,Colorado Rockies,115,725,0.837,0.3513435326842837,1.0553162684310227
2016,3,Washington Nationals,120,716,0.866,0.36125287356321834,1.1528353174594654
2016,3,Los Angeles Dodgers,119,720,0.835,0.3541044568245126,1.147781424367191
2016,3,Pittsburgh Pirates,134,730,0.806,0.3458856749311294,1.0984301380752357
2016,3,Tampa Bay Rays,139,706,0.835,0.34934950071326676,1.1396319522513128
2016,3,Kansas City Royals,118,696,0.777,0.3334891774891775,1.0913772359474625
2016,3,Chicago White Sox,145,714,0.773,0.3313748231966054,1.0632596533862682
2016,3,Baltimore Orioles,110,719,0.801,0.33904055944055944,1.0538765427723846
2016,3,New York Mets,121,721,0.792,0.3365160839160839,1.081679163580779
2016,3,New York Yankees,147,703,0.83,0.34778335724533715,1.1529876290957213
2016,3,Toronto Blue Jays,141,726,0.902,0.38149447513812157,1.1904074876156387
2016,3,San Diego Padres,135,707,0.759,0.31942389758179235,1.1028797945120898
2016,3,San Francisco Giants,137,732,0.712,0.31280384087791496,0.9788519663955303
2016,3,Texas Rangers,140,709,0.699,0.29947025495750706,0.926132416008676
2016,3,Philadelphia Phillies,143,700,0.705,0.301,1.0293761449737147
2016,3,Minnesota Twins,142,726,0.73,0.3170125348189415,0.9899630211998903
2016,3,St. Louis Cardinals,138,727,0.713,0.3061825726141079,0.929275169393267
2016,4,Boston Red Sox,111,725,0.94,0.3913408450704225,1.1612181140487103
2016,4,Colorado Rockies,115,706,0.914,0.3835035971223022,1.1524003217992291
2016,4,Texas Rangers,140,691,0.84,0.35461605839416055,1.1129488261048466
2016,4,Seattle Mariners,136,709,0.889,0.37396164772727275,1.175435538146109
2016,4,Chicago White Sox,145,704,0.832,0.35125285714285714,1.1444140124416238
2016,4,Detroit Tigers,116,696,0.799,0.34107111756168357,1.038644668904859
2016,4,Milwaukee Brewers,158,689,0.856,0.36303498542274054,1.1775813105562092
2016,4,Chicago Cubs,112,721,0.885,0.3764211267605634,1.1455813240702901
2016,4,Washington Nationals,120,701,0.825,0.34615652173913036,1.0982553543926779
2016,4,New York Mets,121,699,0.847,0.3579165467625899,1.1567957721627775
2016,4,Toronto Blue Jays,141,713,0.888,0.3775796897038082,1.1719310964553074
2016,4,Pittsburgh Pirates,134,711,0.802,0.3434090267983074,1.092978871881314
2016,4,Atlanta Braves,144,700,0.765,0.327358273381295,1.0851677837435136
2016,4,San Francisco Giants,137,710,0.76,0.32602414772727273,1.0448419866019705
2016,4,Minnesota Twins,142,712,0.853,0.35874047954866006,1.1567650097034334
2016,4,Los Angeles Dodgers,119,701,0.728,0.31504755043227667,1.0007004514243294
2016,4,Houston Astros,117,708,0.775,0.330551282051282,1.053398157161195
2016,4,Kansas City Royals,118,687,0.741,0.31632599118942734,1.0408114952858039
2016,4,Los Angeles Angels,108,692,0.769,0.3257288629737609,1.0567189893412055
2016,4,Cincinnati Reds,113,696,0.776,0.3246078147612157,1.0724026639623083
2016,4,Miami Marlins,146,701,0.792,0.3334449275362319,1.105788232337786
2016,4,Oakland Athletics,133,686,0.765,0.3261197080291971,1.0944952247409239
2016,4,Philadelphia Phillies,143,681,0.74,0.31478203240058916,1.0804799252206367
2016,4,New York Yankees,147,693,0.69,0.3003550724637681,0.958507788043431
2016,4,Cleveland Indians,114,704,0.785,0.33665620542082736,1.0345191207280662
2016,4,Arizona Diamondbacks,109,721,0.75,0.31864516129032255,0.9967369866910668
2016,4,San Diego Padres,135,688,0.709,0.3066090775988287,1.0302263166127426
2016,4,St. Louis Cardinals,138,707,0.722,0.31223120567375884,0.9410051504936029
2016,4,Tampa Bay Rays,139,690,0.758,0.32275254730713243,1.0345401434808323
2016,4,Baltimore Orioles,110,697,0.759,0.32544748201438845,0.9986170985820723
2016,5,Detroit Tigers,116,687,0.882,0.37367836257309944,1.1465389211190056
2016,5,San Francisco Giants,137,693,0.851,0.3620480349344978,1.1699480665766802
2016,5,Pittsburgh Pirates,134,699,0.842,0.36243352601156065,1.1474915338205316
2016,5,Cleveland Indians,114,689,0.827,0.3528895348837209,1.089869188333899
2016,5,Arizona Diamondbacks,109,701,0.846,0.35523132183908046,1.1243193209875233
2016,5,Colorado Rockies,115,698,0.812,0.347058908045977,1.0237954718829037
2016,5,Washington Nationals,120,683,0.81,0.3451671554252199,1.078287075221902
2016,5,St. Louis Cardinals,138,695,0.787,0.33721469740634,1.0257216806626945
2016,5,Oakland Athletics,133,664,0.797,0.3388051359516616,1.1402780315274723
2016,5,Chicago Cubs,112,703,0.819,0.3507629310344827,1.0601481405803024
2016,5,Cincinnati Reds,113,681,0.819,0.34509425625920476,1.1318270383829
2016,5,Boston Red Sox,111,703,0.793,0.33961516452074386,0.9796233664261993
2016,5,San Diego Padres,135,674,0.81,0.3430404191616766,1.176986341969424
2016,5,Atlanta Braves,144,685,0.714,0.3004778106508876,1.0128232648272792
2016,5,Texas Rangers,140,679,0.805,0.343665191740413,1.0665759583504781
2016,5,Baltimore Orioles,110,681,0.844,0.35705735294117646,1.1104516880148472
2016,5,Tampa Bay Rays,139,671,0.721,0.3100194610778443,0.9840414821235886
2016,5,Chicago White Sox,145,688,0.729,0.314007299270073,1.0027377584975286
2016,5,Miami Marlins,146,680,0.757,0.32374852071005916,1.0569213281309393
2016,5,New York Mets,121,678,0.751,0.3193656716417911,1.0256831462741982
2016,5,Los Angeles Angels,108,676,0.682,0.29566913946587536,0.9371682064118363
2016,5,New York Yankees,147,681,0.718,0.3073087149187592,0.997403756253889
2016,5,Philadelphia Phillies,143,667,0.746,0.3204105263157894,1.0892405732629662
2016,5,Minnesota Twins,142,694,0.705,0.30391027496382056,0.9560601780081132
2016,5,Seattle Mariners,136,698,0.707,0.30366376811594203,0.9347951917539922
2016,5,Kansas City Royals,118,669,0.669,0.28807680722891565,0.939680013962487
2016,5,Houston Astros,117,695,0.705,0.301783114992722,0.9582525171595385
2016,5,Los Angeles Dodgers,119,686,0.692,0.30024817518248176,0.9512152642659835
2016,5,Toronto Blue Jays,141,696,0.702,0.3066002886002886,0.9264590424680469
2016,5,Milwaukee Brewers,158,675,0.718,0.3094169139465875,0.987737594602054
2016,6,San Francisco Giants,137,679,0.788,0.34234615384615386,1.0833361650557274
2016,6,Miami Marlins,146,666,0.759,0.32636681887366825,1.0597137226570448
2016,6,New York Mets,121,669,0.773,0.3295015105740181,1.0557297897069977
2016,6,Oakland Athletics,133,652,0.749,0.3265223420647149,1.0716038213476495
2016,6,Los Angeles Dodgers,119,667,0.809,0.3474240601503759,1.1120421225306079
2016,6,Seattle Mariners,136,676,0.82,0.3479433681073025,1.0842037584699769
2016,6,Atlanta Braves,144,673,0.711,0.31017797888386117,1.0085677048910302
2016,6,Toronto Blue Jays,141,681,0.807,0.3454029411764706,1.0650319761705327
2016,6,Colorado Rockies,115,678,0.785,0.3355703703703704,0.9897530116109352
2016,6,Pittsburgh Pirates,134,678,0.737,0.32163461538461535,1.0043957962300851
2016,6,Boston Red Sox,111,682,0.795,0.33951403249630724,0.9820940432646008
2016,6,Cleveland Indians,114,672,0.722,0.308640179910045,0.9514940193193169
2016,6,Texas Rangers,140,659,0.79,0.3357246153846154,1.0467018721700345
2016,6,New York Yankees,147,666,0.718,0.31225150602409635,0.997403756253889
2016,6,Arizona Diamondbacks,109,685,0.756,0.322628698224852,1.0047108825845954
2016,6,Tampa Bay Rays,139,653,0.753,0.32275925925925925,1.0277160000541778
2016,6,Kansas City Royals,118,654,0.723,0.3116302003081664,1.0155286249549746
2016,6,Chicago Cubs,112,688,0.743,0.32066034985422737,0.9617705353494074
2016,6,St. Louis Cardinals,138,677,0.737,0.31637185185185185,0.9605551189941625
2016,6,Cincinnati Reds,113,665,0.708,0.3081601208459214,0.9784292346460235
2016,6,Washington Nationals,120,671,0.749,0.3226526946107784,0.997082739927413
2016,6,Los Angeles Angels,108,661,0.676,0.2924817629179331,0.9289233248305006
2016,6,Baltimore Orioles,110,658,0.738,0.3151480916030534,0.9709873764869161
2016,6,Minnesota Twins,142,677,0.729,0.3146235119047619,0.9886069074722192
2016,6,Detroit Tigers,116,663,0.781,0.33066919575113807,1.0152459154126343
2016,6,Milwaukee Brewers,158,660,0.697,0.3041324200913242,0.9588483334785955
2016,6,Philadelphia Phillies,143,652,0.655,0.2816203703703704,0.956370744620969
2016,6,Chicago White Sox,145,669,0.668,0.29053003003003003,0.9188324042199576
2016,6,Houston Astros,117,667,0.627,0.27244629349470495,0.8522330897291215
2016,6,San Diego Padres,135,656,0.632,0.27211196319018405,0.918339960647748
2016,7,Kansas City Royals,118,642,0.787,0.3369295774647887,1.1054232750201454
2016,7,St. Louis Cardinals,138,659,0.845,0.36015372907153725,1.1013148921981917
2016,7,Pittsburgh Pirates,134,654,0.736,0.321273570324575,1.0030329796816047
2016,7,New York Yankees,147,637,0.747,0.3190521327014218,1.0376888661861492
2016,7,Philadelphia Phillies,143,632,0.708,0.3076613418530352,1.0337564689948795
2016,7,Miami Marlins,146,647,0.7,0.30179906542056073,0.9773380841369319
2016,7,Arizona Diamondbacks,109,658,0.723,0.30835176651305685,0.9608544551701883
2016,7,Baltimore Orioles,110,637,0.742,0.31976100628930815,0.9762501806955173
2016,7,Minnesota Twins,142,663,0.701,0.30418541033434643,0.9506357230974288
2016,7,Colorado Rockies,115,661,0.743,0.31778866768759567,0.9367980734100954
2016,7,Boston Red Sox,111,662,0.758,0.32480981595092023,0.9363865217541728
2016,7,Washington Nationals,120,659,0.734,0.3146814701378254,0.977114460756637
2016,7,Tampa Bay Rays,139,636,0.723,0.3108957345971564,0.9867711394942503
2016,7,Cincinnati Reds,113,642,0.696,0.30252050473186115,0.9618456882960909
2016,7,Oakland Athletics,133,638,0.725,0.31392924528301885,1.0372667162577383
2016,7,Milwaukee Brewers,158,640,0.69,0.30386028257456826,0.9492185797707762
2016,7,Texas Rangers,140,640,0.678,0.2932852664576802,0.898308695356055
2016,7,Atlanta Braves,144,660,0.64,0.2809663093415008,0.9078527863998022
2016,7,San Francisco Giants,137,667,0.692,0.2981875,0.9513561246428468
2016,7,Detroit Tigers,116,650,0.654,0.2864458204334365,0.850154710217494
2016,7,Cleveland Indians,114,652,0.654,0.2837950693374422,0.8618796241479686
2016,7,Chicago White Sox,145,642,0.669,0.2908578125,0.9202079018310653
2016,7,New York Mets,121,642,0.645,0.2802413249211356,0.880912955188892
2016,7,San Diego Padres,135,631,0.684,0.2962782193958664,0.9938995776630691
2016,7,Seattle Mariners,136,654,0.662,0.28939816232771826,0.8752962050086887
2016,7,Los Angeles Angels,108,642,0.629,0.2740126382306477,0.8643384191100366
2016,7,Chicago Cubs,112,677,0.654,0.28455838323353294,0.846565181855333
2016,7,Los Angeles Dodgers,119,653,0.675,0.297841049382716,0.9278472592189868
2016,7,Houston Astros,117,646,0.624,0.27291433021806855,0.8481554194433363
2016,7,Toronto Blue Jays,141,662,0.564,0.24852193645990928,0.7443346153162086
2016,8,Cleveland Indians,114,634,0.822,0.34959744408945687,1.0832798945712998
2016,8,San Francisco Giants,137,644,0.769,0.327125,1.0572151153906781
2016,8,Baltimore Orioles,110,615,0.747,0.3236460032626427,0.9828286859562687
2016,8,St. Louis Cardinals,138,636,0.815,0.347035143769968,1.0622149551970725
2016,8,Seattle Mariners,136,632,0.757,0.3274593301435407,1.0009051770265518
2016,8,Kansas City Royals,118,628,0.68,0.2950193861066236,0.9551306569424383
2016,8,Los Angeles Dodgers,119,633,0.785,0.3315987158908507,1.0790519977583772
2016,8,Minnesota Twins,142,643,0.71,0.30552755905511814,0.9628407466464686
2016,8,Texas Rangers,140,623,0.757,0.32561712439418417,1.0029788825730583
2016,8,Colorado Rockies,115,640,0.691,0.29898405103668263,0.8712348165900079
2016,8,Toronto Blue Jays,141,638,0.658,0.28940472440944887,0.8683903845355768
2016,8,New York Yankees,147,620,0.701,0.3011758957654723,0.9737883469832538
2016,8,Houston Astros,117,635,0.753,0.3222666666666666,1.0234952417321028
2016,8,Chicago Cubs,112,656,0.756,0.320711356466877,0.9785982836125868
2016,8,Miami Marlins,146,632,0.624,0.26761550888529884,0.8712270921449222
2016,8,Atlanta Braves,144,645,0.629,0.2712516025641025,0.8922490666335556
2016,8,Pittsburgh Pirates,134,642,0.688,0.293572347266881,0.9376177853545435
2016,8,Boston Red Sox,111,646,0.66,0.2900686427457098,0.8153233566724988
2016,8,Washington Nationals,120,641,0.734,0.3145696,0.977114460756637
2016,8,Cincinnati Reds,113,626,0.629,0.26959441707717574,0.8692542211756339
2016,8,Arizona Diamondbacks,109,633,0.639,0.2729035369774919,0.8492199126607889
2016,8,Detroit Tigers,116,632,0.674,0.2932563694267516,0.8761533252088547
2016,8,New York Mets,121,624,0.665,0.2907532679738562,0.908228085582346
2016,8,Chicago White Sox,145,626,0.671,0.2949967793880837,0.9229588970532807
2016,8,Philadelphia Phillies,143,612,0.642,0.2755784148397976,0.9373893405292552
2016,8,San Diego Padres,135,609,0.642,0.2772828282828283,0.9328706562276174
2016,8,Los Angeles Angels,108,613,0.599,0.25948747913188647,0.8231140112033576
2016,8,Oakland Athletics,133,618,0.616,0.2672251223491028,0.8813190306410575
2016,8,Milwaukee Brewers,158,627,0.62,0.2751180327868852,0.8529210426925815
2016,8,Tampa Bay Rays,139,620,0.622,0.27200980392156865,0.8489234422758282
2016,9,Boston Red Sox,111,628,0.787,0.33785007974481657,0.9722113359109947
2016,9,Chicago White Sox,145,602,0.715,0.3084507512520868,0.9834807919420203
2016,9,Kansas City Royals,118,604,0.694,0.3013735144312394,0.9747951116441942
2016,9,Los Angeles Angels,108,591,0.664,0.2899691252144082,0.9124335616678289
2016,9,Texas Rangers,140,606,0.7,0.3045680672268907,0.9274573550873723
2016,9,Seattle Mariners,136,620,0.594,0.26117462932454694,0.7853866250380076
2016,9,Minnesota Twins,142,625,0.661,0.2839416531604538,0.8963911739905857
2016,9,New York Yankees,147,594,0.641,0.27819047619047615,0.8904398436751294
2016,9,Detroit Tigers,116,615,0.602,0.26636798679867985,0.7825583112399562
2016,9,Toronto Blue Jays,141,614,0.601,0.2644145936981758,0.7931650776685131
2016,9,Baltimore Orioles,110,599,0.614,0.2706655348047538,0.8078404460202798
2016,9,St. Louis Cardinals,138,620,0.607,0.26247297297297295,0.7911220586559792
2016,9,Cleveland Indians,114,616,0.613,0.2696239600665557,0.8078474152946555
2016,9,Oakland Athletics,133,594,0.606,0.26371598639455784,0.8670119035202611
2016,9,Houston Astros,117,619,0.624,0.27570491803278685,0.8481554194433363
2016,9,Atlanta Braves,144,619,0.538,0.23615304347826083,0.7631637485673337
2016,9,Washington Nationals,120,624,0.539,0.23664224872231684,0.7175268315365496
2016,9,Arizona Diamondbacks,109,615,0.539,0.23462944162436547,0.7163216477686467
2016,9,San Francisco Giants,137,629,0.533,0.2313455149501661,0.7327641827090136
2016,9,Colorado Rockies,115,620,0.526,0.23383050847457623,0.6631975593724229
2016,9,Chicago Cubs,112,630,0.516,0.2308374792703151,0.6679321618308132
2016,9,Tampa Bay Rays,139,599,0.551,0.241235593220339,0.7520206056173333
2016,9,Philadelphia Phillies,143,595,0.504,0.22226770293609668,0.7358944355556769
2016,9,Miami Marlins,146,608,0.463,0.20559233449477352,0.6464393327934279
2016,9,Pittsburgh Pirates,134,625,0.518,0.2339048414023372,0.7059389721128686
2016,9,New York Mets,121,600,0.523,0.2305689354275742,0.7142906597888224
2016,9,Cincinnati Reds,113,599,0.422,0.1885273368606702,0.5831880466392965
2016,9,Los Angeles Dodgers,119,608,0.431,0.1931278065630397,0.5924476573679752
2016,9,San Diego Padres,135,589,0.437,0.1982695035460993,0.634991396840294
2016,9,Milwaukee Brewers,158,598,0.457,0.2083785714285714,0.6286853492104996
2017,1,Colorado Rockies,115,756,0.998,0.4137043010752688,1.2796800530019223
2017,1,Miami Marlins,146,764,0.719,0.3131655716162944,0.9435586535773448
2017,1,Seattle Mariners,136,752,0.771,0.3321724598930481,1.029164138308464
2017,1,Atlanta Braves,144,758,0.757,0.3272353723404255,1.0259058275139588
2017,1,Houston Astros,117,762,0.892,0.3783768115942029,1.082839863269915
2017,1,Philadelphia Phillies,143,754,0.752,0.3269057104913679,1.0395008970510011
2017,1,Tampa Bay Rays,139,758,0.799,0.33906391478029296,1.0804777158550705
2017,1,Minnesota Twins,142,767,0.867,0.3672851511169514,1.1293682425874565
2017,1,San Francisco Giants,137,750,0.75,0.3232269692923898,1.0889894419306185
2017,1,Boston Red Sox,111,770,0.765,0.32707742782152227,1.0388935027936264
2017,1,Los Angeles Dodgers,119,760,0.81,0.34614775725593666,1.0510595040975876
2017,1,New York Mets,121,757,0.847,0.3589959946595461,1.1228789182835144
2017,1,Arizona Diamondbacks,109,757,0.756,0.32625464190981435,0.976499522785018
2017,1,San Diego Padres,135,723,0.738,0.31524410540915393,1.0665788298987102
2017,1,Washington Nationals,120,758,0.752,0.32183091149273446,0.9616809610783834
2017,1,New York Yankees,147,783,0.761,0.32986157826649415,0.9691782338902529
2017,1,Texas Rangers,140,750,0.744,0.3270081190798376,0.9921289994582765
2017,1,Los Angeles Angels,108,742,0.703,0.3063954116059379,0.9860232581557362
2017,1,St. Louis Cardinals,138,763,0.816,0.35205548216644644,1.0745642890553846
2017,1,Baltimore Orioles,110,753,0.724,0.3105792276964048,0.9694589548617645
2017,1,Chicago White Sox,145,743,0.693,0.298578231292517,0.9483046030033541
2017,1,Cleveland Indians,114,762,0.801,0.33842932628797884,1.0168617807239475
2017,1,Kansas City Royals,118,738,0.655,0.2800326530612245,0.8961072745065058
2017,1,Chicago Cubs,112,767,0.746,0.31906851119894597,0.9619617039284893
2017,1,Pittsburgh Pirates,134,750,0.663,0.29063636363636364,0.942614349251072
2017,1,Cincinnati Reds,113,763,0.635,0.2775825627476882,0.8323212159838382
2017,1,Milwaukee Brewers,158,750,0.687,0.30157486631016045,0.9141868255430794
2017,1,Detroit Tigers,116,755,0.696,0.3011276595744681,0.9295759965947686
2017,1,Oakland Athletics,133,756,0.689,0.29871049136786193,0.911705597484005
2017,1,Toronto Blue Jays,141,757,0.68,0.29200796812749,0.9388278516476466
2017,2,Houston Astros,117,750,0.878,0.37049056603773584,1.0658446187791315
2017,2,Colorado Rockies,115,742,0.756,0.33144640434192674,0.9693768738170874
2017,2,Arizona Diamondbacks,109,745,0.811,0.34781854838709675,1.0475411547336635
2017,2,Boston Red Sox,111,756,0.794,0.343593085106383,1.078276393749202
2017,2,Chicago Cubs,112,752,0.887,0.37640508021390373,1.1437802029283781
2017,2,Miami Marlins,146,740,0.96,0.3955598349381018,1.2598279658334508
2017,2,San Francisco Giants,137,733,0.745,0.3236079779917469,1.0817295123177477
2017,2,Minnesota Twins,142,745,0.802,0.34830323450134765,1.0446981897983163
2017,2,Philadelphia Phillies,143,733,0.771,0.3335765027322404,1.0657648824818111
2017,2,Los Angeles Angels,108,727,0.88,0.3734534075104311,1.2342823146188449
2017,2,Pittsburgh Pirates,134,731,0.775,0.33366437414030264,1.1018493524428066
2017,2,Baltimore Orioles,110,731,0.781,0.3296456043956044,1.0457837620815444
2017,2,Kansas City Royals,118,717,0.761,0.328145251396648,1.041126161678551
2017,2,Milwaukee Brewers,158,735,0.92,0.38798356164383563,1.2242385436675882
2017,2,St. Louis Cardinals,138,741,0.814,0.3488478260869565,1.0719305530527978
2017,2,Texas Rangers,140,728,0.769,0.3293093922651934,1.0254666674508262
2017,2,Seattle Mariners,136,738,0.784,0.3370625850340136,1.0465171004329905
2017,2,Washington Nationals,120,742,0.752,0.3253705722070845,0.9616809610783834
2017,2,Los Angeles Dodgers,119,738,0.802,0.34372578444747615,1.0406786694892163
2017,2,Cincinnati Reds,113,743,0.82,0.3499231805929919,1.0748084993807043
2017,2,Atlanta Braves,144,740,0.696,0.30021709633649935,0.9432370620207599
2017,2,Toronto Blue Jays,141,736,0.828,0.3542945205479452,1.1431609723003695
2017,2,Detroit Tigers,116,737,0.787,0.3374802182810368,1.0511153869541423
2017,2,Cleveland Indians,114,742,0.761,0.32335382513661204,0.9660821662058976
2017,2,San Diego Padres,135,711,0.691,0.3014822190611664,0.9986530778590903
2017,2,New York Yankees,147,762,0.8,0.3392176781002639,1.0188470264286495
2017,2,Chicago White Sox,145,728,0.674,0.2933997233748271,0.922304909703118
2017,2,New York Mets,121,738,0.685,0.2999084699453552,0.9081134108904455
2017,2,Tampa Bay Rays,139,738,0.706,0.30478581173260577,0.9547149779645554
2017,2,Oakland Athletics,133,737,0.704,0.3039727891156463,0.9315540502594187
2017,3,Cincinnati Reds,113,723,1.036,0.4300540540540541,1.357928787022451
2017,3,Washington Nationals,120,732,0.965,0.40179665738161563,1.2340719779795744
2017,3,Houston Astros,117,725,0.903,0.3806926286509041,1.0961932696555305
2017,3,Colorado Rockies,115,726,0.958,0.3959622905027933,1.2283902713184784
2017,3,Cleveland Indians,114,722,0.893,0.37584561891515994,1.133654894115462
2017,3,Chicago White Sox,145,708,0.882,0.36738801711840224,1.206933131095178
2017,3,Atlanta Braves,144,719,0.907,0.37900283687943265,1.2291896770873985
2017,3,Miami Marlins,146,728,0.825,0.35436514522821577,1.0826646581381216
2017,3,Detroit Tigers,116,718,0.889,0.37346629213483146,1.187346351972341
2017,3,Kansas City Royals,118,707,0.787,0.335875,1.0766968321169772
2017,3,Boston Red Sox,111,739,0.809,0.34277123287671235,1.0986468545882926
2017,3,Los Angeles Dodgers,119,722,0.822,0.3521312849162011,1.0666307560101442
2017,3,New York Mets,121,721,0.864,0.36074022346368717,1.1454160394297006
2017,3,Seattle Mariners,136,716,0.797,0.33690960451977403,1.0638700625575173
2017,3,Texas Rangers,140,715,0.77,0.32925806451612905,1.0268001741705282
2017,3,Arizona Diamondbacks,109,732,0.882,0.3712100139082059,1.1392494432491875
2017,3,Oakland Athletics,133,720,0.774,0.33155849582172703,1.0241801632113496
2017,3,Tampa Bay Rays,139,717,0.741,0.3136704067321178,1.0020450406115236
2017,3,Philadelphia Phillies,143,718,0.765,0.3251146853146853,1.057470992345766
2017,3,Baltimore Orioles,110,715,0.766,0.3255770308123249,1.0256982864973918
2017,3,Milwaukee Brewers,158,715,0.786,0.3342678821879383,1.0459255383942656
2017,3,Chicago Cubs,112,740,0.843,0.36085322359396427,1.0870425152972072
2017,3,New York Yankees,147,743,0.828,0.3526160108548168,1.0545066723536523
2017,3,Minnesota Twins,142,733,0.757,0.32334944751381217,0.9860804609442959
2017,3,Los Angeles Angels,108,707,0.786,0.32908189655172415,1.102438521920923
2017,3,San Francisco Giants,137,720,0.709,0.3069315642458101,1.029458019105078
2017,3,St. Louis Cardinals,138,722,0.763,0.32969209431345353,1.0047702849868365
2017,3,Pittsburgh Pirates,134,714,0.725,0.31161918194640337,1.0307622974464965
2017,3,San Diego Padres,135,698,0.759,0.323641726618705,1.096928634001519
2017,3,Toronto Blue Jays,141,717,0.773,0.332609243697479,1.0672263666523982
2017,4,Washington Nationals,120,710,0.909,0.3792553191489362,1.1624574383248012
2017,4,Kansas City Royals,118,694,0.819,0.3510764790764791,1.1204761188104246
2017,4,San Francisco Giants,137,704,0.798,0.3419423631123919,1.1586847662141782
2017,4,Miami Marlins,146,714,0.885,0.3712549295774648,1.1614039060027124
2017,4,Arizona Diamondbacks,109,714,0.937,0.38523285714285715,1.210291075197833
2017,4,Houston Astros,117,714,0.827,0.34838787023977436,1.0039333709912777
2017,4,Texas Rangers,140,699,0.813,0.3438962536023055,1.0841409631177132
2017,4,Seattle Mariners,136,705,0.862,0.36076327116212337,1.1506348731801503
2017,4,St. Louis Cardinals,138,706,0.794,0.33920399429386594,1.0455931930269309
2017,4,Atlanta Braves,144,708,0.741,0.31406847360912976,1.0042222168927917
2017,4,New York Mets,121,703,0.842,0.35330670470756065,1.1162503532405184
2017,4,Oakland Athletics,133,697,0.952,0.39143722943722936,1.2597151361462595
2017,4,Detroit Tigers,116,698,0.74,0.3184394812680115,0.9883422952300702
2017,4,Milwaukee Brewers,158,702,0.825,0.3458961038961039,1.0978226070932176
2017,4,Baltimore Orioles,110,702,0.776,0.33089828080229233,1.0390886035534934
2017,4,Los Angeles Angels,108,689,0.735,0.31732507288629735,1.0309062514146035
2017,4,New York Yankees,147,717,0.772,0.32757202797202795,0.9831873805036468
2017,4,Colorado Rockies,115,700,0.762,0.33013037249283667,0.977070341069604
2017,4,Los Angeles Dodgers,119,704,0.825,0.34443515850144096,1.0705235689882835
2017,4,Pittsburgh Pirates,134,701,0.758,0.3245606936416185,1.0776797537440612
2017,4,Chicago White Sox,145,691,0.783,0.33524709302325584,1.0714610449518418
2017,4,Cincinnati Reds,113,707,0.802,0.3356775106082037,1.0512151420772256
2017,4,Chicago Cubs,112,728,0.823,0.34798476454293625,1.0612526572830385
2017,4,Minnesota Twins,142,721,0.748,0.3208597222222222,0.9743569151734919
2017,4,Cleveland Indians,114,711,0.823,0.3525007112375533,1.0447905687088748
2017,4,Boston Red Sox,111,730,0.745,0.3143612273361227,1.0117328883415055
2017,4,Toronto Blue Jays,141,703,0.739,0.31466191155492157,1.020284974070016
2017,4,San Diego Padres,135,680,0.733,0.3083837037037037,1.059352686064708
2017,4,Philadelphia Phillies,143,699,0.745,0.3179524495677233,1.0298246918922818
2017,4,Tampa Bay Rays,139,702,0.843,0.35512138728323694,1.1399783660398304
2017,5,Washington Nationals,120,694,0.925,0.38077433628318585,1.1829187353690223
2017,5,Atlanta Braves,144,695,0.839,0.3538014598540147,1.137034331947439
2017,5,Cleveland Indians,114,695,0.863,0.3644507246376812,1.0955701832269247
2017,5,Chicago White Sox,145,676,0.834,0.3553540740740741,1.1412496953893179
2017,5,New York Yankees,147,701,0.823,0.351419770773639,1.0481388784384733
2017,5,Toronto Blue Jays,141,683,0.816,0.34548306332842416,1.1265934219771758
2017,5,Kansas City Royals,118,672,0.811,0.3371353383458647,1.109531297137063
2017,5,Milwaukee Brewers,158,677,0.843,0.35487091988130565,1.1217751003388878
2017,5,Cincinnati Reds,113,690,0.833,0.356078374455733,1.091848146322106
2017,5,Minnesota Twins,142,697,0.805,0.34011432706222866,1.0486060383885842
2017,5,St. Louis Cardinals,138,695,0.721,0.3080911722141823,0.9494618289325152
2017,5,Colorado Rockies,115,692,0.789,0.3331625544267054,1.0116909437059285
2017,5,Pittsburgh Pirates,134,686,0.781,0.33624963503649635,1.1103797990423638
2017,5,San Francisco Giants,137,680,0.746,0.31498375184638105,1.0831814982403218
2017,5,Philadelphia Phillies,143,683,0.764,0.3248049853372434,1.0560886773230915
2017,5,Arizona Diamondbacks,109,694,0.87,0.3609898550724638,1.1237494508240287
2017,5,Baltimore Orioles,110,684,0.753,0.3207573099415205,1.0082908743244596
2017,5,Detroit Tigers,116,682,0.78,0.3315676470588235,1.0417662030803443
2017,5,Oakland Athletics,133,680,0.775,0.3289792899408284,1.0255033933963773
2017,5,Miami Marlins,146,699,0.775,0.3238885672937772,1.0170486182509628
2017,5,Seattle Mariners,136,687,0.784,0.33298973607038124,1.0465171004329905
2017,5,Chicago Cubs,112,698,0.756,0.3233227206946454,0.9748566329355737
2017,5,Houston Astros,117,703,0.697,0.2990643776824034,0.846120386434003
2017,5,Los Angeles Angels,108,673,0.698,0.30173283582089555,0.9790102904590383
2017,5,New York Mets,121,683,0.751,0.31569661266568483,0.995610469457992
2017,5,San Diego Padres,135,666,0.777,0.3293358433734939,1.1229427518039266
2017,5,Tampa Bay Rays,139,685,0.707,0.30566666666666664,0.9560672654687544
2017,5,Boston Red Sox,111,704,0.668,0.28794827586206895,0.9071645227008398
2017,5,Los Angeles Dodgers,119,681,0.698,0.3034117647058823,0.9057278195803902
2017,5,Texas Rangers,140,686,0.684,0.2912441176470588,0.9121185962761574
2017,6,Miami Marlins,146,679,0.894,0.3779702823179792,1.173214793182401
2017,6,New York Yankees,147,685,0.836,0.35369253294289904,1.0646951426179387
2017,6,Colorado Rockies,115,673,0.783,0.3351609538002981,1.003997476453412
2017,6,Cleveland Indians,114,680,0.804,0.3448175074183976,1.0206702518128012
2017,6,Boston Red Sox,111,683,0.75,0.323212389380531,1.0185230419545357
2017,6,Houston Astros,117,682,0.79,0.34034904270986743,0.9590173676942073
2017,6,St. Louis Cardinals,138,677,0.766,0.32731696428571433,1.0087208889907167
2017,6,Baltimore Orioles,110,665,0.791,0.3340196078431373,1.059174079137646
2017,6,Seattle Mariners,136,672,0.726,0.3116116071428572,0.9690961924927948
2017,6,Chicago Cubs,112,679,0.762,0.3242190760059613,0.9825935903398243
2017,6,Detroit Tigers,116,667,0.759,0.3249667673716012,1.0137186514589505
2017,6,Toronto Blue Jays,141,665,0.738,0.31937650602409634,1.0189043448764163
2017,6,Washington Nationals,120,672,0.816,0.34868358208955225,1.043526149255267
2017,6,Los Angeles Dodgers,119,672,0.837,0.35413363363363365,1.0860948209008403
2017,6,Cincinnati Reds,113,672,0.804,0.337018045112782,1.0538366262220566
2017,6,Oakland Athletics,133,664,0.743,0.31892168674698795,0.9831600274754946
2017,6,Atlanta Braves,144,682,0.747,0.3207204142011834,1.0123535708757294
2017,6,Pittsburgh Pirates,134,669,0.751,0.3217809667673716,1.0677275660445777
2017,6,San Diego Padres,135,646,0.704,0.304796267496112,1.017441051827496
2017,6,Kansas City Royals,118,657,0.757,0.3185622119815668,1.03565375084187
2017,6,Philadelphia Phillies,143,668,0.696,0.29835037593984964,0.9620912557812457
2017,6,Tampa Bay Rays,139,667,0.74,0.31271623672230653,1.0006927531073244
2017,6,Minnesota Twins,142,675,0.705,0.3020104790419162,0.9183444187129836
2017,6,Los Angeles Angels,108,661,0.707,0.30379393939393945,0.9916336323130946
2017,6,Chicago White Sox,145,657,0.679,0.29142201834862386,0.9291469342558117
2017,6,Milwaukee Brewers,158,663,0.673,0.29176701966717095,0.8955571085742248
2017,6,Arizona Diamondbacks,109,675,0.663,0.2868014814814815,0.8563745814900356
2017,6,New York Mets,121,671,0.667,0.29115223880597013,0.8842505767356601
2017,6,San Francisco Giants,137,665,0.625,0.2671221719457013,0.9074912016088488
2017,6,Texas Rangers,140,667,0.74,0.3163639097744361,0.9867949725794685
2017,7,Chicago White Sox,145,636,0.791,0.3343771790808241,1.0824082842361518
2017,7,Chicago Cubs,112,658,0.785,0.33496904024767804,1.0122519270561183
2017,7,Cincinnati Reds,113,657,0.776,0.33413169984686064,1.0171358481944228
2017,7,Minnesota Twins,142,657,0.787,0.336826420890937,1.0251589468469762
2017,7,New York Yankees,147,671,0.833,0.3532945619335348,1.0608744662688314
2017,7,Baltimore Orioles,110,645,0.779,0.3319222395023328,1.043105698670324
2017,7,Detroit Tigers,116,652,0.768,0.32857142857142857,1.025739030725262
2017,7,New York Mets,121,654,0.823,0.3467253086419753,1.0910618060771338
2017,7,Colorado Rockies,115,656,0.768,0.327238897396631,0.9847638083221205
2017,7,Houston Astros,117,665,0.817,0.3403920972644377,0.9917939106407181
2017,7,Los Angeles Dodgers,119,660,0.814,0.3475670731707317,1.056249921401773
2017,7,Cleveland Indians,114,665,0.741,0.31844326777609683,0.9406923589468728
2017,7,Atlanta Braves,144,662,0.716,0.3106229007633588,0.9703415752972184
2017,7,St. Louis Cardinals,138,659,0.765,0.32518140243902444,1.0074040209894233
2017,7,Milwaukee Brewers,158,651,0.76,0.3233913043478261,1.011327492594964
2017,7,Tampa Bay Rays,139,647,0.728,0.31268111455108355,0.9844653030569352
2017,7,Pittsburgh Pirates,134,647,0.685,0.30092879256965943,0.9738926534494485
2017,7,San Francisco Giants,137,641,0.689,0.2934031496062992,1.0004183006535947
2017,7,Washington Nationals,120,653,0.686,0.29067026194144835,0.8772781107709722
2017,7,Boston Red Sox,111,674,0.693,0.29801041666666667,0.9411152907659909
2017,7,Seattle Mariners,136,657,0.686,0.29786870229007634,0.9157024628788668
2017,7,Arizona Diamondbacks,109,659,0.744,0.3165206106870229,0.960999530359859
2017,7,Texas Rangers,140,649,0.788,0.33243034055727555,1.0508032951251638
2017,7,Oakland Athletics,133,642,0.742,0.3158734375,0.981836797290467
2017,7,Philadelphia Phillies,143,645,0.702,0.2992589703588143,0.9703851459172909
2017,7,Miami Marlins,146,664,0.634,0.2747853881278539,0.8320113857691748
2017,7,Kansas City Royals,118,634,0.641,0.2763656597774245,0.8769538365781224
2017,7,Toronto Blue Jays,141,651,0.642,0.28129366306027825,0.8863639422908663
2017,7,San Diego Padres,135,630,0.606,0.2649184,0.8758086326810547
2017,7,Los Angeles Angels,108,640,0.651,0.28180157480314955,0.9130883941100774
2017,8,Houston Astros,117,645,0.862,0.36081377151799693,1.0464214822182363
2017,8,Milwaukee Brewers,158,633,0.761,0.3226796116504854,1.012658186664168
2017,8,Boston Red Sox,111,653,0.741,0.3209769230769231,1.0063007654510812
2017,8,Philadelphia Phillies,143,624,0.792,0.33461337683523656,1.0947934979579694
2017,8,Baltimore Orioles,110,632,0.725,0.3093587301587301,0.9707979865673747
2017,8,St. Louis Cardinals,138,639,0.766,0.32432211538461536,1.0087208889907167
2017,8,Miami Marlins,146,638,0.659,0.28360256410256407,0.8648194057127543
2017,8,New York Mets,121,631,0.731,0.3107632850241546,0.9690962092860081
2017,8,Atlanta Braves,144,634,0.731,0.3098867313915858,0.9906699602545624
2017,8,Washington Nationals,120,636,0.751,0.3129595469255663,0.9604021300131196
2017,8,Kansas City Royals,118,613,0.703,0.3012557377049181,0.9617762045466771
2017,8,Minnesota Twins,142,644,0.712,0.3073154574132492,0.9274627320902756
2017,8,Oakland Athletics,133,622,0.726,0.31037763371150734,0.9606651143300257
2017,8,Seattle Mariners,136,633,0.717,0.3091453674121406,0.957082603329661
2017,8,Los Angeles Dodgers,119,637,0.795,0.3335063897763578,1.0315954392068916
2017,8,Pittsburgh Pirates,134,628,0.714,0.3031049180327869,1.0151231453473082
2017,8,Arizona Diamondbacks,109,633,0.711,0.30511736334405143,0.9183745511906716
2017,8,New York Yankees,147,652,0.711,0.3085177195685671,0.9055002947384623
2017,8,Toronto Blue Jays,141,630,0.661,0.2853445512820513,0.9125958969692565
2017,8,Cincinnati Reds,113,637,0.693,0.2954264943457189,0.9083442561839368
2017,8,Tampa Bay Rays,139,627,0.683,0.2950192926045016,0.9236123653679765
2017,8,Colorado Rockies,115,638,0.645,0.2745791190864601,0.827047729645531
2017,8,Chicago Cubs,112,640,0.674,0.2846231647634584,0.8691182150774824
2017,8,San Francisco Giants,137,630,0.632,0.273517017828201,0.9176551030668678
2017,8,Chicago White Sox,145,616,0.622,0.2728564356435644,0.8511478543551029
2017,8,Cleveland Indians,114,639,0.677,0.2929858267716536,0.859444975717993
2017,8,Detroit Tigers,116,631,0.62,0.2715071770334928,0.828070571679248
2017,8,Texas Rangers,140,626,0.723,0.30929629629629624,0.9641253583445347
2017,8,San Diego Padres,135,612,0.66,0.2844841402337228,0.9538509860882775
2017,8,Los Angeles Angels,108,625,0.602,0.26228064516129035,0.844361310682437
2017,9,Detroit Tigers,116,610,0.679,0.29231518151815183,0.9068708357584023
2017,9,New York Yankees,147,640,0.692,0.299477093206951,0.8813026778607819
2017,9,Tampa Bay Rays,139,606,0.691,0.29519699499165275,0.934430665401569
2017,9,Oakland Athletics,133,608,0.692,0.3027271214642263,0.9156752880390877
2017,9,Houston Astros,117,625,0.727,0.31051451612903225,0.8825387674856818
2017,9,Los Angeles Angels,108,609,0.618,0.27110385259631486,0.8668028073118706
2017,9,Cleveland Indians,114,618,0.702,0.3037586206896552,0.8911822347917742
2017,9,Minnesota Twins,142,622,0.703,0.30470388349514566,0.9157391863194716
2017,9,Boston Red Sox,111,629,0.64,0.281588141025641,0.8691396624678704
2017,9,Baltimore Orioles,110,613,0.612,0.26644059405940596,0.8194874038334252
2017,9,Chicago Cubs,112,621,0.672,0.2928480801335559,0.8665392292760655
2017,9,Texas Rangers,140,602,0.71,0.3086515151515152,0.9467897709884089
2017,9,Kansas City Royals,118,595,0.625,0.27420136518771326,0.8550641932313987
2017,9,Toronto Blue Jays,141,612,0.616,0.2690878938640133,0.8504675832572798
2017,9,Chicago White Sox,145,604,0.597,0.25940640809443505,0.8169377315916341
2017,9,St. Louis Cardinals,138,617,0.603,0.26153287197231834,0.7940714047798982
2017,9,New York Mets,121,611,0.543,0.2418754266211604,0.7198621636693605
2017,9,Arizona Diamondbacks,109,615,0.546,0.24204819277108433,0.7052496553447353
2017,9,Seattle Mariners,136,606,0.58,0.2550804020100502,0.7742090794019573
2017,9,San Diego Padres,135,588,0.525,0.22868402154398562,0.7587451025702207
2017,9,Philadelphia Phillies,143,609,0.494,0.21757094594594592,0.6828636212010566
2017,9,Miami Marlins,146,622,0.448,0.19688144329896906,0.5879197173889437
2017,9,Colorado Rockies,115,618,0.491,0.2151558669001751,0.6295820701642724
2017,9,Los Angeles Dodgers,119,617,0.499,0.2249762308998302,0.6475045586971557
2017,9,Atlanta Braves,144,618,0.471,0.20450701754385966,0.6383112876606004
2017,9,Milwaukee Brewers,158,609,0.467,0.20643598615916958,0.6214341303182214
2017,9,San Francisco Giants,137,614,0.461,0.20172250423011848,0.6693655103066869
2017,9,Pittsburgh Pirates,134,610,0.448,0.1993930434782609,0.6369400127669386
2017,9,Washington Nationals,120,617,0.427,0.18918941979522183,0.5460608648676459
2017,9,Cincinnati Reds,113,621,0.425,0.18719420783645657,0.5570653807765846
2018,1,Boston Red Sox,111,773,1.029,0.43031241830065364,1.2957418953664857
2018,1,Seattle Mariners,136,750,0.767,0.3305581081081081,1.0620482364858517
2018,1,Kansas City Royals,118,746,0.79,0.34368378378378384,1.1333217077493825
2018,1,Chicago Cubs,112,778,0.82,0.3525558441558441,1.1042375855784234
2018,1,Washington Nationals,120,767,0.793,0.3465032679738562,1.0519593290594362
2018,1,Colorado Rockies,115,760,0.81,0.3466834437086093,1.0709507149259134
2018,1,Milwaukee Brewers,158,762,0.8,0.34764078947368426,1.0703293417172925
2018,1,Cleveland Indians,114,774,0.858,0.3644156862745098,1.1181666815951388
2018,1,Atlanta Braves,144,760,0.789,0.33949933949801847,1.0656557133884148
2018,1,Arizona Diamondbacks,109,751,0.722,0.31533065595716203,1.0220069192060386
2018,1,Miami Marlins,146,746,0.697,0.30766890982503364,1.0574924476423073
2018,1,Minnesota Twins,142,748,0.689,0.3014462365591398,0.9533525468041677
2018,1,Toronto Blue Jays,141,747,0.769,0.3306429530201343,1.0407806003744406
2018,1,Pittsburgh Pirates,134,744,0.701,0.30133783783783785,0.9677869108408111
2018,1,Tampa Bay Rays,139,756,0.715,0.31338563829787236,0.9666841332573561
2018,1,Philadelphia Phillies,143,745,0.734,0.3254561403508772,1.0398967451160577
2018,1,Cincinnati Reds,113,762,0.722,0.3138567639257295,0.9900843881856541
2018,1,New York Mets,121,752,0.768,0.33393057409879834,1.0954871739213266
2018,1,Houston Astros,117,749,0.742,0.32530738255033553,0.9831465167563616
2018,1,New York Yankees,147,765,0.785,0.34314060446780553,1.0045920265424113
2018,1,St. Louis Cardinals,138,756,0.842,0.3561799729364005,1.1535780941256437
2018,1,Los Angeles Dodgers,119,771,0.792,0.34032379713914174,1.0234523480700881
2018,1,Texas Rangers,140,754,0.752,0.33004812834224606,1.0406363573901372
2018,1,Chicago White Sox,145,745,0.702,0.30589068825910937,0.9986322776385009
2018,1,San Diego Padres,135,737,0.662,0.29051020408163264,0.9785512284043625
2018,1,Oakland Athletics,133,769,0.688,0.30052088772845953,0.8991042051962617
2018,1,San Francisco Giants,137,743,0.659,0.2869024390243903,0.9886815467096649
2018,1,Los Angeles Angels,108,745,0.697,0.3008839406207827,0.9577729813492722
2018,1,Baltimore Orioles,110,740,0.629,0.2795258152173913,0.9127249535988489
2018,1,Detroit Tigers,116,736,0.633,0.28009673024523163,0.9303926152849988
2018,2,Milwaukee Brewers,158,746,0.953,0.40424258760107823,1.2750298283207246
2018,2,Chicago Cubs,112,763,0.868,0.3680119205298013,1.168875883270819
2018,2,Houston Astros,117,739,0.903,0.3866829268292683,1.1964707609582137
2018,2,Seattle Mariners,136,729,0.72,0.31269613259668505,0.9969683575877616
2018,2,St. Louis Cardinals,138,740,0.778,0.3386195652173913,1.0658951986101555
2018,2,Atlanta Braves,144,737,0.783,0.3355619047619048,1.0575518676592253
2018,2,Los Angeles Dodgers,119,755,0.887,0.37890654205607477,1.1462149403259698
2018,2,Colorado Rockies,115,741,0.756,0.3275867208672087,0.9995540005975191
2018,2,Baltimore Orioles,110,723,0.778,0.33608333333333335,1.1289348392685286
2018,2,Tampa Bay Rays,139,735,0.771,0.3379562841530055,1.0423964569810094
2018,2,Cleveland Indians,114,755,0.744,0.324281914893617,0.9695990805440363
2018,2,Cincinnati Reds,113,749,0.739,0.3201258457374831,1.013396624472574
2018,2,Minnesota Twins,142,735,0.753,0.32719204389574763,1.0419077906292284
2018,2,Los Angeles Angels,108,723,0.848,0.36222881355932207,1.1652675583704202
2018,2,Boston Red Sox,111,754,0.759,0.32983621837549937,0.9557513105764458
2018,2,Arizona Diamondbacks,109,735,0.799,0.3422219178082192,1.1310021169606994
2018,2,New York Mets,121,743,0.755,0.32488888888888884,1.0769437712377623
2018,2,Washington Nationals,120,752,0.763,0.3328114973262032,1.0121626331303275
2018,2,New York Yankees,147,746,0.862,0.3682732166890982,1.1031316265981637
2018,2,Texas Rangers,140,736,0.757,0.33189466484268126,1.047555482106827
2018,2,Pittsburgh Pirates,134,725,0.769,0.32805578800557883,1.0616663829337858
2018,2,Oakland Athletics,133,751,0.748,0.3242853333333333,0.9775144556494242
2018,2,Kansas City Royals,118,724,0.728,0.3167997218358832,1.0443774724576587
2018,2,Detroit Tigers,116,724,0.717,0.31225069252077564,1.0538570381664203
2018,2,Miami Marlins,146,731,0.706,0.308445054945055,1.071147299907416
2018,2,San Francisco Giants,137,729,0.671,0.2949181692094313,1.0066848525678076
2018,2,Toronto Blue Jays,141,728,0.722,0.3089558011049724,0.9771698224581873
2018,2,San Diego Padres,135,725,0.667,0.29069027777777784,0.9859420987095314
2018,2,Chicago White Sox,145,727,0.65,0.2822734806629834,0.9246595163319453
2018,2,Philadelphia Phillies,143,732,0.708,0.30988219178082194,1.003061165588786
2018,3,Atlanta Braves,144,724,0.881,0.3736278089887641,1.1899146812359864
2018,3,Houston Astros,117,715,0.857,0.3678161244695898,1.1355209769005417
2018,3,Cincinnati Reds,113,730,0.858,0.37528925619834713,1.1765822784810127
2018,3,Baltimore Orioles,110,704,0.854,0.35876989869753984,1.239216391690647
2018,3,Seattle Mariners,136,710,0.821,0.3535872340425532,1.1368208633049337
2018,3,Boston Red Sox,111,736,0.871,0.36801775956284155,1.0967844420449069
2018,3,Detroit Tigers,116,709,0.839,0.35584857142857146,1.2331744142561043
2018,3,Colorado Rockies,115,723,0.918,0.38322689075630256,1.2137441435827019
2018,3,Los Angeles Angels,108,709,0.925,0.38818731988472627,1.271076051288489
2018,3,Cleveland Indians,114,730,0.946,0.39534965034965047,1.2328504438100247
2018,3,Arizona Diamondbacks,109,720,0.852,0.3642937062937063,1.206024785545076
2018,3,Chicago Cubs,112,745,0.772,0.33655,1.039599287886028
2018,3,Chicago White Sox,145,710,0.782,0.3322503556187767,1.1124365258024327
2018,3,Pittsburgh Pirates,134,711,0.806,0.3420977337110482,1.1127478603961396
2018,3,Miami Marlins,146,713,0.737,0.3189605077574048,1.1181806799316796
2018,3,New York Mets,121,726,0.77,0.33186149584487534,1.0983400051034133
2018,3,San Francisco Giants,137,716,0.743,0.3227450980392157,1.114704687716663
2018,3,Oakland Athletics,133,734,0.794,0.34458390177353343,1.0376289809968486
2018,3,Washington Nationals,120,732,0.889,0.3749902370990237,1.1793087560325834
2018,3,San Diego Padres,135,711,0.766,0.3272217514124294,1.1322813307518755
2018,3,Los Angeles Dodgers,119,745,0.754,0.3278070175438597,0.9743473111677354
2018,3,Tampa Bay Rays,139,720,0.741,0.3240292887029289,1.0018362835576238
2018,3,Minnesota Twins,142,719,0.738,0.3167622377622378,1.0211526553577297
2018,3,Milwaukee Brewers,158,728,0.759,0.32631361760660244,1.0154749629542814
2018,3,Kansas City Royals,118,709,0.769,0.32560795454545455,1.1031954345054116
2018,3,St. Louis Cardinals,138,720,0.716,0.311050139275766,0.980952393579526
2018,3,Philadelphia Phillies,143,712,0.704,0.30523521126760567,0.997394153353821
2018,3,Texas Rangers,140,715,0.655,0.28692286115007015,0.9064053378863561
2018,3,Toronto Blue Jays,141,706,0.741,0.3238028368794326,1.0028848177860343
2018,3,New York Yankees,147,732,0.719,0.31163374485596707,0.9201295122089092
2018,4,Boston Red Sox,111,715,0.968,0.4042921985815603,1.218929207691699
2018,4,Colorado Rockies,115,703,0.894,0.37724498567335246,1.18201227054786
2018,4,New York Yankees,147,715,0.956,0.39890832157968975,1.2234267227701212
2018,4,Atlanta Braves,144,713,0.794,0.341099573257468,1.0724089181627392
2018,4,Cincinnati Reds,113,712,0.837,0.356734375,1.1477848101265824
2018,4,Washington Nationals,120,719,0.895,0.3785175315568023,1.1872680952184052
2018,4,St. Louis Cardinals,138,707,0.756,0.3256519886363637,1.0357542032767064
2018,4,Toronto Blue Jays,141,691,0.876,0.3695703918722787,1.1855966266944213
2018,4,Chicago Cubs,112,724,0.795,0.3364578651685393,1.0705718055303008
2018,4,Arizona Diamondbacks,109,704,0.825,0.3475884892086331,1.1678056902285068
2018,4,Texas Rangers,140,701,0.786,0.33637446197991394,1.0876864054636273
2018,4,Los Angeles Dodgers,119,734,0.84,0.3545158184319119,1.085479763104639
2018,4,Cleveland Indians,114,713,0.802,0.34409014084507045,1.0451861056402112
2018,4,Tampa Bay Rays,139,704,0.815,0.34766856330014234,1.101884711335308
2018,4,San Francisco Giants,137,699,0.728,0.31482753623188403,1.0922005553939849
2018,4,Los Angeles Angels,108,697,0.725,0.3120878962536023,0.9962487969558427
2018,4,Pittsburgh Pirates,134,696,0.696,0.30407936507936506,0.9608840084810336
2018,4,Minnesota Twins,142,698,0.751,0.32495244956772334,1.0391404392596952
2018,4,Houston Astros,117,703,0.691,0.2977396280400572,0.9155717561706816
2018,4,Baltimore Orioles,110,690,0.699,0.2987884057971015,1.0143000676718525
2018,4,Kansas City Royals,118,692,0.751,0.32068162083936325,1.077372914582008
2018,4,Seattle Mariners,136,696,0.798,0.3410447976878613,1.1049732629931024
2018,4,Detroit Tigers,116,692,0.685,0.2969738751814224,1.0068229723068314
2018,4,Miami Marlins,146,692,0.729,0.3182590975254731,1.1060430334738052
2018,4,San Diego Padres,135,694,0.701,0.3037300435413643,1.0362000167846799
2018,4,Oakland Athletics,133,717,0.854,0.3582977528089888,1.116039231450011
2018,4,Milwaukee Brewers,158,711,0.815,0.34563662374821175,1.0903980168744918
2018,4,Philadelphia Phillies,143,695,0.789,0.34335849056603773,1.1178181633468252
2018,4,Chicago White Sox,145,696,0.711,0.3082554112554113,1.0114352555569432
2018,4,New York Mets,121,706,0.646,0.283011396011396,0.9214644718140325
2018,5,Washington Nationals,120,704,0.88,0.3738455988455989,1.167369747253851
2018,5,Tampa Bay Rays,139,691,0.806,0.3449825072886298,1.0897166593082925
2018,5,Milwaukee Brewers,158,689,0.812,0.346566617862372,1.086384281843052
2018,5,Pittsburgh Pirates,134,678,0.772,0.33415578635014836,1.0658081243496524
2018,5,Los Angeles Dodgers,119,713,0.861,0.36762093352192365,1.112616757182255
2018,5,Boston Red Sox,111,703,0.796,0.34161087267525037,1.0023426129365625
2018,5,Miami Marlins,146,668,0.719,0.3138840361445784,1.090870975401462
2018,5,Cincinnati Reds,113,696,0.804,0.34259970887918484,1.1025316455696206
2018,5,Atlanta Braves,144,699,0.79,0.3407015781922525,1.0670063543432797
2018,5,Houston Astros,117,685,0.772,0.33198527245949927,1.0228963759244085
2018,5,Colorado Rockies,115,685,0.811,0.34660792951541847,1.0722728763023652
2018,5,Chicago White Sox,145,677,0.78,0.33273887240356087,1.1095914195983345
2018,5,St. Louis Cardinals,138,694,0.75,0.3245728715728716,1.0275339318221293
2018,5,Cleveland Indians,114,703,0.763,0.3316981402002861,0.9943603473858867
2018,5,Philadelphia Phillies,143,682,0.768,0.3296509572901326,1.0880663491132594
2018,5,San Francisco Giants,137,686,0.696,0.29855014749262543,1.0441917397722713
2018,5,San Diego Padres,135,678,0.724,0.3114784546805349,1.0701980201884569
2018,5,Oakland Athletics,133,694,0.782,0.337014450867052,1.0219469309062161
2018,5,Los Angeles Angels,108,682,0.72,0.3112808823529412,0.9893781155975265
2018,5,Detroit Tigers,116,673,0.671,0.291444776119403,0.9862455684932611
2018,5,Chicago Cubs,112,710,0.706,0.3088681948424069,0.9507216285589841
2018,5,New York Yankees,147,702,0.775,0.32960171919770775,0.99179467588582
2018,5,Toronto Blue Jays,141,678,0.712,0.30559023668639057,0.9636356143908994
2018,5,Minnesota Twins,142,688,0.74,0.31526277372262773,1.023920006727263
2018,5,Kansas City Royals,118,669,0.682,0.2982503748125937,0.9783865882089606
2018,5,New York Mets,121,689,0.706,0.308483918128655,1.007049407276636
2018,5,Texas Rangers,140,685,0.772,0.330483870967742,1.068312856256896
2018,5,Baltimore Orioles,110,673,0.659,0.28779910714285717,0.956257145344422
2018,5,Seattle Mariners,136,677,0.664,0.28836498516320475,0.9194263742198246
2018,5,Arizona Diamondbacks,109,691,0.679,0.29388500727802036,0.9611394711092802
2018,6,Pittsburgh Pirates,134,659,0.833,0.3553587786259542,1.1500235331389383
2018,6,Oakland Athletics,133,676,0.822,0.35370771513353116,1.0742204312083243
2018,6,Texas Rangers,140,667,0.816,0.35253765060240966,1.1292011537637656
2018,6,New York Yankees,147,680,0.809,0.34754424778761067,1.0353056681182302
2018,6,Tampa Bay Rays,139,675,0.726,0.31888077496274214,0.9815561968459309
2018,6,Chicago White Sox,145,657,0.774,0.3313073394495413,1.1010561009860396
2018,6,Colorado Rockies,115,669,0.743,0.31986295180722896,0.9823659027036464
2018,6,New York Mets,121,670,0.818,0.3526056971514243,1.166807953473496
2018,6,San Francisco Giants,137,665,0.728,0.31343202416918425,1.0922005553939849
2018,6,Cleveland Indians,114,684,0.765,0.33174815905743743,0.9969667965271342
2018,6,Los Angeles Angels,108,666,0.686,0.29743909774436095,0.9426574823609768
2018,6,Atlanta Braves,144,690,0.71,0.3084358600583091,0.9589550779540866
2018,6,Houston Astros,117,667,0.754,0.3283589743589744,0.9990464604235804
2018,6,Washington Nationals,120,684,0.743,0.3191649331352155,0.9856315025109219
2018,6,Chicago Cubs,112,691,0.726,0.31365925925925925,0.9776542525974823
2018,6,Seattle Mariners,136,658,0.735,0.3156722560975609,1.0177385317041732
2018,6,Cincinnati Reds,113,673,0.73,0.32168011958146486,1.0010548523206753
2018,6,Detroit Tigers,116,648,0.662,0.2886377708978328,0.9730172374702516
2018,6,Boston Red Sox,111,682,0.684,0.29843362831858405,0.8613094814681015
2018,6,Miami Marlins,146,658,0.656,0.2848516819571866,0.9952870095457012
2018,6,Philadelphia Phillies,143,670,0.693,0.30139820359281444,0.9818098697076676
2018,6,San Diego Padres,135,658,0.665,0.28693587786259545,0.9829857505874638
2018,6,Minnesota Twins,142,675,0.662,0.291233630952381,0.9159933033154704
2018,6,Kansas City Royals,118,656,0.654,0.2892079510703364,0.9382182238836659
2018,6,St. Louis Cardinals,138,674,0.659,0.2891639344262295,0.9028598147610443
2018,6,Toronto Blue Jays,141,658,0.684,0.30074733637747336,0.9257398318024934
2018,6,Arizona Diamondbacks,109,668,0.708,0.3084503012048193,1.002189610523373
2018,6,Los Angeles Dodgers,119,694,0.688,0.29786803519061583,0.8890596154952279
2018,6,Milwaukee Brewers,158,673,0.672,0.2905960960960961,0.8990766470425259
2018,6,Baltimore Orioles,110,662,0.603,0.26263333333333333,0.8749970540860188
2018,7,St. Louis Cardinals,138,660,0.798,0.3442785388127854,1.0932961034587456
2018,7,Pittsburgh Pirates,134,636,0.773,0.33335071090047397,1.0671887048216078
2018,7,Washington Nationals,120,658,0.715,0.30756086286594764,0.9484879196437539
2018,7,Philadelphia Phillies,143,655,0.728,0.3117577160493827,1.0313962267636103
2018,7,San Diego Padres,135,635,0.778,0.33561137440758293,1.150019419484281
2018,7,Atlanta Braves,144,662,0.762,0.32811702127659576,1.029188407607062
2018,7,Detroit Tigers,116,632,0.706,0.3041188589540412,1.0376890780271866
2018,7,Minnesota Twins,142,651,0.773,0.33441021671826626,1.06958130432456
2018,7,Milwaukee Brewers,158,654,0.707,0.30290755007704157,0.9459035557426573
2018,7,Oakland Athletics,133,653,0.723,0.3138341013824885,0.9448435179606065
2018,7,Baltimore Orioles,110,631,0.736,0.3187806041335453,1.0679897708247261
2018,7,Boston Red Sox,111,666,0.666,0.2892708018154312,0.8386434424820988
2018,7,Los Angeles Dodgers,119,668,0.773,0.33079367469879517,0.9988998296189118
2018,7,Los Angeles Angels,108,651,0.711,0.30892438271604944,0.9770108891525574
2018,7,Chicago Cubs,112,668,0.677,0.2949620637329287,0.9116693237031619
2018,7,Miami Marlins,146,643,0.632,0.2783114241001565,0.9588740701720779
2018,7,Kansas City Royals,118,639,0.644,0.27923547880690736,0.923872379481775
2018,7,Cleveland Indians,114,668,0.65,0.28480241327300154,0.8470959709054081
2018,7,Cincinnati Reds,113,659,0.665,0.28950920245398776,0.9119198312236289
2018,7,Toronto Blue Jays,141,642,0.736,0.31781504702194363,0.9961177137523904
2018,7,Chicago White Sox,145,634,0.658,0.28887122416534183,0.9360399411483386
2018,7,San Francisco Giants,137,643,0.628,0.2718935837245697,0.9421730065761298
2018,7,Arizona Diamondbacks,109,652,0.671,0.2909783616692426,0.9498152947191856
2018,7,New York Yankees,147,665,0.686,0.2992790346907994,0.8778982550421582
2018,7,Seattle Mariners,136,640,0.664,0.2894267716535433,0.9194263742198246
2018,7,Tampa Bay Rays,139,659,0.65,0.28689329268292685,0.8788037575066875
2018,7,Houston Astros,117,650,0.684,0.29557364341085274,0.9062967890314708
2018,7,Colorado Rockies,115,654,0.667,0.29231635802469136,0.8818816380933139
2018,7,New York Mets,121,650,0.608,0.27086356589147287,0.8672606793543834
2018,7,Texas Rangers,140,656,0.647,0.2849355828220859,0.8953347383396525
2018,8,Oakland Athletics,133,636,0.846,0.36112995245641843,1.1055845313895893
2018,8,Minnesota Twins,142,631,0.773,0.3323360128617363,1.06958130432456
2018,8,Chicago Cubs,112,656,0.773,0.32993070866141727,1.0409459190879529
2018,8,San Francisco Giants,137,625,0.708,0.30241166936790925,1.062195045630414
2018,8,Los Angeles Dodgers,119,647,0.793,0.335711356466877,1.024744585883308
2018,8,San Diego Padres,135,616,0.71,0.30396677740863787,1.0495035833339839
2018,8,Chicago White Sox,145,622,0.703,0.3041091205211726,1.0000548307405501
2018,8,Detroit Tigers,116,615,0.644,0.2812373158756138,0.9465605754242326
2018,8,Tampa Bay Rays,139,640,0.708,0.31026391096979333,0.9572200927918995
2018,8,Pittsburgh Pirates,134,617,0.686,0.2936616915422886,0.9470782037614787
2018,8,Cleveland Indians,114,645,0.696,0.3024153605015674,0.9070443011540985
2018,8,Seattle Mariners,136,620,0.699,0.3041474878444084,0.9678901138247852
2018,8,St. Louis Cardinals,138,636,0.693,0.2978517915309446,0.9494413530036474
2018,8,Philadelphia Phillies,143,635,0.679,0.29186634460547506,0.9619753268852905
2018,8,Toronto Blue Jays,141,622,0.652,0.2839549114331723,0.882430365987172
2018,8,Milwaukee Brewers,158,634,0.62,0.2738209191759113,0.8295052398309017
2018,8,Texas Rangers,140,639,0.697,0.3036603475513428,0.9645259855065499
2018,8,Atlanta Braves,144,646,0.657,0.2772058346839546,0.8873711073462465
2018,8,New York Yankees,147,643,0.714,0.30613906250000006,0.9137308368806135
2018,8,Kansas City Royals,118,622,0.63,0.27680032467532467,0.9037881973191277
2018,8,Houston Astros,117,628,0.677,0.29785600000000007,0.8970218218922599
2018,8,Baltimore Orioles,110,612,0.595,0.26531147540983613,0.8633884696205326
2018,8,Colorado Rockies,115,633,0.65,0.28345410628019324,0.8594048946936341
2018,8,Boston Red Sox,111,646,0.607,0.264103125,0.7643492035835344
2018,8,Cincinnati Reds,113,639,0.588,0.25634248788368336,0.8063291139240507
2018,8,New York Mets,121,631,0.634,0.2711060358890701,0.9043474847215117
2018,8,Washington Nationals,120,646,0.573,0.25507448494453255,0.7601168922459733
2018,8,Arizona Diamondbacks,109,626,0.59,0.2595844155844156,0.8351580087694775
2018,8,Miami Marlins,146,627,0.553,0.2418042414355628,0.8390148114005683
2018,8,Los Angeles Angels,108,629,0.586,0.25605279999999997,0.8052438551946536
2018,9,Toronto Blue Jays,141,604,0.745,0.32208818635607317,1.0082985010129495
2018,9,Tampa Bay Rays,139,615,0.714,0.31216749585406306,0.9653321274765766
2018,9,New York Yankees,147,623,0.702,0.3033957996768983,0.8983740160927041
2018,9,Boston Red Sox,111,627,0.705,0.3076230031948881,0.8877531936184377
2018,9,Houston Astros,117,610,0.681,0.2956754966887417,0.9023218031146661
2018,9,Cleveland Indians,114,628,0.642,0.2798725806451613,0.8366701743404185
2018,9,Baltimore Orioles,110,599,0.627,0.2741835016835017,0.9098228074824773
2018,9,Minnesota Twins,142,609,0.619,0.27350580431177446,0.8564952488705078
2018,9,Kansas City Royals,118,606,0.588,0.25924247491638797,0.8435356508311859
2018,9,Oakland Athletics,133,625,0.627,0.27086495176848874,0.8193871172355467
2018,9,Los Angeles Angels,108,606,0.614,0.2709140495867769,0.843719670801224
2018,9,Seattle Mariners,136,607,0.603,0.2673787878787878,0.8349609994797503
2018,9,Cincinnati Reds,113,620,0.58,0.2584009900990099,0.7953586497890296
2018,9,New York Mets,121,610,0.569,0.24929342327150086,0.811630471303691
2018,9,Texas Rangers,140,610,0.602,0.2659730639730639,0.8330626158894449
2018,9,Chicago White Sox,145,603,0.549,0.24392114093959733,0.7809816530249816
2018,9,Detroit Tigers,116,600,0.542,0.23786677908937606,0.7966394904967921
2018,9,Milwaukee Brewers,158,613,0.525,0.23431069609507643,0.7024036305019733
2018,9,Los Angeles Dodgers,119,631,0.54,0.24223873121869782,0.6978084191386965
2018,9,St. Louis Cardinals,138,613,0.54,0.2368894645941278,0.7398244309119332
2018,9,Colorado Rockies,115,610,0.499,0.220440414507772,0.6597585268494207
2018,9,Chicago Cubs,112,634,0.499,0.22480097879282218,0.6719689697605284
2018,9,Washington Nationals,120,626,0.472,0.21147508305647839,0.6261346826179746
2018,9,Miami Marlins,146,605,0.46,0.2089931506849315,0.6979146713277783
2018,9,Arizona Diamondbacks,109,610,0.454,0.2039206896551724,0.6426470101378692
2018,9,Pittsburgh Pirates,134,600,0.45,0.20198429319371727,0.6212612123799787
2018,9,Philadelphia Phillies,143,610,0.525,0.23475128644939963,0.7437953558391421
2018,9,San Francisco Giants,137,607,0.407,0.18459552495697074,0.6106121236886701
2018,9,Atlanta Braves,144,620,0.446,0.1986934931506849,0.6023858658697503
2018,9,San Diego Padres,135,605,0.391,0.18020481927710844,0.5779660578642081
2019,1,Colorado Rockies,115,771,0.886,0.3681935064935065,1.1356225973724714
2019,1,Pittsburgh Pirates,134,760,0.787,0.33446816976127325,1.0613850871878114
2019,1,New York Mets,121,767,0.832,0.35271259842519687,1.0798969561452814
2019,1,New York Yankees,147,762,0.833,0.3515190538764783,1.0046490815394014
2019,1,Washington Nationals,120,767,0.809,0.34127094240837696,1.01534532334624
2019,1,Kansas City Royals,118,745,0.775,0.325427027027027,1.0904802371285378
2019,1,Tampa Bay Rays,139,766,0.86,0.36037187910643886,1.1359106083261439
2019,1,Chicago White Sox,145,743,0.692,0.296551912568306,0.9508888548253062
2019,1,Los Angeles Angels,108,767,0.762,0.32579030144167764,1.01912852294614
2019,1,Houston Astros,117,774,0.917,0.37915284974093266,1.0814197805473114
2019,1,Toronto Blue Jays,141,747,0.814,0.341638440860215,1.1106080073687001
2019,1,Cleveland Indians,114,750,0.831,0.34222837837837833,1.099440972909352
2019,1,Atlanta Braves,144,778,0.848,0.35452583979328167,1.0752444306196105
2019,1,Baltimore Orioles,110,760,0.732,0.3122734478203435,1.010664028880016
2019,1,San Diego Padres,135,734,0.808,0.34231830601092894,1.1271739347088359
2019,1,Oakland Athletics,133,765,0.846,0.3549384010484928,1.0903473890620163
2019,1,Boston Red Sox,111,786,0.834,0.3485717948717949,1.034897102464424
2019,1,Texas Rangers,140,761,0.812,0.348331571994716,1.081044519056082
2019,1,Minnesota Twins,142,786,0.85,0.3528702290076336,1.0218661526867243
2019,1,Arizona Diamondbacks,109,779,0.738,0.31502580645161293,0.9753655054290568
2019,1,Cincinnati Reds,113,747,0.767,0.3255978407557355,1.0411840394656084
2019,1,San Francisco Giants,137,758,0.703,0.3026525759577279,1.0132894207221705
2019,1,Detroit Tigers,116,745,0.691,0.2963481182795699,1.0128814462754854
2019,1,Milwaukee Brewers,158,772,0.701,0.30382253886010363,0.9123047643722877
2019,1,Miami Marlins,146,743,0.692,0.29675438596491227,1.029619966525549
2019,1,Los Angeles Dodgers,119,768,0.813,0.3401843137254902,1.0052911344317408
2019,1,Seattle Mariners,136,758,0.679,0.29458620689655174,0.918000225949369
2019,1,Philadelphia Phillies,143,758,0.745,0.3193271767810026,0.9976434419436107
2019,1,St. Louis Cardinals,138,749,0.663,0.2897142857142857,0.9005390387956399
2019,1,Chicago Cubs,112,758,0.677,0.2901941875825627,0.8646364344615556
2019,2,Chicago White Sox,145,728,0.887,0.37220441988950276,1.218841639060761
2019,2,Arizona Diamondbacks,109,760,0.914,0.38391052631578954,1.2079729972386963
2019,2,Boston Red Sox,111,772,0.912,0.3787254901960785,1.1316860401049817
2019,2,Minnesota Twins,142,765,0.914,0.3788935611038107,1.098806663006666
2019,2,Colorado Rockies,115,754,0.899,0.37132756324900135,1.1522852314196974
2019,2,Milwaukee Brewers,158,750,0.997,0.4070136054421769,1.297529030070144
2019,2,Chicago Cubs,112,735,0.897,0.3739550408719346,1.145611346694262
2019,2,New York Mets,121,747,0.919,0.3809812332439678,1.1928188734345115
2019,2,New York Yankees,147,742,0.951,0.39427173913043484,1.1469643175797968
2019,2,Tampa Bay Rays,139,749,0.885,0.3727916666666667,1.1689312655449273
2019,2,Houston Astros,117,757,0.848,0.3567182539682539,1.000047954093915
2019,2,Atlanta Braves,144,756,0.836,0.3498620689655173,1.0600287075448047
2019,2,Los Angeles Angels,108,744,0.977,0.4015430916552668,1.3066779093417042
2019,2,Cincinnati Reds,113,731,0.822,0.3490645604395604,1.1158452156984748
2019,2,Philadelphia Phillies,143,747,0.814,0.3450121293800539,1.0900426332108712
2019,2,Washington Nationals,120,743,0.791,0.3369849726775957,0.9927542036673371
2019,2,Pittsburgh Pirates,134,743,0.766,0.32385135135135135,1.033063502904528
2019,2,Baltimore Orioles,110,742,0.794,0.33444173441734415,1.0962667198507277
2019,2,St. Louis Cardinals,138,732,0.783,0.3312203856749311,1.063532529980371
2019,2,Texas Rangers,140,741,0.731,0.30550543478260866,0.973206334273394
2019,2,Detroit Tigers,116,722,0.702,0.29995013850415514,1.0290054635099721
2019,2,Toronto Blue Jays,141,730,0.783,0.3294828060522696,1.068312125024192
2019,2,Los Angeles Dodgers,119,747,0.806,0.34018255033557043,0.9966354912078514
2019,2,San Diego Padres,135,723,0.734,0.3091291666666666,1.0239426585102542
2019,2,Miami Marlins,146,727,0.694,0.2976212121212121,1.0325957467756228
2019,2,Kansas City Royals,118,725,0.694,0.29198467966573816,0.9765074639576841
2019,2,San Francisco Giants,137,741,0.705,0.3031745602165088,1.0161721786758608
2019,2,Cleveland Indians,114,736,0.703,0.29832275862068963,0.9300926642061065
2019,2,Oakland Athletics,133,750,0.743,0.3183484646194926,0.9575982388570663
2019,2,Seattle Mariners,136,742,0.709,0.3032222222222222,0.9585598824714323
2019,3,Washington Nationals,120,729,0.977,0.4013162274618585,1.2261957736826654
2019,3,Houston Astros,117,742,0.889,0.37334912043301755,1.0483993292328895
2019,3,Colorado Rockies,115,738,0.891,0.36906284153005464,1.1420313027752507
2019,3,Atlanta Braves,144,735,0.934,0.3848686030428769,1.1842904459890522
2019,3,Kansas City Royals,118,706,0.857,0.3554793152639087,1.2058600815731055
2019,3,Boston Red Sox,111,756,0.896,0.36954039735099337,1.1118318990505083
2019,3,Pittsburgh Pirates,134,726,0.821,0.3448245856353591,1.1072390807893178
2019,3,Chicago White Sox,145,704,0.83,0.34284,1.1405169790534742
2019,3,Los Angeles Dodgers,119,731,0.841,0.35672191780821916,1.039913707327299
2019,3,Minnesota Twins,142,751,0.915,0.37507017543859644,1.100008858480415
2019,3,Cincinnati Reds,113,713,0.914,0.37494092827004216,1.2407330013970876
2019,3,Miami Marlins,146,703,0.781,0.3325320970042796,1.162042187653835
2019,3,Chicago Cubs,112,717,0.864,0.36541480446927377,1.103465109859356
2019,3,Arizona Diamondbacks,109,743,0.813,0.3341382113821138,1.0744880161433918
2019,3,Cleveland Indians,114,716,0.874,0.3670974576271186,1.1563314203643487
2019,3,Los Angeles Angels,108,728,0.787,0.32948347107438014,1.052564498108415
2019,3,Detroit Tigers,116,708,0.731,0.3109148936170213,1.0715142362190735
2019,3,Tampa Bay Rays,139,729,0.775,0.32702479338842977,1.023640373782281
2019,3,Texas Rangers,140,720,0.728,0.30754027777777776,0.9692123274295907
2019,3,Philadelphia Phillies,143,732,0.866,0.3569029126213592,1.1596768063398213
2019,3,Baltimore Orioles,110,721,0.777,0.3251027777777778,1.0727950142619842
2019,3,Milwaukee Brewers,158,739,0.796,0.33403274215552525,1.0359409307280187
2019,3,New York Yankees,147,733,0.806,0.33731830601092894,0.9720854258352433
2019,3,San Diego Padres,135,704,0.767,0.32389458689458694,1.0699782276258378
2019,3,Toronto Blue Jays,141,711,0.791,0.33217630465444287,1.079227191435678
2019,3,San Francisco Giants,137,721,0.707,0.30229526462395545,1.0190549366295514
2019,3,St. Louis Cardinals,138,715,0.751,0.32221428571428573,1.020067598997776
2019,3,Oakland Athletics,133,729,0.802,0.3333862068965517,1.0336390142171834
2019,3,New York Mets,121,737,0.766,0.3212079343365253,0.9942320533741413
2019,3,Seattle Mariners,136,723,0.712,0.3071833333333333,0.9626158481236388
2019,4,Houston Astros,117,728,1.011,0.41552348066298345,1.1922741528171554
2019,4,Boston Red Sox,111,744,0.928,0.38253405994550405,1.151540181159455
2019,4,Colorado Rockies,115,715,0.912,0.376314527503526,1.1689478654669232
2019,4,Chicago Cubs,112,705,0.91,0.37557977207977206,1.162214409689831
2019,4,Los Angeles Dodgers,119,712,0.995,0.4000998552821996,1.2303378582528686
2019,4,Washington Nationals,120,713,0.928,0.3848902953586498,1.1646977256678746
2019,4,Kansas City Royals,118,693,0.899,0.3754505813953488,1.264957075069104
2019,4,Pittsburgh Pirates,134,713,0.9,0.3664835948644793,1.2137821835692888
2019,4,Oakland Athletics,133,714,0.867,0.36329802259887,1.1174127497834139
2019,4,Cleveland Indians,114,698,0.816,0.3437159420289855,1.0795954679831905
2019,4,Minnesota Twins,142,727,0.761,0.3161542699724517,0.9148707555230556
2019,4,Atlanta Braves,144,708,0.886,0.37258748221906113,1.1234275536898288
2019,4,Texas Rangers,140,700,0.798,0.33499999999999996,1.0624058204516669
2019,4,New York Mets,121,715,0.86,0.3539212376933896,1.1162396421694014
2019,4,Arizona Diamondbacks,109,721,0.774,0.3277391910739191,1.0229443105719376
2019,4,St. Louis Cardinals,138,702,0.826,0.34534191702432043,1.121938530988233
2019,4,Miami Marlins,146,697,0.732,0.307700288184438,1.0891355715270257
2019,4,Los Angeles Angels,108,709,0.755,0.31851347517730494,1.0097664499007029
2019,4,Baltimore Orioles,110,702,0.789,0.32798858773181166,1.089363277030509
2019,4,Milwaukee Brewers,158,723,0.789,0.33231241283124124,1.0268308974175964
2019,4,San Francisco Giants,137,699,0.756,0.318736690647482,1.0896825064949658
2019,4,Detroit Tigers,116,689,0.706,0.2984643377001455,1.0348687425043308
2019,4,New York Yankees,147,722,0.752,0.31316178521617855,0.9069581144269266
2019,4,Seattle Mariners,136,708,0.838,0.3516265912305517,1.1329664055163051
2019,4,Philadelphia Phillies,143,713,0.843,0.3513748231966054,1.1288770759174012
2019,4,Tampa Bay Rays,139,718,0.697,0.29811436541143654,0.9206159232596771
2019,4,Chicago White Sox,145,685,0.712,0.3012639296187683,0.9783711916699682
2019,4,San Diego Padres,135,689,0.7,0.2927244897959183,0.9765120721487438
2019,4,Cincinnati Reds,113,697,0.721,0.30536758321273516,0.978740146616302
2019,4,Toronto Blue Jays,141,701,0.65,0.27996561604584524,0.8868491459332373
2019,5,Washington Nationals,120,701,0.868,0.3632103004291845,1.0893939934048653
2019,5,Chicago Cubs,112,689,0.931,0.3813708029197081,1.1890347422211347
2019,5,Miami Marlins,146,679,0.715,0.30355309734513275,1.0638414394013982
2019,5,New York Mets,121,706,0.803,0.34073676680972814,1.0422563170488715
2019,5,Los Angeles Dodgers,119,700,0.867,0.36238218390804594,1.0720632393017457
2019,5,Oakland Athletics,133,700,0.818,0.34651000000000004,1.054260241433486
2019,5,Baltimore Orioles,110,688,0.758,0.32349562682215743,1.046561931545153
2019,5,Atlanta Braves,144,699,0.765,0.3266203438395416,0.9700023460188704
2019,5,Cincinnati Reds,113,676,0.809,0.3391908284023668,1.0981980285888884
2019,5,Texas Rangers,140,690,0.905,0.37340233236151604,1.2048587312139831
2019,5,Seattle Mariners,136,691,0.844,0.35010289855072463,1.1410783368207178
2019,5,Chicago White Sox,145,671,0.737,0.30999552906110284,1.0127241127257958
2019,5,Houston Astros,117,714,0.904,0.3701179775280899,1.0660888567227582
2019,5,Cleveland Indians,114,678,0.827,0.3448177777777778,1.0941488382623756
2019,5,Minnesota Twins,142,711,0.821,0.34183497884344144,0.9870024839480008
2019,5,Boston Red Sox,111,727,0.781,0.32957004160887654,0.9691302602214811
2019,5,New York Yankees,147,702,0.835,0.3455716332378223,1.0070612041841538
2019,5,Milwaukee Brewers,158,707,0.837,0.3484507845934379,1.089299697260492
2019,5,San Diego Padres,135,677,0.802,0.33525887573964497,1.118803831233275
2019,5,Philadelphia Phillies,143,701,0.702,0.29677044476327114,0.9400613372408251
2019,5,Tampa Bay Rays,139,700,0.742,0.3135836909871244,0.9800531062534871
2019,5,Pittsburgh Pirates,134,699,0.663,0.28308057553956834,0.8941528752293761
2019,5,Arizona Diamondbacks,109,697,0.725,0.30898845598845603,0.958184270238572
2019,5,St. Louis Cardinals,138,688,0.711,0.30322594752186594,0.9657364352695323
2019,5,San Francisco Giants,137,684,0.704,0.29759264705882355,1.0147307996990158
2019,5,Colorado Rockies,115,698,0.695,0.29607647907647905,0.8908100509863065
2019,5,Los Angeles Angels,108,691,0.691,0.2933886462882096,0.9241703534852791
2019,5,Kansas City Royals,118,679,0.686,0.29528550295857986,0.9652508937679702
2019,5,Toronto Blue Jays,141,680,0.715,0.3019470588235294,0.9755340605265609
2019,5,Detroit Tigers,116,671,0.613,0.25808682634730534,0.8985475058854885
2019,6,Houston Astros,117,697,0.869,0.3632363112391931,1.024813292579731
2019,6,Pittsburgh Pirates,134,676,0.796,0.3307533632286995,1.0735229090235043
2019,6,St. Louis Cardinals,138,675,0.797,0.3382202380952381,1.0825484372852565
2019,6,Boston Red Sox,111,703,0.788,0.3315533141210375,0.9778164469328131
2019,6,Los Angeles Dodgers,119,688,0.833,0.343592700729927,1.0300215436428537
2019,6,Colorado Rockies,115,680,0.795,0.3339823269513991,1.0189841590418904
2019,6,Philadelphia Phillies,143,683,0.755,0.3158274336283186,1.0110346290837935
2019,6,New York Mets,121,686,0.752,0.3222616959064327,0.9760607103620813
2019,6,New York Yankees,147,674,0.814,0.3376369047619048,0.981733916414253
2019,6,Detroit Tigers,116,651,0.721,0.3051188271604938,1.0568560387331765
2019,6,Milwaukee Brewers,158,686,0.821,0.3448026509572901,1.0684767639795267
2019,6,Chicago White Sox,145,651,0.723,0.30874148606811147,0.9934864769345323
2019,6,Washington Nationals,120,681,0.801,0.3368689248895434,1.0053048257111719
2019,6,Toronto Blue Jays,141,660,0.748,0.31720789074355077,1.0205587094739408
2019,6,Atlanta Braves,144,684,0.741,0.3099573529411765,0.9395708998692587
2019,6,Los Angeles Angels,108,676,0.731,0.30896562032884906,0.977667913744919
2019,6,Oakland Athletics,133,685,0.769,0.32535242290748895,0.9911077330835586
2019,6,Tampa Bay Rays,139,683,0.745,0.3154587020648968,0.984015585119741
2019,6,Texas Rangers,140,673,0.822,0.3447275449101796,1.0943578752020928
2019,6,Minnesota Twins,142,689,0.723,0.3100451237263464,0.8691873275205902
2019,6,San Diego Padres,135,653,0.716,0.30476993865030677,0.9988323480835722
2019,6,Chicago Cubs,112,677,0.751,0.3170134328358209,0.9591461776671022
2019,6,Arizona Diamondbacks,109,676,0.696,0.29945857988165686,0.9198568994290292
2019,6,Kansas City Royals,118,663,0.681,0.29081183611532624,0.958215537399399
2019,6,Baltimore Orioles,110,672,0.704,0.2996776119402985,0.9720047490867912
2019,6,Cleveland Indians,114,661,0.704,0.30051219512195115,0.9314156978678506
2019,6,Cincinnati Reds,113,658,0.653,0.2803181126331811,0.8864317832738493
2019,6,San Francisco Giants,137,673,0.692,0.2907198211624441,0.9974342519768734
2019,6,Seattle Mariners,136,673,0.749,0.31353353204172874,1.0126394245008503
2019,6,Miami Marlins,146,663,0.584,0.25200757575757576,0.8689278330215615
2019,7,Minnesota Twins,142,672,0.868,0.36534626865671643,1.043505671214208
2019,7,New York Yankees,147,659,0.836,0.3495327245053273,1.0082672655065301
2019,7,Miami Marlins,146,629,0.734,0.3130605095541401,1.0921113517770997
2019,7,Philadelphia Phillies,143,663,0.759,0.3192511485451761,1.0163911039398665
2019,7,Atlanta Braves,144,667,0.814,0.3428225563909775,1.0321332152409939
2019,7,St. Louis Cardinals,138,657,0.813,0.3460289634146341,1.1042809027765539
2019,7,Los Angeles Dodgers,119,668,0.797,0.3327037593984963,0.9855068070628507
2019,7,Seattle Mariners,136,651,0.792,0.33402,1.0707749321824747
2019,7,Houston Astros,117,679,0.746,0.31810401188707277,0.8797591671628071
2019,7,Milwaukee Brewers,158,667,0.743,0.3159152798789712,0.9669649642348215
2019,7,Colorado Rockies,115,665,0.698,0.2971376701966717,0.8946552742279741
2019,7,Cincinnati Reds,113,644,0.681,0.29035925349922237,0.9244411093560357
2019,7,Boston Red Sox,111,681,0.723,0.3080902366863905,0.8971589988990151
2019,7,Pittsburgh Pirates,134,656,0.632,0.27442024539877297,0.8523448222397673
2019,7,Chicago White Sox,145,640,0.701,0.29739082278481016,0.963255906405404
2019,7,Arizona Diamondbacks,109,663,0.75,0.3139863636363637,0.9912251071433504
2019,7,New York Mets,121,663,0.705,0.30011987860394534,0.9150569159644512
2019,7,San Francisco Giants,137,651,0.694,0.29212928348909656,1.0003170099305638
2019,7,Chicago Cubs,112,656,0.718,0.3058827160493827,0.9169999408321963
2019,7,Detroit Tigers,116,633,0.668,0.2809857142857143,0.9791675920579223
2019,7,Oakland Athletics,133,665,0.701,0.2990754147812971,0.9034675174142711
2019,7,Tampa Bay Rays,139,672,0.66,0.28144693572496265,0.871745350575878
2019,7,Washington Nationals,120,661,0.72,0.3086442748091603,0.9036447871561095
2019,7,Los Angeles Angels,108,664,0.73,0.312786686838124,0.976330474738428
2019,7,Texas Rangers,140,663,0.697,0.29679545454545453,0.927940923376957
2019,7,Cleveland Indians,114,648,0.674,0.289225352112676,0.8917246880155275
2019,7,San Diego Padres,135,633,0.658,0.2832047619047619,0.9179213478198193
2019,7,Baltimore Orioles,110,655,0.633,0.2735353846153846,0.8739758610396859
2019,7,Toronto Blue Jays,141,642,0.685,0.2905054773082942,0.9346025614834885
2019,7,Kansas City Royals,118,640,0.53,0.23091993720565146,0.7457477750685484
2019,8,New York Yankees,147,639,0.808,0.34008163265306124,0.9744975484799957
2019,8,Minnesota Twins,142,653,0.869,0.35979598145285935,1.044707866687957
2019,8,Cleveland Indians,114,623,0.73,0.30821521035598703,0.9658145730731974
2019,8,Chicago Cubs,112,639,0.752,0.31793880837359095,0.9604233363590691
2019,8,Atlanta Braves,144,647,0.765,0.3232132701421801,0.9700023460188704
2019,8,San Francisco Giants,137,633,0.689,0.288723642172524,0.9931101150463378
2019,8,Baltimore Orioles,110,634,0.719,0.30801267828843104,0.9927150775474473
2019,8,Chicago White Sox,145,622,0.629,0.27600162074554296,0.8643194937646208
2019,8,Oakland Athletics,133,643,0.738,0.309303738317757,0.9511541053519716
2019,8,St. Louis Cardinals,138,634,0.73,0.3086314102564103,0.9915437380404482
2019,8,Los Angeles Dodgers,119,645,0.722,0.3024486571879937,0.892767772521177
2019,8,Washington Nationals,120,646,0.696,0.2924433811802233,0.8735232942509059
2019,8,Texas Rangers,140,636,0.682,0.29043670886075945,0.9079708891579409
2019,8,Boston Red Sox,111,661,0.725,0.31077251908396947,0.8996407665308243
2019,8,Pittsburgh Pirates,134,638,0.66,0.27950809061488674,0.8901069346174785
2019,8,Toronto Blue Jays,141,621,0.733,0.3078009708737864,1.0000929599524044
2019,8,New York Mets,121,646,0.649,0.2740031545741325,0.8423715439162112
2019,8,Tampa Bay Rays,139,646,0.681,0.2913457364341085,0.8994827026396559
2019,8,Cincinnati Reds,113,625,0.696,0.2930331125827815,0.9448032483286355
2019,8,Colorado Rockies,115,642,0.646,0.27840764331210194,0.8280047380390706
2019,8,San Diego Padres,135,611,0.684,0.2936933333333333,0.9541917962139155
2019,8,Arizona Diamondbacks,109,647,0.791,0.3289920508744038,1.045412079667187
2019,8,Seattle Mariners,136,637,0.701,0.29641352201257865,0.9477439740655488
2019,8,Philadelphia Phillies,143,645,0.679,0.28004012841091497,0.909261606818405
2019,8,Kansas City Royals,118,625,0.621,0.27068659127625205,0.8737912609765445
2019,8,Detroit Tigers,116,618,0.658,0.27799511400651467,0.9645093945720252
2019,8,Miami Marlins,146,612,0.616,0.26487873754152824,0.916540317022743
2019,8,Los Angeles Angels,108,648,0.669,0.2920061919504644,0.8947466953424772
2019,8,Houston Astros,117,663,0.683,0.2929319213313162,0.8054631517053583
2019,8,Milwaukee Brewers,158,643,0.625,0.26710094637223974,0.8133958312877031
2019,9,New York Yankees,147,612,0.82,0.3466402640264027,0.9889702843485103
2019,9,Tampa Bay Rays,139,622,0.739,0.3145388349514563,0.9760906273872331
2019,9,Minnesota Twins,142,638,0.747,0.31664183835182247,0.8980400188905684
2019,9,Houston Astros,117,640,0.725,0.30817693522906797,0.8549938286769908
2019,9,Oakland Athletics,133,618,0.673,0.2866954397394137,0.8673803697857412
2019,9,Seattle Mariners,136,616,0.628,0.27378688524590167,0.8490488098618612
2019,9,Detroit Tigers,116,602,0.638,0.27259030100334447,0.9351929996002311
2019,9,Pittsburgh Pirates,134,617,0.609,0.2621094017094017,0.8213259442152188
2019,9,Boston Red Sox,111,645,0.616,0.26403767660910515,0.7643844305972245
2019,9,Kansas City Royals,118,604,0.609,0.2648612040133779,0.8569064056919735
2019,9,Toronto Blue Jays,141,599,0.654,0.2770795262267343,0.8923066791389803
2019,9,Los Angeles Angels,108,624,0.584,0.2506306451612903,0.7810643797907424
2019,9,Chicago White Sox,145,598,0.602,0.2638673469387755,0.8272183390243271
2019,9,New York Mets,121,623,0.598,0.25883554817275745,0.776175937229421
2019,9,Cleveland Indians,114,614,0.611,0.2647296849087894,0.8083735673256488
2019,9,Washington Nationals,120,626,0.53,0.23151505016722407,0.6651829683232473
2019,9,Baltimore Orioles,110,615,0.582,0.2542297520661157,0.8035607442734553
2019,9,San Francisco Giants,137,610,0.577,0.24843918918918917,0.8316756696396762
2019,9,St. Louis Cardinals,138,615,0.536,0.23251198630136988,0.7280375939584661
2019,9,Texas Rangers,140,620,0.555,0.24138888888888888,0.7388912661036029
2019,9,Los Angeles Dodgers,119,623,0.566,0.24691212653778558,0.699870580674496
2019,9,Milwaukee Brewers,158,622,0.559,0.24277924217462932,0.7275012315037217
2019,9,Arizona Diamondbacks,109,629,0.575,0.24388313856427382,0.7599392488099019
2019,9,San Diego Padres,135,595,0.544,0.23976241134751772,0.7588893817841667
2019,9,Philadelphia Phillies,143,619,0.515,0.2253344481605351,0.6896461377194087
2019,9,Colorado Rockies,115,625,0.529,0.22837649063032367,0.6780410316140377
2019,9,Chicago Cubs,112,619,0.51,0.22183444816053507,0.6513509329030921
2019,9,Cincinnati Reds,113,609,0.518,0.22733843537414963,0.7031725325204501
2019,9,Miami Marlins,146,592,0.462,0.20607407407407405,0.6874052377670573
2019,9,Atlanta Braves,144,628,0.454,0.20021322314049586,0.5756615229968198
2020,1,New York Yankees,147,272,0.988,0.41903676470588236,1.255769923129038
2020,1,Chicago White Sox,145,278,0.871,0.37102158273381297,1.117593855080929
2020,1,Los Angeles Angels,108,283,0.773,0.33936524822695036,1.012555321851436
2020,1,Washington Nationals,120,271,0.896,0.37928888888888895,1.1640705402867697
2020,1,Colorado Rockies,115,275,0.744,0.3254448529411764,1.0392572737450776
2020,1,Kansas City Royals,118,266,0.772,0.333203007518797,1.0866936335262645
2020,1,Atlanta Braves,144,283,0.927,0.39287544483985765,1.1115710638994472
2020,1,Philadelphia Phillies,143,273,0.752,0.3253772893772894,0.9614504438027219
2020,1,Boston Red Sox,111,285,0.742,0.32398936170212767,0.9565691782672994
2020,1,Los Angeles Dodgers,119,283,0.869,0.3694361702127659,1.0596065680103277
2020,1,San Diego Padres,135,274,0.841,0.3569633699633699,1.052879934591706
2020,1,St. Louis Cardinals,138,250,0.666,0.3046008064516129,0.9590508352237574
2020,1,Toronto Blue Jays,141,284,0.812,0.3543816254416961,1.0618586785737607
2020,1,Arizona Diamondbacks,109,274,0.753,0.3320183150183151,1.0704073446661422
2020,1,Houston Astros,117,275,0.809,0.34493772893772895,1.1246496503051644
2020,1,San Francisco Giants,137,276,0.871,0.3706849816849817,1.1089106734657992
2020,1,New York Mets,121,280,0.767,0.33586785714285716,0.9506709653699854
2020,1,Detroit Tigers,116,256,0.68,0.292296875,0.9701674605470868
2020,1,Oakland Athletics,133,269,0.748,0.32230111524163574,1.04168583296688
2020,1,Cleveland Indians,114,278,0.688,0.3042072727272727,0.9994969981522117
2020,1,Miami Marlins,146,270,0.672,0.295406015037594,0.9554761489211212
2020,1,Baltimore Orioles,110,278,0.599,0.2638550724637681,0.7986490930618831
2020,1,Minnesota Twins,142,264,0.719,0.3144204545454546,0.9671965551046746
2020,1,Seattle Mariners,136,264,0.617,0.2790984848484849,0.9090937956007134
2020,1,Tampa Bay Rays,139,281,0.705,0.3039288256227758,0.9378309462060914
2020,1,Texas Rangers,140,266,0.664,0.2922377358490566,1.0235260331409208
2020,1,Pittsburgh Pirates,134,262,0.638,0.2761870229007633,0.9945324136198052
2020,1,Milwaukee Brewers,158,268,0.587,0.2657078651685393,0.8345333464153277
2020,1,Cincinnati Reds,113,262,0.633,0.28638167938931297,0.8848669893521687
2020,1,Chicago Cubs,112,270,0.725,0.31494814814814814,1.0282363838672295
2020,2,Colorado Rockies,115,270,0.885,0.3755576208178439,1.2362132893338624
2020,2,Atlanta Braves,144,279,0.896,0.38247636363636367,1.074398784524169
2020,2,Detroit Tigers,116,246,0.822,0.34800408163265306,1.1727612537789782
2020,2,Baltimore Orioles,110,267,0.928,0.3851254752851711,1.2373061074481264
2020,2,San Francisco Giants,137,268,0.826,0.3519402985074627,1.0516190772477039
2020,2,Pittsburgh Pirates,134,255,0.766,0.33357370517928286,1.1940624276375718
2020,2,Washington Nationals,120,265,0.829,0.35021621621621624,1.077025086939433
2020,2,New York Yankees,147,267,0.973,0.4041127819548872,1.23670459028801
2020,2,Cleveland Indians,114,267,0.844,0.3637481203007519,1.2261271314541666
2020,2,Los Angeles Dodgers,119,275,0.879,0.3677781818181818,1.0717999692532545
2020,2,Los Angeles Angels,108,278,0.91,0.3793623188405797,1.1920120865262702
2020,2,Tampa Bay Rays,139,269,0.862,0.3628996282527881,1.1466812420278736
2020,2,Toronto Blue Jays,141,275,0.755,0.3181721611721612,0.98731933783644
2020,2,Philadelphia Phillies,143,267,0.849,0.36703370786516853,1.0854673228570624
2020,2,Arizona Diamondbacks,109,266,0.693,0.303484962406015,0.9851159227803936
2020,2,San Diego Padres,135,267,0.859,0.36192452830188676,1.0754148202310052
2020,2,Boston Red Sox,111,275,0.756,0.3228138686131387,0.9746176533289466
2020,2,Texas Rangers,140,259,0.639,0.28639382239382233,0.9849896614112175
2020,2,Kansas City Royals,118,259,0.76,0.32624031007751947,1.0698020226424365
2020,2,Minnesota Twins,142,259,0.733,0.318828125,0.9860293113932218
2020,2,New York Mets,121,274,0.749,0.3354014598540146,0.9283605646181474
2020,2,Chicago White Sox,145,272,0.76,0.3280404411764706,0.9751680021372057
2020,2,Oakland Athletics,133,263,0.751,0.33099239543726233,1.045863717323699
2020,2,St. Louis Cardinals,138,242,0.628,0.2774504132231405,0.9043302169977773
2020,2,Seattle Mariners,136,261,0.734,0.32527586206896547,1.08148273252986
2020,2,Houston Astros,117,267,0.633,0.2811353383458646,0.879979269027403
2020,2,Chicago Cubs,112,266,0.712,0.3153132075471698,1.0097990418116791
2020,2,Miami Marlins,146,263,0.625,0.2718631178707224,0.8886496920769356
2020,2,Cincinnati Reds,113,255,0.732,0.3106086956521739,1.0232585090138822
2020,2,Milwaukee Brewers,158,260,0.74,0.32160311284046694,1.0520522595355069
2020,3,Colorado Rockies,115,259,0.839,0.35760000000000003,1.1719581353119892
2020,3,Atlanta Braves,144,273,1.062,0.44332592592592596,1.273450345049852
2020,3,Cleveland Indians,114,263,0.962,0.4052519083969466,1.397552488695389
2020,3,San Francisco Giants,137,262,0.824,0.3561717557251909,1.0490727840824552
2020,3,St. Louis Cardinals,138,237,0.877,0.38458474576271184,1.2628942680048578
2020,3,New York Mets,121,268,0.797,0.34732835820895525,0.9878549666230488
2020,3,Washington Nationals,120,258,0.937,0.3856666666666666,1.2173371609918564
2020,3,Baltimore Orioles,110,264,0.751,0.32425378787878784,1.0013113003163177
2020,3,Kansas City Royals,118,255,0.882,0.37117254901960783,1.241533399961354
2020,3,Philadelphia Phillies,143,259,0.936,0.394632,1.1966989566480688
2020,3,Minnesota Twins,142,253,0.897,0.37587398373983744,1.2066415993447748
2020,3,Arizona Diamondbacks,109,263,0.79,0.3400114503816794,1.123003721495687
2020,3,San Diego Padres,135,262,0.861,0.36056589147286827,1.0779186964131495
2020,3,Chicago White Sox,145,263,0.869,0.3682623574144487,1.1150276234963574
2020,3,Houston Astros,117,261,0.786,0.3390346153846154,1.0926756800245478
2020,3,Los Angeles Dodgers,119,270,0.831,0.3564981412639405,1.0132716432872064
2020,3,Tampa Bay Rays,139,263,0.817,0.3601800766283525,1.086819692270038
2020,3,Seattle Mariners,136,256,0.783,0.3426796875,1.1536798086796736
2020,3,Boston Red Sox,111,264,0.75,0.3229732824427481,0.9668825925882406
2020,3,Milwaukee Brewers,158,255,0.884,0.37470472440944885,1.256775942472146
2020,3,Miami Marlins,146,253,0.738,0.32300395256916997,1.0493175564044455
2020,3,Detroit Tigers,116,243,0.73,0.31687190082644623,1.0415033032343726
2020,3,Toronto Blue Jays,141,264,0.697,0.3009847908745247,0.9114722893668856
2020,3,Los Angeles Angels,108,273,0.843,0.35458582089552243,1.1042485592765336
2020,3,New York Yankees,147,255,0.72,0.32251181102362203,0.9151359763693394
2020,3,Chicago Cubs,112,261,0.675,0.2918798449612403,0.9573235298074206
2020,3,Cincinnati Reds,113,250,0.767,0.334992,1.072184803843781
2020,3,Pittsburgh Pirates,134,250,0.557,0.24884399999999998,0.8682673266241873
2020,3,Oakland Athletics,133,258,0.599,0.2642906976744186,0.8341842432448678
2020,3,Texas Rangers,140,253,0.431,0.19322134387351778,0.6643670486200857
2020,4,San Francisco Giants,137,257,0.992,0.4141372549019608,1.2629614099633442
2020,4,Atlanta Braves,144,271,0.908,0.3860223880597015,1.0887880539597603
2020,4,New York Mets,121,258,0.879,0.37253875968992256,1.0894912367147551
2020,4,Boston Red Sox,111,261,0.888,0.3736115384615385,1.144788989624477
2020,4,Detroit Tigers,116,237,0.884,0.37958898305084743,1.2612176987112127
2020,4,Houston Astros,117,255,0.806,0.3444527559055119,1.1204791324424752
2020,4,Los Angeles Angels,108,268,0.787,0.3439701492537313,1.0308939693364556
2020,4,Washington Nationals,120,254,0.821,0.340866935483871,1.066631599972587
2020,4,Chicago White Sox,145,256,0.823,0.34838823529411767,1.0560042970512107
2020,4,Seattle Mariners,136,252,0.834,0.35525301204819276,1.2288237042641734
2020,4,Miami Marlins,146,249,0.796,0.3447590361445783,1.1317842478291853
2020,4,Arizona Diamondbacks,109,258,0.73,0.3095525291828794,1.0377122996099386
2020,4,Toronto Blue Jays,141,256,0.816,0.3466171875,1.0670895095026953
2020,4,Philadelphia Phillies,143,254,0.799,0.3428188976377953,1.0215410965403922
2020,4,San Diego Padres,135,258,0.794,0.3383178294573643,0.9940388443113134
2020,4,Oakland Athletics,133,252,0.845,0.36217131474103587,1.176770760504029
2020,4,Minnesota Twins,142,247,0.811,0.3434048582995951,1.090954667857985
2020,4,Kansas City Royals,118,255,0.749,0.321904,1.0543180459989276
2020,4,Baltimore Orioles,110,255,0.772,0.3305551181102362,1.029310684213312
2020,4,New York Yankees,147,249,0.785,0.3425991902834008,0.9977524186804604
2020,4,Los Angeles Dodgers,119,262,0.707,0.3066360153256705,0.8620734678749156
2020,4,Milwaukee Brewers,158,252,0.793,0.34114,1.127401948394131
2020,4,Colorado Rockies,115,256,0.662,0.27477470355731226,0.9247154774452169
2020,4,Tampa Bay Rays,139,256,0.697,0.30467984189723324,0.9271888929158095
2020,4,Cincinnati Reds,113,243,0.799,0.3375867768595041,1.1169174162596884
2020,4,Texas Rangers,140,246,0.726,0.3139262295081967,1.119096235030585
2020,4,Pittsburgh Pirates,134,245,0.65,0.27834439834024893,1.0132383524339708
2020,4,Cleveland Indians,114,256,0.696,0.31505098039215684,1.0111190562702606
2020,4,St. Louis Cardinals,138,227,0.702,0.31031858407079643,1.010891420911528
2020,4,Chicago Cubs,112,254,0.658,0.28721825396825396,0.9332131594270856
2020,5,Boston Red Sox,111,258,0.994,0.4196264591439689,1.2814417293769482
2020,5,Philadelphia Phillies,143,246,0.871,0.37104545454545457,1.1135948624363974
2020,5,Baltimore Orioles,110,245,0.864,0.37239183673469395,1.1519746517620486
2020,5,Toronto Blue Jays,141,250,0.851,0.3620645161290323,1.1128592801308748
2020,5,New York Mets,121,251,0.869,0.3641004016064257,1.0770965696304007
2020,5,Texas Rangers,140,238,0.839,0.36031512605042015,1.2932806352488442
2020,5,San Diego Padres,135,250,0.837,0.35750602409638554,1.047872182227417
2020,5,Cleveland Indians,114,252,0.775,0.33363745019920316,1.1258868801859945
2020,5,Miami Marlins,146,239,0.782,0.3381924686192469,1.1118784947266618
2020,5,Seattle Mariners,136,246,0.788,0.3340734693877551,1.1610468572663892
2020,5,Colorado Rockies,115,250,0.666,0.2912955465587045,0.930302882142771
2020,5,Los Angeles Dodgers,119,259,0.85,0.3568046875,1.036439105648767
2020,5,Washington Nationals,120,248,0.693,0.3071088709677419,0.9003358085030484
2020,5,Cincinnati Reds,113,236,0.869,0.3664595744680851,1.214770005919486
2020,5,Houston Astros,117,250,0.779,0.3273870967741936,1.0829444716782732
2020,5,Detroit Tigers,116,233,0.697,0.30512931034482754,0.9944216470607639
2020,5,New York Yankees,147,247,0.767,0.33284552845528453,0.9748740192712269
2020,5,Atlanta Braves,144,263,0.764,0.32718250950570343,0.9161168207326619
2020,5,St. Louis Cardinals,138,224,0.654,0.29256696428571427,0.9417706399945005
2020,5,Los Angeles Angels,108,254,0.785,0.33484251968503936,1.0282741625528815
2020,5,Arizona Diamondbacks,109,252,0.683,0.292781746031746,0.9709006857994358
2020,5,Chicago White Sox,145,252,0.789,0.33862549800796815,1.0123783601134937
2020,5,Kansas City Royals,118,248,0.645,0.2885685483870968,0.9079240850057521
2020,5,Tampa Bay Rays,139,253,0.767,0.32974308300395255,1.020306859205776
2020,5,Milwaukee Brewers,158,247,0.632,0.27766666666666673,0.8985094973330275
2020,5,Pittsburgh Pirates,134,237,0.692,0.29594042553191485,1.0787091382835503
2020,5,San Francisco Giants,137,254,0.726,0.30644664031620555,0.92430441898527
2020,5,Oakland Athletics,133,248,0.677,0.29541463414634145,0.9428092365221629
2020,5,Minnesota Twins,142,240,0.668,0.28472803347280334,0.8985915143392527
2020,5,Chicago Cubs,112,247,0.693,0.2998821138211382,0.9828521572689518
2020,6,Arizona Diamondbacks,109,241,0.869,0.36903347280334725,1.2353040936452555
2020,6,Boston Red Sox,111,253,0.801,0.3467976190476191,1.032630608884241
2020,6,Toronto Blue Jays,141,244,0.862,0.3653744855967079,1.1272440651854454
2020,6,Washington Nationals,120,240,0.785,0.3391416666666666,1.0198609086217794
2020,6,Chicago Cubs,112,239,0.857,0.37087341772151894,1.2154463185851252
2020,6,Baltimore Orioles,110,242,0.823,0.3523933054393305,1.097309187963155
2020,6,Atlanta Braves,144,253,0.807,0.3443730158730158,0.9676783695435316
2020,6,Los Angeles Dodgers,119,250,0.854,0.36750200803212857,1.0413164661459378
2020,6,New York Yankees,147,242,0.8,0.33921666666666667,1.0168177515214882
2020,6,Oakland Athletics,133,241,0.86,0.36393333333333344,1.197660182288124
2020,6,Tampa Bay Rays,139,247,0.805,0.3427764227642276,1.070856612334615
2020,6,Colorado Rockies,115,245,0.756,0.32507786885245904,1.05601948783774
2020,6,Houston Astros,117,240,0.681,0.2983458333333333,0.9467075548304289
2020,6,Texas Rangers,140,232,0.769,0.32231601731601733,1.1853787944056748
2020,6,Kansas City Royals,118,240,0.681,0.2930543933054393,0.958598917657236
2020,6,Philadelphia Phillies,143,241,0.704,0.3051392405063291,0.9000812665387183
2020,6,Miami Marlins,146,230,0.683,0.3063728070175438,0.9711163835016753
2020,6,San Francisco Giants,137,245,0.636,0.28078189300411527,0.8097212265490796
2020,6,San Diego Padres,135,243,0.769,0.3259135802469136,0.9627403920345088
2020,6,Chicago White Sox,145,247,0.746,0.3205951417004049,0.9572043810452044
2020,6,Minnesota Twins,142,238,0.718,0.3038109243697479,0.9658513582269211
2020,6,Los Angeles Angels,108,248,0.722,0.3115447154471544,0.9457502488702935
2020,6,Cleveland Indians,114,244,0.68,0.29672016460905354,0.9878749400341629
2020,6,Pittsburgh Pirates,134,230,0.714,0.3107860262008733,1.113003359442854
2020,6,New York Mets,121,249,0.786,0.3290612244897959,0.974220832830259
2020,6,Milwaukee Brewers,158,238,0.671,0.28833193277310926,0.953955494795034
2020,6,St. Louis Cardinals,138,218,0.629,0.2731981566820276,0.905770233266882
2020,6,Detroit Tigers,116,227,0.52,0.2356431718061674,0.7418927639477723
2020,6,Seattle Mariners,136,237,0.599,0.2658347457627119,0.8825724206885369
2020,6,Cincinnati Reds,113,229,0.528,0.24152631578947367,0.7380881048624724
2020,7,New York Mets,121,240,0.901,0.38550840336134456,1.1167595043003349
2020,7,San Diego Padres,135,232,0.816,0.3544718614718615,1.0215814823149012
2020,7,Toronto Blue Jays,141,236,0.739,0.3251652542372881,0.9663960141207009
2020,7,Los Angeles Dodgers,119,247,0.84,0.35428571428571426,1.0242457044058404
2020,7,San Francisco Giants,137,240,0.802,0.34214644351464435,1.02106355926472
2020,7,Washington Nationals,120,232,0.624,0.28778879310344824,0.8106919834140004
2020,7,Chicago White Sox,145,240,0.701,0.2992352941176471,0.8994641703923436
2020,7,Minnesota Twins,142,231,0.68,0.302056277056277,0.9147338768722931
2020,7,Chicago Cubs,112,234,0.694,0.3057896995708154,0.984270414350148
2020,7,Milwaukee Brewers,158,231,0.644,0.28425652173913046,0.9155698042444141
2020,7,Houston Astros,117,234,0.707,0.30235042735042733,0.9828520429737344
2020,7,Boston Red Sox,111,245,0.711,0.3055510204081633,0.916604697773652
2020,7,Tampa Bay Rays,139,236,0.697,0.3022330508474576,0.9271888929158095
2020,7,Kansas City Royals,118,236,0.621,0.26954893617021275,0.8741408632380961
2020,7,St. Louis Cardinals,138,210,0.685,0.30298086124401913,0.9864111443367476
2020,7,Miami Marlins,146,227,0.623,0.2709013452914798,0.8858060130622893
2020,7,Detroit Tigers,116,221,0.619,0.27001357466063347,0.8831377324685981
2020,7,New York Yankees,147,235,0.636,0.2861531914893617,0.8083701124595831
2020,7,Pittsburgh Pirates,134,226,0.591,0.2531688888888889,0.9212674865976564
2020,7,Oakland Athletics,133,231,0.636,0.2830086956521739,0.885711483645636
2020,7,Atlanta Braves,144,249,0.698,0.29604819277108435,0.8369758388369083
2020,7,Arizona Diamondbacks,109,235,0.587,0.2602307692307692,0.8344344107822382
2020,7,Los Angeles Angels,108,242,0.635,0.27657024793388435,0.8317886537848149
2020,7,Philadelphia Phillies,143,237,0.674,0.29020851063829795,0.8617255307487163
2020,7,Texas Rangers,140,223,0.552,0.2459013452914798,0.8508830877918498
2020,7,Cincinnati Reds,113,223,0.602,0.2696486486486487,0.8415322710742583
2020,7,Baltimore Orioles,110,238,0.627,0.2701898734177215,0.8359816049245422
2020,7,Seattle Mariners,136,229,0.547,0.24433187772925763,0.8059551153866941
2020,7,Colorado Rockies,115,242,0.485,0.2129330543933054,0.6774728195784443
2020,7,Cleveland Indians,114,236,0.457,0.2080214592274678,0.6639100699935476
2020,8,New York Mets,121,233,0.935,0.3949613733905579,1.15890137238714
2020,8,Baltimore Orioles,110,230,0.774,0.33624454148471616,1.031977292203502
2020,8,Philadelphia Phillies,143,228,0.771,0.3295991189427313,0.9857424098030566
2020,8,Chicago White Sox,145,235,0.702,0.3055872340425532,0.9007472861846294
2020,8,Colorado Rockies,115,232,0.83,0.3456120689655172,1.1593864747424922
2020,8,Washington Nationals,120,230,0.737,0.3179956331877729,0.9574999868207024
2020,8,Tampa Bay Rays,139,231,0.743,0.32420524017467245,0.9883806993349304
2020,8,Milwaukee Brewers,158,223,0.723,0.3149819819819819,1.0278834914110426
2020,8,Miami Marlins,146,221,0.655,0.2913076923076923,0.9313048772966285
2020,8,Los Angeles Dodgers,119,238,0.775,0.331626050420168,0.9449885963268171
2020,8,San Francisco Giants,137,232,0.692,0.3027260869565217,0.8810174351760425
2020,8,Atlanta Braves,144,241,0.694,0.30039834024896267,0.832179415691711
2020,8,St. Louis Cardinals,138,204,0.754,0.3203743842364532,1.0857722669049745
2020,8,Oakland Athletics,133,224,0.669,0.2963452914798206,0.9316682115706454
2020,8,New York Yankees,147,225,0.747,0.32236444444444445,0.9494535754831896
2020,8,Chicago Cubs,112,226,0.697,0.30811504424778763,0.9885251855937365
2020,8,Toronto Blue Jays,141,230,0.699,0.3035657894736842,0.914087704831353
2020,8,Los Angeles Angels,108,233,0.716,0.3105021645021645,0.9378908285195707
2020,8,Seattle Mariners,136,224,0.663,0.2833839285714286,0.9768706425984975
2020,8,Kansas City Royals,118,226,0.633,0.2801863636363636,0.8910324741219241
2020,8,Cincinnati Reds,113,216,0.698,0.3088101851851852,0.9757301083219806
2020,8,Pittsburgh Pirates,134,219,0.569,0.2538858447488584,0.8869732654383528
2020,8,Houston Astros,117,227,0.624,0.27038666666666666,0.8674677154393357
2020,8,Minnesota Twins,142,223,0.654,0.2771434977578475,0.8797587580507055
2020,8,Boston Red Sox,111,235,0.639,0.27592274678111584,0.823783968885181
2020,8,Detroit Tigers,116,210,0.551,0.23959523809523808,0.7861209864138894
2020,8,Texas Rangers,140,220,0.611,0.2640818181818182,0.9418289250739497
2020,8,San Diego Padres,135,226,0.564,0.24323318385650225,0.7060930833647112
2020,8,Cleveland Indians,114,230,0.492,0.23209170305676857,0.7147565742600119
2020,8,Arizona Diamondbacks,109,227,0.519,0.23814096916299557,0.7377707993117235
2020,9,Chicago White Sox,145,224,0.725,0.3173811659192825,0.9302589494072027
2020,9,Minnesota Twins,142,213,0.801,0.3509248826291079,1.0775026990804513
2020,9,San Diego Padres,135,219,0.817,0.3601698113207547,1.0228334204059735
2020,9,Detroit Tigers,116,203,0.783,0.3341527093596059,1.1171192964828955
2020,9,Cincinnati Reds,113,209,0.81,0.3516411483253588,1.1322942517776566
2020,9,Miami Marlins,146,215,0.759,0.32746226415094337,1.0791761860582305
2020,9,Boston Red Sox,111,228,0.678,0.29627753303964754,0.8740618636997696
2020,9,Los Angeles Angels,108,229,0.656,0.29551982378854624,0.8592966250123442
2020,9,Atlanta Braves,144,232,0.691,0.2989393939393939,0.8285820983328132
2020,9,San Francisco Giants,137,225,0.66,0.2902959641255606,0.8402767445320638
2020,9,Philadelphia Phillies,143,218,0.651,0.2881028037383177,0.8323194666430478
2020,9,Los Angeles Dodgers,119,232,0.761,0.3309304347826087,0.9279178345867197
2020,9,Arizona Diamondbacks,109,222,0.677,0.2946981981981982,0.9623715436108609
2020,9,Chicago Cubs,112,217,0.63,0.28262499999999996,0.8935019611535926
2020,9,Baltimore Orioles,110,223,0.601,0.26866976744186044,0.8013157010520732
2020,9,New York Mets,121,226,0.577,0.25695555555555555,0.7151722907672511
2020,9,Colorado Rockies,115,228,0.543,0.24432589285714285,0.75849018769298
2020,9,Texas Rangers,140,210,0.607,0.26387081339712914,0.9356631055971971
2020,9,Kansas City Royals,118,215,0.613,0.2741168224299065,0.8628797893155442
2020,9,Toronto Blue Jays,141,224,0.63,0.27504128440366976,0.823855871307228
2020,9,Oakland Athletics,133,215,0.662,0.301214953271028,0.9219198147380677
2020,9,Houston Astros,117,220,0.618,0.2830139534883721,0.8591266797139574
2020,9,Milwaukee Brewers,158,214,0.646,0.2893644859813084,0.9184131887296453
2020,9,Pittsburgh Pirates,134,210,0.579,0.2553429951690821,0.9025615477834907
2020,9,Cleveland Indians,114,221,0.528,0.24219090909090907,0.7670558357912323
2020,9,St. Louis Cardinals,138,199,0.651,0.28804040404040404,0.9374505911871863
2020,9,Tampa Bay Rays,139,225,0.655,0.2896053811659193,0.8713181131418297
2020,9,Seattle Mariners,136,212,0.498,0.23320574162679422,0.7337580392368805
2020,9,Washington Nationals,120,220,0.545,0.24114611872146122,0.7080562996163946
2020,9,New York Yankees,147,218,0.599,0.2719124423963134,0.7613422914517143
2021,1,Chicago White Sox,145,739,0.763,0.3276037991858887,1.005746420430504
2021,1,Baltimore Orioles,110,730,0.884,0.37523310344827593,1.252519023517833
2021,1,Cincinnati Reds,113,755,0.887,0.38016710875331566,1.1685969765296842
2021,1,Pittsburgh Pirates,134,731,0.726,0.31686145404663923,1.0791994512146794
2021,1,Houston Astros,117,773,0.821,0.3499700520833333,1.047947306718868
2021,1,Kansas City Royals,118,735,0.709,0.30529155313351497,1.0104941603982012
2021,1,Los Angeles Dodgers,119,768,0.866,0.36735816993464054,1.1415983933451865
2021,1,Tampa Bay Rays,139,764,0.87,0.3707811271297509,1.159953450014453
2021,1,Minnesota Twins,142,745,0.763,0.32819111709286675,1.0333243017534042
2021,1,Washington Nationals,120,751,0.821,0.3516742627345845,1.0876099821930754
2021,1,Toronto Blue Jays,141,749,0.859,0.36295582329317266,1.078056453683805
2021,1,New York Mets,121,723,0.757,0.33392361111111113,1.0734780460872344
2021,1,St. Louis Cardinals,138,740,0.722,0.31154533152909336,0.9977852949758184
2021,1,Miami Marlins,146,722,0.723,0.3123888888888889,1.0792867845204102
2021,1,Los Angeles Angels,108,741,0.706,0.30701227830832195,0.9845592370348357
2021,1,San Diego Padres,135,748,0.789,0.3413368983957219,1.092225702180338
2021,1,Chicago Cubs,112,732,0.79,0.3418630136986302,1.0991714068377283
2021,1,New York Yankees,147,749,0.694,0.30833065595716197,0.9514224032326698
2021,1,Seattle Mariners,136,739,0.713,0.3103446404341927,1.0370530098310127
2021,1,Milwaukee Brewers,158,745,0.757,0.3256948924731183,1.0626227888795392
2021,1,Colorado Rockies,115,737,0.686,0.30085831062670304,0.9389365696340023
2021,1,Atlanta Braves,144,746,0.857,0.3610188933873145,1.1370318253288578
2021,1,Arizona Diamondbacks,109,758,0.713,0.31308597883597883,1.0315291014946633
2021,1,Detroit Tigers,116,734,0.714,0.31128240109140515,1.0108752405531602
2021,1,San Francisco Giants,137,758,0.805,0.3454018567639257,1.0467101360132647
2021,1,Oakland Athletics,133,743,0.727,0.3233,1.005449573994303
2021,1,Boston Red Sox,111,753,0.741,0.3204042553191489,0.9525033542532352
2021,1,Cleveland Indians,114,731,0.715,0.31221067031463745,1.0050938816306134
2021,1,Philadelphia Phillies,143,747,0.706,0.30411170928667564,0.9713202059576608
2021,1,Texas Rangers,140,723,0.619,0.27042718446601943,0.9233152655156004
2021,2,Cincinnati Reds,113,743,0.891,0.3791469002695418,1.1738668614294798
2021,2,St. Louis Cardinals,138,716,0.862,0.3681834733893557,1.1912616679628192
2021,2,Washington Nationals,120,737,0.793,0.3430149863760218,1.0505173153216918
2021,2,Chicago Cubs,112,713,0.861,0.3653878702397744,1.197957697832005
2021,2,Arizona Diamondbacks,109,736,0.794,0.3418315068493151,1.1487154370080825
2021,2,Toronto Blue Jays,141,727,0.819,0.3501531034482759,1.0278559203341517
2021,2,Atlanta Braves,144,725,0.843,0.35858938547486036,1.1184572097458894
2021,2,Colorado Rockies,115,718,0.743,0.3203820224719101,1.0169531650700636
2021,2,Detroit Tigers,116,721,0.711,0.30956944444444445,1.0066278655928529
2021,2,Boston Red Sox,111,736,0.802,0.34549046321525884,1.030914561553434
2021,2,Houston Astros,117,752,0.725,0.3170039946737683,0.9254102282231174
2021,2,Kansas City Royals,118,716,0.719,0.31629320113314446,1.0247465462994452
2021,2,San Francisco Giants,137,738,0.847,0.35671545827633383,1.1013210996313478
2021,2,Oakland Athletics,133,732,0.768,0.3289424657534246,1.0621530575345595
2021,2,Los Angeles Dodgers,119,747,0.878,0.3721946308724833,1.1574173087264132
2021,2,Miami Marlins,146,705,0.759,0.3296571018651363,1.1330272053264059
2021,2,Seattle Mariners,136,722,0.786,0.3384666666666667,1.1432309477239495
2021,2,Tampa Bay Rays,139,742,0.769,0.33143783783783787,1.0252921874265681
2021,2,Cleveland Indians,114,712,0.675,0.29466244725738394,0.948864853287642
2021,2,Chicago White Sox,145,724,0.74,0.32342559109874824,0.9754290316101873
2021,2,New York Yankees,147,722,0.767,0.33295839112343967,1.0514999759069996
2021,2,Minnesota Twins,142,727,0.818,0.34968870523415974,1.107810326126192
2021,2,San Diego Padres,135,727,0.787,0.33675521557719057,1.089457069221706
2021,2,Texas Rangers,140,706,0.651,0.2892133712660028,0.9710472340075217
2021,2,Philadelphia Phillies,143,733,0.741,0.3191446111869031,1.0194734739583948
2021,2,Los Angeles Angels,108,723,0.853,0.3545042372881356,1.1895595314316074
2021,2,Pittsburgh Pirates,134,714,0.689,0.30131786216596346,1.02419892821889
2021,2,New York Mets,121,707,0.772,0.33337931034482754,1.0947490773835469
2021,2,Milwaukee Brewers,158,727,0.74,0.3198342541436464,1.0387593973194966
2021,2,Baltimore Orioles,110,720,0.685,0.29489121338912133,0.9705605555539769
2021,3,Toronto Blue Jays,141,703,1.01,0.4207661406025825,1.2675634670787463
2021,3,Washington Nationals,120,718,0.972,0.4096461318051576,1.2876454356780382
2021,3,Los Angeles Dodgers,119,729,0.905,0.38699313186813183,1.193009868334173
2021,3,Philadelphia Phillies,143,710,0.98,0.40881240981240985,1.348291504020549
2021,3,Boston Red Sox,111,715,0.851,0.3619098591549296,1.0939006133191675
2021,3,Houston Astros,117,732,0.786,0.3387788461538461,1.003272330183959
2021,3,Pittsburgh Pirates,134,694,0.85,0.36143941605839414,1.2635255282816493
2021,3,Atlanta Braves,144,708,0.832,0.35108571428571433,1.1038628689306997
2021,3,Cincinnati Reds,113,723,0.834,0.3520849582172702,1.098771001607392
2021,3,New York Mets,121,690,0.78,0.33690552325581397,1.106093627408247
2021,3,Cleveland Indians,114,684,0.908,0.3779139465875371,1.2763989433854503
2021,3,Chicago White Sox,145,713,0.828,0.3593943661971832,1.0914259975313987
2021,3,San Francisco Giants,137,727,0.817,0.34721883656509694,1.062313268475574
2021,3,Kansas City Royals,118,701,0.825,0.3473982808022923,1.1758218368526319
2021,3,Milwaukee Brewers,158,712,0.77,0.33656135401974613,1.0808712647783951
2021,3,Minnesota Twins,142,713,0.844,0.35556619718309856,1.1430219012842373
2021,3,Colorado Rockies,115,702,0.799,0.33995851216022893,1.0936010483054925
2021,3,St. Louis Cardinals,138,696,0.808,0.342025974025974,1.1166350669535474
2021,3,San Diego Padres,135,711,0.773,0.3317307692307692,1.0700766385112819
2021,3,Oakland Athletics,133,708,0.839,0.35404591104734573,1.1603468948847595
2021,3,Chicago Cubs,112,697,0.842,0.3560920863309352,1.1715219298194521
2021,3,Baltimore Orioles,110,696,0.725,0.31217485549132945,1.0272356244914354
2021,3,Miami Marlins,146,695,0.72,0.3123526850507983,1.0748084161199105
2021,3,New York Yankees,147,704,0.814,0.3477649572649572,1.115933481601431
2021,3,Arizona Diamondbacks,109,714,0.673,0.2911306179775281,0.9736593061793949
2021,3,Los Angeles Angels,108,706,0.712,0.3094512893982808,0.992926595989806
2021,3,Seattle Mariners,136,704,0.729,0.31302844950213377,1.0603248866294646
2021,3,Texas Rangers,140,690,0.666,0.29342525399129177,0.9934215942381097
2021,3,Detroit Tigers,116,702,0.668,0.29542346208869813,0.9457488244951137
2021,3,Tampa Bay Rays,139,723,0.645,0.28064796633941097,0.8599654888038186
2021,4,Toronto Blue Jays,141,684,0.844,0.35821376281112743,1.0592312536776851
2021,4,Houston Astros,117,708,0.887,0.3760736543909349,1.1321915481846967
2021,4,San Diego Padres,135,700,0.908,0.37707569141193603,1.2569593632189442
2021,4,Boston Red Sox,111,699,0.86,0.3634971181556197,1.1054694799700167
2021,4,Tampa Bay Rays,139,704,0.833,0.354700427960057,1.1106220963931486
2021,4,Atlanta Braves,144,693,0.82,0.34894227994228,1.087941769859584
2021,4,Washington Nationals,120,699,0.853,0.3628091822094691,1.130001601474657
2021,4,Detroit Tigers,116,685,0.768,0.3299517543859649,1.0873279898386936
2021,4,Philadelphia Phillies,143,696,0.82,0.3519119769119769,1.1281622788743368
2021,4,Milwaukee Brewers,158,698,0.771,0.3294964028776978,1.0822749936936917
2021,4,Kansas City Royals,118,682,0.761,0.324570796460177,1.08460656708467
2021,4,San Francisco Giants,137,705,0.813,0.35071834992887624,1.0571122243214708
2021,4,Colorado Rockies,115,682,0.728,0.3178604992657856,0.9964224820605738
2021,4,Texas Rangers,140,677,0.846,0.35829866270430916,1.2619139170051663
2021,4,Minnesota Twins,142,698,0.768,0.32661449275362314,1.0400957585145667
2021,4,Chicago White Sox,145,701,0.753,0.32560199714693294,0.9925649470303664
2021,4,St. Louis Cardinals,138,683,0.781,0.33191887905604717,1.0793217664489116
2021,4,Seattle Mariners,136,683,0.758,0.32564904552129226,1.1025051633266587
2021,4,Miami Marlins,146,683,0.773,0.32792205882352937,1.1539262578620708
2021,4,Los Angeles Dodgers,119,703,0.766,0.33384670487106016,1.0097740985016315
2021,4,Cleveland Indians,114,672,0.741,0.3170238805970149,1.0416427500535448
2021,4,Baltimore Orioles,110,682,0.733,0.3147463126843658,1.038570638278927
2021,4,New York Yankees,147,687,0.785,0.3375651537335285,1.0761766376623139
2021,4,Pittsburgh Pirates,134,681,0.682,0.2986126656848306,1.0137934238683353
2021,4,Chicago Cubs,112,681,0.739,0.32139764359351986,1.0282122400671914
2021,4,Cincinnati Reds,113,704,0.836,0.353519368723099,1.1014059440572896
2021,4,Arizona Diamondbacks,109,700,0.685,0.29639885222381634,0.9910202447739754
2021,4,Los Angeles Angels,108,691,0.704,0.3024306569343066,0.981770117383179
2021,4,New York Mets,121,668,0.743,0.31906174698795187,1.0536250835440093
2021,4,Oakland Athletics,133,692,0.659,0.2868538350217077,0.9114047720250972
2021,5,Houston Astros,117,697,0.875,0.3711010101010101,1.116874413372728
2021,5,San Francisco Giants,137,688,0.879,0.37422727272727274,1.1429294528641734
2021,5,Colorado Rockies,115,665,0.877,0.3705960665658094,1.2003605999548397
2021,5,Boston Red Sox,111,678,0.859,0.36053582089552244,1.1041840503421445
2021,5,Los Angeles Angels,108,670,0.774,0.3336086956521739,1.0793893051911656
2021,5,Toronto Blue Jays,141,671,0.83,0.35317611940298504,1.0416610670053064
2021,5,Atlanta Braves,144,672,0.768,0.32636227544910185,1.0189503405514153
2021,5,Pittsburgh Pirates,134,668,0.684,0.30024624624624624,1.0167664251113508
2021,5,Oakland Athletics,133,675,0.772,0.33008605341246294,1.0676851047092186
2021,5,New York Mets,121,650,0.71,0.3077171561051005,1.006828814692122
2021,5,St. Louis Cardinals,138,670,0.705,0.30410676691729327,0.9742917353988254
2021,5,New York Yankees,147,674,0.74,0.3212995529061103,1.0144849832740284
2021,5,San Diego Padres,135,685,0.698,0.30320796460176996,0.9662529025625803
2021,5,Minnesota Twins,142,679,0.781,0.3337035398230088,1.0577015460935895
2021,5,Washington Nationals,120,682,0.662,0.29097050147492626,0.8769766238877175
2021,5,Tampa Bay Rays,139,691,0.723,0.31295196506550216,0.9639613153568385
2021,5,Los Angeles Dodgers,119,686,0.746,0.3241551976573938,0.9834092395329205
2021,5,Cincinnati Reds,113,684,0.755,0.32416959064327483,0.9946907748364279
2021,5,Arizona Diamondbacks,109,683,0.724,0.31391629955947137,1.0474432952063621
2021,5,Detroit Tigers,116,662,0.711,0.30741603630862324,1.0066278655928529
2021,5,Texas Rangers,140,667,0.682,0.29276726726726726,1.0172875784840703
2021,5,Milwaukee Brewers,158,677,0.715,0.3113482142857143,1.0036661744370812
2021,5,Philadelphia Phillies,143,682,0.741,0.31750073637702503,1.0194734739583948
2021,5,Chicago White Sox,145,684,0.753,0.32852932551319647,0.9925649470303664
2021,5,Baltimore Orioles,110,669,0.691,0.3021676646706587,0.9790618158945955
2021,5,Seattle Mariners,136,665,0.632,0.28132481203007514,0.9192391335388499
2021,5,Cleveland Indians,114,658,0.723,0.31013567073170734,1.0163396872992077
2021,5,Miami Marlins,146,665,0.669,0.2891918429003021,0.998676153311417
2021,5,Chicago Cubs,112,665,0.675,0.2968659638554217,0.9391654425512236
2021,5,Kansas City Royals,118,665,0.653,0.28739636913767025,0.9306807993512347
2021,6,Houston Astros,117,685,0.882,0.37038348082595873,1.1258094086797097
2021,6,San Francisco Giants,137,670,0.84,0.3584736842105263,1.0922192723616673
2021,6,Baltimore Orioles,110,651,0.789,0.33862307692307697,1.117915734791369
2021,6,Colorado Rockies,115,656,0.797,0.3448866768759571,1.090863623904227
2021,6,Milwaukee Brewers,158,661,0.795,0.34202286585365854,1.1159644876608106
2021,6,Cleveland Indians,114,637,0.671,0.29135792778649927,0.9432419504533449
2021,6,Chicago White Sox,145,664,0.831,0.3560695915279879,1.0953804395514402
2021,6,Washington Nationals,120,659,0.726,0.3147016742770168,0.9617598624508804
2021,6,Arizona Diamondbacks,109,663,0.716,0.3101102719033233,1.0358693361433085
2021,6,Detroit Tigers,116,643,0.727,0.3120171339563863,1.0292805320478258
2021,6,Los Angeles Dodgers,119,678,0.78,0.3318125,1.0282294997797292
2021,6,Atlanta Braves,144,652,0.773,0.33110785824345146,1.025584131831047
2021,6,Boston Red Sox,111,663,0.745,0.3204622356495468,0.9576450727647237
2021,6,Miami Marlins,146,648,0.692,0.3005652173913043,1.0330103110485807
2021,6,Toronto Blue Jays,141,656,0.687,0.2985023041474654,0.8621941602802959
2021,6,Minnesota Twins,142,664,0.755,0.3262193645990923,1.0224899709355442
2021,6,San Diego Padres,135,667,0.694,0.30632981927710845,0.9607156366453163
2021,6,Tampa Bay Rays,139,677,0.748,0.32268805970149256,0.997293311046909
2021,6,Oakland Athletics,133,665,0.762,0.327914156626506,1.0538549867725706
2021,6,New York Mets,121,629,0.715,0.309544,1.0139191584575595
2021,6,Cincinnati Reds,113,664,0.677,0.2946308623298033,0.8919280192904129
2021,6,St. Louis Cardinals,138,653,0.707,0.3066743471582181,0.977055683584354
2021,6,Texas Rangers,140,651,0.684,0.29805999999999994,1.0202708265148155
2021,6,Philadelphia Phillies,143,659,0.694,0.29869984686064316,0.9548105140716949
2021,6,Los Angeles Angels,108,653,0.654,0.28609538461538464,0.91204212609176
2021,6,New York Yankees,147,660,0.665,0.28912765957446807,0.9116655592935525
2021,6,Pittsburgh Pirates,134,656,0.612,0.2691321044546851,0.9097383803627875
2021,6,Seattle Mariners,136,649,0.634,0.27845891472868217,0.9221481181386564
2021,6,Chicago Cubs,112,649,0.631,0.27348447204968945,0.8779457692589956
2021,6,Kansas City Royals,118,645,0.56,0.2457328125,0.7981336104696654
2021,7,Chicago White Sox,145,646,0.776,0.334046875,1.0228823358506829
2021,7,Toronto Blue Jays,141,643,0.749,0.3215358255451713,0.9400049869722584
2021,7,Kansas City Royals,118,629,0.714,0.3065207667731629,1.0176203533488233
2021,7,Los Angeles Angels,108,632,0.712,0.306181240063593,0.992926595989806
2021,7,Houston Astros,117,664,0.748,0.32075945537065054,0.9547680699460577
2021,7,St. Louis Cardinals,138,633,0.74,0.3193428571428571,1.0226608286455756
2021,7,Los Angeles Dodgers,119,659,0.746,0.32162996941896027,0.9834092395329205
2021,7,Washington Nationals,120,644,0.692,0.30196093749999997,0.9167187669642
2021,7,New York Mets,121,615,0.704,0.3030605564648118,0.998320402173597
2021,7,San Diego Padres,135,641,0.713,0.31341009463722397,0.9870176497523206
2021,7,Texas Rangers,140,631,0.643,0.2788210862619808,0.9591142418845413
2021,7,Philadelphia Phillies,143,640,0.665,0.29090894819466245,0.9149120920139441
2021,7,Boston Red Sox,111,643,0.674,0.29112636505460215,0.8663795691858037
2021,7,Pittsburgh Pirates,134,634,0.669,0.29622432859399683,0.9944689157887335
2021,7,Colorado Rockies,115,639,0.694,0.29785015772870665,0.9498862672390634
2021,7,Cincinnati Reds,113,644,0.708,0.3114096573208723,0.9327696272638291
2021,7,Milwaukee Brewers,158,648,0.738,0.3231183800623053,1.0359519394889034
2021,7,Chicago Cubs,112,631,0.673,0.2941624203821656,0.9363827301288495
2021,7,Atlanta Braves,144,640,0.709,0.30817711598746084,0.9406716034517623
2021,7,San Francisco Giants,137,656,0.633,0.2742654320987654,0.8230652373868279
2021,7,Arizona Diamondbacks,109,645,0.644,0.28249844236760124,0.9317037045758251
2021,7,Tampa Bay Rays,139,654,0.713,0.3042092307692308,0.9506285170808103
2021,7,Minnesota Twins,142,639,0.702,0.30173543307086614,0.950712529267221
2021,7,Cleveland Indians,114,620,0.709,0.304228013029316,0.9966595273791676
2021,7,Detroit Tigers,116,628,0.695,0.297728,0.9839751991378801
2021,7,New York Yankees,147,637,0.672,0.29182622432859395,0.9212620388650636
2021,7,Oakland Athletics,133,651,0.653,0.2842453703703704,0.9031067012631084
2021,7,Miami Marlins,146,629,0.617,0.2722140575079872,0.9210511010360901
2021,7,Baltimore Orioles,110,635,0.66,0.28644761904761906,0.9351386374680654
2021,7,Seattle Mariners,136,635,0.638,0.28166350710900473,0.9279660873382694
2021,8,Boston Red Sox,111,626,0.777,0.33404999999999996,0.9987788208566313
2021,8,Cincinnati Reds,113,631,0.73,0.31635852090032157,0.9617539942127051
2021,8,Los Angeles Angels,108,609,0.673,0.2916783333333334,0.9385387627824994
2021,8,Washington Nationals,120,622,0.703,0.30376528925619833,0.9312908860922436
2021,8,Tampa Bay Rays,139,637,0.762,0.32283333333333336,1.0159592286333485
2021,8,Chicago White Sox,145,618,0.706,0.3094075286415712,0.9306120220497192
2021,8,Houston Astros,117,647,0.662,0.2885365474339036,0.844995270460281
2021,8,Arizona Diamondbacks,109,631,0.723,0.3105510534846029,1.0459965503234805
2021,8,Chicago Cubs,112,609,0.663,0.29069384359400996,0.9224691680169795
2021,8,San Francisco Giants,137,637,0.715,0.3034051446945337,0.929686642545943
2021,8,Miami Marlins,146,603,0.621,0.2689103214890017,0.9270222589034229
2021,8,Philadelphia Phillies,143,623,0.656,0.28538788870703763,0.9025298230994696
2021,8,Kansas City Royals,118,619,0.642,0.28082871125611747,0.9150031748598663
2021,8,Oakland Athletics,133,630,0.673,0.293066985645933,0.9307669371364043
2021,8,St. Louis Cardinals,138,615,0.687,0.29349916527545905,0.9494162017290683
2021,8,Toronto Blue Jays,141,629,0.659,0.2864856687898089,0.8270537869355385
2021,8,New York Yankees,147,623,0.708,0.3084467741935484,0.9706153623756919
2021,8,Detroit Tigers,116,609,0.667,0.28598169717138106,0.9443330328416779
2021,8,San Diego Padres,135,631,0.631,0.272205501618123,0.8735036984484073
2021,8,Minnesota Twins,142,616,0.626,0.27614935064935064,0.8477863864975504
2021,8,Texas Rangers,140,614,0.628,0.27078723404255317,0.9367398816539533
2021,8,Colorado Rockies,115,617,0.703,0.3001381578947368,0.9622046770447573
2021,8,Seattle Mariners,136,614,0.646,0.28450325732899023,0.9396020257374954
2021,8,Milwaukee Brewers,158,626,0.644,0.2792067851373183,0.9040014214510215
2021,8,New York Mets,121,598,0.573,0.25538785834738614,0.8125533955191351
2021,8,Pittsburgh Pirates,134,614,0.638,0.27554545454545454,0.948387396521991
2021,8,Cleveland Indians,114,605,0.606,0.26476302521008405,0.8518697793960164
2021,8,Atlanta Braves,144,618,0.613,0.2667586776859504,0.8133028108828354
2021,8,Los Angeles Dodgers,119,643,0.608,0.2633460317460318,0.8014917126488146
2021,8,Baltimore Orioles,110,612,0.547,0.24080983606557377,0.7750315677197451
2021,9,Kansas City Royals,118,601,0.715,0.3130913705583756,1.0190455919389476
2021,9,Detroit Tigers,116,595,0.69,0.298954003407155,0.9768962408707011
2021,9,Chicago White Sox,145,595,0.661,0.29103056027164687,0.8712953917490998
2021,9,Oakland Athletics,133,608,0.632,0.2807863105175292,0.8740634535961478
2021,9,Toronto Blue Jays,141,608,0.669,0.29458236272878535,0.8396039202729518
2021,9,New York Yankees,147,604,0.708,0.31245333333333336,0.9706153623756919
2021,9,Boston Red Sox,111,609,0.671,0.2894082644628099,0.8625232803021874
2021,9,Los Angeles Angels,108,591,0.642,0.2767448275862069,0.8953074081818195
2021,9,Baltimore Orioles,110,588,0.595,0.26417435897435904,0.8430416504446951
2021,9,Cleveland Indians,114,588,0.63,0.27395509499136445,0.8856071964017992
2021,9,Tampa Bay Rays,139,621,0.667,0.2929676375404531,0.8892976450110807
2021,9,Texas Rangers,140,584,0.605,0.26493079584775087,0.9024325293003849
2021,9,Minnesota Twins,142,597,0.538,0.24085641891891896,0.7286087475010897
2021,9,Seattle Mariners,136,599,0.623,0.27381418918918915,0.9061487028397207
2021,9,Chicago Cubs,112,595,0.543,0.2391492007104796,0.7555064226745398
2021,9,Houston Astros,117,633,0.642,0.2875295055821372,0.819466712440333
2021,9,New York Mets,121,576,0.547,0.24253345388788422,0.7756836079388603
2021,9,Colorado Rockies,115,591,0.523,0.2263236889692586,0.7158364809308793
2021,9,Washington Nationals,120,601,0.51,0.22829391304347826,0.6756164323002053
2021,9,Philadelphia Phillies,143,599,0.487,0.21891443850267378,0.670018329038783
2021,9,Arizona Diamondbacks,109,614,0.523,0.23422998296422487,0.7566475737471374
2021,9,Atlanta Braves,144,602,0.505,0.22655381944444444,0.6700129192427926
2021,9,San Francisco Giants,137,617,0.526,0.23216552901023893,0.683937306264568
2021,9,Los Angeles Dodgers,119,626,0.464,0.20683724832214764,0.6116647280740953
2021,9,San Diego Padres,135,609,0.454,0.20327692307692305,0.6284796816094721
2021,9,Pittsburgh Pirates,134,591,0.463,0.21022359154929576,0.6882497877581221
2021,9,Cincinnati Reds,113,614,0.442,0.20166438356164385,0.5823222814274187
2021,9,St. Louis Cardinals,138,595,0.454,0.20655555555555552,0.6274162381149884
2021,9,Milwaukee Brewers,158,605,0.439,0.20397431506849314,0.6162369938152149
2021,9,Miami Marlins,146,579,0.398,0.1849463327370304,0.5941302077996173
2022,1,New York Mets,121,753,0.823,0.3623413333333333,1.106020801994596
2022,1,Houston Astros,117,741,0.87,0.3762682926829269,1.167761155908346
2022,1,Chicago White Sox,145,748,0.725,0.31714725568942437,1.0388635248309952
2022,1,Los Angeles Dodgers,119,761,0.875,0.37503416557161623,1.1294379428748065
2022,1,Cleveland Guardians,114,749,0.711,0.31714611260053616,1.0177104995821755
2022,1,New York Yankees,147,760,0.799,0.3503178191489361,1.0612837642841757
2022,1,Tampa Bay Rays,139,731,0.743,0.32776236263736264,1.0833314120785689
2022,1,Minnesota Twins,142,751,0.753,0.32902796271637813,1.0487259695344504
2022,1,Los Angeles Angels,108,731,0.746,0.32373480662983417,1.0844531720467243
2022,1,Baltimore Orioles,110,744,0.729,0.3189905405405405,1.048130039097011
2022,1,Toronto Blue Jays,141,758,0.753,0.32844148936170214,0.9912526857711366
2022,1,Atlanta Braves,144,749,0.744,0.3259290495314592,0.9774495761116497
2022,1,Pittsburgh Pirates,134,723,0.683,0.29977839335180057,1.0429716417023762
2022,1,Seattle Mariners,136,747,0.727,0.321021563342318,1.0324927927294154
2022,1,Kansas City Royals,118,735,0.676,0.29802721088435374,0.9861302526128052
2022,1,Colorado Rockies,115,746,0.686,0.30532570659488556,0.9622043419734285
2022,1,Texas Rangers,140,741,0.702,0.3058866396761134,1.0079733185928907
2022,1,Miami Marlins,146,725,0.658,0.2909267955801105,0.9999877378662355
2022,1,Boston Red Sox,111,753,0.665,0.29275830013280213,0.9106133472645004
2022,1,Milwaukee Brewers,158,749,0.691,0.30585444743935314,0.954660044552135
2022,1,Detroit Tigers,116,727,0.616,0.27560247592847315,0.9747739315529655
2022,1,St. Louis Cardinals,138,753,0.659,0.2954475431606906,0.8838969278063874
2022,1,Cincinnati Reds,113,739,0.663,0.29305842391304343,0.9809122000802369
2022,1,Arizona Diamondbacks,109,736,0.683,0.30151159618008183,0.9906156680994083
2022,1,San Diego Padres,135,754,0.663,0.294872654155496,0.9474661683281168
2022,1,San Francisco Giants,137,756,0.715,0.3150305039787798,1.014984855249979
2022,1,Washington Nationals,120,725,0.616,0.2759460580912863,0.8947950415312684
2022,1,Chicago Cubs,112,739,0.664,0.29474795640326973,0.9511617016508112
2022,1,Philadelphia Phillies,143,738,0.764,0.3312225237449118,1.0337689588850645
2022,1,Oakland Athletics,133,712,0.584,0.26291666666666663,0.9320812273665566
2022,2,Los Angeles Dodgers,119,740,0.824,0.35598092643051765,1.0636078456329605
2022,2,Boston Red Sox,111,729,0.842,0.35965555555555556,1.1529871254085853
2022,2,Minnesota Twins,142,732,0.857,0.3720479452054795,1.1935699281421301
2022,2,New York Mets,121,732,0.822,0.35841666666666666,1.1046769128062672
2022,2,St. Louis Cardinals,138,741,0.835,0.36388331071913155,1.1199604472205362
2022,2,Colorado Rockies,115,730,0.754,0.32872589531680446,1.0575831980291035
2022,2,Los Angeles Angels,108,714,0.928,0.3916068376068376,1.3490248574522254
2022,2,Atlanta Braves,144,727,0.791,0.3447837465564738,1.039197062774617
2022,2,Toronto Blue Jays,141,740,0.751,0.32663143631436314,0.9886198765127803
2022,2,Cleveland Guardians,114,727,0.708,0.3093273727647868,1.0134163624531367
2022,2,Houston Astros,117,726,0.755,0.3288789986091794,1.0134019226560935
2022,2,Pittsburgh Pirates,134,709,0.818,0.35387321937321936,1.2491226982614108
2022,2,New York Yankees,147,742,0.976,0.409628453038674,1.2963866757714086
2022,2,Miami Marlins,146,712,0.756,0.3314422535211267,1.1489220818037598
2022,2,Washington Nationals,120,716,0.774,0.3379297752808989,1.1243041593266263
2022,2,Kansas City Royals,118,715,0.677,0.29846918767507,0.9875890251758419
2022,2,Seattle Mariners,136,731,0.732,0.32081705639614855,1.0395938435734966
2022,2,Philadelphia Phillies,143,722,0.773,0.33647711511789175,1.0459468654687891
2022,2,Tampa Bay Rays,139,717,0.678,0.29839300699300697,0.9885581391511032
2022,2,Baltimore Orioles,110,722,0.753,0.33338194444444447,1.082636377832715
2022,2,Chicago Cubs,112,720,0.755,0.3340319888734353,1.081516693895124
2022,2,San Diego Padres,135,737,0.783,0.3439287671232877,1.1189532576182737
2022,2,Chicago White Sox,145,727,0.687,0.3003674033149171,0.9844127469777846
2022,2,Cincinnati Reds,113,718,0.701,0.3084357541899441,1.0371334121512006
2022,2,Arizona Diamondbacks,109,722,0.72,0.31369220055710306,1.0442800600755107
2022,2,Milwaukee Brewers,158,728,0.723,0.3122124137931035,0.998870061087111
2022,2,Detroit Tigers,116,706,0.624,0.2747997159090909,0.9874333332614457
2022,2,Texas Rangers,140,721,0.689,0.29835244755244755,0.9893071460263558
2022,2,San Francisco Giants,137,731,0.714,0.31457064471879287,1.013565296011867
2022,2,Oakland Athletics,133,700,0.605,0.2691087267525036,0.9655978468437787
2022,3,Los Angeles Dodgers,119,724,0.882,0.37691188811188814,1.1384734464178048
2022,3,Boston Red Sox,111,717,0.836,0.3640769230769231,1.1447710651325147
2022,3,Kansas City Royals,118,702,0.831,0.35674391988555076,1.2122399998834927
2022,3,Cleveland Guardians,114,716,0.865,0.36208045977011494,1.238142872206163
2022,3,Tampa Bay Rays,139,702,0.789,0.3474257142857142,1.1504017283041599
2022,3,St. Louis Cardinals,138,720,0.869,0.3727176634214186,1.1655636271073606
2022,3,Toronto Blue Jays,141,720,0.814,0.35107112970711296,1.0715533681510028
2022,3,Chicago White Sox,145,711,0.748,0.3280169014084507,1.0718205745842544
2022,3,Texas Rangers,140,705,0.83,0.3572105263157894,1.191763325401851
2022,3,San Diego Padres,135,724,0.818,0.3530599721059972,1.1689703253279027
2022,3,New York Mets,121,722,0.761,0.3326361111111111,1.0226996723182111
2022,3,Philadelphia Phillies,143,707,0.764,0.32805428571428574,1.0337689588850645
2022,3,Los Angeles Angels,108,697,0.823,0.352931982633864,1.1963873466413593
2022,3,Houston Astros,117,700,0.841,0.36310647482014385,1.1288357840447345
2022,3,Minnesota Twins,142,714,0.75,0.32733146067415725,1.0445477784207673
2022,3,Detroit Tigers,116,688,0.693,0.3039475982532751,1.0966206729970862
2022,3,Baltimore Orioles,110,707,0.79,0.34293342776203967,1.1358336500502588
2022,3,New York Yankees,147,723,0.854,0.3659608391608391,1.1343383412999826
2022,3,Washington Nationals,120,702,0.766,0.3353775216138329,1.112683444501545
2022,3,Arizona Diamondbacks,109,708,0.737,0.31984615384615384,1.0689366726050715
2022,3,Chicago Cubs,112,705,0.753,0.3282777777777777,1.0786517490106335
2022,3,Oakland Athletics,133,690,0.695,0.30534011627906976,1.109240501746159
2022,3,Cincinnati Reds,113,697,0.677,0.2998979885057471,1.0016252782116448
2022,3,Atlanta Braves,144,712,0.775,0.33623909985935296,1.0181766417829685
2022,3,Colorado Rockies,115,712,0.664,0.290364406779661,0.9313464767789453
2022,3,Seattle Mariners,136,714,0.677,0.3015273492286115,0.9614822842886029
2022,3,Pittsburgh Pirates,134,697,0.672,0.29399424460431656,1.0261741482049733
2022,3,Miami Marlins,146,700,0.67,0.29392086330935246,1.0182245963075651
2022,3,Milwaukee Brewers,158,719,0.726,0.3159159663865546,1.003014750137265
2022,3,San Francisco Giants,137,713,0.61,0.2749140845070422,0.8659311352482338
2022,4,Chicago White Sox,145,701,0.838,0.36543490701001424,1.2007829431839643
2022,4,Houston Astros,117,688,0.922,0.3929397944199706,1.2375583744224081
2022,4,Boston Red Sox,111,704,0.781,0.33905991440798855,1.0694571792685335
2022,4,Colorado Rockies,115,694,0.822,0.3528610709117221,1.1529620540847787
2022,4,St. Louis Cardinals,138,707,0.835,0.3586207386363637,1.1199604472205362
2022,4,Chicago Cubs,112,695,0.755,0.32946599131693194,1.081516693895124
2022,4,New York Mets,121,703,0.862,0.363,1.158432480339419
2022,4,Washington Nationals,120,691,0.745,0.32701895043731777,1.0821790680857062
2022,4,Atlanta Braves,144,692,0.819,0.3499170305676856,1.0759827995100015
2022,4,Milwaukee Brewers,158,697,0.776,0.3360907780979827,1.0720929009731648
2022,4,Philadelphia Phillies,143,695,0.79,0.3407287157287157,1.0689495779047133
2022,4,San Francisco Giants,137,694,0.777,0.3394978292329957,1.1029975280129143
2022,4,Los Angeles Angels,108,682,0.737,0.3228663729809104,1.0713699568343642
2022,4,Minnesota Twins,142,696,0.692,0.31039655172413794,0.9637694168895613
2022,4,Texas Rangers,140,687,0.709,0.30890087463556853,1.0180243345902558
2022,4,Tampa Bay Rays,139,690,0.702,0.3100116110304789,1.023551347616629
2022,4,Detroit Tigers,116,671,0.671,0.29372047832585946,1.0618073182987662
2022,4,Toronto Blue Jays,141,702,0.715,0.3154821683309557,0.9412293098623673
2022,4,Seattle Mariners,136,695,0.778,0.3382799422799423,1.1049235113390443
2022,4,Arizona Diamondbacks,109,691,0.796,0.3433251088534107,1.1545096219723703
2022,4,Baltimore Orioles,110,692,0.706,0.30711465892597967,1.0150614644752944
2022,4,Cleveland Guardians,114,709,0.693,0.29865439093484425,0.9919456768079431
2022,4,Cincinnati Reds,113,684,0.724,0.32013049853372433,1.071162040509942
2022,4,New York Yankees,147,706,0.703,0.30487464387464386,0.9337703207656765
2022,4,Los Angeles Dodgers,119,713,0.708,0.3123046544428773,0.9138766440632718
2022,4,Kansas City Royals,118,687,0.655,0.28846579330422123,0.9554960287890346
2022,4,Oakland Athletics,133,679,0.658,0.2901757754800591,1.0501874102862916
2022,4,San Diego Padres,135,704,0.619,0.2754422253922967,0.8845875689217259
2022,4,Pittsburgh Pirates,134,672,0.613,0.2752324888226528,0.9360785012643581
2022,4,Miami Marlins,146,682,0.578,0.2583480825958702,0.8784086815907052
2022,5,Cleveland Guardians,114,691,0.746,0.3259796215429403,1.0678087660876272
2022,5,Cincinnati Reds,113,662,0.745,0.32722692889561267,1.1022316577070537
2022,5,Boston Red Sox,111,685,0.731,0.3193357771260997,1.0009900103012779
2022,5,St. Louis Cardinals,138,688,0.735,0.3228457059679767,0.9858334475534062
2022,5,Arizona Diamondbacks,109,674,0.749,0.32476426426426425,1.0863413402729967
2022,5,Tampa Bay Rays,139,674,0.727,0.31592537313432834,1.0600026064348849
2022,5,Colorado Rockies,115,680,0.722,0.31575294117647057,1.0126990304734917
2022,5,Milwaukee Brewers,158,680,0.79,0.34225701624815363,1.0914347832072167
2022,5,Atlanta Braves,144,677,0.745,0.3242988165680473,0.9787633524236278
2022,5,Los Angeles Dodgers,119,701,0.756,0.33048424068767907,0.9758343826438327
2022,5,Philadelphia Phillies,143,685,0.7,0.3041262848751835,0.9471705120674674
2022,5,Washington Nationals,120,669,0.669,0.2930869565217391,0.9717822772474328
2022,5,San Francisco Giants,137,677,0.742,0.32406835066864786,1.0533129546789992
2022,5,Toronto Blue Jays,141,680,0.743,0.32416764705882356,0.9780886394793552
2022,5,Minnesota Twins,142,682,0.711,0.30967107195301025,0.9902312939428874
2022,5,Los Angeles Angels,108,669,0.683,0.300640179910045,0.9928706655602048
2022,5,Miami Marlins,146,670,0.688,0.3017949101796407,1.0455798839695591
2022,5,New York Yankees,147,677,0.728,0.3210812407680946,0.9669769466819523
2022,5,San Diego Padres,135,685,0.69,0.3040587371512482,0.9860507634184019
2022,5,Seattle Mariners,136,683,0.721,0.31678916544655933,1.023971531716518
2022,5,Chicago Cubs,112,684,0.691,0.30118061674008806,0.9898384575914313
2022,5,Houston Astros,117,671,0.7,0.3050298953662182,0.9395779415354508
2022,5,Pittsburgh Pirates,134,657,0.67,0.2944119448698315,1.0231200584781728
2022,5,Detroit Tigers,116,657,0.59,0.2612347560975609,0.9336308760004053
2022,5,Baltimore Orioles,110,670,0.629,0.27603298350824584,0.904353627698244
2022,5,Chicago White Sox,145,686,0.671,0.29320029239766077,0.9614861036711695
2022,5,New York Mets,121,691,0.653,0.29188824383164,0.8775596399787015
2022,5,Texas Rangers,140,670,0.651,0.2874910447761194,0.9347444877549459
2022,5,Kansas City Royals,118,673,0.604,0.2715127055306427,0.8810986280741632
2022,5,Oakland Athletics,133,661,0.639,0.28048706240487065,1.0198628498069002
2022,6,Toronto Blue Jays,141,666,0.831,0.35838368580060426,1.0939322468470312
2022,6,Cleveland Guardians,114,673,0.754,0.3290930930930931,1.0792597984317305
2022,6,Philadelphia Phillies,143,662,0.744,0.3242723146747352,1.0067069442545653
2022,6,New York Mets,121,671,0.731,0.3214932935916542,0.9823829966683473
2022,6,San Diego Padres,135,669,0.73,0.3194781954887218,1.043213126515121
2022,6,Texas Rangers,140,653,0.726,0.3155461538461538,1.042433944869571
2022,6,Washington Nationals,120,654,0.679,0.2996027607361963,0.9863081707787846
2022,6,Colorado Rockies,115,662,0.695,0.3072526475037821,0.9748280140984442
2022,6,San Francisco Giants,137,663,0.739,0.3250679758308157,1.0490542769646636
2022,6,Atlanta Braves,144,663,0.727,0.3181450151057402,0.9551153788080233
2022,6,Minnesota Twins,142,661,0.755,0.32525266362252664,1.0515114302769057
2022,6,St. Louis Cardinals,138,667,0.74,0.32197435897435894,0.9925397975367627
2022,6,Baltimore Orioles,110,655,0.697,0.305156202143951,1.0021215874494054
2022,6,Boston Red Sox,111,671,0.724,0.31454066265060243,0.9914046066458619
2022,6,Houston Astros,117,657,0.698,0.30308689024390245,0.9368934331310638
2022,6,Chicago Cubs,112,660,0.681,0.2988916030534351,0.9755137331689795
2022,6,Chicago White Sox,145,667,0.639,0.28199399399399405,0.9156328170579393
2022,6,Miami Marlins,146,649,0.647,0.28434722222222225,0.9832706176283501
2022,6,Kansas City Royals,118,659,0.68,0.29792249240121577,0.991965342864952
2022,6,Arizona Diamondbacks,109,659,0.681,0.3016753048780488,0.987714890154754
2022,6,Oakland Athletics,133,634,0.687,0.2995182250396196,1.0964722657548365
2022,6,Los Angeles Dodgers,119,683,0.691,0.30451390922401167,0.8919332783159899
2022,6,Tampa Bay Rays,139,661,0.681,0.29941969696969695,0.992932290209294
2022,6,Milwaukee Brewers,158,667,0.699,0.3057900302114804,0.9657125486858791
2022,6,Cincinnati Reds,113,650,0.614,0.27508527131782945,0.9084164266203099
2022,6,Pittsburgh Pirates,134,644,0.65,0.2869751166407465,0.9925791612101676
2022,6,New York Yankees,147,663,0.687,0.3038528072837633,0.9125180801792601
2022,6,Seattle Mariners,136,671,0.643,0.28549775112443776,0.9131951385488503
2022,6,Detroit Tigers,116,626,0.577,0.2560304975922953,0.9130593482241252
2022,6,Los Angeles Angels,108,654,0.531,0.23745538461538462,0.7719096975292368
2022,7,Philadelphia Phillies,143,644,0.669,0.29754432348367027,0.9052243893901939
2022,7,Boston Red Sox,111,650,0.751,0.32598914728682166,1.02837687788818
2022,7,Toronto Blue Jays,141,649,0.762,0.33386201550387595,1.0031003274337398
2022,7,New York Mets,121,659,0.714,0.31535159817351593,0.9595368804667578
2022,7,Cincinnati Reds,113,627,0.706,0.3098429487179487,1.044530940055275
2022,7,San Francisco Giants,137,645,0.71,0.31180685358255456,1.0078870590594196
2022,7,Oakland Athletics,133,619,0.702,0.30724959481361425,1.1204127082385664
2022,7,Milwaukee Brewers,158,647,0.76,0.3349751552795031,1.049987892705677
2022,7,Washington Nationals,120,632,0.657,0.28662599049128373,0.9543512050098107
2022,7,Colorado Rockies,115,646,0.68,0.2986702786377709,0.9537885605567513
2022,7,St. Louis Cardinals,138,649,0.725,0.31617901234567897,0.9724207475866932
2022,7,Minnesota Twins,142,644,0.703,0.30734890965732087,0.9790894509730659
2022,7,Baltimore Orioles,110,635,0.715,0.3121838351822504,1.0280013415011835
2022,7,New York Yankees,147,652,0.662,0.29143759630200305,0.8793114542629842
2022,7,San Diego Padres,135,658,0.646,0.2868854961832061,0.9231721640120112
2022,7,Detroit Tigers,116,609,0.684,0.2987335526315789,1.0823788460750463
2022,7,Houston Astros,117,643,0.675,0.2985404984423676,0.9060215864806134
2022,7,Kansas City Royals,118,632,0.658,0.29150238473767887,0.9598723464781447
2022,7,Chicago White Sox,145,647,0.614,0.27388217054263564,0.8798099368913532
2022,7,Chicago Cubs,112,647,0.646,0.28349532710280373,0.9253771976903975
2022,7,Los Angeles Dodgers,119,663,0.698,0.3057375565610859,0.9009687818589883
2022,7,Cleveland Guardians,114,654,0.608,0.2716815384615384,0.8702784581518462
2022,7,Atlanta Braves,144,641,0.668,0.28954218750000005,0.87760257640132
2022,7,Texas Rangers,140,638,0.68,0.2989356357927787,0.976384411172601
2022,7,Miami Marlins,146,624,0.619,0.2743509615384615,0.9407179479319144
2022,7,Tampa Bay Rays,139,632,0.615,0.27196513470681455,0.896700966929098
2022,7,Arizona Diamondbacks,109,638,0.618,0.2767271293375394,0.8963403848981467
2022,7,Pittsburgh Pirates,134,621,0.631,0.27860679611650485,0.9635653088055627
2022,7,Seattle Mariners,136,648,0.589,0.2630155279503106,0.8365037894327726
2022,7,Los Angeles Angels,108,629,0.547,0.2425707395498392,0.7951687467956544
2022,8,Toronto Blue Jays,141,632,0.803,0.3497124600638977,1.0570729172300435
2022,8,Kansas City Royals,118,613,0.782,0.3406122112211221,1.1407601442946949
2022,8,New York Mets,121,631,0.742,0.3234544,0.997165777739964
2022,8,Colorado Rockies,115,625,0.715,0.3142331189710611,1.0028806188207016
2022,8,Atlanta Braves,144,619,0.79,0.34061750405186386,1.0378832864626388
2022,8,New York Yankees,147,632,0.677,0.2964242424242424,0.8992354298127497
2022,8,Chicago White Sox,145,627,0.647,0.28660708534621576,0.9270961387112469
2022,8,San Diego Padres,135,632,0.708,0.3110271132376396,1.0117738268119254
2022,8,Cincinnati Reds,113,612,0.672,0.2972196721311475,0.9942277503075705
2022,8,Washington Nationals,120,616,0.64,0.28175816993464053,0.9296571860065127
2022,8,Philadelphia Phillies,143,625,0.7,0.3072760834670947,0.9471705120674674
2022,8,Los Angeles Dodgers,119,641,0.728,0.31775391849529777,0.9396923684718389
2022,8,Texas Rangers,140,619,0.638,0.2839560975609756,0.9160783151884109
2022,8,Seattle Mariners,136,625,0.75,0.328641935483871,1.0651576266121892
2022,8,San Francisco Giants,137,629,0.642,0.28405414012738855,0.9113570308678133
2022,8,Detroit Tigers,116,599,0.607,0.2697781512605042,0.9605321046309254
2022,8,Milwaukee Brewers,158,626,0.635,0.2855024077046549,0.8772925156159274
2022,8,Miami Marlins,146,603,0.631,0.2805764119601329,0.958954806373244
2022,8,Arizona Diamondbacks,109,608,0.617,0.26902475247524754,0.8948899959258196
2022,8,Chicago Cubs,112,629,0.643,0.28678753993610223,0.9210797803636619
2022,8,Cleveland Guardians,114,635,0.609,0.2714096,0.8717098371948592
2022,8,St. Louis Cardinals,138,631,0.621,0.27620760697305863,0.8329286679328779
2022,8,Houston Astros,117,626,0.608,0.2691712,0.8160905549336488
2022,8,Minnesota Twins,142,625,0.62,0.2739614147909968,0.8634928301611677
2022,8,Oakland Athletics,133,596,0.568,0.25281112984822934,0.9065447553839112
2022,8,Los Angeles Angels,108,609,0.565,0.25283940397350996,0.8213351772203742
2022,8,Boston Red Sox,111,627,0.57,0.2564992,0.7805257262267145
2022,8,Tampa Bay Rays,139,612,0.63,0.27778032786885243,0.9185717222200516
2022,8,Baltimore Orioles,110,621,0.593,0.26700975609756095,0.8525941195946879
2022,8,Pittsburgh Pirates,134,605,0.55,0.24411352253756263,0.8398746748701419
2022,9,Atlanta Braves,144,602,0.789,0.34062956810631223,1.036569510150661
2022,9,Philadelphia Phillies,143,599,0.734,0.3200687919463088,0.9931759369393158
2022,9,Chicago White Sox,145,609,0.694,0.30322259136212626,0.9944431534244286
2022,9,Los Angeles Dodgers,119,621,0.788,0.34217447495961223,1.01713954169754
2022,9,Washington Nationals,120,593,0.632,0.27968664383561637,0.9180364711814313
2022,9,Colorado Rockies,115,610,0.672,0.2959670510708402,0.9425675186678484
2022,9,Milwaukee Brewers,158,609,0.709,0.311798347107438,0.979528178853059
2022,9,Chicago Cubs,112,593,0.682,0.29996245733788396,0.9769462056112247
2022,9,Miami Marlins,146,584,0.665,0.2942852233676976,1.0106259052903444
2022,9,Texas Rangers,140,595,0.623,0.278393220338983,0.8945404237654858
2022,9,Seattle Mariners,136,603,0.714,0.3152654424040066,1.014030060534804
2022,9,Kansas City Royals,118,594,0.599,0.2682324786324786,0.8738047652589797
2022,9,San Francisco Giants,137,609,0.687,0.3025690789473684,0.975237196582847
2022,9,Boston Red Sox,111,608,0.643,0.2843172757475083,0.8804877929189079
2022,9,San Diego Padres,135,612,0.625,0.27777594728171334,0.8931619233862337
2022,9,Detroit Tigers,116,587,0.622,0.27565008576329325,0.9842684828343257
2022,9,Toronto Blue Jays,141,611,0.659,0.2929458128078818,0.8675106506283918
2022,9,St. Louis Cardinals,138,609,0.663,0.2944115702479339,0.8892620077930726
2022,9,Cleveland Guardians,114,609,0.559,0.2530764119601329,0.800140885044214
2022,9,Baltimore Orioles,110,603,0.62,0.272675,0.891413750672355
2022,9,New York Yankees,147,617,0.638,0.28276960784313726,0.8474330933833594
2022,9,Pittsburgh Pirates,134,584,0.572,0.2576232638888889,0.8734696618649475
2022,9,New York Mets,121,614,0.551,0.2466277128547579,0.7404829427691647
2022,9,Arizona Diamondbacks,109,591,0.572,0.26135714285714284,0.8296224921711002
2022,9,Tampa Bay Rays,139,589,0.575,0.257347602739726,0.8383789528198883
2022,9,Minnesota Twins,142,608,0.584,0.2639333333333333,0.8133545367969708
2022,9,Cincinnati Reds,113,589,0.567,0.250907056798623,0.8388796643220126
2022,9,Los Angeles Angels,108,592,0.566,0.25122336769759446,0.8227888677995253
2022,9,Houston Astros,117,602,0.584,0.258001677852349,0.7838764540810047
2022,9,Oakland Athletics,133,572,0.484,0.2202580071174377,0.772478277475023
2023,1,Atlanta Braves,144,767,0.999,0.42239005235602095,1.181471449567912
2023,1,Tampa Bay Rays,139,756,0.896,0.3874206349206349,1.1541852963703296
2023,1,Miami Marlins,146,737,0.823,0.35301236263736263,1.1421381091319116
2023,1,Los Angeles Dodgers,119,779,0.959,0.4058505154639174,1.2048615857199227
2023,1,Milwaukee Brewers,158,742,0.826,0.35651017639077337,1.173142345568487
2023,1,Texas Rangers,140,766,0.85,0.3633219895287958,1.0766921981245416
2023,1,Houston Astros,117,769,0.778,0.33716145833333333,1.0117721049591837
2023,1,Boston Red Sox,111,759,0.788,0.3393007915567282,1.0531692086822442
2023,1,Washington Nationals,120,742,0.797,0.3412953929539295,1.12358016019157
2023,1,New York Mets,121,743,0.829,0.3588369272237196,1.144531130669339
2023,1,San Diego Padres,135,754,0.798,0.3464653333333333,1.074842107419698
2023,1,Arizona Diamondbacks,109,745,0.75,0.32675102040816323,1.0270928442287246
2023,1,St. Louis Cardinals,138,763,0.76,0.330725,1.0245231607629428
2023,1,Chicago White Sox,145,738,0.667,0.2932469304229195,0.9877857275702883
2023,1,Seattle Mariners,136,764,0.818,0.35444473684210526,1.1148213081235687
2023,1,Cleveland Guardians,114,749,0.708,0.31240348525469164,1.0195049081163208
2023,1,Los Angeles Angels,108,747,0.773,0.333426273458445,1.0388671520458757
2023,1,Chicago Cubs,112,764,0.746,0.3243346456692913,0.9938236741096566
2023,1,San Francisco Giants,137,743,0.804,0.350919028340081,1.1555036379036168
2023,1,Baltimore Orioles,110,751,0.769,0.3324224598930481,1.0373372835946437
2023,1,Cincinnati Reds,113,759,0.75,0.32742572944297077,1.005172269814739
2023,1,Toronto Blue Jays,141,758,0.709,0.310771164021164,0.9512319912201532
2023,1,Kansas City Royals,118,732,0.673,0.29353351573187414,0.961066580006385
2023,1,Colorado Rockies,115,744,0.71,0.31123553162853296,0.9932414620695456
2023,1,Oakland Athletics,133,738,0.627,0.2790055325034578,0.9376254378025264
2023,1,Minnesota Twins,142,758,0.73,0.32104907161803714,0.9692054955952192
2023,1,New York Yankees,147,726,0.68,0.2987286501377411,0.9681723852380433
2023,1,Pittsburgh Pirates,134,743,0.69,0.3022186234817814,0.9767529446773784
2023,1,Philadelphia Phillies,143,763,0.769,0.3311266490765172,1.005372523314565
2023,1,Detroit Tigers,116,741,0.606,0.27031886024423335,0.8831504901877361
2023,2,Los Angeles Dodgers,119,760,0.979,0.41146390374331554,1.2299890431906197
2023,2,Texas Rangers,140,754,0.911,0.38231493943472417,1.1539606970487735
2023,2,Tampa Bay Rays,139,741,0.872,0.3711059782608695,1.1232696187889815
2023,2,Baltimore Orioles,110,740,0.848,0.36411732605729874,1.1439037925725069
2023,2,Toronto Blue Jays,141,740,0.809,0.34755013550135505,1.0853972932258167
2023,2,Cincinnati Reds,113,738,0.831,0.35623119015047877,1.1137308749547308
2023,2,Los Angeles Angels,108,734,0.942,0.3917531556802244,1.2659933469951032
2023,2,Houston Astros,117,747,0.815,0.3553785234899329,1.059889801467525
2023,2,Pittsburgh Pirates,134,733,0.811,0.3469110807113543,1.1480386059903682
2023,2,Boston Red Sox,111,736,0.804,0.3434499314128943,1.0745533550514268
2023,2,Kansas City Royals,118,719,0.815,0.34383916083916083,1.1638473442870783
2023,2,San Francisco Giants,137,727,0.757,0.32948484848484844,1.0879555396679574
2023,2,Arizona Diamondbacks,109,733,0.786,0.34063100137174207,1.0763933007517035
2023,2,Atlanta Braves,144,749,0.849,0.3604456375838926,1.0040733340171744
2023,2,St. Louis Cardinals,138,745,0.778,0.3361004070556309,1.0487881829915389
2023,2,Cleveland Guardians,114,733,0.698,0.30161325966850827,1.0051051212785196
2023,2,Chicago Cubs,112,746,0.722,0.3205489932885906,0.9618507945136353
2023,2,Philadelphia Phillies,143,738,0.741,0.3191409214092141,0.9687659815033715
2023,2,Seattle Mariners,136,747,0.748,0.32464959568733154,1.0194209516826764
2023,2,Colorado Rockies,115,728,0.736,0.317370523415978,1.029613684624205
2023,2,Milwaukee Brewers,158,724,0.735,0.3246574202496532,1.043897849870264
2023,2,Detroit Tigers,116,726,0.752,0.3254993103448276,1.0959227204969926
2023,2,Minnesota Twins,142,736,0.775,0.33673333333333333,1.0289510398442396
2023,2,Miami Marlins,146,721,0.746,0.32328789986091794,1.0352795011086344
2023,2,Washington Nationals,120,728,0.679,0.29264786795048137,0.957228266963709
2023,2,New York Yankees,147,712,0.878,0.3681768901569187,1.25008140329265
2023,2,San Diego Padres,135,737,0.729,0.3195632653061224,0.9819046319661151
2023,2,Chicago White Sox,145,716,0.643,0.28157703081232494,0.9522432126352254
2023,2,New York Mets,121,725,0.652,0.28583011049723756,0.9001619990306504
2023,2,Oakland Athletics,133,719,0.697,0.30611404728789987,1.042304513793239
2023,3,Miami Marlins,146,709,0.789,0.33663300142247515,1.0949537887060492
2023,3,Atlanta Braves,144,730,0.864,0.36426721763085396,1.0218131455722481
2023,3,Houston Astros,117,733,0.932,0.3906504854368932,1.2120457606966055
2023,3,New York Yankees,147,700,0.809,0.34796131805157593,1.1518403818493779
2023,3,Tampa Bay Rays,139,716,0.777,0.33858379888268153,1.0008950616961452
2023,3,Arizona Diamondbacks,109,720,0.827,0.3525425383542538,1.1325410429028735
2023,3,New York Mets,121,705,0.786,0.3405539772727273,1.0851646184633301
2023,3,Cleveland Guardians,114,718,0.782,0.3288487874465049,1.1260633307160492
2023,3,Baltimore Orioles,110,721,0.797,0.3366809986130374,1.0751076918399625
2023,3,Colorado Rockies,115,711,0.78,0.3397245762711864,1.0911666766397825
2023,3,Toronto Blue Jays,141,725,0.798,0.3440304709141274,1.0706391100051937
2023,3,Texas Rangers,140,740,0.771,0.33962110960757785,0.976623158534143
2023,3,Detroit Tigers,116,706,0.731,0.31555460992907797,1.0653184955894968
2023,3,Philadelphia Phillies,143,719,0.817,0.3506120448179272,1.0681265949908967
2023,3,San Diego Padres,135,721,0.833,0.3548848314606742,1.1219843051135445
2023,3,Los Angeles Angels,108,722,0.81,0.34403216783216783,1.0885930053779551
2023,3,Boston Red Sox,111,718,0.723,0.31556564245810054,0.9662961140574396
2023,3,Seattle Mariners,136,722,0.724,0.31735041551246534,0.9867122580457992
2023,3,Chicago Cubs,112,726,0.773,0.33685082872928174,1.0297931636551803
2023,3,Washington Nationals,120,710,0.704,0.30740960451977395,0.9924723121391031
2023,3,Los Angeles Dodgers,119,740,0.769,0.33186702849389416,0.9661507397483009
2023,3,Chicago White Sox,145,699,0.769,0.32740606936416183,1.1388414160443052
2023,3,Pittsburgh Pirates,134,713,0.743,0.32585232067510544,1.0517788955004235
2023,3,San Francisco Giants,137,712,0.765,0.3317542372881356,1.0994530883038143
2023,3,Cincinnati Reds,113,720,0.765,0.3289318497913769,1.0252757152110337
2023,3,Minnesota Twins,142,723,0.737,0.31897091412742384,0.9784992469228446
2023,3,Kansas City Royals,118,700,0.677,0.2899191919191919,0.966778714211475
2023,3,St. Louis Cardinals,138,723,0.75,0.3235529247910863,1.0110425928581672
2023,3,Milwaukee Brewers,158,708,0.702,0.30417872340425534,0.9970289668148643
2023,3,Oakland Athletics,133,701,0.718,0.3151031518624642,1.073708236590453
2023,4,Atlanta Braves,144,714,0.995,0.4156031073446328,1.1767408331532256
2023,4,Philadelphia Phillies,143,703,0.822,0.3507761836441894,1.0746634774571813
2023,4,San Diego Padres,135,710,0.855,0.36630790960451975,1.1516165436639623
2023,4,Washington Nationals,120,695,0.741,0.3215021645021645,1.0446334989986867
2023,4,Chicago White Sox,145,677,0.763,0.32729881656804727,1.1299557873105395
2023,4,Minnesota Twins,142,708,0.835,0.35821357850070723,1.1086117655096002
2023,4,Boston Red Sox,111,698,0.84,0.35946197991391676,1.1226676843820875
2023,4,St. Louis Cardinals,138,705,0.796,0.3421068376068376,1.073053205220135
2023,4,Chicago Cubs,112,705,0.791,0.33676210826210823,1.0537728233521961
2023,4,Cleveland Guardians,114,695,0.752,0.3217289855072464,1.082863970202646
2023,4,Cincinnati Reds,113,702,0.747,0.32519686162624817,1.00115158073548
2023,4,Houston Astros,117,712,0.745,0.3242277227722772,0.9688563215868788
2023,4,Colorado Rockies,115,693,0.758,0.32255426917510854,1.0603901806319938
2023,4,Baltimore Orioles,110,693,0.742,0.32007971014492753,1.0009158185009437
2023,4,Los Angeles Angels,108,704,0.706,0.3103650568181818,0.9488230392553533
2023,4,Arizona Diamondbacks,109,703,0.807,0.3420888252148997,1.1051519003901078
2023,4,Toronto Blue Jays,141,708,0.745,0.3229375,0.9995314999421921
2023,4,Los Angeles Dodgers,119,721,0.845,0.35597198879551817,1.0616350781369497
2023,4,Kansas City Royals,118,683,0.719,0.3088333333333333,1.0267561233649194
2023,4,Detroit Tigers,116,694,0.743,0.32115942028985506,1.0828066241080658
2023,4,Texas Rangers,140,722,0.792,0.33757777777777775,1.0032237893113376
2023,4,Pittsburgh Pirates,134,697,0.748,0.3228187050359712,1.05885681538939
2023,4,Miami Marlins,146,693,0.72,0.30800723589001444,0.9991973737241512
2023,4,New York Mets,121,689,0.851,0.35721847507331383,1.174904695053809
2023,4,San Francisco Giants,137,697,0.68,0.295764450867052,0.977291634047835
2023,4,Tampa Bay Rays,139,705,0.695,0.30911914893617015,0.895266496626539
2023,4,Milwaukee Brewers,158,693,0.683,0.2987271407837445,0.9700438523284222
2023,4,Oakland Athletics,133,684,0.699,0.30099706314243757,1.0452953445358308
2023,4,Seattle Mariners,136,709,0.699,0.3006832386363636,0.952640702174052
2023,4,New York Yankees,147,687,0.688,0.2996681286549707,0.9795626485937848
2023,5,Houston Astros,117,692,0.852,0.36174818049490537,1.1080074979758667
2023,5,Miami Marlins,146,675,0.756,0.3250479041916168,1.0491572424103588
2023,5,Atlanta Braves,144,694,0.866,0.36565945165945163,1.0241784537795913
2023,5,Texas Rangers,140,696,0.81,0.3480763688760807,1.0260243299775045
2023,5,Cincinnati Reds,113,692,0.807,0.3467333333333333,1.0815653623206591
2023,5,Pittsburgh Pirates,134,684,0.797,0.3411571218795888,1.128220430301262
2023,5,Washington Nationals,120,679,0.758,0.32950221565731164,1.068599449717955
2023,5,St. Louis Cardinals,138,693,0.789,0.3422416787264833,1.063616807686792
2023,5,Los Angeles Dodgers,119,702,0.78,0.33474248927038625,0.9799708413571843
2023,5,Boston Red Sox,111,687,0.769,0.32877046783625735,1.0277755348688398
2023,5,San Francisco Giants,137,678,0.736,0.32099257057949476,1.057774474498833
2023,5,Toronto Blue Jays,141,690,0.779,0.34013933236574745,1.0451477026241178
2023,5,Chicago White Sox,145,661,0.779,0.33233586626139816,1.153650797267248
2023,5,Colorado Rockies,115,671,0.736,0.31936023916292977,1.029613684624205
2023,5,Minnesota Twins,142,694,0.766,0.3331820809248555,1.0170019309944356
2023,5,Baltimore Orioles,110,680,0.727,0.31359084194977843,0.9806816712266657
2023,5,Chicago Cubs,112,690,0.773,0.3324817518248175,1.0297931636551803
2023,5,San Diego Padres,135,692,0.704,0.3077173913043478,0.9482316336133677
2023,5,Cleveland Guardians,114,676,0.717,0.3086805970149254,1.0324647162703418
2023,5,Tampa Bay Rays,139,687,0.778,0.33397379912663755,1.0021832149287013
2023,5,Kansas City Royals,118,660,0.696,0.3027188449848024,0.9939113516856521
2023,5,Los Angeles Angels,108,685,0.732,0.3147675438596491,0.9837655307860037
2023,5,Milwaukee Brewers,158,681,0.698,0.3066082474226804,0.9913478900808764
2023,5,New York Yankees,147,671,0.728,0.3147868852459016,1.0365139653724933
2023,5,Arizona Diamondbacks,109,685,0.667,0.28991642228739,0.9134279028007457
2023,5,Philadelphia Phillies,143,689,0.73,0.3135557184750733,0.9543848400775454
2023,5,Seattle Mariners,136,689,0.688,0.2990972423802612,0.9376492175904831
2023,5,Detroit Tigers,116,675,0.639,0.28186775631500743,0.9312428436138009
2023,5,New York Mets,121,676,0.652,0.28939259259259253,0.9001619990306504
2023,5,Oakland Athletics,133,664,0.62,0.2713115501519756,0.9271575302034551
2023,6,Philadelphia Phillies,143,676,0.796,0.34057988165680475,1.0406716886325016
2023,6,Colorado Rockies,115,654,0.759,0.3261071975497703,1.0617891122687113
2023,6,Texas Rangers,140,682,0.796,0.34011176470588234,1.0082905761260414
2023,6,Tampa Bay Rays,139,666,0.834,0.3554736842105263,1.074319795951847
2023,6,Baltimore Orioles,110,662,0.741,0.3229954407294833,0.9995668753493251
2023,6,Chicago Cubs,112,674,0.775,0.33301644245142004,1.032457570288182
2023,6,Seattle Mariners,136,671,0.81,0.34709104477611935,1.1039184102446096
2023,6,New York Mets,121,657,0.776,0.33686259541984737,1.0713584528340256
2023,6,Detroit Tigers,116,660,0.686,0.3016322188449848,0.999738013644863
2023,6,Arizona Diamondbacks,109,665,0.717,0.3122876712328767,0.9819007590826606
2023,6,Kansas City Royals,118,652,0.693,0.29929141104294477,0.9896272510318347
2023,6,Toronto Blue Jays,141,682,0.724,0.3172008797653959,0.9713567865210028
2023,6,Atlanta Braves,144,677,0.756,0.3224115898959881,0.8940865023757172
2023,6,Boston Red Sox,111,668,0.713,0.31285864661654134,0.9529310225767005
2023,6,Washington Nationals,120,664,0.665,0.2907209653092006,0.9374916016654882
2023,6,San Diego Padres,135,675,0.718,0.3105835820895522,0.9670885126909062
2023,6,Minnesota Twins,142,679,0.731,0.3142109955423477,0.9705331743563086
2023,6,Miami Marlins,146,651,0.644,0.28312037037037036,0.8937265398310464
2023,6,St. Louis Cardinals,138,669,0.728,0.3185465465465465,0.9813853434676609
2023,6,Los Angeles Angels,108,666,0.708,0.301987969924812,0.9515109232192495
2023,6,Pittsburgh Pirates,134,668,0.697,0.30259909909909904,0.9866620325219315
2023,6,Los Angeles Dodgers,119,683,0.675,0.2934896755162242,0.848051689636025
2023,6,Cleveland Guardians,114,661,0.64,0.2822352048558422,0.9215863576192731
2023,6,Cincinnati Reds,113,675,0.69,0.3046103703703703,0.9247584882295597
2023,6,San Francisco Giants,137,663,0.687,0.29789209726443766,0.9873519891042098
2023,6,Milwaukee Brewers,158,666,0.657,0.291683734939759,0.9331168535575013
2023,6,Chicago White Sox,145,648,0.663,0.28871428571428576,0.9818619750811111
2023,6,Houston Astros,117,679,0.637,0.27988938053097345,0.8284046669138817
2023,6,New York Yankees,147,652,0.621,0.27117129629629627,0.8841691929894483
2023,6,Oakland Athletics,133,644,0.629,0.2785117004680187,0.9406162685451182
2023,7,Cleveland Guardians,114,638,0.728,0.31533649289099525,1.0483044817919231
2023,7,Washington Nationals,120,644,0.728,0.3185202492211838,1.0263065955074817
2023,7,Miami Marlins,146,635,0.745,0.3238616852146264,1.033891726978462
2023,7,Philadelphia Phillies,143,656,0.779,0.33675457317073165,1.0184462882471341
2023,7,St. Louis Cardinals,138,655,0.763,0.33212135176651303,1.0285673311343755
2023,7,Houston Astros,117,657,0.716,0.31076829268292677,0.931142451350611
2023,7,Boston Red Sox,111,654,0.698,0.30501687116564413,0.9328833853555918
2023,7,Cincinnati Reds,113,657,0.748,0.3296316590563166,1.0024918104285663
2023,7,Los Angeles Angels,108,648,0.692,0.30071604938271607,0.93000785150808
2023,7,Chicago Cubs,112,654,0.715,0.31062538226299696,0.9525253712981292
2023,7,Kansas City Royals,118,638,0.689,0.301089905362776,0.9839151168267447
2023,7,Texas Rangers,140,665,0.715,0.31233484162895925,0.9056881431282908
2023,7,Arizona Diamondbacks,109,644,0.667,0.2923953125,0.9134279028007457
2023,7,Los Angeles Dodgers,119,666,0.76,0.3278539156626506,0.9548433838864873
2023,7,Atlanta Braves,144,657,0.722,0.31545357686453573,0.8538762628508832
2023,7,Toronto Blue Jays,141,660,0.662,0.2922009132420091,0.8881742992774916
2023,7,Colorado Rockies,115,633,0.652,0.28661075949367093,0.9121034271399208
2023,7,Pittsburgh Pirates,134,639,0.634,0.28270754716981134,0.8974802419209535
2023,7,Baltimore Orioles,110,646,0.682,0.29906542056074764,0.9199792294038324
2023,7,Detroit Tigers,116,643,0.697,0.30573082942097024,1.015768798120218
2023,7,Chicago White Sox,145,632,0.643,0.28229682539682543,0.9522432126352254
2023,7,Seattle Mariners,136,649,0.686,0.301306027820711,0.9349234931207435
2023,7,New York Mets,121,641,0.695,0.30237322834645664,0.9595285112366595
2023,7,Minnesota Twins,142,660,0.77,0.3323582317073171,1.022312646038793
2023,7,Milwaukee Brewers,158,647,0.633,0.28226780185758515,0.8990303931535742
2023,7,San Diego Padres,135,652,0.688,0.303716049382716,0.9266809146676093
2023,7,Oakland Athletics,133,622,0.656,0.2880854838709677,0.9809924835701074
2023,7,Tampa Bay Rays,139,649,0.604,0.2667746913580247,0.7780445524639275
2023,7,San Francisco Giants,137,646,0.582,0.25924416796267497,0.8364466632585881
2023,7,New York Yankees,147,630,0.579,0.2560606060606061,0.8243703103718044
2023,8,Houston Astros,117,639,0.761,0.3291347962382445,0.9896639741310266
2023,8,Milwaukee Brewers,158,623,0.699,0.3098617363344051,0.9927681592643733
2023,8,Atlanta Braves,144,640,0.729,0.3152828125,0.8621548415765844
2023,8,Toronto Blue Jays,141,639,0.766,0.32883937007874015,1.0277062133633814
2023,8,Tampa Bay Rays,139,630,0.774,0.3294194577352472,0.9970306019984767
2023,8,Texas Rangers,140,652,0.739,0.3221630769230769,0.9360888640165133
2023,8,Boston Red Sox,111,636,0.71,0.3095182250396196,0.9489214951324787
2023,8,Baltimore Orioles,110,627,0.715,0.30843338683788124,0.9644943534072434
2023,8,Los Angeles Dodgers,119,646,0.749,0.32680620155038753,0.9410232822776039
2023,8,Philadelphia Phillies,143,641,0.708,0.3084442700156986,0.9256225572258934
2023,8,Chicago Cubs,112,641,0.738,0.3197147335423198,0.9831660475776495
2023,8,Seattle Mariners,136,629,0.733,0.3188966613672496,0.9989780181596282
2023,8,St. Louis Cardinals,138,636,0.646,0.2825732283464567,0.8708446866485013
2023,8,Oakland Athletics,133,605,0.708,0.307215,1.058754082877494
2023,8,Minnesota Twins,142,642,0.68,0.3001671875,0.9028215575407522
2023,8,Colorado Rockies,115,619,0.639,0.27925162337662335,0.893917315862591
2023,8,San Diego Padres,135,629,0.716,0.3156682615629984,0.9643946728226864
2023,8,Cleveland Guardians,114,621,0.648,0.28592903225806454,0.933106187089514
2023,8,Washington Nationals,120,619,0.651,0.2871109298531811,0.9177549363672673
2023,8,Kansas City Royals,118,610,0.655,0.29104926108374385,0.9353619760834802
2023,8,Pittsburgh Pirates,134,615,0.638,0.2852847790507365,0.9031425778321268
2023,8,Arizona Diamondbacks,109,629,0.612,0.2711300160513644,0.8381077608906392
2023,8,New York Yankees,147,610,0.656,0.28591940789473685,0.9340015951708182
2023,8,Cincinnati Reds,113,638,0.658,0.29058675078864354,0.8818711380507976
2023,8,San Francisco Giants,137,628,0.603,0.26935426731078904,0.8666277284277124
2023,8,Detroit Tigers,116,627,0.645,0.28340415335463254,0.9399869078730855
2023,8,New York Mets,121,619,0.589,0.26132352941176473,0.8131831555660323
2023,8,Miami Marlins,146,620,0.578,0.257110569105691,0.8021334472396658
2023,8,Chicago White Sox,145,615,0.576,0.2481785123966942,0.8530203584415081
2023,8,Los Angeles Angels,108,634,0.622,0.2763190476190476,0.8359319127717136
2023,9,Atlanta Braves,144,621,0.784,0.33598546042003224,0.9272008172785215
2023,9,Philadelphia Phillies,143,622,0.712,0.3107806873977087,0.930852063198921
2023,9,Chicago Cubs,112,620,0.718,0.3161239804241436,0.9565219812476318
2023,9,Toronto Blue Jays,141,618,0.706,0.3087727272727273,0.9472070321599834
2023,9,Oakland Athletics,133,589,0.664,0.2918339100346021,0.9929558065404746
2023,9,Minnesota Twins,142,619,0.749,0.3228178861788618,0.9944313920559168
2023,9,Miami Marlins,146,602,0.649,0.28719796954314725,0.9006654104819086
2023,9,Arizona Diamondbacks,109,600,0.71,0.31502871621621625,0.9723145592031925
2023,9,Texas Rangers,140,629,0.69,0.30094230769230773,0.8740207255363925
2023,9,Tampa Bay Rays,139,614,0.726,0.31222422258592475,0.9351992468357804
2023,9,Kansas City Royals,118,591,0.672,0.29248464163822524,0.9596385464551125
2023,9,Cincinnati Reds,113,614,0.699,0.3055584843492587,0.9368205554673367
2023,9,Boston Red Sox,111,618,0.666,0.2907841845140033,0.8901150926172267
2023,9,Colorado Rockies,115,602,0.641,0.27737018425460636,0.8967151791360264
2023,9,Los Angeles Angels,108,605,0.671,0.29386499999999993,0.9017850698871702
2023,9,Seattle Mariners,136,621,0.683,0.3052907915993538,0.9308349064161339
2023,9,Detroit Tigers,116,608,0.672,0.29203980099502486,0.9793351970398658
2023,9,New York Mets,121,601,0.66,0.2914721753794266,0.9112069315340939
2023,9,Baltimore Orioles,110,603,0.616,0.2737892074198988,0.8309489813970098
2023,9,Washington Nationals,120,604,0.642,0.28683670033670033,0.9050670801041254
2023,9,Milwaukee Brewers,158,600,0.684,0.2965654362416107,0.9714641215119192
2023,9,New York Yankees,147,585,0.648,0.28602749140893474,0.9226113318150765
2023,9,St. Louis Cardinals,138,615,0.642,0.28316065573770494,0.8654524594865911
2023,9,Los Angeles Dodgers,119,636,0.586,0.26058069620253166,0.736234503891423
2023,9,Houston Astros,117,625,0.654,0.2842385620915033,0.8505127977420387
2023,9,Pittsburgh Pirates,134,597,0.561,0.25103951890034365,0.7941426115420426
2023,9,San Francisco Giants,137,601,0.608,0.2657058823529411,0.873813696325123
2023,9,Cleveland Guardians,114,605,0.55,0.24827499999999997,0.7919882760790629
2023,9,San Diego Padres,135,610,0.608,0.2718263772954925,0.8189273199388175
2023,9,Chicago White Sox,145,594,0.549,0.24043877551020407,0.8130350291395626
2024,1,Los Angeles Dodgers,119,762,0.991,0.41689095744680854,1.266940178528726
2024,1,San Diego Padres,135,751,0.743,0.3244026845637584,0.9978412702045335
2024,1,Baltimore Orioles,110,753,0.898,0.3830757978723404,1.1959783043736285
2024,1,Houston Astros,117,745,0.784,0.34137012113055176,1.056999618296765
2024,1,New York Mets,121,757,0.868,0.3749458388375164,1.1819470711956814
2024,1,Boston Red Sox,111,757,0.821,0.3515212201591512,1.107024627636941
2024,1,Tampa Bay Rays,139,733,0.743,0.3243931506849315,1.111461247184583
2024,1,Cleveland Guardians,114,722,0.741,0.32811111111111113,1.054960219567044
2024,1,Miami Marlins,146,740,0.747,0.32399454297407915,1.101348768634303
2024,1,Arizona Diamondbacks,109,771,0.841,0.35992156862745095,1.081322120534248
2024,1,Chicago Cubs,112,755,0.722,0.3183567639257294,1.0164802899709702
2024,1,Atlanta Braves,144,744,0.738,0.3216842105263158,1.0176637010013774
2024,1,New York Yankees,147,770,0.687,0.3005169270833333,0.8967433050695303
2024,1,San Francisco Giants,137,741,0.704,0.30812972972972974,1.0041678284491407
2024,1,Colorado Rockies,115,733,0.701,0.3055833333333334,0.9961014054323766
2024,1,Washington Nationals,120,734,0.741,0.3215260273972602,1.084519246277543
2024,1,Milwaukee Brewers,158,755,0.693,0.3025140562248996,0.9507551011967683
2024,1,Seattle Mariners,136,736,0.718,0.31723328785811733,1.0452107430461346
2024,1,Los Angeles Angels,108,731,0.697,0.3080481430536451,1.0389531173520632
2024,1,Pittsburgh Pirates,134,741,0.706,0.3098324324324324,1.0501653930400496
2024,1,Philadelphia Phillies,143,759,0.813,0.3517629139072847,1.0834058779745823
2024,1,Detroit Tigers,116,744,0.717,0.3122002706359946,1.0459834113146433
2024,1,Texas Rangers,140,741,0.691,0.3025094594594595,1.0072005800534156
2024,1,St. Louis Cardinals,138,747,0.675,0.2948847184986595,0.9596649805471902
2024,1,Minnesota Twins,142,751,0.703,0.3090893333333333,0.9681052618794761
2024,1,Oakland Athletics,133,740,0.692,0.3015733695652174,0.9972357969784352
2024,1,Cincinnati Reds,113,738,0.731,0.32494141689373296,1.054888109687266
2024,1,Kansas City Royals,118,740,0.604,0.2649551630434782,0.850416496318719
2024,1,Toronto Blue Jays,141,742,0.648,0.2870148448043185,0.9223345665952014
2024,1,Chicago White Sox,145,717,0.6,0.27049439775910367,0.9709658758462932
2024,2,Kansas City Royals,118,718,0.967,0.4055387870239775,1.3615111787089424
2024,2,New York Yankees,147,748,0.982,0.41800134048257376,1.2818077519334476
2024,2,Los Angeles Dodgers,119,745,0.892,0.37686024423337855,1.140374005295281
2024,2,Philadelphia Phillies,143,742,0.756,0.32871832884097035,1.0074475322863277
2024,2,Pittsburgh Pirates,134,724,0.805,0.34774305555555557,1.1974265458884419
2024,2,Texas Rangers,140,722,0.817,0.34762200282087447,1.1908579940718387
2024,2,Arizona Diamondbacks,109,757,0.814,0.3501358189081225,1.0466066660105564
2024,2,Houston Astros,117,730,0.828,0.3553939393939393,1.116321025446073
2024,2,Milwaukee Brewers,158,733,0.754,0.3287898351648352,1.0344435011578115
2024,2,Minnesota Twins,142,730,0.788,0.3387272727272727,1.0851592409118453
2024,2,Detroit Tigers,116,721,0.796,0.34412133891213387,1.161231234876508
2024,2,Colorado Rockies,115,721,0.718,0.309435393258427,1.0202579302431474
2024,2,San Diego Padres,135,737,0.791,0.34237244201909955,1.0623047708368587
2024,2,Cincinnati Reds,113,723,0.782,0.33819054242002783,1.1284849545491684
2024,2,St. Louis Cardinals,138,733,0.748,0.324282967032967,1.0634509710359974
2024,2,Miami Marlins,146,721,0.763,0.3296825174825175,1.1249385682302186
2024,2,Oakland Athletics,133,715,0.746,0.3230253164556962,1.0750547753553652
2024,2,Boston Red Sox,111,739,0.758,0.3297333333333334,1.0220763309973222
2024,2,Atlanta Braves,144,725,0.697,0.3050248962655602,0.961126828723523
2024,2,Seattle Mariners,136,723,0.675,0.30032548476454296,0.9826145564848758
2024,2,San Francisco Giants,137,721,0.723,0.31431888111888107,1.031268948819217
2024,2,Cleveland Guardians,114,711,0.658,0.2899745042492918,0.9367932853915182
2024,2,Baltimore Orioles,110,737,0.688,0.3008081632653061,0.9162951819699959
2024,2,Los Angeles Angels,108,712,0.682,0.3001971830985915,1.016594011526696
2024,2,New York Mets,121,745,0.712,0.3120389261744966,0.969523404022264
2024,2,Chicago Cubs,112,732,0.683,0.3022336065573771,0.9615734599032864
2024,2,Chicago White Sox,145,705,0.623,0.2741210826210826,1.0081862344204013
2024,2,Toronto Blue Jays,141,730,0.676,0.29953571428571424,0.9621885293493151
2024,2,Washington Nationals,120,720,0.656,0.28834401114206126,0.9601142045318061
2024,2,Tampa Bay Rays,139,713,0.679,0.2981800281293952,1.0157229970906216
2024,3,New York Yankees,147,732,1.149,0.47280168776371306,1.4997933879547163
2024,3,Toronto Blue Jays,141,714,0.904,0.3817136752136752,1.2867136546328117
2024,3,Houston Astros,117,718,0.917,0.38632667617689015,1.2363120535435375
2024,3,Philadelphia Phillies,143,717,0.885,0.3755227272727273,1.1793532620018516
2024,3,Los Angeles Dodgers,119,730,0.837,0.3603079056865464,1.0700594646100339
2024,3,Arizona Diamondbacks,109,745,0.824,0.3576476964769647,1.0594642417600717
2024,3,Detroit Tigers,116,701,0.782,0.3379041487839771,1.1408075699414941
2024,3,San Diego Padres,135,721,0.786,0.34360308555399727,1.055589822854325
2024,3,Chicago Cubs,112,719,0.769,0.3348162692847124,1.0826500595397177
2024,3,Cleveland Guardians,114,700,0.85,0.3564040697674419,1.2101433017975538
2024,3,Oakland Athletics,133,706,0.822,0.35475213675213674,1.1845777819599332
2024,3,Milwaukee Brewers,158,720,0.816,0.35507724719101125,1.1195038421018224
2024,3,Atlanta Braves,144,705,0.8,0.34718207681365576,1.1031584834703279
2024,3,Kansas City Royals,118,699,0.748,0.32094252873563217,1.0531648000768241
2024,3,Minnesota Twins,142,713,0.809,0.34236028368794325,1.114078459261019
2024,3,Boston Red Sox,111,727,0.761,0.33076177285318553,1.0261214879801612
2024,3,Baltimore Orioles,110,716,0.751,0.32336657303370786,1.0002001186910858
2024,3,Colorado Rockies,115,707,0.716,0.3103675213675213,1.0174159861477627
2024,3,Pittsburgh Pirates,134,714,0.707,0.30867837078651683,1.0516528794324576
2024,3,San Francisco Giants,137,705,0.708,0.30853835227272725,1.00987332747442
2024,3,Texas Rangers,140,701,0.742,0.3257478510028653,1.0815381047751582
2024,3,Washington Nationals,120,697,0.704,0.31297684515195373,1.030366463399987
2024,3,New York Mets,121,723,0.716,0.31193175487465186,0.9749701647190183
2024,3,Miami Marlins,146,707,0.686,0.29648579545454545,1.0114126576748756
2024,3,Tampa Bay Rays,139,695,0.707,0.3089623733719247,1.0576084815067297
2024,3,St. Louis Cardinals,138,715,0.69,0.30392837078651685,0.9809908690037942
2024,3,Chicago White Sox,145,699,0.709,0.3082969870875179,1.1473580099583698
2024,3,Cincinnati Reds,113,703,0.655,0.28519599427753933,0.9452143800891373
2024,3,Los Angeles Angels,108,699,0.666,0.2944263233190272,0.9927442986463043
2024,3,Seattle Mariners,136,708,0.693,0.30435511363636364,1.0088176113244725
2024,4,Oakland Athletics,133,689,0.817,0.34994622093023253,1.1773723209991063
2024,4,San Diego Padres,135,700,0.793,0.3391248206599713,1.0649907500298723
2024,4,Arizona Diamondbacks,109,726,0.843,0.3602127955493742,1.083893635684151
2024,4,Boston Red Sox,111,713,0.875,0.3655928571428571,1.1798374533280434
2024,4,Los Angeles Dodgers,119,717,0.784,0.33518539325842694,1.0023018163133413
2024,4,Miami Marlins,146,690,0.801,0.3444262773722628,1.180964342270518
2024,4,Minnesota Twins,142,696,0.746,0.32426762589928054,1.027320804213498
2024,4,Philadelphia Phillies,143,705,0.732,0.3173954480796586,0.9754650709439044
2024,4,Atlanta Braves,144,686,0.803,0.34511013215859027,1.1072953277833415
2024,4,Cleveland Guardians,114,679,0.796,0.34021641791044777,1.1332636096833564
2024,4,Milwaukee Brewers,158,701,0.791,0.3415824964131994,1.0852053175276246
2024,4,Houston Astros,117,695,0.677,0.29390620490620495,0.9127407418200381
2024,4,St. Louis Cardinals,138,699,0.699,0.3036997126436782,0.9937864020777568
2024,4,Toronto Blue Jays,141,692,0.688,0.3061534008683068,0.9792687991010779
2024,4,Baltimore Orioles,110,700,0.772,0.33316165951359084,1.0281684309314492
2024,4,Chicago White Sox,145,676,0.684,0.3000222222222222,1.1069010984647745
2024,4,Kansas City Royals,118,680,0.714,0.3053219076005961,1.005293672800605
2024,4,Pittsburgh Pirates,134,697,0.702,0.3042410329985653,1.0442154474704175
2024,4,Tampa Bay Rays,139,684,0.751,0.3240529411764706,1.1234285284463281
2024,4,San Francisco Giants,137,697,0.747,0.3237816091954023,1.0655019429708923
2024,4,Detroit Tigers,116,688,0.713,0.31153430656934306,1.040148078476068
2024,4,New York Mets,121,703,0.743,0.3225142857142857,1.01173579942211
2024,4,Seattle Mariners,136,692,0.753,0.3277568740955138,1.0961611274564615
2024,4,Chicago Cubs,112,698,0.75,0.3207655571635311,1.0559005782246922
2024,4,Washington Nationals,120,678,0.646,0.2832433628318584,0.9454783172676017
2024,4,Texas Rangers,140,687,0.682,0.29370364963503653,0.9940821933378141
2024,4,Colorado Rockies,115,691,0.652,0.28574014598540143,0.9264737750954487
2024,4,New York Yankees,147,713,0.645,0.2831697054698457,0.841920570261786
2024,4,Cincinnati Reds,113,685,0.684,0.2981666666666667,0.9870635663831602
2024,4,Los Angeles Angels,108,681,0.61,0.2691397058823529,0.9092703035649333
2024,5,St. Louis Cardinals,138,684,0.882,0.37860997067448676,1.2539622412483284
2024,5,Atlanta Braves,144,673,0.877,0.3741371087928465,1.2093374875043468
2024,5,Arizona Diamondbacks,109,695,0.803,0.34599278499278496,1.0324633326860895
2024,5,Colorado Rockies,115,683,0.778,0.3362106038291605,1.1055162531046918
2024,5,San Diego Padres,135,673,0.714,0.310712143928036,0.958894571905837
2024,5,Baltimore Orioles,110,688,0.765,0.32910380116959065,1.0188456601846614
2024,5,Texas Rangers,140,672,0.738,0.3246212574850299,1.0757077106793353
2024,5,Washington Nationals,120,667,0.717,0.31386315789473684,1.0493931168434527
2024,5,Philadelphia Phillies,143,689,0.766,0.3288895348837209,1.0207735578456705
2024,5,Los Angeles Dodgers,119,702,0.793,0.34140830945558737,1.0138078320618362
2024,5,Houston Astros,117,676,0.711,0.3100548961424332,0.9585800109808671
2024,5,New York Mets,121,679,0.721,0.3185703703703704,0.9817786155899612
2024,5,Tampa Bay Rays,139,676,0.716,0.31420059435364045,1.0710716729261929
2024,5,Cincinnati Reds,113,660,0.672,0.29838391502276174,0.9697466617097713
2024,5,Detroit Tigers,116,665,0.683,0.2988990963855422,0.9963830821867525
2024,5,Minnesota Twins,142,682,0.731,0.32065198237885467,1.0066642196783742
2024,5,Pittsburgh Pirates,134,682,0.693,0.30426106194690267,1.0308280699387455
2024,5,Boston Red Sox,111,690,0.704,0.30576384839650145,0.94926350530622
2024,5,Toronto Blue Jays,141,673,0.732,0.31835171385991057,1.0418964548575422
2024,5,Chicago White Sox,145,659,0.62,0.27117325227963524,1.0033314050411697
2024,5,Cleveland Guardians,114,663,0.671,0.29164885496183207,0.9553013594190102
2024,5,Miami Marlins,146,674,0.636,0.27935809806835066,0.9376945339376397
2024,5,Kansas City Royals,118,659,0.686,0.2962946564885496,0.9658703915143068
2024,5,New York Yankees,147,685,0.707,0.3048781204111601,0.922849369263694
2024,5,Milwaukee Brewers,158,682,0.717,0.3142348596750369,0.9836816847879984
2024,5,San Francisco Giants,137,682,0.641,0.28056701030927833,0.9143062188009933
2024,5,Chicago Cubs,112,678,0.712,0.31460118168389956,1.002401615594641
2024,5,Oakland Athletics,133,670,0.652,0.28761641791044773,0.9395921092918206
2024,5,Seattle Mariners,136,675,0.631,0.2797853949329359,0.9185626446547506
2024,5,Los Angeles Angels,108,667,0.58,0.25948042168674695,0.8645520919141989
2024,6,Boston Red Sox,111,669,0.843,0.36351801801801803,1.1366891121777605
2024,6,Houston Astros,117,662,0.784,0.3416834094368341,1.056999618296765
2024,6,Washington Nationals,120,652,0.759,0.33114461538461537,1.110863843353111
2024,6,San Diego Padres,135,655,0.771,0.33133230769230765,1.0354449789067233
2024,6,Baltimore Orioles,110,670,0.755,0.32658610271903327,1.0055274162606789
2024,6,Miami Marlins,146,658,0.65,0.2843966565349544,0.9583356085840657
2024,6,Philadelphia Phillies,143,665,0.679,0.29819033232628395,0.9048371354793868
2024,6,St. Louis Cardinals,138,666,0.67,0.2942798789712556,0.9525563510616554
2024,6,Toronto Blue Jays,141,657,0.664,0.29295558958652373,0.9451082595975521
2024,6,Chicago Cubs,112,665,0.721,0.3145656108597285,1.0150724225333374
2024,6,Texas Rangers,140,662,0.673,0.2983141993957704,0.9809638066222124
2024,6,Minnesota Twins,142,665,0.696,0.3045798192771085,0.9584655224297516
2024,6,San Francisco Giants,137,665,0.757,0.3261266968325792,1.0797656905340904
2024,6,Los Angeles Angels,108,652,0.714,0.31229076923076926,1.0642934372874793
2024,6,New York Mets,121,667,0.701,0.30728421052631577,0.9545448121061897
2024,6,Cleveland Guardians,114,640,0.704,0.3041459968602826,1.0022833934887974
2024,6,Cincinnati Reds,113,641,0.69,0.2998560250391236,0.9957220187198543
2024,6,Kansas City Royals,118,648,0.675,0.29561455108359136,0.9503826738661182
2024,6,Arizona Diamondbacks,109,671,0.671,0.2940812030075188,0.8627433327924857
2024,6,New York Yankees,147,670,0.693,0.30529685157421294,0.9045751243277792
2024,6,Chicago White Sox,145,636,0.651,0.28552365930599366,1.0534979752932283
2024,6,Tampa Bay Rays,139,660,0.623,0.2792594840667678,0.9319520282584054
2024,6,Seattle Mariners,136,662,0.716,0.31524357034795764,1.0422992925084016
2024,6,Colorado Rockies,115,655,0.675,0.29811791730474735,0.9591561321923742
2024,6,Oakland Athletics,133,653,0.653,0.2839629629629629,0.941033201483986
2024,6,Los Angeles Dodgers,119,677,0.63,0.2785244444444444,0.8054211023946493
2024,6,Detroit Tigers,116,648,0.624,0.27189489953632145,0.9103119228177651
2024,6,Milwaukee Brewers,158,672,0.636,0.28105530642750376,0.8725544651675969
2024,6,Atlanta Braves,144,665,0.657,0.28371385542168676,0.9059689045500067
2024,6,Pittsburgh Pirates,134,665,0.582,0.25873676248108923,0.8657170803814573
2024,7,Arizona Diamondbacks,109,658,0.862,0.36931402439024386,1.1083230296082305
2024,7,Philadelphia Phillies,143,645,0.777,0.3387111801242236,1.0354321859609479
2024,7,Chicago Cubs,112,640,0.732,0.3203018867924528,1.0305589643472994
2024,7,Baltimore Orioles,110,656,0.757,0.32800921658986176,1.0081910650454753
2024,7,Colorado Rockies,115,633,0.757,0.3261526232114468,1.0756758401031514
2024,7,Milwaukee Brewers,158,655,0.734,0.3248012232415902,1.007004681498453
2024,7,San Diego Padres,135,645,0.724,0.3150591900311526,0.9723244678709048
2024,7,New York Yankees,147,658,0.731,0.3196391437308868,0.9541766462966907
2024,7,Cincinnati Reds,113,625,0.766,0.33422222222222225,1.1053957483179833
2024,7,New York Mets,121,649,0.731,0.31652012383900924,0.995395517331847
2024,7,Los Angeles Dodgers,119,661,0.742,0.325806990881459,0.948607076153698
2024,7,Minnesota Twins,142,648,0.717,0.31297058823529417,0.9873847407789251
2024,7,Miami Marlins,146,639,0.636,0.2793233908948195,0.9376945339376397
2024,7,St. Louis Cardinals,138,645,0.695,0.3060683229813665,0.988099498489329
2024,7,Toronto Blue Jays,141,638,0.709,0.30853943217665614,1.0091592711666633
2024,7,Cleveland Guardians,114,623,0.698,0.3074129032258064,0.9937412054761088
2024,7,Kansas City Royals,118,629,0.67,0.2955287539936102,0.9433428022078506
2024,7,San Francisco Giants,137,638,0.695,0.30353616352201257,0.9913304556422625
2024,7,Los Angeles Angels,108,629,0.723,0.3175652866242038,1.0777089007826997
2024,7,Chicago White Sox,145,611,0.636,0.27708595041322315,1.029223828397071
2024,7,Houston Astros,117,648,0.642,0.2818829953198128,0.865553258860361
2024,7,Boston Red Sox,111,652,0.63,0.27897695852534565,0.8494829663961913
2024,7,Texas Rangers,140,646,0.624,0.27541021671826627,0.9095414789483811
2024,7,Tampa Bay Rays,139,640,0.632,0.27792417061611374,0.9454152196778687
2024,7,Seattle Mariners,136,644,0.661,0.29409672386895475,0.9622344027207451
2024,7,Washington Nationals,120,627,0.615,0.2685136436597111,0.9001070667485681
2024,7,Atlanta Braves,144,650,0.612,0.26866718027734976,0.8439162398548007
2024,7,Detroit Tigers,116,639,0.607,0.2691538461538462,0.8855117582538194
2024,7,Oakland Athletics,133,637,0.642,0.27986750788643533,0.9251811873701669
2024,7,Pittsburgh Pirates,134,646,0.559,0.2510790697674419,0.8315048933560734
2024,8,Milwaukee Brewers,158,639,0.735,0.32140063091482646,1.008376622481421
2024,8,New York Mets,121,631,0.746,0.3229856459330144,1.0158208699446756
2024,8,Los Angeles Angels,108,611,0.713,0.3129342105263158,1.0628028302324548
2024,8,Arizona Diamondbacks,109,641,0.702,0.3088436018957346,0.9026018176159835
2024,8,Washington Nationals,120,608,0.673,0.29572561983471074,0.9849952128809535
2024,8,San Diego Padres,135,620,0.711,0.3107850162866449,0.9548656031163167
2024,8,Chicago Cubs,112,622,0.679,0.2973970588235294,0.9559419901527546
2024,8,Houston Astros,117,623,0.652,0.2851175523349436,0.8790353968488402
2024,8,San Francisco Giants,137,619,0.694,0.3013821138211383,0.9899040808859427
2024,8,Philadelphia Phillies,143,629,0.702,0.3059186602870813,0.9354869942658756
2024,8,Kansas City Royals,118,613,0.643,0.2854022988505747,0.9053274952532059
2024,8,St. Louis Cardinals,138,624,0.657,0.2876009693053312,0.934073914399265
2024,8,Pittsburgh Pirates,134,620,0.671,0.29433278955954323,0.9981033693057696
2024,8,Atlanta Braves,144,623,0.677,0.29519484702093396,0.9335478666367649
2024,8,Toronto Blue Jays,141,618,0.637,0.2801237785016286,0.9066776526560854
2024,8,Miami Marlins,146,620,0.614,0.27262926829268286,0.9052585594932558
2024,8,Minnesota Twins,142,631,0.674,0.29622966507177034,0.9281691984449032
2024,8,Cincinnati Reds,113,604,0.668,0.2925830564784053,0.9639743601519751
2024,8,Boston Red Sox,111,630,0.604,0.2692870813397129,0.8144249392115864
2024,8,Los Angeles Dodgers,119,643,0.664,0.2926318252730109,0.8488882730000747
2024,8,New York Yankees,147,643,0.603,0.2680907668231612,0.7870978354540418
2024,8,Baltimore Orioles,110,640,0.698,0.30135625,0.9296134258939784
2024,8,Colorado Rockies,115,612,0.685,0.2941254125412541,0.9733658526692982
2024,8,Seattle Mariners,136,625,0.706,0.3096478190630048,1.0277420398197368
2024,8,Tampa Bay Rays,139,613,0.596,0.26630441898527,0.8915624540000153
2024,8,Oakland Athletics,133,623,0.609,0.2709709677419355,0.8776251450287097
2024,8,Texas Rangers,140,620,0.568,0.253991935483871,0.8279159616068597
2024,8,Detroit Tigers,116,617,0.557,0.2439951298701299,0.8125700977716269
2024,8,Chicago White Sox,145,592,0.528,0.23527551020408166,0.8544499707447382
2024,8,Cleveland Guardians,114,606,0.589,0.2587611940298507,0.838558123245599
2024,9,Milwaukee Brewers,158,613,0.673,0.29336928104575166,0.9233162815374101
2024,9,Washington Nationals,120,588,0.624,0.28075699300699297,0.9132793652863521
2024,9,Minnesota Twins,142,607,0.652,0.2869418604651162,0.8978728744600547
2024,9,Atlanta Braves,144,604,0.645,0.28365442404006674,0.8894215272979518
2024,9,Houston Astros,117,610,0.64,0.2781845140032949,0.8628568312626652
2024,9,St. Louis Cardinals,138,601,0.596,0.26513898305084743,0.8473486346757412
2024,9,Los Angeles Angels,108,593,0.657,0.28876440677966103,0.979328835151084
2024,9,Boston Red Sox,111,615,0.638,0.27610947712418304,0.8602700516837619
2024,9,Kansas City Royals,118,596,0.661,0.2889163822525597,0.9306710332229691
2024,9,San Francisco Giants,137,594,0.629,0.2752108843537415,0.8971897217251557
2024,9,Philadelphia Phillies,143,615,0.612,0.27068099173553717,0.815552764231789
2024,9,New York Yankees,147,626,0.643,0.2863130016051364,0.8393099638423696
2024,9,Colorado Rockies,115,591,0.644,0.2808,0.9151059987139095
2024,9,Los Angeles Dodgers,119,618,0.646,0.28441830065359475,0.8258762415030848
2024,9,Arizona Diamondbacks,109,620,0.599,0.2658841059602649,0.7701687873959745
2024,9,New York Mets,121,612,0.651,0.28531578947368424,0.8864603033967612
2024,9,Toronto Blue Jays,141,596,0.649,0.28601861252115063,0.9237579224078484
2024,9,San Diego Padres,135,601,0.646,0.2854476351351351,0.8675712793433764
2024,9,Texas Rangers,140,602,0.607,0.2691502504173623,0.8847623040411335
2024,9,Baltimore Orioles,110,616,0.65,0.2849545454545454,0.8656858550588625
2024,9,Detroit Tigers,116,598,0.654,0.28571092436974793,0.9540769191070807
2024,9,Seattle Mariners,136,602,0.619,0.2772605042016807,0.9010939414283528
2024,9,Chicago Cubs,112,607,0.609,0.2666838602329451,0.85739126951845
2024,9,Miami Marlins,146,599,0.531,0.23516410256410256,0.7828864740894445
2024,9,Pittsburgh Pirates,134,597,0.594,0.2629219015280136,0.8835669170903534
2024,9,Cincinnati Reds,113,591,0.567,0.2502470187393526,0.8182237458176195
2024,9,Oakland Athletics,133,601,0.577,0.26190756302521007,0.8315101948794178
2024,9,Cleveland Guardians,114,583,0.579,0.26249740034662045,0.8243211432244513
2024,9,Tampa Bay Rays,139,592,0.534,0.24175721561969438,0.7988160242214903
2024,9,Chicago White Sox,145,574,0.48,0.21504056437389774,0.7767727006770346
2025,1,Houston Astros,117,744,0.819,0.35473584905660377,1.1467609270878787
2025,1,Toronto Blue Jays,141,761,0.826,0.35470899470899475,1.0857209702976611
2025,1,Arizona Diamondbacks,109,761,0.922,0.391676821192053,1.2162727962726818
2025,1,Los Angeles Dodgers,119,755,0.986,0.4081280653950954,1.2822436766224201
2025,1,Miami Marlins,146,751,0.706,0.31167828418230564,0.9977453094775002
2025,1,Cleveland Guardians,114,731,0.721,0.31540771349862257,1.0757557574948107
2025,1,Milwaukee Brewers,158,763,0.77,0.3343596837944664,1.046784473465089
2025,1,Philadelphia Phillies,143,764,0.755,0.32755190538764783,0.9948532017043158
2025,1,San Diego Padres,135,748,0.825,0.35769999999999996,1.1606419363203828
2025,1,Boston Red Sox,111,759,0.787,0.34180606860158314,1.0560905430146132
2025,1,Cincinnati Reds,113,744,0.76,0.3384081081081081,1.077039079225629
2025,1,Washington Nationals,120,737,0.793,0.34193732970027246,1.143827220030671
2025,1,New York Mets,121,756,0.802,0.3467453580901857,1.0623311416001704
2025,1,Tampa Bay Rays,139,737,0.702,0.30600956284153,0.9828348585266614
2025,1,Athletics,133,756,0.791,0.34290921228304405,1.0564304182694437
2025,1,Atlanta Braves,144,747,0.773,0.3395188172043011,1.0734231261364402
2025,1,Minnesota Twins,142,742,0.808,0.34443885869565216,1.1417893756563806
2025,1,Colorado Rockies,115,730,0.683,0.29952747252747247,1.0058258254665247
2025,1,Detroit Tigers,116,744,0.745,0.322199460916442,1.020926900240855
2025,1,Kansas City Royals,118,734,0.711,0.31425034199726404,1.007294220015068
2025,1,Chicago Cubs,112,752,0.765,0.3300825565912117,1.018710713196692
2025,1,Chicago White Sox,145,733,0.64,0.2904488403819918,0.9481129566051159
2025,1,Seattle Mariners,136,759,0.659,0.29316180371352785,0.8899326397356296
2025,1,Los Angeles Angels,108,730,0.729,0.3118551724137931,1.0480726031089946
2025,1,San Francisco Giants,137,741,0.683,0.2983043478260869,0.979241296113826
2025,1,St. Louis Cardinals,138,746,0.669,0.2961469002695418,0.9663030639398327
2025,1,New York Yankees,147,763,0.762,0.33277529566360053,0.9673841003979635
2025,1,Pittsburgh Pirates,134,731,0.703,0.3085082191780822,1.0723790831916782
2025,1,Texas Rangers,140,740,0.645,0.28715300546448086,0.9441929880716543
2025,1,Baltimore Orioles,110,742,0.649,0.2878812415654521,0.928590391619019
2025,2,New York Yankees,147,744,0.928,0.39142328767123286,1.1781265684636617
2025,2,Kansas City Royals,118,718,0.851,0.3608081805359662,1.2056362605243642
2025,2,Tampa Bay Rays,139,720,0.827,0.3564915966386555,1.1578410655292721
2025,2,Toronto Blue Jays,141,739,0.817,0.35275136612021857,1.073891080790786
2025,2,New York Mets,121,738,0.89,0.38176366120218574,1.1788961546435806
2025,2,Atlanta Braves,144,733,0.792,0.34474145006839946,1.0998073944373359
2025,2,Chicago Cubs,112,734,0.843,0.36423278236914597,1.1225792565030213
2025,2,Athletics,133,732,0.807,0.34757260273972607,1.0777994279942364
2025,2,Arizona Diamondbacks,109,744,0.853,0.36389782016348776,1.125250211736006
2025,2,San Diego Padres,135,729,0.662,0.28833333333333333,0.9313272264776891
2025,2,Detroit Tigers,116,728,0.762,0.33553370013755157,1.044223218769841
2025,2,Milwaukee Brewers,158,745,0.76,0.3276078167115903,1.0331898699135944
2025,2,Colorado Rockies,115,705,0.727,0.31403708987161194,1.070622803973885
2025,2,Los Angeles Dodgers,119,743,0.742,0.32123918918918914,0.9649338824075413
2025,2,Boston Red Sox,111,740,0.777,0.33616438356164385,1.0426713493295483
2025,2,St. Louis Cardinals,138,728,0.732,0.3210387811634349,1.0573002134588303
2025,2,Los Angeles Angels,108,719,0.741,0.3255957746478873,1.065324827028484
2025,2,Miami Marlins,146,734,0.725,0.31327983539094645,1.0245968121404925
2025,2,Philadelphia Phillies,143,735,0.86,0.36801366120218576,1.1332102694910087
2025,2,Baltimore Orioles,110,720,0.731,0.31857858136300415,1.0459161421779706
2025,2,Texas Rangers,140,726,0.782,0.3371354748603352,1.1447425064682692
2025,2,Houston Astros,117,727,0.733,0.32005263157894737,1.0263440287611907
2025,2,San Francisco Giants,137,727,0.782,0.3397765517241379,1.1211811033104129
2025,2,Minnesota Twins,142,729,0.695,0.3031198347107438,0.98210843574404
2025,2,Washington Nationals,120,716,0.747,0.322997171145686,1.0774765868384757
2025,2,Seattle Mariners,136,742,0.794,0.33865940054495913,1.072240540136707
2025,2,Chicago White Sox,145,716,0.755,0.32840616246498594,1.1184770034950975
2025,2,Pittsburgh Pirates,134,718,0.664,0.2917639664804469,1.0128872137116278
2025,2,Cincinnati Reds,113,725,0.607,0.27274653739612187,0.8602141066973117
2025,2,Cleveland Guardians,114,715,0.594,0.2602661971830986,0.8862675727488454
2025,3,New York Yankees,147,725,0.963,0.3988616262482168,1.2225602213690798
2025,3,Baltimore Orioles,110,706,0.791,0.34290571428571426,1.131764252343057
2025,3,Cleveland Guardians,114,702,0.831,0.34976211453744493,1.2398793820779301
2025,3,Los Angeles Dodgers,119,724,0.83,0.35843055555555564,1.0793734803211041
2025,3,St. Louis Cardinals,138,706,0.76,0.3316977077363897,1.0977433910228291
2025,3,San Diego Padres,135,706,0.803,0.344778093883357,1.1296914846851727
2025,3,Seattle Mariners,136,728,0.894,0.3745182072829132,1.2072834293226904
2025,3,Colorado Rockies,115,696,0.801,0.3434956896551724,1.1795995405544455
2025,3,New York Mets,121,719,0.894,0.37712889518413595,1.184194564327372
2025,3,Houston Astros,117,715,0.809,0.3466685472496474,1.132758962166171
2025,3,Toronto Blue Jays,141,724,0.787,0.3382100139082058,1.0344581157678685
2025,3,Milwaukee Brewers,158,723,0.759,0.33282475660639776,1.031830409558445
2025,3,Atlanta Braves,144,723,0.826,0.35877777777777775,1.1470213482389386
2025,3,Boston Red Sox,111,721,0.825,0.356075208913649,1.10708347901786
2025,3,Tampa Bay Rays,139,708,0.777,0.33156940509915017,1.087838582728228
2025,3,Cincinnati Reds,113,709,0.754,0.3222832618025751,1.0685361391264794
2025,3,Kansas City Royals,118,703,0.789,0.33651502145922746,1.1177990711559618
2025,3,Philadelphia Phillies,143,716,0.829,0.3545782792665726,1.0923619923349375
2025,3,Arizona Diamondbacks,109,734,0.779,0.33821643835616433,1.0276317877401508
2025,3,Pittsburgh Pirates,134,704,0.752,0.32793428571428573,1.1471252781794339
2025,3,Athletics,133,709,0.794,0.3426331444759207,1.0604371075928423
2025,3,Washington Nationals,120,697,0.675,0.29346628407460545,0.9736234218419961
2025,3,Detroit Tigers,116,715,0.739,0.3180336605890603,1.0127046701718012
2025,3,Chicago Cubs,112,715,0.769,0.3304171348314607,1.0240373051611191
2025,3,Minnesota Twins,142,705,0.656,0.2937585227272727,0.9269973148893387
2025,3,San Francisco Giants,137,713,0.73,0.31664880112834976,1.046626861146549
2025,3,Los Angeles Angels,108,706,0.791,0.33904178674351587,1.137209093359691
2025,3,Miami Marlins,146,719,0.665,0.29251117318435754,0.9398025932047276
2025,3,Texas Rangers,140,714,0.683,0.29893117977528083,0.9998198617875037
2025,3,Chicago White Sox,145,702,0.65,0.2844185714285714,0.9629272215520708
2025,4,Los Angeles Dodgers,119,709,0.865,0.36889503546099295,1.1248892294912711
2025,4,Tampa Bay Rays,139,693,0.838,0.3595123010130246,1.1732416117455018
2025,4,Milwaukee Brewers,158,703,0.822,0.3545759312320917,1.1174764119328613
2025,4,San Diego Padres,135,691,0.729,0.31860812772133523,1.025585420094011
2025,4,Detroit Tigers,116,702,0.844,0.3585121602288984,1.156593696380244
2025,4,New York Yankees,147,712,0.825,0.3507312588401698,1.0473646756277164
2025,4,Toronto Blue Jays,141,706,0.802,0.3452877492877493,1.0541745982793274
2025,4,Arizona Diamondbacks,109,708,0.789,0.3364357142857143,1.0408234666585097
2025,4,Athletics,133,698,0.85,0.361752532561505,1.135228641629617
2025,4,Baltimore Orioles,110,692,0.758,0.3267785817655572,1.0845477917522595
2025,4,Miami Marlins,146,701,0.746,0.3227328571428571,1.0542747887680102
2025,4,New York Mets,121,705,0.797,0.33974179743223965,1.0557081294954311
2025,4,Chicago Cubs,112,699,0.765,0.3298235294117647,1.018710713196692
2025,4,Cincinnati Reds,113,694,0.719,0.30957163531114323,1.0189356552147728
2025,4,St. Louis Cardinals,138,691,0.743,0.3222372634643377,1.073188604644687
2025,4,Kansas City Royals,118,688,0.698,0.30331039531478765,0.988876744824919
2025,4,Washington Nationals,120,682,0.732,0.31844134897360704,1.0558405107975424
2025,4,Boston Red Sox,111,707,0.686,0.2982751773049645,0.920556686795457
2025,4,Minnesota Twins,142,687,0.748,0.32345985401459854,1.0570030358799165
2025,4,Philadelphia Phillies,143,696,0.72,0.31319020172910667,0.9487341791087515
2025,4,Seattle Mariners,136,708,0.823,0.3518504273504273,1.111402978000642
2025,4,Los Angeles Angels,108,684,0.786,0.3386134699853587,1.1300206667265704
2025,4,Pittsburgh Pirates,134,694,0.672,0.29968542568542567,1.025090674117792
2025,4,Houston Astros,117,701,0.679,0.29554857142857144,0.950733418183968
2025,4,Texas Rangers,140,694,0.678,0.2945209235209235,0.9925005362985762
2025,4,Atlanta Braves,144,708,0.756,0.32753333333333334,1.0498161492356388
2025,4,Chicago White Sox,145,692,0.684,0.29950651230101305,1.0132957223717176
2025,4,Colorado Rockies,115,679,0.672,0.2926198224852071,0.9896265808396846
2025,4,San Francisco Giants,137,699,0.672,0.29965808297567953,0.9634702064253164
2025,4,Cleveland Guardians,114,682,0.681,0.2965846833578792,1.0160744394645855
2025,5,Chicago White Sox,145,662,0.768,0.33405792682926827,1.137735547926139
2025,5,Philadelphia Phillies,143,681,0.744,0.32179056047197635,0.9803586517457099
2025,5,Milwaukee Brewers,158,690,0.781,0.33992251461988304,1.0617385373717332
2025,5,Miami Marlins,146,679,0.797,0.34520118343195266,1.1263498748634104
2025,5,Athletics,133,681,0.777,0.33340441176470587,1.03773253476025
2025,5,Toronto Blue Jays,141,687,0.757,0.32743970588235294,0.995025150744951
2025,5,Boston Red Sox,111,688,0.768,0.3317656477438137,1.0305940750129898
2025,5,Cincinnati Reds,113,678,0.732,0.3204682422451994,1.0373586920962639
2025,5,Kansas City Royals,118,672,0.767,0.32938830584707646,1.0866310362187865
2025,5,Washington Nationals,120,662,0.724,0.31400302571860816,1.044301270242378
2025,5,Tampa Bay Rays,139,681,0.728,0.3152857142857143,1.0192361495832045
2025,5,New York Yankees,147,693,0.798,0.3440982658959537,1.0130872862435367
2025,5,St. Louis Cardinals,138,674,0.692,0.30133681073025337,0.9995242455102602
2025,5,Arizona Diamondbacks,109,688,0.73,0.31518221574344024,0.9629925610401926
2025,5,Houston Astros,117,685,0.675,0.2967174231332357,0.9451326322152849
2025,5,New York Mets,121,689,0.738,0.3191795620437956,0.9775565866595083
2025,5,Minnesota Twins,142,674,0.696,0.3033506686478455,0.9835215414069811
2025,5,Seattle Mariners,136,691,0.717,0.31323982558139535,0.9682575154634999
2025,5,Detroit Tigers,116,679,0.725,0.31666962962962963,0.9935194666773421
2025,5,San Diego Padres,135,681,0.683,0.2968274336283186,0.960870839402208
2025,5,Baltimore Orioles,110,677,0.713,0.30939821693907876,1.0201617091284445
2025,5,Los Angeles Dodgers,119,690,0.717,0.31135362318840576,0.932422633000279
2025,5,Atlanta Braves,144,699,0.692,0.3029256080114449,0.9609428244326217
2025,5,Los Angeles Angels,108,673,0.724,0.31085543964232487,1.0408841764758738
2025,5,San Francisco Giants,137,678,0.702,0.30629394387001474,1.0064822692121609
2025,5,Chicago Cubs,112,688,0.676,0.29275510204081634,0.9001940419881881
2025,5,Cleveland Guardians,114,660,0.659,0.2915712121212121,0.9832497145479616
2025,5,Colorado Rockies,115,660,0.664,0.28809893455098934,0.9778453120201646
2025,5,Pittsburgh Pirates,134,679,0.628,0.2761641791044776,0.957971641883889
2025,5,Texas Rangers,140,672,0.576,0.2591850746268657,0.843186296324454
2025,6,Boston Red Sox,111,675,0.759,0.33038656716417913,1.0185168006964314
2025,6,Philadelphia Phillies,143,667,0.785,0.3389699248120301,1.034383792500514
2025,6,San Diego Padres,135,660,0.765,0.3343826219512195,1.0762316136789005
2025,6,Atlanta Braves,144,676,0.769,0.3326731054977711,1.0678685433362516
2025,6,Texas Rangers,140,653,0.753,0.32326533742331287,1.1022904186324893
2025,6,Chicago Cubs,112,672,0.709,0.3080793413173653,0.9441384256947118
2025,6,Toronto Blue Jays,141,673,0.783,0.33760269865067466,1.0292003870981463
2025,6,Tampa Bay Rays,139,654,0.651,0.286294930875576,0.9114323260695963
2025,6,Arizona Diamondbacks,109,667,0.741,0.31873755656108593,0.9775034078503873
2025,6,Miami Marlins,146,667,0.66,0.2881546546546547,0.9327364082934139
2025,6,Chicago White Sox,145,646,0.721,0.3116546875,1.0681085026754509
2025,6,Athletics,133,668,0.725,0.3141233082706767,0.9682832531546733
2025,6,Los Angeles Dodgers,119,670,0.742,0.31985949177877426,0.9649338824075413
2025,6,Seattle Mariners,136,670,0.752,0.3229774774774775,1.015522526678594
2025,6,New York Yankees,147,680,0.711,0.3090488888888889,0.9026379204500683
2025,6,Minnesota Twins,142,659,0.69,0.30503957382039576,0.9750429074293347
2025,6,St. Louis Cardinals,138,662,0.671,0.293288315629742,0.9691918623372611
2025,6,Detroit Tigers,116,654,0.7,0.3057151607963246,0.959260174722951
2025,6,Houston Astros,117,660,0.692,0.301453717754173,0.9689359725821881
2025,6,Cincinnati Reds,113,662,0.697,0.30492900302114806,0.9877582081845572
2025,6,San Francisco Giants,137,658,0.705,0.30927786259541984,1.0107834754908454
2025,6,New York Mets,121,669,0.617,0.2721276276276276,0.8172796937248193
2025,6,Milwaukee Brewers,158,681,0.646,0.2883075780089154,0.8782113894265552
2025,6,Colorado Rockies,115,641,0.633,0.2751484375,0.9321928953445243
2025,6,Pittsburgh Pirates,134,655,0.6,0.2654248466257669,0.9152595304623142
2025,6,Washington Nationals,120,651,0.624,0.2730385208012327,0.900060763302823
2025,6,Kansas City Royals,118,656,0.569,0.25103374233128833,0.8061187217842105
2025,6,Cleveland Guardians,114,641,0.639,0.27869701726844587,0.9534090555328489
2025,6,Baltimore Orioles,110,652,0.623,0.27276497695852536,0.8913895438808148
2025,6,Los Angeles Angels,108,656,0.616,0.2718637059724349,0.8856141612004673
2025,7,San Francisco Giants,137,638,0.764,0.33056309148264984,1.095373865638306
2025,7,Chicago Cubs,112,652,0.81,0.3467160493827161,1.0786348727964974
2025,7,Texas Rangers,140,636,0.729,0.31840944881889766,1.067157656285637
2025,7,Detroit Tigers,116,644,0.731,0.3180452418096724,1.0017416967463961
2025,7,Toronto Blue Jays,141,648,0.719,0.31579623824451414,0.9450767283825889
2025,7,Houston Astros,117,644,0.704,0.30963009404388714,0.9857383304882377
2025,7,Milwaukee Brewers,158,661,0.706,0.3109619482496195,0.9597790107355232
2025,7,St. Louis Cardinals,138,639,0.697,0.305551724137931,1.0067462415038315
2025,7,Miami Marlins,146,646,0.769,0.3337807153965785,1.0867792393600535
2025,7,Seattle Mariners,136,652,0.702,0.3066656346749226,0.9480010820856024
2025,7,San Diego Padres,135,641,0.675,0.29730283911671923,0.949616129716677
2025,7,Boston Red Sox,111,658,0.739,0.3169107692307693,0.9916784133263012
2025,7,Philadelphia Phillies,143,653,0.697,0.30601388888888886,0.9184273928316663
2025,7,Colorado Rockies,115,617,0.683,0.30007479674796744,1.0058258254665247
2025,7,Pittsburgh Pirates,134,633,0.631,0.2803901273885351,0.9625479395362004
2025,7,Washington Nationals,120,634,0.63,0.2784145569620254,0.9087151937191964
2025,7,Arizona Diamondbacks,109,654,0.657,0.28834254992319513,0.8666933049361734
2025,7,Athletics,133,653,0.665,0.28974188562596603,0.8881494666867004
2025,7,Los Angeles Dodgers,119,651,0.665,0.29056656346749227,0.8647992342331738
2025,7,Minnesota Twins,142,641,0.682,0.2998448275862069,0.9637380621258064
2025,7,New York Yankees,147,664,0.726,0.3116111951588502,0.9216809145523904
2025,7,Cincinnati Reds,113,643,0.7,0.30279407176287054,0.992009678234132
2025,7,Chicago White Sox,145,633,0.646,0.28332747603833863,0.9570015155732888
2025,7,Cleveland Guardians,114,623,0.629,0.2772504038772214,0.9384887260252925
2025,7,Tampa Bay Rays,139,636,0.626,0.2815858267716535,0.8764310846690742
2025,7,Los Angeles Angels,108,630,0.657,0.2864880763116057,0.9445592595920569
2025,7,Baltimore Orioles,110,631,0.675,0.2940919175911252,0.9657912393572232
2025,7,Kansas City Royals,118,631,0.598,0.26272929936305733,0.8472038587468504
2025,7,Atlanta Braves,144,659,0.585,0.2572970903522205,0.8123577345275776
2025,7,New York Mets,121,651,0.603,0.2669582689335394,0.7987352598315495
2025,8,Philadelphia Phillies,143,634,0.715,0.31348012718600954,0.9421457473093852
2025,8,Toronto Blue Jays,141,627,0.663,0.29459259259259263,0.8714685270064764
2025,8,Atlanta Braves,144,630,0.668,0.2916395534290271,0.9276153276314905
2025,8,Detroit Tigers,116,622,0.708,0.3075582524271845,0.9702231481483562
2025,8,Seattle Mariners,136,633,0.652,0.2915755166931638,0.8804796374926108
2025,8,Washington Nationals,120,612,0.661,0.2890328947368421,0.9534297508704584
2025,8,Kansas City Royals,118,614,0.675,0.3008676470588236,0.9562919810269634
2025,8,St. Louis Cardinals,138,622,0.684,0.29893679092382497,0.9879690519205464
2025,8,New York Mets,121,635,0.73,0.3172211690363349,0.9669597672919256
2025,8,Minnesota Twins,142,620,0.713,0.30979321486268174,1.0075443376769793
2025,8,Baltimore Orioles,110,607,0.721,0.315099173553719,1.0316081238171226
2025,8,Miami Marlins,146,631,0.657,0.2889777424483307,0.9284966973466257
2025,8,Cincinnati Reds,113,623,0.657,0.2875225080385852,0.9310719408568926
2025,8,Chicago Cubs,112,639,0.693,0.3047833594976452,0.9228320578370033
2025,8,Pittsburgh Pirates,134,609,0.646,0.28686161449752884,0.9854294277977583
2025,8,Los Angeles Dodgers,119,631,0.692,0.30054140127388534,0.8999113835930169
2025,8,Athletics,133,638,0.634,0.2772160883280757,0.8467470103449143
2025,8,Arizona Diamondbacks,109,634,0.664,0.29033440514469455,0.8759274801790246
2025,8,Texas Rangers,140,616,0.666,0.2897475570032573,0.97493415512515
2025,8,Houston Astros,117,613,0.647,0.28223895253682485,0.9059271304345026
2025,8,San Diego Padres,135,621,0.639,0.28688505747126436,0.8989699361317874
2025,8,New York Yankees,147,637,0.672,0.2933338607594937,0.8531261357840308
2025,8,Chicago White Sox,145,612,0.633,0.2790541871921183,0.9377429711422474
2025,8,Colorado Rockies,115,597,0.605,0.2647702702702703,0.890958454476204
2025,8,Milwaukee Brewers,158,639,0.625,0.2798753943217666,0.8496627219684164
2025,8,Boston Red Sox,111,638,0.616,0.2705441640378549,0.8266223310000022
2025,8,Tampa Bay Rays,139,621,0.592,0.261610662358643,0.828829396364364
2025,8,Cleveland Guardians,114,603,0.657,0.28752436974789913,0.9802656486464503
2025,8,Los Angeles Angels,108,610,0.573,0.2545189456342669,0.8237936921556294
2025,8,San Francisco Giants,137,619,0.55,0.24531260229132568,0.7885544844254823
2025,9,Milwaukee Brewers,158,622,0.732,0.32082305194805194,0.9951249799694093
2025,9,Kansas City Royals,118,592,0.663,0.2910260416666667,0.9392912346975951
2025,9,New York Mets,121,616,0.68,0.29840131578947365,0.9007296462445334
2025,9,Boston Red Sox,111,620,0.73,0.3157374392220421,0.9796011390097428
2025,9,Cincinnati Reds,113,604,0.721,0.31541763727121463,1.021769968581156
2025,9,Philadelphia Phillies,143,620,0.705,0.30583496732026144,0.9289688837106524
2025,9,San Francisco Giants,137,599,0.672,0.2937538200339559,0.9634702064253164
2025,9,Toronto Blue Jays,141,615,0.658,0.2879212730318258,0.8648963661693234
2025,9,Chicago Cubs,112,611,0.714,0.3086863711001642,0.9507966656502458
2025,9,Athletics,133,616,0.663,0.29225000000000007,0.8854783404711013
2025,9,Seattle Mariners,136,617,0.646,0.2914189852700491,0.8723770641414518
2025,9,Texas Rangers,140,595,0.629,0.27672835314091687,0.9207711465070861
2025,9,Tampa Bay Rays,139,595,0.65,0.2886338983050848,0.9100322764135754
2025,9,Houston Astros,117,598,0.638,0.28462605752961084,0.8933253620049655
2025,9,Washington Nationals,120,591,0.624,0.2776092943201377,0.900060763302823
2025,9,Atlanta Braves,144,611,0.58,0.2593427152317881,0.8054145060273419
2025,9,Pittsburgh Pirates,134,585,0.581,0.2607239583333334,0.8862763119976742
2025,9,Colorado Rockies,115,583,0.618,0.2719201388888889,0.9101030163079242
2025,9,New York Yankees,147,617,0.66,0.2907471451876019,0.8378917405021732
2025,9,Arizona Diamondbacks,109,620,0.635,0.2801957236842105,0.837671611315784
2025,9,Minnesota Twins,142,602,0.668,0.2962712146422629,0.9439545828446314
2025,9,Los Angeles Angels,108,592,0.604,0.26477303754266207,0.8683619372809777
2025,9,Miami Marlins,146,614,0.635,0.27810247933884297,0.8974054837368451
2025,9,Los Angeles Dodgers,119,614,0.629,0.28062541254125406,0.8179830350867163
2025,9,Detroit Tigers,116,605,0.587,0.25825249169435216,0.8044081750891032
2025,9,Cleveland Guardians,114,586,0.599,0.26350433275563256,0.8937277375026236
2025,9,San Diego Padres,135,610,0.585,0.2602731871838111,0.8230006457544533
2025,9,Baltimore Orioles,110,593,0.614,0.26785279187817257,0.8785123273560519
2025,9,St. Louis Cardinals,138,601,0.563,0.2579489795918367,0.8131967488761221
2025,9,Chicago White Sox,145,591,0.561,0.248082332761578,0.831080263524172
