league,year,team,N,real_rpg,engine,rpg_actual,best_name,best_actual_slot,n_top3_starters,rpg_A_swap,gain_A_swap,order_A_swap,rpg_A_insert,gain_A_insert,order_A_insert,rpg_B_top3_best6,gain_B_top3_best6,order_B_top3_best6,order_actual,names_actual,seconds
KBO,2021,KIA,3,3.9444444444444446,basic,4.015025,김선빈,2,2,4.015025,0.0,66606-78603-72443-64984-69652-65610-64560-62864-64646,4.015025,0.0,66606-78603-72443-64984-69652-65610-64560-62864-64646,4.009825,-0.7487999999999175,78603-66606-72443-64984-69652-65610-64560-62864-64646,66606-78603-72443-64984-69652-65610-64560-62864-64646,최원준-김선빈-최형우-김태진-터커-황대인-이창진-김민식-박찬호,71.61611938476562
KBO,2021,KIA,3,3.9444444444444446,situational,3.776308333333333,김선빈,2,2,3.776308333333333,0.0,66606-78603-72443-64984-69652-65610-64560-62864-64646,3.776308333333333,0.0,66606-78603-72443-64984-69652-65610-64560-62864-64646,3.776308333333333,0.0,66606-78603-72443-64984-69652-65610-64560-62864-64646,66606-78603-72443-64984-69652-65610-64560-62864-64646,최원준-김선빈-최형우-김태진-터커-황대인-이창진-김민식-박찬호,55.34093880653381
KBO,2021,KT,3,4.993055555555555,basic,4.938375,강백호,3,3,4.947875,1.3680000000000092,64868-68050-76313-64166-74339-68730-78548-73113-64006,4.947875,1.3680000000000092,64868-68050-76313-64166-74339-68730-78548-73113-64006,4.938375,0.0,64868-76313-68050-64166-74339-68730-78548-73113-64006,64868-76313-68050-64166-74339-68730-78548-73113-64006,조용호-황재균-강백호-배정대-유한준-호잉-장성우-박경수-심우준,76.44890522956848
KBO,2021,KT,3,4.993055555555555,situational,4.632608333333334,강백호,3,3,4.6522,2.821199999999905,64868-68050-76313-64166-74339-68730-78548-73113-64006,4.6522,2.821199999999905,64868-68050-76313-64166-74339-68730-78548-73113-64006,4.616291666666666,-2.349600000000109,74339-76313-68050-64166-64868-68730-78548-73113-64006,64868-76313-68050-64166-74339-68730-78548-73113-64006,조용호-황재균-강백호-배정대-유한준-호잉-장성우-박경수-심우준,147.97947907447815
KBO,2021,LG,3,4.541666666666667,basic,4.774541666666667,홍창기,1,3,4.76225,-1.7700000000000529,76290-66108-78168-78135-79192-79109-77564-69102-61102,4.76225,-1.7700000000000529,76290-66108-78168-78135-79192-79109-77564-69102-61102,4.76225,-1.7700000000000529,76290-66108-78168-78135-79192-79109-77564-69102-61102,66108-76290-78168-78135-79192-79109-77564-69102-61102,홍창기-김현수-서건창-이형종-채은성-오지환-김민성-문보경-유강남,74.47491407394409
KBO,2021,LG,3,4.541666666666667,situational,4.4957666666666665,홍창기,1,3,4.482683333333333,-1.8840000000000003,76290-66108-78168-78135-79192-79109-77564-69102-61102,4.482683333333333,-1.8840000000000003,76290-66108-78168-78135-79192-79109-77564-69102-61102,4.482683333333333,-1.8840000000000003,76290-66108-78168-78135-79192-79109-77564-69102-61102,66108-76290-78168-78135-79192-79109-77564-69102-61102,홍창기-김현수-서건창-이형종-채은성-오지환-김민성-문보경-유강남,101.88734793663025
KBO,2021,NC,2,4.875,basic,5.560441666666667,양의지,4,3,5.5847,3.493199999999959,76849-76232-62947-69992-50923-74465-62931-62925-78122,5.580491666666667,2.8872000000000497,76849-76232-69992-62947-50923-74465-62931-62925-78122,5.564125,0.5303999999999576,76849-50923-62947-76232-69992-74465-62931-62925-78122,76849-69992-62947-76232-50923-74465-62931-62925-78122,이명기-최정원-나성범-양의지-알테어-박석민-노진혁-강진성-김태군,140.27734422683716
KBO,2021,NC,2,4.875,situational,5.219025,양의지,4,3,5.253491666666666,4.963199999999901,76849-76232-62947-69992-50923-74465-62931-62925-78122,5.238616666666666,2.821199999999905,76849-76232-69992-62947-50923-74465-62931-62925-78122,5.2209666666666665,0.2795999999999452,62947-69992-76849-76232-50923-74465-62931-62925-78122,76849-69992-62947-76232-50923-74465-62931-62925-78122,이명기-최정원-나성범-양의지-알테어-박석민-노진혁-강진성-김태군,195.60790395736694
KBO,2021,SSG,3,5.243055555555555,basic,5.599925,최정,3,3,5.608216666666666,1.1939999999999884,51817-75847-67872-50854-61353-76267-62895-67893-76812,5.608216666666666,1.1939999999999884,51817-75847-67872-50854-61353-76267-62895-67893-76812,5.619925,2.8800000000000665,51817-62895-75847-50854-61353-76267-67872-67893-76812,51817-67872-75847-50854-61353-76267-62895-67893-76812,추신수-로맥-최정-최지훈-고종욱-최주환-한유섬-박성한-이재원,108.69606518745422
KBO,2021,SSG,3,5.243055555555555,situational,5.26515,최정,3,3,5.2720416666666665,0.9923999999999467,51817-75847-67872-50854-61353-76267-62895-67893-76812,5.2720416666666665,0.9923999999999467,51817-75847-67872-50854-61353-76267-62895-67893-76812,5.2766166666666665,1.651199999999946,51817-62895-75847-50854-61353-76267-67872-67893-76812,51817-67872-75847-50854-61353-76267-62895-67893-76812,추신수-로맥-최정-최지훈-고종욱-최주환-한유섬-박성한-이재원,158.50406408309937
KBO,2021,두산,3,5.125,basic,4.487125,김재환,4,2,4.4953,1.1772000000000702,69209-78224-79231-79240-63257-64153-74206-63123-62244,4.4862166666666665,-0.1307999999999936,69209-78224-79240-79231-63257-64153-74206-63123-62244,4.4953,1.1772000000000702,69209-78224-79231-79240-63257-64153-74206-63123-62244,69209-79240-79231-78224-63257-64153-74206-63123-62244,페르난데스-허경민-정수빈-김재환-김인태-양석환-김재호-강승호-박세혁,108.03656792640686
KBO,2021,두산,3,5.125,situational,4.243641666666667,김재환,4,2,4.254691666666667,1.5912000000000006,69209-78224-79231-79240-63257-64153-74206-63123-62244,4.255216666666667,1.6667999999999523,69209-78224-79240-79231-63257-64153-74206-63123-62244,4.24395,0.044399999999939155,79240-69209-79231-78224-63257-64153-74206-63123-62244,69209-79240-79231-78224-63257-64153-74206-63123-62244,페르난데스-허경민-정수빈-김재환-김인태-양석환-김재호-강승호-박세혁,182.401127576828
KBO,2021,롯데,3,5.048611111111111,basic,5.502533333333333,전준우,2,3,5.502533333333333,0.0,77532-78513-71564-79608-60523-68362-50506-68525-64717,5.502533333333333,0.0,77532-78513-71564-79608-60523-68362-50506-68525-64717,5.501125,-0.20279999999995368,77532-60523-71564-79608-78513-68362-50506-68525-64717,77532-78513-71564-79608-60523-68362-50506-68525-64717,손아섭-전준우-이대호-안치홍-정훈-추재현-마차도-한동희-지시완,79.43728446960449
KBO,2021,롯데,3,5.048611111111111,situational,5.172733333333333,전준우,2,3,5.172733333333333,0.0,77532-78513-71564-79608-60523-68362-50506-68525-64717,5.172733333333333,0.0,77532-78513-71564-79608-60523-68362-50506-68525-64717,5.175516666666667,0.4008000000000038,79608-78513-71564-77532-60523-68362-50506-68525-64717,77532-78513-71564-79608-60523-68362-50506-68525-64717,손아섭-전준우-이대호-안치홍-정훈-추재현-마차도-한동희-지시완,119.9850742816925
KBO,2021,삼성,3,4.944444444444445,basic,5.098841666666667,구자욱,2,3,5.098841666666667,0.0,62415-62404-51463-75334-74540-75566-79402-50458-61404,5.098841666666667,0.0,62415-62404-51463-75334-74540-75566-79402-50458-61404,5.098841666666667,0.0,62415-62404-51463-75334-74540-75566-79402-50458-61404,62415-62404-51463-75334-74540-75566-79402-50458-61404,박해민-구자욱-피렐라-오재일-강민호-이원석-김상수-김지찬-김헌곤,48.07767987251282
KBO,2021,삼성,3,4.944444444444445,situational,4.80505,구자욱,2,3,4.80505,0.0,62415-62404-51463-75334-74540-75566-79402-50458-61404,4.80505,0.0,62415-62404-51463-75334-74540-75566-79402-50458-61404,4.80505,0.0,62415-62404-51463-75334-74540-75566-79402-50458-61404,62415-62404-51463-75334-74540-75566-79402-50458-61404,박해민-구자욱-피렐라-오재일-강민호-이원석-김상수-김지찬-김헌곤,73.47192597389221
KBO,2021,키움,2,5.013888888888889,basic,5.289108333333333,이정후,3,3,5.300633333333334,1.659600000000097,78168-67341-67304-74163-75125-65898-79365-51324-65362,5.300633333333334,1.659600000000097,78168-67341-67304-74163-75125-65898-79365-51324-65362,5.300633333333334,1.659600000000097,78168-67341-67304-74163-75125-65898-79365-51324-65362,78168-67304-67341-74163-75125-65898-79365-51324-65362,서건창-김혜성-이정후-이용규-박병호-김웅빈-박동원-프레이타스-송우현,74.26997375488281
KBO,2021,키움,2,5.013888888888889,situational,4.970558333333333,이정후,3,3,4.964658333333333,-0.8495999999999384,78168-67341-67304-74163-75125-65898-79365-51324-65362,4.964658333333333,-0.8495999999999384,78168-67341-67304-74163-75125-65898-79365-51324-65362,4.9722583333333334,0.24480000000006896,78168-74163-67341-67304-75125-65898-79365-51324-65362,78168-67304-67341-74163-75125-65898-79365-51324-65362,서건창-김혜성-이정후-이용규-박병호-김웅빈-박동원-프레이타스-송우현,158.26803851127625
KBO,2021,한화,3,4.159722222222222,basic,4.297675,노시환,4,3,4.306875,1.324799999999982,68743-69737-78288-62700-51725-73136-63704-50707-50704,4.287925,-1.4039999999999253,68743-69737-62700-78288-51725-73136-63704-50707-50704,4.306875,1.324799999999982,68743-69737-78288-62700-51725-73136-63704-50707-50704,68743-62700-78288-69737-51725-73136-63704-50707-50704,정은원-하주석-최재훈-노시환-힐리-이성열-노수광-최인호-임종찬,118.01799511909485
KBO,2021,한화,3,4.159722222222222,situational,4.042366666666667,노시환,4,3,4.0442833333333335,0.2759999999999536,68743-69737-78288-62700-51725-73136-63704-50707-50704,4.031,-1.6368000000001075,68743-69737-62700-78288-51725-73136-63704-50707-50704,4.0416083333333335,-0.10920000000004393,68743-78288-62700-69737-51725-73136-63704-50707-50704,68743-62700-78288-69737-51725-73136-63704-50707-50704,정은원-하주석-최재훈-노시환-힐리-이성열-노수광-최인호-임종찬,175.73382377624512
KBO,2022,KIA,3,5.0,basic,5.186491666666667,나성범,2,3,5.186491666666667,0.0,64646-62947-64560-78603-52630-62234-72443-65610-79365,5.186491666666667,0.0,64646-62947-64560-78603-52630-62234-72443-65610-79365,5.181025,-0.7872000000000412,64646-52630-64560-78603-62947-62234-72443-65610-79365,64646-62947-64560-78603-52630-62234-72443-65610-79365,박찬호-나성범-이창진-김선빈-소크라테스-류지혁-최형우-황대인-박동원,74.4382016658783
KBO,2022,KIA,3,5.0,situational,4.888158333333333,나성범,2,3,4.888158333333333,0.0,64646-62947-64560-78603-52630-62234-72443-65610-79365,4.888158333333333,0.0,64646-62947-64560-78603-52630-62234-72443-65610-79365,4.912058333333333,3.4416000000000366,72443-62947-64560-78603-52630-62234-64646-65610-79365,64646-62947-64560-78603-52630-62234-72443-65610-79365,박찬호-나성범-이창진-김선빈-소크라테스-류지혁-최형우-황대인-박동원,116.23048114776611
KBO,2022,KT,3,4.381944444444445,basic,4.429333333333333,박병호,4,2,4.429858333333334,0.0756000000000796,64868-75125-68050-64004-76313-64166-78548-64504-64006,4.4288,-0.07679999999999154,64868-75125-64004-68050-76313-64166-78548-64504-64006,4.429858333333334,0.0756000000000796,64868-75125-68050-64004-76313-64166-78548-64504-64006,64868-64004-68050-75125-76313-64166-78548-64504-64006,조용호-김민혁-강백호-박병호-황재균-배정대-장성우-오윤석-심우준,104.67631411552429
KBO,2022,KT,3,4.381944444444445,situational,4.172583333333334,박병호,4,2,4.189616666666667,2.4527999999999537,64868-75125-68050-64004-76313-64166-78548-64504-64006,4.184733333333333,1.7495999999998872,64868-75125-64004-68050-76313-64166-78548-64504-64006,4.201233333333334,4.125599999999977,64868-78548-68050-75125-76313-64166-64004-64504-64006,64868-64004-68050-75125-76313-64166-78548-64504-64006,조용호-김민혁-강백호-박병호-황재균-배정대-장성우-오윤석-심우준,171.9900770187378
KBO,2022,LG,3,4.965277777777778,basic,5.104075,문성주,5,3,5.127575,3.384000000000043,66108-68119-76290-79192-62415-79109-69102-61102-78168,5.112841666666666,1.262399999999957,66108-68119-62415-76290-79192-79109-69102-61102-78168,5.1293,3.6323999999999756,66108-69102-76290-79192-68119-79109-62415-61102-78168,66108-62415-76290-79192-68119-79109-69102-61102-78168,홍창기-박해민-김현수-채은성-문성주-오지환-문보경-유강남-서건창,153.62777304649353
KBO,2022,LG,3,4.965277777777778,situational,4.7957,문성주,5,3,4.824675,4.172399999999996,66108-68119-76290-79192-62415-79109-69102-61102-78168,4.811708333333334,2.305200000000042,66108-68119-62415-76290-79192-79109-69102-61102-78168,4.8108,2.1744000000000483,66108-76290-62415-79192-68119-79109-69102-61102-78168,66108-62415-76290-79192-68119-79109-69102-61102-78168,홍창기-박해민-김현수-채은성-문성주-오지환-문보경-유강남-서건창,189.55548477172852
KBO,2022,NC,3,4.486111111111111,basic,5.020466666666667,박건우,3,3,5.038975,2.6651999999999703,77532-79215-62907-76232-52904-76849-62931-68904-51907,5.038975,2.6651999999999703,77532-79215-62907-76232-52904-76849-62931-68904-51907,5.034083333333333,1.9607999999999919,79215-62907-77532-76232-52904-76849-62931-68904-51907,77532-62907-79215-76232-52904-76849-62931-68904-51907,손아섭-박민우-박건우-양의지-마티니-이명기-노진혁-오영수-김주원,107.05884623527527
KBO,2022,NC,3,4.486111111111111,situational,4.739483333333333,박건우,3,3,4.7348,-0.6744000000000057,77532-79215-62907-76232-52904-76849-62931-68904-51907,4.7348,-0.6744000000000057,77532-79215-62907-76232-52904-76849-62931-68904-51907,4.735908333333334,-0.5147999999999513,77532-52904-79215-76232-62907-76849-62931-68904-51907,77532-62907-79215-76232-52904-76849-62931-68904-51907,손아섭-박민우-박건우-양의지-마티니-이명기-노진혁-오영수-김주원,136.96735072135925
KBO,2022,SSG,3,5.0,basic,4.788758333333333,최정,3,3,4.801541666666667,1.840800000000101,51817-75847-50854-62895-52806-52827-67893-76802-76812,4.801541666666667,1.840800000000101,51817-75847-50854-62895-52806-52827-67893-76802-76812,4.787375,-0.19919999999996207,51817-62895-75847-50854-52806-52827-67893-76802-76812,51817-50854-75847-62895-52806-52827-67893-76802-76812,추신수-최지훈-최정-한유섬-라가레스-크론-박성한-김성현-이재원,118.02416682243347
KBO,2022,SSG,3,5.0,situational,4.5292916666666665,최정,3,3,4.534141666666667,0.698400000000035,51817-75847-50854-62895-52806-52827-67893-76802-76812,4.534141666666667,0.698400000000035,51817-75847-50854-62895-52806-52827-67893-76802-76812,4.534141666666667,0.698400000000035,51817-75847-50854-62895-52806-52827-67893-76802-76812,51817-50854-75847-62895-52806-52827-67893-76802-76812,추신수-최지훈-최정-한유섬-라가레스-크론-박성한-김성현-이재원,110.19582653045654
KBO,2022,두산,3,4.430555555555555,basic,4.216025,김재환,4,3,4.224725,1.252800000000022,63257-78224-79240-69209-64153-79231-63123-62244-74206,4.223775,1.115999999999957,63257-78224-69209-79240-64153-79231-63123-62244-74206,4.22905,1.8755999999999773,63257-79240-69209-78224-64153-79231-63123-62244-74206,63257-69209-79240-78224-64153-79231-63123-62244-74206,김인태-페르난데스-허경민-김재환-양석환-정수빈-강승호-박세혁-김재호,135.0246045589447
KBO,2022,두산,3,4.430555555555555,situational,3.9841333333333333,김재환,4,3,3.99945,2.205599999999997,63257-78224-79240-69209-64153-79231-63123-62244-74206,3.9981416666666667,2.0172000000000097,63257-78224-69209-79240-64153-79231-63123-62244-74206,3.99945,2.205599999999997,63257-78224-79240-69209-64153-79231-63123-62244-74206,63257-69209-79240-78224-64153-79231-63123-62244-74206,김인태-페르난데스-허경민-김재환-양석환-정수빈-강승호-박세혁-김재호,141.66029691696167
KBO,2022,롯데,3,4.201388888888889,basic,4.311233333333333,이대호,4,3,4.298416666666666,-1.8456000000000046,79608-71564-60523-78513-68525-52526-69517-69453-68518,4.295475,-2.269199999999998,79608-71564-78513-60523-68525-52526-69517-69453-68518,4.30285,-1.207199999999915,79608-68525-60523-71564-78513-52526-69517-69453-68518,79608-78513-60523-71564-68525-52526-69517-69453-68518,안치홍-전준우-정훈-이대호-한동희-피터스-고승민-이학주-정보근,135.26399183273315
KBO,2022,롯데,3,4.201388888888889,situational,4.09605,이대호,4,3,4.085941666666667,-1.4555999999999756,79608-71564-60523-78513-68525-52526-69517-69453-68518,4.072316666666667,-3.4176000000000073,79608-71564-78513-60523-68525-52526-69517-69453-68518,4.096433333333334,0.05520000000004188,79608-68525-60523-71564-78513-52526-69517-69453-68518,79608-78513-60523-71564-68525-52526-69517-69453-68518,안치홍-전준우-정훈-이대호-한동희-피터스-고승민-이학주-정보근,193.47181248664856
KBO,2022,삼성,3,4.604166666666667,basic,5.022125,피렐라,2,3,5.022125,0.0,50458-51463-62404-51417-75334-75566-74540-65132-52415,5.022125,0.0,50458-51463-62404-51417-75334-75566-74540-65132-52415,5.024991666666667,0.4128000000000185,75566-51463-62404-51417-75334-50458-74540-65132-52415,50458-51463-62404-51417-75334-75566-74540-65132-52415,김지찬-피렐라-구자욱-김현준-오재일-이원석-강민호-김재성-이재현,76.35155701637268
KBO,2022,삼성,3,4.604166666666667,situational,4.7336583333333335,피렐라,2,3,4.7336583333333335,0.0,50458-51463-62404-51417-75334-75566-74540-65132-52415,4.7336583333333335,0.0,50458-51463-62404-51417-75334-75566-74540-65132-52415,4.736041666666667,0.34320000000001016,75334-51463-62404-51417-50458-75566-74540-65132-52415,50458-51463-62404-51417-75334-75566-74540-65132-52415,김지찬-피렐라-구자욱-김현준-오재일-이원석-강민호-김재성-이재현,101.63640189170837
KBO,2022,키움,3,4.3125,basic,4.290533333333333,이정후,2,3,4.290533333333333,0.0,74163-67341-67304-52366-65357-52348-51344-65586-79456,4.290533333333333,0.0,74163-67341-67304-52366-65357-52348-51344-65586-79456,4.2899666666666665,-0.08160000000002299,74163-52366-67304-67341-65357-52348-51344-65586-79456,74163-67341-67304-52366-65357-52348-51344-65586-79456,이용규-이정후-김혜성-푸이그-송성문-박찬혁-김휘집-전병우-이지영,75.07596468925476
KBO,2022,키움,3,4.3125,situational,4.067933333333333,이정후,2,3,4.067933333333333,0.0,74163-67341-67304-52366-65357-52348-51344-65586-79456,4.067933333333333,0.0,74163-67341-67304-52366-65357-52348-51344-65586-79456,4.062541666666666,-0.7764000000000664,74163-52366-67304-67341-65357-52348-51344-65586-79456,74163-67341-67304-52366-65357-52348-51344-65586-79456,이용규-이정후-김혜성-푸이그-송성문-박찬혁-김휘집-전병우-이지영,97.75233292579651
KBO,2022,한화,3,3.9166666666666665,basic,4.039616666666666,터크먼,1,3,4.052016666666667,1.7856000000000591,68743-52712-69737-66704-78288-66715-66657-62700-63704,4.052016666666667,1.7856000000000591,68743-52712-69737-66704-78288-66715-66657-62700-63704,4.052016666666667,1.7856000000000591,68743-52712-69737-66704-78288-66715-66657-62700-63704,52712-68743-69737-66704-78288-66715-66657-62700-63704,터크먼-정은원-노시환-김태연-최재훈-김인환-이진영-하주석-노수광,73.51247358322144
KBO,2022,한화,3,3.9166666666666665,situational,3.8223833333333332,터크먼,1,3,3.842391666666667,2.8812000000000424,68743-52712-69737-66704-78288-66715-66657-62700-63704,3.842391666666667,2.8812000000000424,68743-52712-69737-66704-78288-66715-66657-62700-63704,3.842391666666667,2.8812000000000424,68743-52712-69737-66704-78288-66715-66657-62700-63704,52712-68743-69737-66704-78288-66715-66657-62700-63704,터크먼-정은원-노시환-김태연-최재훈-김인환-이진영-하주석-노수광,94.20140051841736
KBO,2023,KIA,3,5.041666666666667,basic,5.334091666666667,나성범,2,3,5.334091666666667,0.0,52605-62947-72443-64646-52630-78603-64560-65610-78122,5.334091666666667,0.0,52605-62947-72443-64646-52630-78603-64560-65610-78122,5.341816666666666,1.1123999999999654,72443-62947-52605-64646-52630-78603-64560-65610-78122,52605-62947-72443-64646-52630-78603-64560-65610-78122,김도영-나성범-최형우-박찬호-소크라테스-김선빈-이창진-황대인-김태군,77.346515417099
KBO,2023,KIA,3,5.041666666666667,situational,5.018716666666666,나성범,2,3,5.018716666666666,0.0,52605-62947-72443-64646-52630-78603-64560-65610-78122,5.018716666666666,0.0,52605-62947-72443-64646-52630-78603-64560-65610-78122,5.026308333333334,1.0932000000000954,52605-72443-62947-64646-52630-78603-64560-65610-78122,52605-62947-72443-64646-52630-78603-64560-65610-78122,김도영-나성범-최형우-박찬호-소크라테스-김선빈-이창진-황대인-김태군,108.37418723106384
KBO,2023,KT,3,4.666666666666667,basic,4.645591666666666,알포드,2,3,4.645591666666666,0.0,64004-52009-75125-76313-79402-64007-78548-64166-73113,4.645591666666666,0.0,64004-52009-75125-76313-79402-64007-78548-64166-73113,4.648041666666667,0.35280000000007306,64004-76313-75125-52009-79402-64007-78548-64166-73113,64004-52009-75125-76313-79402-64007-78548-64166-73113,김민혁-알포드-박병호-황재균-김상수-문상철-장성우-배정대-박경수,74.85108733177185
KBO,2023,KT,3,4.666666666666667,situational,4.385633333333334,알포드,2,3,4.385633333333334,0.0,64004-52009-75125-76313-79402-64007-78548-64166-73113,4.385633333333334,0.0,64004-52009-75125-76313-79402-64007-78548-64166-73113,4.391033333333334,0.7775999999999783,64004-76313-75125-52009-79402-64007-78548-64166-73113,64004-52009-75125-76313-79402-64007-78548-64166-73113,김민혁-알포드-박병호-황재균-김상수-문상철-장성우-배정대-박경수,106.96840476989746
KBO,2023,LG,3,5.326388888888889,basic,5.333483333333334,홍창기,1,3,5.348216666666667,2.121599999999958,76290-66108-68119-53123-79109-65207-69102-79365-62415,5.348216666666667,2.121599999999958,76290-66108-68119-53123-79109-65207-69102-79365-62415,5.354583333333333,3.038399999999953,66108-69102-68119-53123-79109-65207-76290-79365-62415,66108-76290-68119-53123-79109-65207-69102-79365-62415,홍창기-김현수-문성주-오스틴-오지환-신민재-문보경-박동원-박해민,112.51737833023071
KBO,2023,LG,3,5.326388888888889,situational,4.99355,홍창기,1,3,5.001683333333333,1.171199999999999,76290-66108-68119-53123-79109-65207-69102-79365-62415,5.001683333333333,1.171199999999999,76290-66108-68119-53123-79109-65207-69102-79365-62415,5.001683333333333,1.171199999999999,76290-66108-68119-53123-79109-65207-69102-79365-62415,66108-76290-68119-53123-79109-65207-69102-79365-62415,홍창기-김현수-문성주-오스틴-오지환-신민재-문보경-박동원-박해민,114.8844952583313
KBO,2023,NC,3,4.715277777777778,basic,4.9541,박건우,3,3,4.939783333333334,-2.0616000000000128,77532-79215-62907-53955-63963-69995-68904-62244-51907,4.939783333333334,-2.0616000000000128,77532-79215-62907-53955-63963-69995-68904-62244-51907,4.967491666666667,1.9283999999999395,63963-62907-79215-53955-77532-69995-68904-62244-51907,77532-62907-79215-53955-63963-69995-68904-62244-51907,손아섭-박민우-박건우-마틴-권희동-서호철-오영수-박세혁-김주원,110.34633421897888
KBO,2023,NC,3,4.715277777777778,situational,4.6542,박건우,3,3,4.651525,-0.38519999999999754,77532-79215-62907-53955-63963-69995-68904-62244-51907,4.651525,-0.38519999999999754,77532-79215-62907-53955-63963-69995-68904-62244-51907,4.6542,0.0,77532-62907-79215-53955-63963-69995-68904-62244-51907,77532-62907-79215-53955-63963-69995-68904-62244-51907,손아섭-박민우-박건우-마틴-권희동-서호철-오영수-박세혁-김주원,108.8417420387268
KBO,2023,SSG,3,4.569444444444445,basic,4.734725,최정,3,3,4.730133333333334,-0.6611999999999512,51817-75847-50854-53827-76267-60558-67893-62895-62864,4.730133333333334,-0.6611999999999512,51817-75847-50854-53827-76267-60558-67893-62895-62864,4.728266666666666,-0.9300000000000495,50854-51817-75847-53827-76267-60558-67893-62895-62864,51817-50854-75847-53827-76267-60558-67893-62895-62864,추신수-최지훈-최정-에레디아-최주환-오태곤-박성한-한유섬-김민식,109.05007147789001
KBO,2023,SSG,3,4.569444444444445,situational,4.4820166666666665,최정,3,3,4.485475,0.4980000000000331,51817-75847-50854-53827-76267-60558-67893-62895-62864,4.485475,0.4980000000000331,51817-75847-50854-53827-76267-60558-67893-62895-62864,4.485475,0.4980000000000331,51817-75847-50854-53827-76267-60558-67893-62895-62864,51817-50854-75847-53827-76267-60558-67893-62895-62864,추신수-최지훈-최정-에레디아-최주환-오태곤-박성한-한유섬-김민식,97.65732836723328
KBO,2023,두산,3,4.305555555555555,basic,4.636091666666666,양의지,2,3,4.636091666666666,0.0,79231-76232-64153-53211-78224-74206-79240-66209-63123,4.636091666666666,0.0,79231-76232-64153-53211-78224-74206-79240-66209-63123,4.622116666666667,-2.0123999999999143,79231-53211-64153-76232-78224-74206-79240-66209-63123,79231-76232-64153-53211-78224-74206-79240-66209-63123,정수빈-양의지-양석환-로하스-김재환-김재호-허경민-조수행-강승호,80.90067148208618
KBO,2023,두산,3,4.305555555555555,situational,4.355841666666667,양의지,2,3,4.355841666666667,0.0,79231-76232-64153-53211-78224-74206-79240-66209-63123,4.355841666666667,0.0,79231-76232-64153-53211-78224-74206-79240-66209-63123,4.355841666666667,0.0,79231-76232-64153-53211-78224-74206-79240-66209-63123,79231-76232-64153-53211-78224-74206-79240-66209-63123,정수빈-양의지-양석환-로하스-김재환-김재호-허경민-조수행-강승호,61.241209268569946
KBO,2023,롯데,3,4.534722222222222,basic,3.85585,전준우,3,2,3.8425083333333334,-1.9212000000000202,52591-78513-79608-69517-50500-53554-68525-62931-61102,3.8425083333333334,-1.9212000000000202,52591-78513-79608-69517-50500-53554-68525-62931-61102,3.851183333333333,-0.6720000000000539,78513-79608-52591-69517-50500-53554-68525-62931-61102,52591-79608-78513-69517-50500-53554-68525-62931-61102,윤동희-안치홍-전준우-고승민-황성빈-김민석-한동희-노진혁-유강남,101.96992921829224
KBO,2023,롯데,3,4.534722222222222,situational,3.6530583333333335,전준우,3,2,3.6422833333333333,-1.551600000000029,52591-78513-79608-69517-50500-53554-68525-62931-61102,3.6422833333333333,-1.551600000000029,52591-78513-79608-69517-50500-53554-68525-62931-61102,3.6530583333333335,0.0,52591-79608-78513-69517-50500-53554-68525-62931-61102,52591-79608-78513-69517-50500-53554-68525-62931-61102,윤동희-안치홍-전준우-고승민-황성빈-김민석-한동희-노진혁-유강남,88.04114413261414
KBO,2023,삼성,3,4.416666666666667,basic,4.491725,구자욱,2,3,4.491725,0.0,51417-62404-50458-51463-74540-66838-64610-75334-52415,4.491725,0.0,51417-62404-50458-51463-74540-66838-64610-75334-52415,4.493825,0.3024000000000626,74540-62404-50458-51463-51417-66838-64610-75334-52415,51417-62404-50458-51463-74540-66838-64610-75334-52415,김현준-구자욱-김지찬-피렐라-강민호-김동엽-강한울-오재일-이재현,75.62504363059998
KBO,2023,삼성,3,4.416666666666667,situational,4.233241666666666,구자욱,2,3,4.233241666666666,0.0,51417-62404-50458-51463-74540-66838-64610-75334-52415,4.233241666666666,0.0,51417-62404-50458-51463-74540-66838-64610-75334-52415,4.266475,4.7856000000000165,50458-62404-51417-51463-74540-66838-64610-75334-52415,51417-62404-50458-51463-74540-66838-64610-75334-52415,김현준-구자욱-김지찬-피렐라-강민호-김동엽-강한울-오재일-이재현,111.2558765411377
KBO,2023,키움,2,4.215277777777778,basic,4.222533333333334,이주형,5,3,4.19855,-3.4536000000000513,67304-50167-67341-78135-63920-75566-65357-51344-79456,4.202916666666667,-2.8248000000000246,67304-50167-63920-67341-78135-75566-65357-51344-79456,4.238791666666667,2.341199999999958,67304-51344-67341-78135-50167-75566-65357-63920-79456,67304-63920-67341-78135-50167-75566-65357-51344-79456,김혜성-김준완-이정후-이형종-이주형-이원석-송성문-김휘집-이지영,143.35303902626038
KBO,2023,키움,2,4.215277777777778,situational,3.9807166666666665,이주형,5,3,3.9742333333333333,-0.9335999999999771,67304-50167-67341-78135-63920-75566-65357-51344-79456,3.9766833333333333,-0.580799999999968,67304-50167-63920-67341-78135-75566-65357-51344-79456,3.9932666666666665,1.8072000000000088,63920-67304-67341-78135-50167-75566-65357-51344-79456,67304-63920-67341-78135-50167-75566-65357-51344-79456,김혜성-김준완-이정후-이형종-이주형-이원석-송성문-김휘집-이지영,181.97105717658997
KBO,2023,한화,3,4.194444444444445,basic,4.2562,노시환,1,3,4.252075,-0.5940000000000225,68743-69737-66657-79192-53716-66715-53764-78288-65703,4.252075,-0.5940000000000225,68743-69737-66657-79192-53716-66715-53764-78288-65703,4.249641666666666,-0.9444000000000159,79192-68743-66657-69737-53716-66715-53764-78288-65703,69737-68743-66657-79192-53716-66715-53764-78288-65703,노시환-정은원-이진영-채은성-윌리엄스-김인환-문현빈-최재훈-이도윤,104.12851285934448
KBO,2023,한화,3,4.194444444444445,situational,4.033675,노시환,1,3,4.037166666666667,0.5028000000000645,68743-69737-66657-79192-53716-66715-53764-78288-65703,4.037166666666667,0.5028000000000645,68743-69737-66657-79192-53716-66715-53764-78288-65703,4.050041666666667,2.356800000000092,69737-78288-66657-79192-53716-66715-53764-68743-65703,69737-68743-66657-79192-53716-66715-53764-78288-65703,노시환-정은원-이진영-채은성-윌리엄스-김인환-문현빈-최재훈-이도윤,130.10885405540466
KBO,2024,KIA,3,5.958333333333333,basic,6.05045,김도영,1,3,6.049058333333333,-0.2004000000000019,64646-52605-52630-72443-62947-63260-78603-66606-78122,6.049058333333333,-0.2004000000000019,64646-52605-52630-72443-62947-63260-78603-66606-78122,6.043275,-1.0331999999998942,52605-52630-64646-72443-62947-63260-78603-66606-78122,52605-64646-52630-72443-62947-63260-78603-66606-78122,김도영-박찬호-소크라테스-최형우-나성범-이우성-김선빈-최원준-김태군,117.87963700294495
KBO,2024,KIA,3,5.958333333333333,situational,5.700058333333334,김도영,1,3,5.688725,-1.632000000000076,64646-52605-52630-72443-62947-63260-78603-66606-78122,5.688725,-1.632000000000076,64646-52605-52630-72443-62947-63260-78603-66606-78122,5.686675,-1.9272000000000276,52605-62947-52630-72443-64646-63260-78603-66606-78122,52605-64646-52630-72443-62947-63260-78603-66606-78122,김도영-박찬호-소크라테스-최형우-나성범-이우성-김선빈-최원준-김태군,147.52383732795715
KBO,2024,KT,3,5.326388888888889,basic,5.539633333333334,로하스,1,3,5.532525,-1.023600000000087,50054-67025-68050-64004-78548-64007-64166-76313-79402,5.532525,-1.023600000000087,50054-67025-68050-64004-78548-64007-64166-76313-79402,5.545858333333333,0.8963999999999572,67025-64004-68050-50054-78548-64007-64166-76313-79402,67025-50054-68050-64004-78548-64007-64166-76313-79402,로하스-천성호-강백호-김민혁-장성우-문상철-배정대-황재균-김상수,130.92274165153503
KBO,2024,KT,3,5.326388888888889,situational,5.2021,로하스,1,3,5.209483333333333,1.0631999999999948,50054-67025-68050-64004-78548-64007-64166-76313-79402,5.209483333333333,1.0631999999999948,50054-67025-68050-64004-78548-64007-64166-76313-79402,5.22605,3.44880000000002,67025-64004-68050-50054-78548-64007-64166-76313-79402,67025-50054-68050-64004-78548-64007-64166-76313-79402,로하스-천성호-강백호-김민혁-장성우-문상철-배정대-황재균-김상수,146.11769223213196
KBO,2024,LG,3,5.611111111111111,basic,5.694425,오스틴,2,3,5.694425,0.0,66108-53123-76290-69102-62415-79109-53144-79365-65207,5.694425,0.0,66108-53123-76290-69102-62415-79109-53144-79365-65207,5.685758333333333,-1.2479999999999905,66108-69102-76290-53123-62415-79109-53144-79365-65207,66108-53123-76290-69102-62415-79109-53144-79365-65207,홍창기-오스틴-김현수-문보경-박해민-오지환-김범석-박동원-신민재,74.55883431434631
KBO,2024,LG,3,5.611111111111111,situational,5.3299,오스틴,2,3,5.3299,0.0,66108-53123-76290-69102-62415-79109-53144-79365-65207,5.3299,0.0,66108-53123-76290-69102-62415-79109-53144-79365-65207,5.323833333333333,-0.8736000000000956,66108-69102-76290-53123-62415-79109-53144-79365-65207,66108-53123-76290-69102-62415-79109-53144-79365-65207,홍창기-오스틴-김현수-문보경-박해민-오지환-김범석-박동원-신민재,98.0830466747284
KBO,2024,NC,3,5.368055555555555,basic,5.571408333333333,데이비슨,4,3,5.573508333333334,0.3024000000000626,62907-54944-79215-77532-63963-69995-62934-51907-68912,5.564441666666666,-1.0032000000000494,62907-54944-77532-79215-63963-69995-62934-51907-68912,5.6615416666666665,12.979199999999977,62907-63963-79215-54944-77532-69995-62934-51907-68912,62907-77532-79215-54944-63963-69995-62934-51907-68912,박민우-손아섭-박건우-데이비슨-권희동-서호철-김성욱-김주원-김형준,151.01165175437927
KBO,2024,NC,3,5.368055555555555,situational,5.2424,데이비슨,4,3,5.242541666666667,0.02040000000003772,62907-54944-79215-77532-63963-69995-62934-51907-68912,5.264091666666666,3.1235999999999677,62907-54944-77532-79215-63963-69995-62934-51907-68912,5.346941666666667,15.054000000000045,62907-63963-79215-54944-77532-69995-62934-51907-68912,62907-77532-79215-54944-63963-69995-62934-51907-68912,박민우-손아섭-박건우-데이비슨-권희동-서호철-김성욱-김주원-김형준,186.45518231391907
KBO,2024,SSG,3,5.25,basic,5.333091666666666,최정,3,3,5.3373083333333335,0.607200000000077,50854-75847-51817-53827-67893-62895-54805-51868-79456,5.3373083333333335,0.607200000000077,50854-75847-51817-53827-67893-62895-54805-51868-79456,5.327716666666666,-0.7739999999999867,50854-67893-75847-53827-51817-62895-54805-51868-79456,50854-51817-75847-53827-67893-62895-54805-51868-79456,최지훈-추신수-최정-에레디아-박성한-한유섬-박지환-고명준-이지영,107.651846408844
KBO,2024,SSG,3,5.25,situational,5.05715,최정,3,3,5.024725,-4.669199999999989,50854-75847-51817-53827-67893-62895-54805-51868-79456,5.024725,-4.669199999999989,50854-75847-51817-53827-67893-62895-54805-51868-79456,5.048983333333333,-1.1760000000000304,50854-67893-75847-53827-51817-62895-54805-51868-79456,50854-51817-75847-53827-67893-62895-54805-51868-79456,최지훈-추신수-최정-에레디아-박성한-한유섬-박지환-고명준-이지영,144.84513092041016
KBO,2024,두산,3,5.479166666666667,basic,5.356116666666667,김재환,5,3,5.3653,1.3224000000000302,79231-78224-76232-52025-79240-64153-63123-66928-66209,5.362666666666667,0.9431999999999761,79231-78224-79240-76232-52025-64153-63123-66928-66209,5.351525,-0.6612000000000791,79240-79231-76232-52025-78224-64153-63123-66928-66209,79231-79240-76232-52025-78224-64153-63123-66928-66209,정수빈-허경민-양의지-라모스-김재환-양석환-강승호-박준영-조수행,142.85998034477234
KBO,2024,두산,3,5.479166666666667,situational,5.067225,김재환,5,3,5.066341666666666,-0.12720000000000198,79231-78224-76232-52025-79240-64153-63123-66928-66209,5.054741666666667,-1.797599999999946,79231-78224-79240-76232-52025-64153-63123-66928-66209,5.067225,0.0,79231-79240-76232-52025-78224-64153-63123-66928-66209,79231-79240-76232-52025-78224-64153-63123-66928-66209,정수빈-허경민-양의지-라모스-김재환-양석환-강승호-박준영-조수행,143.17221879959106
KBO,2024,롯데,3,5.569444444444445,basic,5.817733333333333,나승엽,7,3,5.858416666666667,5.858400000000074,50500-51551-52591-54529-50150-78513-69517-62802-51528,5.851383333333334,4.84560000000009,50500-51551-69517-52591-54529-50150-78513-62802-51528,5.858416666666667,5.858400000000074,50500-51551-52591-54529-50150-78513-69517-62802-51528,50500-69517-52591-54529-50150-78513-51551-62802-51528,황성빈-고승민-윤동희-레이예스-손호영-전준우-나승엽-박승욱-손성빈,113.85160684585571
KBO,2024,롯데,3,5.569444444444445,situational,5.48675,나승엽,7,3,5.5268,5.767199999999988,50500-51551-52591-54529-50150-78513-69517-62802-51528,5.522966666666667,5.215200000000081,50500-51551-69517-52591-54529-50150-78513-62802-51528,5.5268,5.767199999999988,50500-51551-52591-54529-50150-78513-69517-62802-51528,50500-69517-52591-54529-50150-78513-51551-62802-51528,황성빈-고승민-윤동희-레이예스-손호영-전준우-나승엽-박승욱-손성빈,146.7930347919464
KBO,2024,삼성,3,5.347222222222222,basic,5.908775,구자욱,2,3,5.908775,0.0,50458-62404-54424-52415-61404-75125-74540-52430-62234,5.908775,0.0,50458-62404-54424-52415-61404-75125-74540-52430-62234,5.908775,0.0,50458-62404-54424-52415-61404-75125-74540-52430-62234,50458-62404-54424-52415-61404-75125-74540-52430-62234,김지찬-구자욱-맥키넌-이재현-김헌곤-박병호-강민호-김영웅-류지혁,50.3762149810791
KBO,2024,삼성,3,5.347222222222222,situational,5.5672,구자욱,2,3,5.5672,0.0,50458-62404-54424-52415-61404-75125-74540-52430-62234,5.5672,0.0,50458-62404-54424-52415-61404-75125-74540-52430-62234,5.563775,-0.49320000000000164,62404-50458-54424-52415-61404-75125-74540-52430-62234,50458-62404-54424-52415-61404-75125-74540-52430-62234,김지찬-구자욱-맥키넌-이재현-김헌곤-박병호-강민호-김영웅-류지혁,97.84071588516235
KBO,2024,키움,3,4.666666666666667,basic,4.8798,송성문,4,3,4.884766666666667,0.7151999999999532,50167-65357-67304-53327-76267-53312-52305-51344-62332,4.877433333333333,-0.3408000000000584,50167-65357-53327-67304-76267-53312-52305-51344-62332,4.884766666666667,0.7151999999999532,50167-65357-67304-53327-76267-53312-52305-51344-62332,50167-53327-67304-65357-76267-53312-52305-51344-62332,이주형-도슨-김혜성-송성문-최주환-김건희-박수종-김휘집-김재현,111.53264355659485
KBO,2024,키움,3,4.666666666666667,situational,4.602575,송성문,4,3,4.616358333333333,1.9848000000000212,50167-65357-67304-53327-76267-53312-52305-51344-62332,4.603816666666667,0.17880000000005225,50167-65357-53327-67304-76267-53312-52305-51344-62332,4.6044,0.262800000000027,65357-53327-67304-50167-76267-53312-52305-51344-62332,50167-53327-67304-65357-76267-53312-52305-51344-62332,이주형-도슨-김혜성-송성문-최주환-김건희-박수종-김휘집-김재현,182.4871051311493
KBO,2024,한화,2,5.173611111111111,basic,5.0645,안치홍,5,2,5.068083333333333,0.5159999999999911,50707-79608-66704-54795-69737-79192-66706-65703-78288,5.0721,1.0944000000000074,50707-79608-69737-66704-54795-79192-66706-65703-78288,5.064941666666667,0.06360000000006494,79608-69737-66704-54795-50707-79192-66706-65703-78288,50707-69737-66704-54795-79608-79192-66706-65703-78288,최인호-노시환-김태연-황영묵-안치홍-채은성-장진혁-이도윤-최재훈,135.90181612968445
KBO,2024,한화,2,5.173611111111111,situational,4.74965,안치홍,5,2,4.751716666666667,0.2976000000000312,50707-79608-66704-54795-69737-79192-66706-65703-78288,4.761266666666667,1.6728000000000236,50707-79608-69737-66704-54795-79192-66706-65703-78288,4.75075,0.15840000000001453,79608-69737-66704-54795-50707-79192-66706-65703-78288,50707-69737-66704-54795-79608-79192-66706-65703-78288,최인호-노시환-김태연-황영묵-안치홍-채은성-장진혁-이도윤-최재훈,182.14565229415894
KBO,2025,KIA,3,4.638888888888889,basic,5.31545,최형우,4,3,5.318075,0.3780000000000143,64646-72443-55645-78603-62947-69636-63260-65653-78122,5.340866666666667,3.6599999999999966,64646-72443-78603-55645-62947-69636-63260-65653-78122,5.318075,0.3780000000000143,64646-72443-55645-78603-62947-69636-63260-65653-78122,64646-78603-55645-72443-62947-69636-63260-65653-78122,박찬호-김선빈-위즈덤-최형우-나성범-오선우-이우성-김호령-김태군,108.78850507736206
KBO,2025,KIA,3,4.638888888888889,situational,5.0289166666666665,최형우,4,3,5.04085,1.7184000000000026,64646-72443-55645-78603-62947-69636-63260-65653-78122,5.030958333333333,0.29400000000003956,64646-72443-78603-55645-62947-69636-63260-65653-78122,5.035975,1.016399999999976,62947-78603-55645-72443-64646-69636-63260-65653-78122,64646-78603-55645-72443-62947-69636-63260-65653-78122,박찬호-김선빈-위즈덤-최형우-나성범-오선우-이우성-김호령-김태군,180.86557912826538
KBO,2025,KT,2,4.5,basic,4.5716833333333335,안현민,2,2,4.5716833333333335,0.0,64004-52001-79240-68050-76313-78548-79402-64166-51003,4.5716833333333335,0.0,64004-52001-79240-68050-76313-78548-79402-64166-51003,4.556616666666667,-2.169600000000017,64004-68050-79240-52001-76313-78548-79402-64166-51003,64004-52001-79240-68050-76313-78548-79402-64166-51003,김민혁-안현민-허경민-강백호-황재균-장성우-김상수-배정대-권동진,74.49865126609802
KBO,2025,KT,2,4.5,situational,4.309716666666667,안현민,2,2,4.309716666666667,0.0,64004-52001-79240-68050-76313-78548-79402-64166-51003,4.309716666666667,0.0,64004-52001-79240-68050-76313-78548-79402-64166-51003,4.307916666666666,-0.2592000000000354,64004-68050-79240-52001-76313-78548-79402-64166-51003,64004-52001-79240-68050-76313-78548-79402-64166-51003,김민혁-안현민-허경민-강백호-황재균-장성우-김상수-배정대-권동진,91.75120782852173
KBO,2025,LG,3,5.472222222222222,basic,5.718558333333333,오스틴,3,3,5.704633333333334,-2.005199999999931,66108-53123-65207-68119-76290-69102-79109-79365-62415,5.704633333333334,-2.005199999999931,66108-53123-65207-68119-76290-69102-79109-79365-62415,5.713208333333333,-0.7703999999999951,66108-76290-53123-68119-65207-69102-79109-79365-62415,66108-65207-53123-68119-76290-69102-79109-79365-62415,홍창기-신민재-오스틴-문성주-김현수-문보경-오지환-박동원-박해민,110.67010760307312
KBO,2025,LG,3,5.472222222222222,situational,5.344683333333333,오스틴,3,3,5.3323,-1.7831999999999795,66108-53123-65207-68119-76290-69102-79109-79365-62415,5.3323,-1.7831999999999795,66108-53123-65207-68119-76290-69102-79109-79365-62415,5.3323,-1.7831999999999795,66108-53123-65207-68119-76290-69102-79109-79365-62415,66108-65207-53123-68119-76290-69102-79109-79365-62415,홍창기-신민재-오스틴-문성주-김현수-문보경-오지환-박동원-박해민,108.23724675178528
KBO,2025,NC,3,5.083333333333333,basic,5.1936333333333335,데이비슨,5,3,5.183083333333333,-1.5192000000000405,51907-54944-62907-63963-66606-79215-68904-51344-68912,5.1947833333333335,0.16559999999999775,51907-54944-66606-62907-63963-79215-68904-51344-68912,5.195241666666667,0.23160000000001446,62907-66606-51907-63963-54944-79215-68904-51344-68912,51907-66606-62907-63963-54944-79215-68904-51344-68912,김주원-최원준-박민우-권희동-데이비슨-박건우-오영수-김휘집-김형준,139.58929872512817
KBO,2025,NC,3,5.083333333333333,situational,4.890808333333333,데이비슨,5,3,4.893758333333333,0.42480000000003315,51907-54944-62907-63963-66606-79215-68904-51344-68912,4.904058333333333,1.9080000000000297,51907-54944-66606-62907-63963-79215-68904-51344-68912,4.890808333333333,0.0,51907-66606-62907-63963-54944-79215-68904-51344-68912,51907-66606-62907-63963-54944-79215-68904-51344-68912,김주원-최원준-박민우-권희동-데이비슨-박건우-오영수-김휘집-김형준,138.77830028533936
KBO,2025,SSG,3,4.229166666666667,basic,4.699325,에레디아,2,3,4.699325,0.0,50854-53827-75847-67893-62895-54812-51868-66864-51865,4.699325,0.0,50854-53827-75847-67893-62895-54812-51868-66864-51865,4.723408333333333,3.4680000000000177,67893-53827-75847-50854-62895-54812-51868-66864-51865,50854-53827-75847-67893-62895-54812-51868-66864-51865,최지훈-에레디아-최정-박성한-한유섬-정준재-고명준-안상현-조형우,75.48887038230896
KBO,2025,SSG,3,4.229166666666667,situational,4.438008333333333,에레디아,2,3,4.438008333333333,0.0,50854-53827-75847-67893-62895-54812-51868-66864-51865,4.438008333333333,0.0,50854-53827-75847-67893-62895-54812-51868-66864-51865,4.455658333333333,2.54159999999996,67893-53827-75847-50854-62895-54812-51868-66864-51865,50854-53827-75847-67893-62895-54812-51868-66864-51865,최지훈-에레디아-최정-박성한-한유섬-정준재-고명준-안상현-조형우,99.06834483146667
KBO,2025,두산,3,4.493055555555555,basic,4.397575,양의지,3,3,4.413575,2.304000000000002,79231-76232-55208-78224-67207-50208-64153-55252-53554,4.413575,2.304000000000002,79231-76232-55208-78224-67207-50208-64153-55252-53554,4.413575,2.304000000000002,79231-76232-55208-78224-67207-50208-64153-55252-53554,79231-55208-76232-78224-67207-50208-64153-55252-53554,정수빈-케이브-양의지-김재환-이유찬-오명진-양석환-박준순-김민석,73.88550853729248
KBO,2025,두산,3,4.493055555555555,situational,4.154541666666667,양의지,3,3,4.149,-0.798000000000016,79231-76232-55208-78224-67207-50208-64153-55252-53554,4.149,-0.798000000000016,79231-76232-55208-78224-67207-50208-64153-55252-53554,4.1721,2.5284000000000333,79231-78224-76232-55208-67207-50208-64153-55252-53554,79231-55208-76232-78224-67207-50208-64153-55252-53554,정수빈-케이브-양의지-김재환-이유찬-오명진-양석환-박준순-김민석,137.77717089653015
KBO,2025,롯데,3,4.694444444444445,basic,4.614041666666667,레이예스,3,3,4.602225,-1.7016000000000844,50500-54529-69517-52591-78513-51551-50150-61102-68205,4.602225,-1.7016000000000844,50500-54529-69517-52591-78513-51551-50150-61102-68205,4.62075,0.9659999999999656,52591-69517-54529-50500-78513-51551-50150-61102-68205,50500-69517-54529-52591-78513-51551-50150-61102-68205,황성빈-고승민-레이예스-윤동희-전준우-나승엽-손호영-유강남-전민재,108.88554573059082
KBO,2025,롯데,3,4.694444444444445,situational,4.334516666666667,레이예스,3,3,4.33395,-0.08160000000002299,50500-54529-69517-52591-78513-51551-50150-61102-68205,4.33395,-0.08160000000002299,50500-54529-69517-52591-78513-51551-50150-61102-68205,4.336108333333334,0.2292000000000627,50500-78513-54529-52591-69517-51551-50150-61102-68205,50500-69517-54529-52591-78513-51551-50150-61102-68205,황성빈-고승민-레이예스-윤동희-전준우-나승엽-손호영-유강남-전민재,139.1514732837677
KBO,2025,삼성,3,5.381944444444445,basic,5.711575,디아즈,4,3,5.668425,-6.213599999999971,50458-54400-62404-67449-52415-74540-52430-75125-62234,5.673391666666666,-5.498400000000018,50458-54400-67449-62404-52415-74540-52430-75125-62234,5.711575,0.0,50458-67449-62404-54400-52415-74540-52430-75125-62234,50458-67449-62404-54400-52415-74540-52430-75125-62234,김지찬-김성윤-구자욱-디아즈-이재현-강민호-김영웅-박병호-류지혁,110.9437894821167
KBO,2025,삼성,3,5.381944444444445,situational,5.370641666666667,디아즈,4,3,5.3307166666666665,-5.74920000000003,50458-54400-62404-67449-52415-74540-52430-75125-62234,5.353933333333333,-2.4060000000000628,50458-54400-67449-62404-52415-74540-52430-75125-62234,5.370641666666667,0.0,50458-67449-62404-54400-52415-74540-52430-75125-62234,50458-67449-62404-54400-52415-74540-52430-75125-62234,김지찬-김성윤-구자욱-디아즈-이재현-강민호-김영웅-박병호-류지혁,141.93164348602295
KBO,2025,키움,1,4.034722222222222,basic,4.038383333333333,송성문,1,3,4.028758333333333,-1.3859999999999673,52366-65357-64340-76267-54444-50167-53312-64984-55392,4.028758333333333,-1.3859999999999673,52366-65357-64340-76267-54444-50167-53312-64984-55392,4.03835,-0.004799999999903548,65357-76267-64340-52366-54444-50167-53312-64984-55392,65357-52366-64340-76267-54444-50167-53312-64984-55392,송성문-푸이그-임지열-최주환-카디네스-이주형-김건희-김태진-어준서,106.39583086967468
KBO,2025,키움,1,4.034722222222222,situational,3.829483333333333,송성문,1,3,3.8423583333333333,1.8540000000000276,52366-65357-64340-76267-54444-50167-53312-64984-55392,3.8423583333333333,1.8540000000000276,52366-65357-64340-76267-54444-50167-53312-64984-55392,3.8423583333333333,1.8540000000000276,52366-65357-64340-76267-54444-50167-53312-64984-55392,65357-52366-64340-76267-54444-50167-53312-64984-55392,송성문-푸이그-임지열-최주환-카디네스-이주형-김건희-김태진-어준서,95.13747215270996
KBO,2025,한화,3,4.784722222222222,basic,4.42595,노시환,3,3,4.43505,1.3104000000000156,55734-69737-53764-79608-79192-66657-54795-78288-64006,4.43505,1.3104000000000156,55734-69737-53764-79608-79192-66657-54795-78288-64006,4.436858333333333,1.570799999999963,69737-53764-55734-79608-79192-66657-54795-78288-64006,55734-53764-69737-79608-79192-66657-54795-78288-64006,플로리얼-문현빈-노시환-안치홍-채은성-이진영-황영묵-최재훈-심우준,110.18546390533447
KBO,2025,한화,3,4.784722222222222,situational,4.194508333333333,노시환,3,3,4.203325,1.269600000000068,55734-69737-53764-79608-79192-66657-54795-78288-64006,4.203325,1.269600000000068,55734-69737-53764-79608-79192-66657-54795-78288-64006,4.240291666666667,6.592800000000025,78288-53764-69737-79608-79192-66657-54795-55734-64006,55734-53764-69737-79608-79192-66657-54795-78288-64006,플로리얼-문현빈-노시환-안치홍-채은성-이진영-황영묵-최재훈-심우준,137.6422255039215
MLB,2021,ATL,3,4.906832298136646,basic,5.128733333333333,Ronald Acuña Jr.,1,3,5.142283333333333,1.9512000000000569,518692-660670-645277-542303-663586-621020-518595-628338-467055,5.142283333333333,1.9512000000000569,518692-660670-645277-542303-663586-621020-518595-628338-467055,5.128733333333333,0.0,660670-518692-645277-542303-663586-621020-518595-628338-467055,660670-518692-645277-542303-663586-621020-518595-628338-467055,Ronald Acuña Jr.-Freddie Freeman-Ozzie Albies-Marcell Ozuna-Austin Riley-Dansby Swanson-Travis d'Arnaud-Guillermo Heredia-Pablo Sandoval,77.69141054153442
MLB,2021,AZ,3,4.191358024691358,basic,4.492841666666667,Ketel Marte,1,3,4.490775,-0.2976000000000312,668942-606466-594777-656976-452678-608348-572233-444482-605113,4.490775,-0.2976000000000312,668942-606466-594777-656976-452678-608348-572233-444482-605113,4.490775,-0.2976000000000312,668942-606466-594777-656976-452678-608348-572233-444482-605113,606466-668942-594777-656976-452678-608348-572233-444482-605113,Ketel Marte-Josh Rojas-Kole Calhoun-Pavin Smith-Asdrúbal Cabrera-Carson Kelly-Christian Walker-David Peralta-Nick Ahmed,75.19516396522522
MLB,2021,BAL,1,4.067901234567901,basic,4.246908333333334,Cedric Mullins,1,3,4.235358333333333,-1.6632000000000886,641820-656775-669720-623993-663624-520471-596748-600474-642162,4.235358333333333,-1.6632000000000886,641820-656775-669720-623993-663624-520471-596748-600474-642162,4.235358333333333,-1.6632000000000886,641820-656775-669720-623993-663624-520471-596748-600474-642162,656775-641820-669720-623993-663624-520471-596748-600474-642162,Cedric Mullins-Trey Mancini-Austin Hays-Anthony Santander-Ryan Mountcastle-Freddy Galvis-Maikel Franco-Pedro Severino-Pat Valaika,69.93102502822876
MLB,2021,BOS,3,5.14375,basic,5.3725,Rafael Devers,5,3,5.3696,-0.41759999999992203,571771-646240-502110-593428-657077-592669-624414-543877-666915,5.379175,0.961200000000062,571771-646240-657077-502110-593428-592669-624414-543877-666915,5.374258333333334,0.253200000000092,571771-502110-657077-593428-646240-592669-624414-543877-666915,571771-657077-502110-593428-646240-592669-624414-543877-666915,Enrique Hernández-Alex Verdugo-J.D. Martinez-Xander Bogaerts-Rafael Devers-Hunter Renfroe-Christian Arroyo-Christian Vázquez-Bobby Dalbec,140.12839436531067
MLB,2021,CHC,2,4.3602484472049685,basic,4.98025,Frank Schwindel,1,2,4.981791666666667,0.22200000000007947,592626-643524-575929-542364-519203-595879-621550-623520-518792,4.981791666666667,0.22200000000007947,592626-643524-575929-542364-519203-595879-621550-623520-518792,4.991616666666666,1.6367999999999796,643524-621550-575929-542364-519203-595879-592626-623520-518792,643524-592626-575929-542364-519203-595879-621550-623520-518792,Frank Schwindel-Joc Pederson-Willson Contreras-Rafael Ortega-Anthony Rizzo-Javier Báez-Patrick Wisdom-David Bote-Jason Heyward,99.71503806114197
MLB,2021,CIN,3,4.850931677018633,basic,5.822383333333334,Jesse Winker,1,3,5.824708333333334,0.3347999999999871,663697-608385-592206-458015-571980-553993-571657-571466-592261,5.824708333333334,0.3347999999999871,663697-608385-592206-458015-571980-553993-571657-571466-592261,5.824708333333334,0.3347999999999871,663697-608385-592206-458015-571980-553993-571657-571466-592261,608385-663697-592206-458015-571980-553993-571657-571466-592261,Jesse Winker-Jonathan India-Nick Castellanos-Joey Votto-Tyler Naquin-Eugenio Suárez-Kyle Farmer-Tucker Barnhart-Delino DeShields,76.18291878700256
MLB,2021,CLE,2,4.440993788819876,basic,4.439116666666667,José Ramírez,4,3,4.453808333333333,2.115599999999887,664702-608070-642708-514917-592696-614177-656252-647304-595978,4.453941666666666,2.134799999999885,664702-608070-514917-642708-592696-614177-656252-647304-595978,4.432633333333333,-0.9336000000000411,514917-664702-642708-608070-592696-614177-656252-647304-595978,664702-514917-642708-608070-592696-614177-656252-647304-595978,Myles Straw-César Hernández-Amed Rosario-José Ramírez-Eddie Rosario-Franmil Reyes-Bobby Bradley-Josh Naylor-Austin Hedges,132.1988604068756
MLB,2021,COL,3,4.590062111801243,basic,5.132833333333333,C.J. Cron,8,3,5.167766666666667,5.0304000000000855,606132-543068-656582-663898-453568-641658-641857-596115-553869,5.173933333333333,5.91840000000002,606132-543068-596115-656582-663898-453568-641658-641857-553869,5.181966666666667,7.075200000000052,543068-596115-656582-663898-453568-641658-641857-606132-553869,606132-596115-656582-663898-453568-641658-641857-543068-553869,Raimel Tapia-Trevor Story-Connor Joe-Brendan Rodgers-Charlie Blackmon-Garrett Hampson-Ryan McMahon-C.J. Cron-Elias Díaz,136.91768550872803
MLB,2021,CWS,3,4.91358024691358,basic,5.434216666666667,Yasmani Grandal,6,3,5.46925,5.044799999999924,641313-518735-594809-547989-660162-673357-606213-663611-683734,5.450458333333334,2.338800000000006,641313-518735-673357-594809-547989-660162-606213-663611-683734,5.483808333333333,7.141199999999941,518735-673357-594809-547989-660162-641313-606213-663611-683734,641313-673357-594809-547989-660162-518735-606213-663611-683734,Tim Anderson-Luis Robert Jr.-Adam Eaton-José Abreu-Yoán Moncada-Yasmani Grandal-Yermín Mercedes-Nick Madrigal-Andrew Vaughn,138.39269256591797
MLB,2021,DET,3,4.302469135802469,basic,4.21785,Jeimer Candelario,5,3,4.24705,4.204799999999921,543257-600869-668731-408234-570731-606992-608577-592348-650489,4.247075,4.208399999999912,543257-600869-570731-668731-408234-606992-608577-592348-650489,4.24705,4.204799999999921,543257-600869-668731-408234-570731-606992-608577-592348-650489,543257-570731-668731-408234-600869-606992-608577-592348-650489,Robbie Grossman-Jonathan Schoop-Akil Baddoo-Miguel Cabrera-Jeimer Candelario-Eric Haase-Nomar Mazara-Niko Goodrum-Willi Castro,99.84333729743958
MLB,2021,HOU,3,5.327160493827161,basic,5.472525,Kyle Tucker,7,3,5.470525,-0.2879999999999683,514888-663656-608324-670541-493329-621043-488726-664702-455117,5.45995,-1.8108000000000004,514888-663656-488726-608324-670541-493329-621043-664702-455117,5.485566666666666,1.877999999999929,514888-621043-608324-670541-493329-488726-663656-664702-455117,514888-488726-608324-670541-493329-621043-663656-664702-455117,Jose Altuve-Michael Brantley-Alex Bregman-Yordan Alvarez-Yuli Gurriel-Carlos Correa-Kyle Tucker-Myles Straw-Martín Maldonado,140.3344976902008
MLB,2021,KC,2,4.234567901234568,basic,3.9610666666666665,Salvador Perez,3,3,3.9613583333333335,0.04200000000005133,593160-521692-467793-643217-624585-642721-670032-641531-572191,3.9613583333333335,0.04200000000005133,593160-521692-467793-643217-624585-642721-670032-641531-572191,3.9946,4.828800000000044,593160-670032-521692-643217-624585-642721-467793-641531-572191,593160-467793-521692-643217-624585-642721-670032-641531-572191,Whit Merrifield-Carlos Santana-Salvador Perez-Andrew Benintendi-Jorge Soler-Kelvin Gutiérrez-Nicky Lopez-Hunter Dozier-Michael A. Taylor,101.96290564537048
MLB,2021,LAA,3,4.462962962962963,basic,4.64435,Shohei Ohtani,1,3,4.638158333333333,-0.8916000000000537,664058-660271-543685-457708-665120-669016-621493-545358-578428,4.638158333333333,-0.8916000000000537,664058-660271-543685-457708-665120-669016-621493-545358-578428,4.668191666666667,3.4332000000000136,660271-545358-543685-457708-665120-669016-621493-664058-578428,660271-664058-543685-457708-665120-669016-621493-545358-578428,Shohei Ohtani-David Fletcher-Anthony Rendon-Justin Upton-Jared Walsh-Brandon Marsh-Taylor Ward-Max Stassi-Jose Iglesias,102.72392296791077
MLB,2021,LAD,3,5.1125,basic,5.812966666666667,Trea Turner,2,3,5.812966666666667,0.0,605141-607208-571970-608369-457759-669257-641355-572041-605131,5.812966666666667,0.0,605141-607208-571970-608369-457759-669257-641355-572041-605131,5.834383333333333,3.083999999999932,605141-608369-571970-607208-457759-669257-641355-572041-605131,605141-607208-571970-608369-457759-669257-641355-572041-605131,Mookie Betts-Trea Turner-Max Muncy-Corey Seager-Justin Turner-Will Smith-Cody Bellinger-AJ Pollock-Austin Barnes,75.078200340271
MLB,2021,MIA,1,3.857142857142857,basic,4.916575,Nick Fortes,9,3,5.005308333333334,12.777600000000064,516782-663743-500743-542583-572816-594807-605119-595751-665862,5.020625,14.983199999999997,516782-663743-665862-500743-542583-572816-594807-605119-595751,4.902791666666666,-1.9848000000000212,542583-665862-500743-516782-572816-594807-605119-595751-663743,516782-665862-500743-542583-572816-594807-605119-595751-663743,Starling Marte-Jazz Chisholm Jr.-Miguel Rojas-Jesús Aguilar-Corey Dickerson-Adam Duvall-Brian Anderson-Jorge Alfaro-Nick Fortes,135.14811754226685
MLB,2021,MIL,3,4.555555555555555,basic,4.7862583333333335,Willy Adames,3,3,4.767691666666667,-2.6735999999999933,543939-642715-592885-596129-541645-553882-649966-598265-622569,4.767691666666667,-2.6735999999999933,543939-642715-592885-596129-541645-553882-649966-598265-622569,4.767691666666667,-2.6735999999999933,543939-642715-592885-596129-541645-553882-649966-598265-622569,543939-592885-642715-596129-541645-553882-649966-598265-622569,Kolten Wong-Christian Yelich-Willy Adames-Daniel Vogelbach-Avisaíl García-Omar Narváez-Luis Urías-Jackie Bradley Jr.-Pablo Reyes,73.79800176620483
MLB,2021,MIN,3,4.5,basic,5.055058333333333,Byron Buxton,1,3,5.066175,1.6008000000000635,518626-621439-593871-443558-596146-663616-593934-680777-592743,5.066175,1.6008000000000635,518626-621439-593871-443558-596146-663616-593934-680777-592743,5.041575,-1.941599999999994,621439-593871-518626-443558-596146-663616-593934-680777-592743,621439-518626-593871-443558-596146-663616-593934-680777-592743,Byron Buxton-Josh Donaldson-Jorge Polanco-Nelson Cruz-Max Kepler-Trevor Larnach-Miguel Sanó-Ryan Jeffers-Andrelton Simmons,103.80868434906006
MLB,2021,NYM,3,3.925925925925926,basic,4.816033333333333,Brandon Nimmo,1,3,4.799783333333333,-2.340000000000046,596019-607043-624413-643446-542340-624424-642086-605204-543510,4.799783333333333,-2.340000000000046,596019-607043-624413-643446-542340-624424-642086-605204-543510,4.821125,0.7332000000000392,607043-624413-596019-643446-542340-624424-642086-605204-543510,607043-596019-624413-643446-542340-624424-642086-605204-543510,Brandon Nimmo-Francisco Lindor-Pete Alonso-Jeff McNeil-Jonathan Villar-Michael Conforto-Dominic Smith-J.D. Davis-James McCann,104.15566205978394
MLB,2021,NYY,3,4.39751552795031,basic,4.960833333333333,Aaron Judge,3,3,4.9653833333333335,0.6552000000000078,518934-592450-519203-519317-608336-650402-596142-570482-458731,4.9653833333333335,0.6552000000000078,518934-592450-519203-519317-608336-650402-596142-570482-458731,4.960833333333333,0.0,518934-519203-592450-519317-608336-650402-596142-570482-458731,518934-519203-592450-519317-608336-650402-596142-570482-458731,DJ LeMahieu-Anthony Rizzo-Aaron Judge-Giancarlo Stanton-Joey Gallo-Gleyber Torres-Gary Sánchez-Gio Urshela-Brett Gardner,76.23186588287354
MLB,2021,OAK,3,4.58641975308642,basic,4.585958333333333,Matt Olson,3,2,4.5968333333333335,1.5660000000000593,592192-621566-657656-476704-656305-519048-664913-669221-462101,4.5968333333333335,1.5660000000000593,592192-621566-657656-476704-656305-519048-664913-669221-462101,4.5968333333333335,1.5660000000000593,592192-621566-657656-476704-656305-519048-664913-669221-462101,592192-657656-621566-476704-656305-519048-664913-669221-462101,Mark Canha-Ramón Laureano-Matt Olson-Jed Lowrie-Matt Chapman-Mitch Moreland-Seth Brown-Sean Murphy-Elvis Andrus,67.03659749031067
MLB,2021,PHI,3,4.530864197530864,basic,5.146683333333334,Bryce Harper,2,3,5.146683333333334,0.0,516416-547180-546318-592663-656555-457705-543543-664761-544369,5.146683333333334,0.0,516416-547180-546318-592663-656555-457705-543543-664761-544369,5.144916666666667,-0.25440000000000396,516416-656555-546318-592663-547180-457705-543543-664761-544369,516416-547180-546318-592663-656555-457705-543543-664761-544369,Jean Segura-Bryce Harper-Odúbel Herrera-J.T. Realmuto-Rhys Hoskins-Andrew McCutchen-Brad Miller-Alec Bohm-Didi Gregorius,75.64129638671875
MLB,2021,PIT,3,3.7639751552795033,basic,3.96565,Bryan Reynolds,3,3,3.9709083333333335,0.7572000000000045,624428-668804-663647-592567-592325-607732-621028-570256-453943,3.9709083333333335,0.7572000000000045,624428-668804-663647-592567-592325-607732-621028-570256-453943,3.9709083333333335,0.7572000000000045,624428-668804-663647-592567-592325-607732-621028-570256-453943,624428-663647-668804-592567-592325-607732-621028-570256-453943,Adam Frazier-Ke'Bryan Hayes-Bryan Reynolds-Colin Moran-Ben Gamel-Jacob Stallings-Kevin Newman-Gregory Polanco-Todd Frazier,74.15807867050171
MLB,2021,SD,3,4.484472049689441,basic,4.982783333333333,Fernando Tatis Jr.,1,3,4.98115,-0.23519999999987817,592518-665487-502054-630105-663757-543333-595777-571976-605170,4.98115,-0.23519999999987817,592518-665487-502054-630105-663757-543333-595777-571976-605170,4.986716666666666,0.5664000000000016,630105-592518-502054-665487-663757-543333-595777-571976-605170,665487-592518-502054-630105-663757-543333-595777-571976-605170,Fernando Tatis Jr.-Manny Machado-Tommy Pham-Jake Cronenworth-Trent Grisham-Eric Hosmer-Jurickson Profar-Wil Myers-Victor Caratini,105.35991334915161
MLB,2021,SEA,3,4.302469135802469,basic,4.401891666666667,Ty France,3,3,4.391141666666667,-1.5479999999999734,571745-664034-641487-572122-647351-672284-620443-641584-608596,4.391141666666667,-1.5479999999999734,571745-664034-641487-572122-647351-672284-620443-641584-608596,4.401891666666667,0.0,571745-641487-664034-572122-647351-672284-620443-641584-608596,571745-641487-664034-572122-647351-672284-620443-641584-608596,Mitch Haniger-J.P. Crawford-Ty France-Kyle Seager-Abraham Toro-Jarred Kelenic-Luis Torrens-Jake Fraley-Tom Murphy,74.03655862808228
MLB,2021,SF,3,4.962962962962963,basic,5.731916666666667,Brandon Belt,1,2,5.745591666666667,1.969200000000015,457763-474832-573262-543105-446334-527038-543063-456781-621453,5.745591666666667,1.969200000000015,457763-474832-573262-543105-446334-527038-543063-456781-621453,5.731916666666667,0.0,474832-457763-573262-543105-446334-527038-543063-456781-621453,474832-457763-573262-543105-446334-527038-543063-456781-621453,Brandon Belt-Buster Posey-Mike Yastrzemski-Alex Dickerson-Evan Longoria-Wilmer Flores-Brandon Crawford-Donovan Solano-Steven Duggar,71.61598801612854
MLB,2021,STL,3,4.36875,basic,4.783508333333334,Tyler O'Neill,5,3,4.777775,-0.825600000000037,669242-641933-666185-571448-502671-425877-657557-572761-664056,4.778983333333334,-0.6516000000000162,669242-641933-502671-666185-571448-425877-657557-572761-664056,4.794125,1.5287999999999755,641933-502671-666185-571448-669242-425877-657557-572761-664056,669242-502671-666185-571448-641933-425877-657557-572761-664056,Tommy Edman-Paul Goldschmidt-Dylan Carlson-Nolan Arenado-Tyler O'Neill-Yadier Molina-Paul DeJong-Matt Carpenter-Harrison Bader,133.03306889533997
MLB,2021,TB,2,5.290123456790123,basic,5.079408333333333,Brandon Lowe,2,3,5.079408333333333,0.0,668227-664040-677551-640457-650490-622534-621563-595281-572287,5.079408333333333,0.0,668227-664040-677551-640457-650490-622534-621563-595281-572287,5.057141666666666,-3.2064000000000306,572287-664040-677551-640457-650490-622534-621563-595281-668227,668227-664040-677551-640457-650490-622534-621563-595281-572287,Randy Arozarena-Brandon Lowe-Wander Franco-Austin Meadows-Yandy Díaz-Manuel Margot-Joey Wendle-Kevin Kiermaier-Mike Zunino,74.518563747406
MLB,2021,TEX,2,3.8580246913580245,basic,4.083525,Joey Gallo,5,3,4.102016666666667,2.6628000000000185,643396-608336-666969-663993-641432-669256-571788-650968-624431,4.0978666666666665,2.0652000000000044,643396-608336-641432-666969-663993-669256-571788-650968-624431,4.102016666666667,2.6628000000000185,643396-608336-666969-663993-641432-669256-571788-650968-624431,643396-641432-666969-663993-608336-669256-571788-650968-624431,Isiah Kiner-Falefa-Willie Calhoun-Adolis García-Nathaniel Lowe-Joey Gallo-Nick Solak-Brock Holt-Yohel Pozo-Jose Trevino,101.48278331756592
MLB,2021,TOR,3,5.186335403726708,basic,5.689841666666666,Vladimir Guerrero Jr.,4,3,5.710925,3.0360000000000014,543760-665489-666182-543807-606192-545341-666971-669289-624512,5.705383333333334,2.2380000000001132,543760-665489-543807-666182-606192-545341-666971-669289-624512,5.6992,1.3476000000000994,606192-543807-666182-665489-543760-545341-666971-669289-624512,543760-543807-666182-665489-606192-545341-666971-669289-624512,Marcus Semien-George Springer-Bo Bichette-Vladimir Guerrero Jr.-Teoscar Hernández-Randal Grichuk-Lourdes Gurriel Jr.-Santiago Espinal-Reese McGuire,136.83028292655945
MLB,2021,WSH,3,4.484472049689441,basic,5.682541666666666,Juan Soto,2,3,5.682541666666666,0.0,607208-665742-656941-605137-543281-475582-516770-645302-543228,5.682541666666666,0.0,607208-665742-656941-605137-543281-475582-516770-645302-543228,5.703983333333333,3.0876000000000516,665742-607208-656941-605137-543281-475582-516770-645302-543228,607208-665742-656941-605137-543281-475582-516770-645302-543228,Trea Turner-Juan Soto-Kyle Schwarber-Josh Bell-Josh Harrison-Ryan Zimmerman-Starlin Castro-Victor Robles-Yan Gomes,76.39827346801758
MLB,2022,ATL,3,4.87037037037037,basic,4.799483333333334,Austin Riley,4,2,4.804358333333333,0.7019999999998987,660670-663586-621566-621020-645277-518595-542303-592696-671739,4.799441666666667,-0.006000000000071282,660670-663586-621020-621566-645277-518595-542303-592696-671739,4.804358333333333,0.7019999999998987,660670-663586-621566-621020-645277-518595-542303-592696-671739,660670-621020-621566-663586-645277-518595-542303-592696-671739,Ronald Acuña Jr.-Dansby Swanson-Matt Olson-Austin Riley-Ozzie Albies-Travis d'Arnaud-Marcell Ozuna-Eddie Rosario-Michael Harris II,99.01485276222229
MLB,2022,AZ,3,4.3602484472049685,basic,3.82185,Christian Walker,4,2,3.8296,1.116000000000021,668942-572233-662139-606466-444482-677950-608348-666179-672695,3.8337916666666665,1.7195999999999785,668942-572233-606466-662139-444482-677950-608348-666179-672695,3.8280583333333333,0.8940000000000055,572233-606466-662139-668942-444482-677950-608348-666179-672695,668942-606466-662139-572233-444482-677950-608348-666179-672695,Josh Rojas-Ketel Marte-Daulton Varsho-Christian Walker-David Peralta-Alek Thomas-Carson Kelly-Seth Beer-Geraldo Perdomo,123.26564407348633
MLB,2022,BAL,3,4.1625,basic,4.3263,Adley Rutschman,4,3,4.327658333333333,0.19559999999997046,656775-668939-623993-641820-663624-669720-602104-596059-622761,4.32485,-0.20880000000002497,656775-668939-641820-623993-663624-669720-602104-596059-622761,4.3365,1.46880000000003,668939-641820-623993-656775-663624-669720-602104-596059-622761,656775-641820-623993-668939-663624-669720-602104-596059-622761,Cedric Mullins-Trey Mancini-Anthony Santander-Adley Rutschman-Ryan Mountcastle-Austin Hays-Ramón Urías-Rougned Odor-Jorge Mateo,133.2549021244049
MLB,2022,BOS,3,4.55625,basic,4.4648,Rafael Devers,1,3,4.487216666666667,3.22799999999998,593428-646240-571771-502110-657077-596115-543877-666915-598265,4.487216666666667,3.22799999999998,593428-646240-571771-502110-657077-596115-543877-666915-598265,4.481166666666667,2.3567999999999643,502110-593428-571771-646240-657077-596115-543877-666915-598265,646240-593428-571771-502110-657077-596115-543877-666915-598265,Rafael Devers-Xander Bogaerts-Enrique Hernández-J.D. Martinez-Alex Verdugo-Trevor Story-Christian Vázquez-Bobby Dalbec-Jackie Bradley Jr.,102.34537100791931
MLB,2022,CHC,3,4.068322981366459,basic,4.346708333333333,Willson Contreras,1,3,4.348,0.18600000000003547,673548-575929-664023-663611-614177-666624-621550-663538-663845,4.348,0.18600000000003547,673548-575929-664023-663611-614177-666624-621550-663538-663845,4.348,0.18600000000003547,673548-575929-664023-663611-614177-666624-621550-663538-663845,575929-673548-664023-663611-614177-666624-621550-663538-663845,Willson Contreras-Seiya Suzuki-Ian Happ-Nick Madrigal-Franmil Reyes-Christopher Morel-Patrick Wisdom-Nico Hoerner-Alfonso Rivas III,74.41923713684082
MLB,2022,CIN,3,3.981366459627329,basic,4.180666666666666,Tyler Stephenson,6,2,4.1825,0.26400000000006685,663697-663886-502054-458015-571657-592273-669222-519058-606157,4.183858333333333,0.4596000000000373,663697-663886-592273-502054-458015-571657-669222-519058-606157,4.180666666666666,0.0,663697-592273-502054-458015-571657-663886-669222-519058-606157,663697-592273-502054-458015-571657-663886-669222-519058-606157,Jonathan India-Brandon Drury-Tommy Pham-Joey Votto-Kyle Farmer-Tyler Stephenson-Nick Senzel-Mike Moustakas-Aristides Aquino,97.93999195098877
MLB,2022,CLE,3,4.308641975308642,basic,4.184375,Andrés Giménez,8,3,4.225558333333334,5.930400000000034,680757-665926-608070-647304-614177-660757-664702-642708-595978,4.226591666666667,6.079199999999986,680757-665926-642708-608070-647304-614177-660757-664702-595978,4.190833333333333,0.9299999999999216,680757-608070-642708-647304-614177-660757-664702-665926-595978,680757-642708-608070-647304-614177-660757-664702-665926-595978,Steven Kwan-Amed Rosario-José Ramírez-Josh Naylor-Franmil Reyes-Oscar Gonzalez-Myles Straw-Andrés Giménez-Austin Hedges,136.15093970298767
MLB,2022,COL,3,4.308641975308642,basic,4.326741666666667,C.J. Cron,3,3,4.327975,0.17760000000001241,656582-543068-453568-602074-663898-641857-545341-578428-553869,4.327975,0.17760000000001241,656582-543068-453568-602074-663898-641857-545341-578428-553869,4.3353,1.2323999999999842,656582-641857-543068-602074-663898-453568-545341-578428-553869,656582-453568-543068-602074-663898-641857-545341-578428-553869,Connor Joe-Charlie Blackmon-C.J. Cron-Yonathan Daza-Brendan Rodgers-Ryan McMahon-Randal Grichuk-Jose Iglesias-Elias Díaz,101.80234503746033
MLB,2022,CWS,3,4.234567901234568,basic,4.306233333333333,Eloy Jiménez,5,2,4.324308333333334,2.602800000000073,641313-650391-660162-547989-673357-572041-518735-657757-543281,4.307075,0.1212000000000586,641313-650391-673357-660162-547989-572041-518735-657757-543281,4.324308333333334,2.602800000000073,641313-650391-660162-547989-673357-572041-518735-657757-543281,641313-673357-660162-547989-650391-572041-518735-657757-543281,Tim Anderson-Luis Robert Jr.-Yoán Moncada-José Abreu-Eloy Jiménez-AJ Pollock-Yasmani Grandal-Gavin Sheets-Josh Harrison,98.64799880981445
MLB,2022,DET,1,3.409937888198758,basic,3.0967083333333334,Riley Greene,1,1,3.0919166666666666,-0.6900000000000119,543257-682985-595879-622682-408234-570731-600869-679529-571466,3.0919166666666666,-0.6900000000000119,543257-682985-595879-622682-408234-570731-600869-679529-571466,3.0967083333333334,0.0,682985-543257-595879-622682-408234-570731-600869-679529-571466,682985-543257-595879-622682-408234-570731-600869-679529-571466,Riley Greene-Robbie Grossman-Javier Báez-Victor Reyes-Miguel Cabrera-Jonathan Schoop-Jeimer Candelario-Spencer Torkelson-Tucker Barnhart,61.370375871658325
MLB,2022,HOU,3,4.549382716049383,basic,4.8802666666666665,Yordan Alvarez,3,3,4.880608333333333,0.0491999999999706,514888-670541-608324-665161-493329-663656-676801-676694-455117,4.880608333333333,0.0491999999999706,514888-670541-608324-665161-493329-663656-676801-676694-455117,4.8768,-0.499199999999945,608324-514888-670541-665161-493329-663656-676801-676694-455117,514888-608324-670541-665161-493329-663656-676801-676694-455117,Jose Altuve-Alex Bregman-Yordan Alvarez-Jeremy Peña-Yuli Gurriel-Kyle Tucker-Chas McCormick-Jake Meyers-Martín Maldonado,105.32775211334229
MLB,2022,KC,2,3.9625,basic,4.096216666666667,Andrew Benintendi,2,3,4.096216666666667,0.0,593160-643217-677951-669004-521692-641531-467793-572191-656896,4.096216666666667,0.0,593160-643217-677951-669004-521692-641531-467793-572191-656896,4.098125,0.2747999999999138,593160-669004-677951-643217-521692-641531-467793-572191-656896,593160-643217-677951-669004-521692-641531-467793-572191-656896,Whit Merrifield-Andrew Benintendi-Bobby Witt Jr.-MJ Melendez-Salvador Perez-Hunter Dozier-Carlos Santana-Michael A. Taylor-Emmanuel Rivera,71.72103095054626
MLB,2022,LAA,3,3.845679012345679,basic,4.374975,Mike Trout,1,3,4.3830583333333335,1.1640000000000157,660271-545361-621493-650859-543685-665120-669016-545358-623205,4.3830583333333335,1.1640000000000157,660271-545361-621493-650859-543685-665120-669016-545358-623205,4.394891666666667,2.868000000000052,621493-660271-545361-650859-543685-665120-669016-545358-623205,545361-660271-621493-650859-543685-665120-669016-545358-623205,Mike Trout-Shohei Ohtani-Taylor Ward-Luis Rengifo-Anthony Rendon-Jared Walsh-Brandon Marsh-Max Stassi-Andrew Velazquez,101.28096771240234
MLB,2022,LAD,3,5.228395061728395,basic,5.109358333333334,Freddie Freeman,3,3,5.123958333333333,2.1023999999999603,605141-518692-607208-669257-571970-457759-621035-641355-666158,5.123958333333333,2.1023999999999603,605141-518692-607208-669257-571970-457759-621035-641355-666158,5.14075,4.52039999999991,518692-607208-605141-669257-571970-457759-621035-641355-666158,605141-607208-518692-669257-571970-457759-621035-641355-666158,Mookie Betts-Trea Turner-Freddie Freeman-Will Smith-Max Muncy-Justin Turner-Chris Taylor-Cody Bellinger-Gavin Lux,107.73418831825256
MLB,2022,MIA,1,3.617283950617284,basic,3.758983333333333,Jazz Chisholm Jr.,1,2,3.7565916666666666,-0.34439999999998605,624585-665862-643265-542583-605119-541645-660821-500743-607732,3.7565916666666666,-0.34439999999998605,624585-665862-643265-542583-605119-541645-660821-500743-607732,3.7637583333333335,0.6876000000000602,665862-643265-624585-542583-605119-541645-660821-500743-607732,665862-624585-643265-542583-605119-541645-660821-500743-607732,Jazz Chisholm Jr.-Jorge Soler-Garrett Cooper-Jesús Aguilar-Brian Anderson-Avisaíl García-Jesús Sánchez-Miguel Rojas-Jacob Stallings,97.84032535552979
MLB,2022,MIL,3,4.4753086419753085,basic,4.514491666666666,Hunter Renfroe,6,3,4.524816666666666,1.4867999999999881,592885-592669-457705-543939-642133-642715-621438-607054-605170,4.528808333333333,2.0616000000000128,592885-592669-642715-457705-543939-642133-621438-607054-605170,4.5079416666666665,-0.9431999999999761,642715-592885-457705-543939-642133-592669-621438-607054-605170,592885-642715-457705-543939-642133-592669-621438-607054-605170,Christian Yelich-Willy Adames-Andrew McCutchen-Kolten Wong-Rowdy Tellez-Hunter Renfroe-Tyrone Taylor-Jace Peterson-Victor Caratini,128.8267502784729
MLB,2022,MIN,2,4.296296296296297,basic,4.5841666666666665,Carlos Correa,2,2,4.5841666666666665,0.0,650333-621043-593871-669304-596146-570482-596142-624503-665482,4.5841666666666665,0.0,650333-621043-593871-669304-596146-570482-596142-624503-665482,4.5841666666666665,0.0,650333-621043-593871-669304-596146-570482-596142-624503-665482,650333-621043-593871-669304-596146-570482-596142-624503-665482,Luis Arraez-Carlos Correa-Jorge Polanco-Jose F Miranda-Max Kepler-Gio Urshela-Gary Sánchez-Nick Gordon-Gilberto Celestino,40.037766218185425
MLB,2022,NYM,3,4.765432098765432,basic,5.25875,Daniel Vogelbach,5,3,5.2846166666666665,3.7247999999999735,607043-596129-596019-624413-516782-592192-643446-500871-621512,5.2755833333333335,2.424000000000021,607043-596129-516782-596019-624413-592192-643446-500871-621512,5.286116666666667,3.9407999999999817,607043-643446-596019-624413-596129-592192-516782-500871-621512,607043-516782-596019-624413-596129-592192-643446-500871-621512,Brandon Nimmo-Starling Marte-Francisco Lindor-Pete Alonso-Daniel Vogelbach-Mark Canha-Jeff McNeil-Eduardo Escobar-Tomás Nido,140.2167637348175
MLB,2022,NYY,3,4.95625,basic,4.771725,Aaron Judge,1,2,4.770375,-0.19440000000005853,519203-592450-519317-518626-650402-543305-608336-643396-624431,4.770375,-0.19440000000005853,519203-592450-519317-518626-650402-543305-608336-643396-624431,4.771725,0.0,592450-519203-519317-518626-650402-543305-608336-643396-624431,592450-519203-519317-518626-650402-543305-608336-643396-624431,Aaron Judge-Anthony Rizzo-Giancarlo Stanton-Josh Donaldson-Gleyber Torres-Aaron Hicks-Joey Gallo-Isiah Kiner-Falefa-Jose Trevino,71.6097366809845
MLB,2022,OAK,1,3.506172839506173,basic,3.2447583333333334,Sean Murphy,5,3,3.2358166666666666,-1.287600000000026,643393-669221-476704-605353-657656-664913-640461-462101-665506,3.2405083333333335,-0.6119999999999806,643393-669221-657656-476704-605353-664913-640461-462101-665506,3.256575,1.7016000000000204,664913-657656-476704-605353-669221-643393-640461-462101-665506,643393-657656-476704-605353-669221-664913-640461-462101-665506,Tony Kemp-Ramón Laureano-Jed Lowrie-Vimael Machín-Sean Murphy-Seth Brown-Chad Pinder-Elvis Andrus-Cristian Pache,123.43854260444641
MLB,2022,PHI,3,4.590062111801243,basic,4.715225,Bryce Harper,3,3,4.718908333333333,0.5303999999999576,656941-547180-656555-592206-664761-592663-516416-681082-663837,4.718908333333333,0.5303999999999576,656941-547180-656555-592206-664761-592663-516416-681082-663837,4.711941666666666,-0.4728000000000918,656555-656941-547180-592206-664761-592663-516416-681082-663837,656941-656555-547180-592206-664761-592663-516416-681082-663837,Kyle Schwarber-Rhys Hoskins-Bryce Harper-Nick Castellanos-Alec Bohm-J.T. Realmuto-Jean Segura-Bryson Stott-Matt Vierling,102.3764100074768
MLB,2022,PIT,1,3.6481481481481484,basic,3.9183583333333334,Bryan Reynolds,1,3,3.9378083333333334,2.8007999999999953,663647-668804-621028-596129-665833-656308-669261-668751-641511,3.9378083333333334,2.8007999999999953,663647-668804-621028-596129-665833-656308-669261-668751-641511,3.9414583333333333,3.3263999999999854,668804-669261-621028-596129-665833-656308-663647-668751-641511,668804-663647-621028-596129-665833-656308-669261-668751-641511,Bryan Reynolds-Ke'Bryan Hayes-Kevin Newman-Daniel Vogelbach-Oneil Cruz-Michael Chavis-Jack Suwinski-Cal Mitchell-Jason Delay,99.15308713912964
MLB,2022,SD,3,4.351851851851852,basic,4.605625,Manny Machado,3,3,4.604008333333334,-0.2327999999999264,665742-592518-595777-630105-572228-543333-673490-663757-543592,4.604008333333334,-0.2327999999999264,665742-592518-595777-630105-572228-543333-673490-663757-543592,4.605625,0.0,665742-595777-592518-630105-572228-543333-673490-663757-543592,665742-595777-592518-630105-572228-543333-673490-663757-543592,Juan Soto-Jurickson Profar-Manny Machado-Jake Cronenworth-Luke Voit-Eric Hosmer-Ha-Seong Kim-Trent Grisham-Austin Nola,71.78950309753418
MLB,2022,SEA,3,4.2592592592592595,basic,4.57555,Julio Rodríguez,2,3,4.57555,0.0,664034-677594-571745-608385-553993-641487-467793-624428-663728,4.57555,0.0,664034-677594-571745-608385-553993-641487-467793-624428-663728,4.571383333333333,-0.5999999999999659,664034-553993-571745-608385-677594-641487-467793-624428-663728,664034-677594-571745-608385-553993-641487-467793-624428-663728,Ty France-Julio Rodríguez-Mitch Haniger-Jesse Winker-Eugenio Suárez-J.P. Crawford-Carlos Santana-Adam Frazier-Cal Raleigh,69.25501823425293
MLB,2022,SF,3,4.419753086419753,basic,4.3680666666666665,Joc Pederson,2,3,4.3680666666666665,0.0,596103-592626-474832-573262-600303-446334-642731-543063-663698,4.3680666666666665,0.0,596103-592626-474832-573262-600303-446334-642731-543063-663698,4.363375,-0.6756000000000455,592626-596103-474832-573262-600303-446334-642731-543063-663698,596103-592626-474832-573262-600303-446334-642731-543063-663698,Austin Slater-Joc Pederson-Brandon Belt-Mike Yastrzemski-Tommy La Stella-Evan Longoria-Thairo Estrada-Brandon Crawford-Joey Bart,76.12410926818848
MLB,2022,STL,3,4.765432098765432,basic,4.840625,Paul Goldschmidt,1,3,4.83855,-0.298800000000071,669242-502671-571448-641933-405395-663457-657557-664056-668800,4.83855,-0.298800000000071,669242-502671-571448-641933-405395-663457-657557-664056-668800,4.844666666666667,0.5820000000000078,502671-405395-571448-641933-669242-663457-657557-664056-668800,502671-669242-571448-641933-405395-663457-657557-664056-668800,Paul Goldschmidt-Tommy Edman-Nolan Arenado-Tyler O'Neill-Albert Pujols-Lars Nootbaar-Paul DeJong-Harrison Bader-Andrew Knizner,108.02080488204956
MLB,2022,TB,3,4.1125,basic,4.178658333333333,Yandy Díaz,1,3,4.174025,-0.6671999999998945,664040-650490-668227-622534-623912-596847-595281-642336-670764,4.174025,-0.6671999999998945,664040-650490-668227-622534-623912-596847-595281-642336-670764,4.178658333333333,0.0,650490-664040-668227-622534-623912-596847-595281-642336-670764,650490-664040-668227-622534-623912-596847-595281-642336-670764,Yandy Díaz-Brandon Lowe-Randy Arozarena-Manuel Margot-Harold Ramírez-Ji Man Choi-Kevin Kiermaier-Francisco Mejía-Taylor Walls,76.12645316123962
MLB,2022,TEX,2,4.364197530864198,basic,4.233966666666666,Nathaniel Lowe,5,3,4.230083333333333,-0.5592000000000183,543760-663993-666969-641598-608369-641680-665750-677649-669352,4.239825,0.843599999999995,543760-663993-608369-666969-641598-641680-665750-677649-669352,4.2451083333333335,1.6044000000000551,663993-608369-666969-641598-543760-641680-665750-677649-669352,543760-608369-666969-641598-663993-641680-665750-677649-669352,Marcus Semien-Corey Seager-Adolis García-Mitch Garver-Nathaniel Lowe-Jonah Heim-Leody Taveras-Ezequiel Duran-Bubba Thompson,137.19391083717346
MLB,2022,TOR,3,4.782608695652174,basic,4.982033333333334,George Springer,1,3,4.983158333333333,0.16199999999987824,665489-543807-666182-672386-606192-666971-641470-656305-669289,4.983158333333333,0.16199999999987824,665489-543807-666182-672386-606192-666971-641470-656305-669289,4.99535,1.9175999999999647,543807-672386-666182-665489-606192-666971-641470-656305-669289,543807-665489-666182-672386-606192-666971-641470-656305-669289,George Springer-Vladimir Guerrero Jr.-Bo Bichette-Alejandro Kirk-Teoscar Hernández-Lourdes Gurriel Jr.-Zack Collins-Matt Chapman-Santiago Espinal,104.96192002296448
MLB,2022,WSH,3,3.7625,basic,4.111441666666667,Juan Soto,1,3,4.135625,3.482399999999984,514917-665742-605137-443558-671277-660688-628450-596748-645302,4.135625,3.482399999999984,514917-665742-605137-443558-671277-660688-628450-596748-645302,4.1117,0.037199999999955935,665742-628450-605137-443558-671277-660688-514917-596748-645302,665742-514917-605137-443558-671277-660688-628450-596748-645302,Juan Soto-César Hernández-Josh Bell-Nelson Cruz-Luis García Jr.-Keibert Ruiz-Yadiel Hernandez-Maikel Franco-Victor Robles,104.604736328125
MLB,2023,ATL,3,5.857142857142857,basic,6.329766666666667,Ronald Acuña Jr.,1,3,6.323041666666667,-0.9684000000000452,663586-660670-621566-645277-669221-542303-592696-671739-606115,6.323041666666667,-0.9684000000000452,663586-660670-621566-645277-669221-542303-592696-671739-606115,6.319766666666666,-1.4400000000000972,660670-542303-621566-645277-669221-663586-592696-671739-606115,660670-663586-621566-645277-669221-542303-592696-671739-606115,Ronald Acuña Jr.-Austin Riley-Matt Olson-Ozzie Albies-Sean Murphy-Marcell Ozuna-Eddie Rosario-Michael Harris II-Orlando Arcia,109.02308940887451
MLB,2023,AZ,3,4.604938271604938,basic,4.408016666666667,Ketel Marte,1,2,4.401233333333334,-0.9767999999999404,502054-606466-572233-666971-656896-672695-664983-677950-672515,4.401233333333334,-0.9767999999999404,502054-606466-572233-666971-656896-672695-664983-677950-672515,4.401233333333334,-0.9767999999999404,502054-606466-572233-666971-656896-672695-664983-677950-672515,606466-502054-572233-666971-656896-672695-664983-677950-672515,Ketel Marte-Tommy Pham-Christian Walker-Lourdes Gurriel Jr.-Emmanuel Rivera-Geraldo Perdomo-Jake McCarthy-Alek Thomas-Gabriel Moreno,69.13705086708069
MLB,2023,BAL,3,4.981481481481482,basic,4.59635,Adley Rutschman,1,3,4.592141666666667,-0.6060000000000372,623993-668939-683002-663624-656775-669720-624428-602104-622761,4.592141666666667,-0.6060000000000372,623993-668939-683002-663624-656775-669720-624428-602104-622761,4.59635,0.0,668939-623993-683002-663624-656775-669720-624428-602104-622761,668939-623993-683002-663624-656775-669720-624428-602104-622761,Adley Rutschman-Anthony Santander-Gunnar Henderson-Ryan Mountcastle-Cedric Mullins-Austin Hays-Adam Frazier-Ramón Urías-Jorge Mateo,72.04500031471252
MLB,2023,BOS,3,4.782608695652174,basic,4.708341666666667,Triston Casas,6,3,4.733633333333334,3.6420000000000385,657077-671213-646240-807799-680776-457759-571771-624414-657136,4.732191666666667,3.4344000000000534,657077-671213-457759-646240-807799-680776-571771-624414-657136,4.7485083333333336,5.7840000000000344,671213-457759-646240-807799-680776-657077-571771-624414-657136,657077-457759-646240-807799-680776-671213-571771-624414-657136,Alex Verdugo-Justin Turner-Rafael Devers-Masataka Yoshida-Jarren Duran-Triston Casas-Enrique Hernández-Christian Arroyo-Connor Wong,135.3475697040558
MLB,2023,CHC,3,5.055555555555555,basic,4.870808333333334,Cody Bellinger,4,3,4.855816666666667,-2.158800000000042,663538-641355-621020-664023-673548-666624-641820-543228-663611,4.851591666666667,-2.767200000000031,663538-641355-664023-621020-673548-666624-641820-543228-663611,4.855816666666667,-2.158800000000042,663538-641355-621020-664023-673548-666624-641820-543228-663611,663538-664023-621020-641355-673548-666624-641820-543228-663611,Nico Hoerner-Ian Happ-Dansby Swanson-Cody Bellinger-Seiya Suzuki-Christopher Morel-Trey Mancini-Yan Gomes-Nick Madrigal,105.42102813720703
MLB,2023,CIN,3,4.833333333333333,basic,4.991708333333333,Will Benson,9,2,5.008991666666667,2.4887999999999977,663697-666181-682829-641584-668715-687952-669222-663886-670770,5.012058333333333,2.930399999999949,663697-666181-670770-682829-641584-668715-687952-669222-663886,5.001508333333334,1.4112000000000364,663697-668715-682829-641584-670770-687952-669222-663886-666181,663697-670770-682829-641584-668715-687952-669222-663886-666181,Jonathan India-TJ Friedl-Elly De La Cruz-Jake Fraley-Spencer Steer-Christian Encarnacion-Strand-Nick Senzel-Tyler Stephenson-Will Benson,135.08910083770752
MLB,2023,CLE,3,4.08641975308642,basic,4.399016666666666,Josh Naylor,4,3,4.396225,-0.40199999999991576,680757-647304-608070-642708-605137-665926-686823-664702-666310,4.392641666666667,-0.9179999999999069,680757-647304-642708-608070-605137-665926-686823-664702-666310,4.399016666666666,0.0,680757-642708-608070-647304-605137-665926-686823-664702-666310,680757-642708-608070-647304-605137-665926-686823-664702-666310,Steven Kwan-Amed Rosario-José Ramírez-Josh Naylor-Josh Bell-Andrés Giménez-Will Brennan-Myles Straw-Bo Naylor,105.26909279823303
MLB,2023,COL,3,4.450617283950617,basic,4.094125,Charlie Blackmon,1,2,4.084891666666667,-1.3296000000000134,595777-453568-592178-641857-663898-553869-678662-660707-686668,4.084891666666667,-1.3296000000000134,595777-453568-592178-641857-663898-553869-678662-660707-686668,4.087558333333333,-0.9456000000000557,641857-595777-592178-453568-663898-553869-678662-660707-686668,453568-595777-592178-641857-663898-553869-678662-660707-686668,Charlie Blackmon-Jurickson Profar-Kris Bryant-Ryan McMahon-Brendan Rodgers-Elias Díaz-Ezequiel Tovar-Elehuris Montero-Brenton Doyle,98.21220374107361
MLB,2023,CWS,0,3.9627329192546585,basic,3.91305,Luis Robert Jr.,3,2,3.9150833333333335,0.2927999999999997,641313-673357-643217-650391-660162-683734-518735-462101-693049,3.9150833333333335,0.2927999999999997,641313-673357-643217-650391-660162-683734-518735-462101-693049,3.9133166666666668,0.03839999999999577,673357-643217-641313-650391-660162-683734-518735-462101-693049,641313-643217-673357-650391-660162-683734-518735-462101-693049,Tim Anderson-Andrew Benintendi-Luis Robert Jr.-Eloy Jiménez-Yoán Moncada-Andrew Vaughn-Yasmani Grandal-Elvis Andrus-Oscar Colás,98.79139518737793
MLB,2023,DET,2,4.080246913580247,basic,4.182083333333333,Kerry Carpenter,3,3,4.1828666666666665,0.11280000000003554,682985-681481-679529-595879-668731-665155-628451-408234-668670,4.1828666666666665,0.11280000000003554,682985-681481-679529-595879-668731-665155-628451-408234-668670,4.17285,-1.3295999999998855,679529-682985-681481-595879-668731-665155-628451-408234-668670,682985-679529-681481-595879-668731-665155-628451-408234-668670,Riley Greene-Spencer Torkelson-Kerry Carpenter-Javier Báez-Akil Baddoo-Nick Maton-Andy Ibáñez-Miguel Cabrera-Jake Rogers,105.44253587722778
MLB,2023,HOU,3,5.104938271604938,basic,5.038641666666667,Yordan Alvarez,3,3,5.030625,-1.1544000000000807,514888-670541-608324-663656-547989-665161-667452-676694-455117,5.030625,-1.1544000000000807,514888-670541-608324-663656-547989-665161-667452-676694-455117,5.026325,-1.7736000000000445,663656-608324-670541-514888-547989-665161-667452-676694-455117,514888-608324-670541-663656-547989-665161-667452-676694-455117,Jose Altuve-Alex Bregman-Yordan Alvarez-Kyle Tucker-José Abreu-Jeremy Peña-Corey Julks-Jake Meyers-Martín Maldonado,110.25569033622742
MLB,2023,KC,0,4.172839506172839,basic,4.13575,Bobby Witt Jr.,1,3,4.134616666666667,-0.16319999999991808,686469-677951-672580-521692-669004-668472-658668-686681-664728,4.134616666666667,-0.16319999999991808,686469-677951-672580-521692-669004-668472-658668-686681-664728,4.127283333333334,-1.2191999999999297,677951-658668-672580-521692-669004-668472-686469-686681-664728,677951-686469-672580-521692-669004-668472-658668-686681-664728,Bobby Witt Jr.-Vinnie Pasquantino-Maikel Garcia-Salvador Perez-MJ Melendez-Nick Pratto-Edward Olivares-Michael Massey-Kyle Isbel,103.59750747680664
MLB,2023,LAA,3,4.561728395061729,basic,5.331825,Shohei Ohtani,4,2,5.340675,1.2743999999999716,694384-660271-621493-545361-543685-592273-687263-592669-642136,5.340983333333333,1.3187999999999107,694384-660271-545361-621493-543685-592273-687263-592669-642136,5.340675,1.2743999999999716,694384-660271-621493-545361-543685-592273-687263-592669-642136,694384-545361-621493-660271-543685-592273-687263-592669-642136,Nolan Schanuel-Mike Trout-Taylor Ward-Shohei Ohtani-Anthony Rendon-Brandon Drury-Zach Neto-Hunter Renfroe-Matt Thaiss,104.14345645904541
MLB,2023,LAD,3,5.592592592592593,basic,5.4981,Mookie Betts,1,3,5.499733333333333,0.23520000000000607,518692-605141-669257-571970-502110-444482-678246-681546-500743,5.499733333333333,0.23520000000000607,518692-605141-669257-571970-502110-444482-678246-681546-500743,5.499733333333333,0.23520000000000607,518692-605141-669257-571970-502110-444482-678246-681546-500743,605141-518692-669257-571970-502110-444482-678246-681546-500743,Mookie Betts-Freddie Freeman-Will Smith-Max Muncy-J.D. Martinez-David Peralta-Miguel Vargas-James Outman-Miguel Rojas,77.68143773078918
MLB,2023,MIA,3,4.136645962732919,basic,4.050808333333333,Luis Arraez,1,3,4.035433333333334,-2.213999999999956,624585-650333-665862-650559-493329-660821-516416-621563-663743,4.035433333333334,-2.213999999999956,624585-650333-665862-650559-493329-660821-516416-621563-663743,4.050808333333333,0.0,650333-624585-665862-650559-493329-660821-516416-621563-663743,650333-624585-665862-650559-493329-660821-516416-621563-663743,Luis Arraez-Jorge Soler-Jazz Chisholm Jr.-Bryan De La Cruz-Yuli Gurriel-Jesús Sánchez-Jean Segura-Joey Wendle-Nick Fortes,73.80585527420044
MLB,2023,MIL,2,4.493827160493828,basic,4.010916666666667,William Contreras,2,3,4.010916666666667,0.0,592885-661388-608385-642715-642133-605119-668930-621438-686894,4.010916666666667,0.0,592885-661388-608385-642715-642133-605119-668930-621438-686894,3.9961,-2.133599999999973,642715-661388-608385-592885-642133-605119-668930-621438-686894,592885-661388-608385-642715-642133-605119-668930-621438-686894,Christian Yelich-William Contreras-Jesse Winker-Willy Adames-Rowdy Tellez-Brian Anderson-Brice Turang-Tyrone Taylor-Joey Wiemer,71.97348666191101
MLB,2023,MIN,3,4.802469135802469,basic,5.137683333333333,Royce Lewis,6,2,5.161366666666667,3.410400000000024,666397-668904-621439-666135-596146-621043-670242-543877-572191,5.154958333333333,2.487599999999958,666397-668904-621043-621439-666135-596146-670242-543877-572191,5.137683333333333,0.0,666397-621043-621439-666135-596146-668904-670242-543877-572191,666397-621043-621439-666135-596146-668904-670242-543877-572191,Edouard Julien-Carlos Correa-Byron Buxton-Alex Kirilloff-Max Kepler-Royce Lewis-Matt Wallner-Christian Vázquez-Michael A. Taylor,103.59401774406433
MLB,2023,NYM,2,4.475,basic,4.653641666666666,Brandon Nimmo,1,3,4.661566666666666,1.1412000000000262,596019-607043-516782-624413-643446-502054-596129-682626-683146,4.661566666666666,1.1412000000000262,596019-607043-516782-624413-643446-502054-596129-682626-683146,4.662675,1.3008000000000806,607043-624413-516782-596019-643446-502054-596129-682626-683146,607043-596019-516782-624413-643446-502054-596129-682626-683146,Brandon Nimmo-Francisco Lindor-Starling Marte-Pete Alonso-Jeff McNeil-Tommy Pham-Daniel Vogelbach-Francisco Alvarez-Brett Baty,109.00387072563171
MLB,2023,NYY,3,4.154320987654321,basic,4.390491666666667,Aaron Judge,1,3,4.3881,-0.34440000000005,650402-592450-518934-519203-519317-664056-683011-665828-543309,4.3881,-0.34440000000005,650402-592450-518934-519203-519317-664056-683011-665828-543309,4.390491666666667,0.0,592450-650402-518934-519203-519317-664056-683011-665828-543309,592450-650402-518934-519203-519317-664056-683011-665828-543309,Aaron Judge-Gleyber Torres-DJ LeMahieu-Anthony Rizzo-Giancarlo Stanton-Harrison Bader-Anthony Volpe-Oswaldo Cabrera-Kyle Higashioka,73.8442177772522
MLB,2023,OAK,3,3.611111111111111,basic,3.9421583333333334,Zack Gelof,1,3,3.96625,3.4691999999999936,676116-680869-665923-667670-643393-657656-607054-669127-669397,3.96625,3.4691999999999936,676116-680869-665923-667670-643393-657656-607054-669127-669397,3.9442416666666666,0.29999999999998295,667670-676116-665923-680869-643393-657656-607054-669127-669397,680869-676116-665923-667670-643393-657656-607054-669127-669397,Zack Gelof-Ryan Noda-Esteury Ruiz-Brent Rooker-Tony Kemp-Ramón Laureano-Jace Peterson-Shea Langeliers-Nick Allen,103.18156552314758
MLB,2023,PHI,3,4.91358024691358,basic,5.2233833333333335,Bryce Harper,3,3,5.235083333333334,1.6848000000000383,656941-547180-607208-592206-681082-664761-592663-669016-624641,5.235083333333334,1.6848000000000383,656941-547180-607208-592206-681082-664761-592663-669016-624641,5.235083333333334,1.6848000000000383,656941-547180-607208-592206-681082-664761-592663-669016-624641,656941-607208-547180-592206-681082-664761-592663-669016-624641,Kyle Schwarber-Trea Turner-Bryce Harper-Nick Castellanos-Bryson Stott-Alec Bohm-J.T. Realmuto-Brandon Marsh-Edmundo Sosa,75.16556406021118
MLB,2023,PIT,3,4.271604938271605,basic,4.167383333333333,Andrew McCutchen,2,3,4.167383333333333,0.0,668804-457705-663647-467793-669261-680779-672779-678225-682848,4.167383333333333,0.0,668804-457705-663647-467793-669261-680779-672779-678225-682848,4.1845,2.4647999999999683,669261-457705-663647-467793-668804-680779-672779-678225-682848,668804-457705-663647-467793-669261-680779-672779-678225-682848,Bryan Reynolds-Andrew McCutchen-Ke'Bryan Hayes-Carlos Santana-Jack Suwinski-Henry Davis-Tucupita Marcano-Jihwan Bae-Endy Rodríguez,74.88836002349854
MLB,2023,SD,2,4.6419753086419755,basic,4.907375,Juan Soto,2,3,4.907375,0.0,665487-665742-592518-673490-593428-630105-572761-596142-663757,4.907375,0.0,665487-665742-592518-673490-593428-630105-572761-596142-663757,4.918958333333333,1.6679999999999922,665742-665487-592518-673490-593428-630105-572761-596142-663757,665487-665742-592518-673490-593428-630105-572761-596142-663757,Fernando Tatis Jr.-Juan Soto-Manny Machado-Ha-Seong Kim-Xander Bogaerts-Jake Cronenworth-Matt Carpenter-Gary Sánchez-Trent Grisham,75.24788188934326
MLB,2023,SEA,2,4.679012345679013,basic,4.548175,J.P. Crawford,2,3,4.548175,0.0,677594-641487-664034-553993-606192-672284-663728-645801-543939,4.548175,0.0,677594-641487-664034-553993-606192-672284-663728-645801-543939,4.555741666666667,1.0896000000001038,641487-677594-664034-553993-606192-672284-663728-645801-543939,677594-641487-664034-553993-606192-672284-663728-645801-543939,Julio Rodríguez-J.P. Crawford-Ty France-Eugenio Suárez-Teoscar Hernández-Jarred Kelenic-Cal Raleigh-Mike Ford-Kolten Wong,72.7951865196228
MLB,2023,SF,3,4.160493827160494,basic,4.087108333333333,LaMonte Wade Jr.,1,1,4.075,-1.7435999999999439,642731-664774-592626-605204-624424-571745-672275-682641-543063,4.075,-1.7435999999999439,642731-664774-592626-605204-624424-571745-672275-682641-543063,4.087108333333333,0.0,664774-642731-592626-605204-624424-571745-672275-682641-543063,664774-642731-592626-605204-624424-571745-672275-682641-543063,LaMonte Wade Jr.-Thairo Estrada-Joc Pederson-J.D. Davis-Michael Conforto-Mitch Haniger-Patrick Bailey-Luis Matos-Brandon Crawford,65.40027809143066
MLB,2023,STL,3,4.438271604938271,basic,5.015608333333334,Willson Contreras,5,3,5.0241,1.2227999999999213,502671-575929-571448-669357-663457-676475-641933-691023-657557,5.015608333333334,0.0,502671-575929-663457-571448-669357-676475-641933-691023-657557,5.015775,0.023999999999901434,663457-502671-571448-669357-575929-676475-641933-691023-657557,502671-663457-571448-669357-575929-676475-641933-691023-657557,Paul Goldschmidt-Lars Nootbaar-Nolan Arenado-Nolan Gorman-Willson Contreras-Alec Burleson-Tyler O'Neill-Jordan Walker-Paul DeJong,139.0354630947113
MLB,2023,TB,3,5.308641975308642,basic,5.406525,Yandy Díaz,1,3,5.398458333333333,-1.161600000000064,677551-650490-664040-668227-623912-670623-666139-642350-542194,5.398458333333333,-1.161600000000064,677551-650490-664040-668227-623912-670623-666139-642350-542194,5.4223333333333334,2.276399999999981,650490-670623-664040-668227-623912-677551-666139-642350-542194,650490-677551-664040-668227-623912-670623-666139-642350-542194,Yandy Díaz-Wander Franco-Brandon Lowe-Randy Arozarena-Harold Ramírez-Isaac Paredes-Josh Lowe-Jose Siri-Christian Bethancourt,109.48792934417725
MLB,2023,TEX,3,5.438271604938271,basic,5.594033333333333,Corey Seager,2,3,5.594033333333333,0.0,543760-608369-663993-666969-673962-608671-641598-641680-665750,5.594033333333333,0.0,543760-608369-663993-666969-673962-608671-641598-641680-665750,5.587608333333334,-0.9251999999998901,543760-641598-663993-666969-673962-608671-608369-641680-665750,543760-608369-663993-666969-673962-608671-641598-641680-665750,Marcus Semien-Corey Seager-Nathaniel Lowe-Adolis García-Josh Jung-Travis Jankowski-Mitch Garver-Jonah Heim-Leody Taveras,79.87997841835022
MLB,2023,TOR,3,4.604938271604938,basic,4.783683333333333,Brandon Belt,4,3,4.792491666666667,1.2684000000000282,543807-474832-665489-666182-593160-656305-662139-672386-595281,4.7839833333333335,0.04320000000002722,543807-474832-666182-665489-593160-656305-662139-672386-595281,4.787183333333333,0.5039999999999765,474832-666182-665489-543807-593160-656305-662139-672386-595281,543807-666182-665489-474832-593160-656305-662139-672386-595281,George Springer-Bo Bichette-Vladimir Guerrero Jr.-Brandon Belt-Whit Merrifield-Matt Chapman-Daulton Varsho-Alejandro Kirk-Kevin Kiermaier,138.93596291542053
MLB,2023,WSH,2,4.320987654320987,basic,4.386241666666667,Jeimer Candelario,2,3,4.386241666666667,0.0,657041-600869-608841-671277-682928-660688-642086-656448-669743,4.386241666666667,0.0,657041-600869-608841-671277-682928-660688-642086-656448-669743,4.386241666666667,0.0,657041-600869-608841-671277-682928-660688-642086-656448-669743,657041-600869-608841-671277-682928-660688-642086-656448-669743,Lane Thomas-Jeimer Candelario-Joey Meneses-Luis García Jr.-CJ Abrams-Keibert Ruiz-Dominic Smith-Stone Garrett-Alex Call,43.10407543182373
MLB,2024,ATL,3,4.316770186335404,basic,4.617258333333333,Marcell Ozuna,4,3,4.621783333333333,0.6516000000000162,660670-542303-663586-645277-671739-621566-672284-518595-606115,4.62045,0.4596000000000373,660670-542303-645277-663586-671739-621566-672284-518595-606115,4.633391666666666,2.3232,660670-663586-645277-542303-671739-621566-672284-518595-606115,660670-645277-663586-542303-671739-621566-672284-518595-606115,Ronald Acuña Jr.-Ozzie Albies-Austin Riley-Marcell Ozuna-Michael Harris II-Matt Olson-Jarred Kelenic-Travis d'Arnaud-Orlando Arcia,135.30702710151672
MLB,2024,AZ,3,5.469135802469136,basic,5.3304,Joc Pederson,3,3,5.337525,1.0260000000000389,606466-592626-682998-666971-572233-664983-672515-553993-672695,5.337525,1.0260000000000389,606466-592626-682998-666971-572233-664983-672515-553993-672695,5.3304,0.0,606466-682998-592626-666971-572233-664983-672515-553993-672695,606466-682998-592626-666971-572233-664983-672515-553993-672695,Ketel Marte-Corbin Carroll-Joc Pederson-Lourdes Gurriel Jr.-Christian Walker-Jake McCarthy-Gabriel Moreno-Eugenio Suárez-Geraldo Perdomo,75.78231906890869
MLB,2024,BAL,1,4.851851851851852,basic,4.901983333333333,Gunnar Henderson,1,3,4.901316666666666,-0.09599999999998943,668939-683002-623993-656811-663624-676059-681297-656775-602104,4.901316666666666,-0.09599999999998943,668939-683002-623993-656811-663624-676059-681297-656775-602104,4.901983333333333,0.0,683002-668939-623993-656811-663624-676059-681297-656775-602104,683002-668939-623993-656811-663624-676059-681297-656775-602104,Gunnar Henderson-Adley Rutschman-Anthony Santander-Ryan O'Hearn-Ryan Mountcastle-Jordan Westburg-Colton Cowser-Cedric Mullins-Ramón Urías,72.27301812171936
MLB,2024,BOS,3,4.635802469135802,basic,4.806808333333334,Rafael Devers,2,2,4.806808333333334,0.0,680776-646240-641933-677800-807799-657136-665839-642086-678882,4.806808333333334,0.0,680776-646240-641933-677800-807799-657136-665839-642086-678882,4.800741666666666,-0.8736000000000956,680776-641933-646240-677800-807799-657136-665839-642086-678882,680776-646240-641933-677800-807799-657136-665839-642086-678882,Jarren Duran-Rafael Devers-Tyler O'Neill-Wilyer Abreu-Masataka Yoshida-Connor Wong-Enmanuel Valdez-Dominic Smith-Ceddanne Rafaela,70.0576639175415
MLB,2024,CHC,3,4.54320987654321,basic,4.4337333333333335,Seiya Suzuki,1,3,4.434858333333334,0.16200000000000614,664023-673548-641355-663538-683737-666624-621020-691718-665804,4.434858333333334,0.16200000000000614,664023-673548-641355-663538-683737-666624-621020-691718-665804,4.443383333333333,1.3895999999999589,683737-664023-641355-663538-673548-666624-621020-691718-665804,673548-664023-641355-663538-683737-666624-621020-691718-665804,Seiya Suzuki-Ian Happ-Cody Bellinger-Nico Hoerner-Michael Busch-Christopher Morel-Dansby Swanson-Pete Crow-Armstrong-Miguel Amaya,104.91596341133118
MLB,2024,CIN,3,4.314814814814815,basic,4.350375,Elly De La Cruz,1,3,4.357358333333333,1.0056000000000012,663697-682829-670770-668715-600869-663886-664034-641584-669289,4.357358333333333,1.0056000000000012,663697-682829-670770-668715-600869-663886-664034-641584-669289,4.351775,0.20160000000004175,682829-663886-670770-668715-600869-663697-664034-641584-669289,682829-663697-670770-668715-600869-663886-664034-641584-669289,Elly De La Cruz-Jonathan India-TJ Friedl-Spencer Steer-Jeimer Candelario-Tyler Stephenson-Ty France-Jake Fraley-Santiago Espinal,105.35962200164795
MLB,2024,CLE,3,4.39751552795031,basic,4.292508333333333,José Ramírez,2,3,4.292508333333333,0.0,680757-608070-665926-647304-681807-671289-686823-666310-677587,4.292508333333333,0.0,680757-608070-665926-647304-681807-671289-686823-666310-677587,4.295716666666666,0.4619999999999891,681807-608070-665926-647304-680757-671289-686823-666310-677587,680757-608070-665926-647304-681807-671289-686823-666310-677587,Steven Kwan-José Ramírez-Andrés Giménez-Josh Naylor-David Fry-Tyler Freeman-Will Brennan-Bo Naylor-Brayan Rocchio,73.78413772583008
MLB,2024,COL,2,4.209876543209877,basic,4.446891666666667,Jacob Stallings,8,3,4.464525,2.539200000000008,453568-607732-641857-686668-663898-666134-669911-678662-595909,4.4706,3.4140000000000157,453568-607732-678662-641857-686668-663898-666134-669911-595909,4.458091666666666,1.6127999999999503,453568-686668-641857-678662-663898-666134-669911-607732-595909,453568-678662-641857-686668-663898-666134-669911-607732-595909,Charlie Blackmon-Ezequiel Tovar-Ryan McMahon-Brenton Doyle-Brendan Rodgers-Nolan Jones-Michael Toglia-Jacob Stallings-Jake Cave,136.97111463546753
MLB,2024,CWS,0,3.1490683229813663,basic,3.464725,Paul DeJong,8,3,3.4652333333333334,0.07319999999999993,673357-657557-643217-650391-657757-670032-672820-683734-686676,3.4724666666666666,1.1147999999999811,673357-657557-683734-643217-650391-657757-670032-672820-686676,3.4651083333333332,0.05519999999997793,683734-673357-643217-650391-657757-670032-672820-657557-686676,673357-683734-643217-650391-657757-670032-672820-657557-686676,Luis Robert Jr.-Andrew Vaughn-Andrew Benintendi-Eloy Jiménez-Gavin Sheets-Nicky Lopez-Lenyn Sosa-Paul DeJong-Korey Lee,127.46499752998352
MLB,2024,DET,3,4.23125,basic,3.6111,Riley Greene,1,1,3.608725,-0.3419999999999703,672761-682985-678009-690993-669234-679529-570482-595879-668670,3.608725,-0.3419999999999703,672761-682985-678009-690993-669234-679529-570482-595879-668670,3.608725,-0.3419999999999703,672761-682985-678009-690993-669234-679529-570482-595879-668670,682985-672761-678009-690993-669234-679529-570482-595879-668670,Riley Greene-Wenceel Pérez-Parker Meadows-Colt Keith-Justyn-Henry Malloy-Spencer Torkelson-Gio Urshela-Javier Báez-Jake Rogers,61.281036615371704
MLB,2024,HOU,3,4.596273291925466,basic,5.111158333333333,Kyle Tucker,3,3,5.117041666666666,0.8471999999999866,514888-663656-670541-608324-673237-665161-572138-676694-643289,5.117041666666666,0.8471999999999866,514888-663656-670541-608324-673237-665161-572138-676694-643289,5.117041666666666,0.8471999999999866,514888-663656-670541-608324-673237-665161-572138-676694-643289,514888-670541-663656-608324-673237-665161-572138-676694-643289,Jose Altuve-Yordan Alvarez-Kyle Tucker-Alex Bregman-Yainer Diaz-Jeremy Peña-Jon Singleton-Jake Meyers-Mauricio Dubón,76.20836567878723
MLB,2024,KC,3,4.552795031055901,basic,4.267216666666667,Bobby Witt Jr.,1,3,4.268766666666667,0.2231999999999914,672580-677951-686469-521692-686681-676369-669004-592669-664728,4.268766666666667,0.2231999999999914,672580-677951-686469-521692-686681-676369-669004-592669-664728,4.266183333333333,-0.14880000000007954,677951-521692-686469-672580-686681-676369-669004-592669-664728,677951-672580-686469-521692-686681-676369-669004-592669-664728,Bobby Witt Jr.-Maikel Garcia-Vinnie Pasquantino-Salvador Perez-Michael Massey-Nelson Velázquez-MJ Melendez-Hunter Renfroe-Kyle Isbel,98.55260848999023
MLB,2024,LAA,3,3.919753086419753,basic,3.666875,Zach Neto,7,2,3.6951916666666667,4.077599999999983,694384-687263-621493-641432-681351-592273-543685-666160-666176,3.6967833333333333,4.306799999999981,694384-687263-543685-621493-641432-681351-592273-666160-666176,3.674175,1.0511999999999802,694384-621493-543685-641432-681351-592273-687263-666160-666176,694384-543685-621493-641432-681351-592273-687263-666160-666176,Nolan Schanuel-Anthony Rendon-Taylor Ward-Willie Calhoun-Logan O'Hoppe-Brandon Drury-Zach Neto-Mickey Moniak-Jo Adell,126.1869592666626
MLB,2024,LAD,3,5.197530864197531,basic,5.592775,Shohei Ohtani,2,3,5.592775,0.0,605141-660271-518692-669257-606192-571970-681624-518792-666158,5.592775,0.0,605141-660271-518692-669257-606192-571970-681624-518792-666158,5.613391666666667,2.9688000000000727,605141-518692-660271-669257-606192-571970-681624-518792-666158,605141-660271-518692-669257-606192-571970-681624-518792-666158,Mookie Betts-Shohei Ohtani-Freddie Freeman-Will Smith-Teoscar Hernández-Max Muncy-Andy Pages-Jason Heyward-Gavin Lux,78.55204200744629
MLB,2024,MIA,2,3.932098765432099,basic,3.87515,Xavier Edwards,3,3,3.8941,2.7287999999999712,665862-669364-650559-669394-660821-672640-624503-656896-663743,3.8941,2.7287999999999712,665862-669364-650559-669394-660821-672640-624503-656896-663743,3.896225,3.0347999999999615,669364-650559-665862-669394-660821-672640-624503-656896-663743,665862-650559-669364-669394-660821-672640-624503-656896-663743,Jazz Chisholm Jr.-Bryan De La Cruz-Xavier Edwards-Jake Burger-Jesús Sánchez-Otto Lopez-Nick Gordon-Emmanuel Rivera-Nick Fortes,103.91932106018066
MLB,2024,MIL,3,4.796296296296297,basic,4.442041666666666,William Contreras,1,2,4.435483333333333,-0.9444000000000159,668930-661388-642715-694192-656555-686217-596142-663368-687401,4.435483333333333,-0.9444000000000159,668930-661388-642715-694192-656555-686217-596142-663368-687401,4.442041666666666,0.0,661388-668930-642715-694192-656555-686217-596142-663368-687401,661388-668930-642715-694192-656555-686217-596142-663368-687401,William Contreras-Brice Turang-Willy Adames-Jackson Chourio-Rhys Hoskins-Sal Frelick-Gary Sánchez-Blake Perkins-Joey Ortiz,71.46570754051208
MLB,2024,MIN,3,4.53416149068323,basic,4.624666666666666,Carlos Correa,2,3,4.624666666666666,0.0,663616-621043-666397-622534-621439-680777-596146-669304-467793,4.624666666666666,0.0,663616-621043-666397-622534-621439-680777-596146-669304-467793,4.624666666666666,0.0,663616-621043-666397-622534-621439-680777-596146-669304-467793,663616-621043-666397-622534-621439-680777-596146-669304-467793,Trevor Larnach-Carlos Correa-Edouard Julien-Manuel Margot-Byron Buxton-Ryan Jeffers-Max Kepler-Jose F Miranda-Carlos Santana,42.24310660362244
MLB,2024,NYM,3,4.7407407407407405,basic,4.637925,Francisco Lindor,1,3,4.641875,0.5687999999999533,607043-596019-624413-502110-516782-668901-682626-643446-664056,4.641875,0.5687999999999533,607043-596019-624413-502110-516782-668901-682626-643446-664056,4.63395,-0.5724000000000729,668901-607043-624413-502110-516782-596019-682626-643446-664056,596019-607043-624413-502110-516782-668901-682626-643446-664056,Francisco Lindor-Brandon Nimmo-Pete Alonso-J.D. Martinez-Starling Marte-Mark Vientos-Francisco Alvarez-Jeff McNeil-Harrison Bader,104.00855422019958
MLB,2024,NYY,2,5.031055900621118,basic,5.082725,Aaron Judge,2,3,5.082725,0.0,665742-592450-683011-650402-519317-657077-519203-669224-665828,5.082725,0.0,665742-592450-683011-650402-519317-657077-519203-669224-665828,5.082725,0.0,665742-592450-683011-650402-519317-657077-519203-669224-665828,665742-592450-683011-650402-519317-657077-519203-669224-665828,Juan Soto-Aaron Judge-Anthony Volpe-Gleyber Torres-Giancarlo Stanton-Alex Verdugo-Anthony Rizzo-Austin Wells-Oswaldo Cabrera,45.010929107666016
MLB,2024,OAK,3,3.9691358024691357,basic,4.415925,Brent Rooker,4,3,4.41975,0.5507999999999953,609280-667670-668709-647351-671732-669127-691016-680869-680474,4.417833333333333,0.2748000000000417,609280-667670-647351-668709-671732-669127-691016-680869-680474,4.423483333333333,1.088400000000064,667670-647351-668709-609280-671732-669127-691016-680869-680474,609280-647351-668709-667670-671732-669127-691016-680869-680474,Miguel Andujar-Abraham Toro-JJ Bleday-Brent Rooker-Lawrence Butler-Shea Langeliers-Tyler Soderstrom-Zack Gelof-Max Schuemann,131.97435522079468
MLB,2024,PHI,3,4.839506172839506,basic,4.892,Bryce Harper,3,3,4.9092416666666665,2.4827999999999264,656941-547180-607208-664761-592663-592206-681082-669016-679032,4.9092416666666665,2.4827999999999264,656941-547180-607208-664761-592663-592206-681082-669016-679032,4.9092416666666665,2.4827999999999264,656941-547180-607208-664761-592663-592206-681082-669016-679032,656941-607208-547180-664761-592663-592206-681082-669016-679032,Kyle Schwarber-Trea Turner-Bryce Harper-Alec Bohm-J.T. Realmuto-Nick Castellanos-Bryson Stott-Brandon Marsh-Johan Rojas,75.27704310417175
MLB,2024,PIT,3,4.104938271604938,basic,3.82645,Joey Bart,7,3,3.820875,-0.8027999999999835,668804-663698-665833-663647-693304-642133-457705-650559-572191,3.8356,1.3175999999999988,668804-663698-457705-665833-663647-693304-642133-650559-572191,3.811516666666667,-2.150399999999955,665833-457705-668804-663647-693304-642133-663698-650559-572191,668804-457705-665833-663647-693304-642133-663698-650559-572191,Bryan Reynolds-Andrew McCutchen-Oneil Cruz-Ke'Bryan Hayes-Nick Gonzales-Rowdy Tellez-Joey Bart-Bryan De La Cruz-Michael A. Taylor,129.48741936683655
MLB,2024,SD,3,4.691358024691358,basic,4.7537416666666665,Jurickson Profar,3,3,4.772058333333334,2.637600000000077,650333-595777-665487-630105-593428-592518-701538-673490-669134,4.772058333333334,2.637600000000077,650333-595777-665487-630105-593428-592518-701538-673490-669134,4.772058333333334,2.637600000000077,650333-595777-665487-630105-593428-592518-701538-673490-669134,650333-665487-595777-630105-593428-592518-701538-673490-669134,Luis Arraez-Fernando Tatis Jr.-Jurickson Profar-Jake Cronenworth-Xander Bogaerts-Manny Machado-Jackson Merrill-Ha-Seong Kim-Luis Campusano,76.05236434936523
MLB,2024,SEA,2,4.172839506172839,basic,3.8733333333333335,Randy Arozarena,3,2,3.895275,3.159599999999948,641487-668227-677594-663728-593871-641598-571745-664034-668942,3.895275,3.159599999999948,641487-668227-677594-663728-593871-641598-571745-664034-668942,3.8801083333333333,0.9755999999999645,677594-641487-668227-663728-593871-641598-571745-664034-668942,641487-677594-668227-663728-593871-641598-571745-664034-668942,J.P. Crawford-Julio Rodríguez-Randy Arozarena-Cal Raleigh-Jorge Polanco-Mitch Garver-Mitch Haniger-Ty France-Josh Rojas,99.51556587219238
MLB,2024,SF,3,4.277777777777778,basic,4.574475,Tyler Fitzgerald,6,3,4.576008333333333,0.22080000000003963,664774-666149-624585-656305-624424-671218-672275-573262-642731,4.572316666666667,-0.3107999999999578,664774-666149-671218-624585-656305-624424-672275-573262-642731,4.574475,0.0,664774-671218-624585-656305-624424-666149-672275-573262-642731,664774-671218-624585-656305-624424-666149-672275-573262-642731,LaMonte Wade Jr.-Heliot Ramos-Jorge Soler-Matt Chapman-Michael Conforto-Tyler Fitzgerald-Patrick Bailey-Mike Yastrzemski-Thairo Estrada,106.4225549697876
MLB,2024,STL,3,4.148148148148148,basic,4.249008333333333,Iván Herrera,7,2,4.269566666666667,2.9604000000000497,691026-671056-502671-680977-571448-663457-676475-669357-672279,4.26305,2.021999999999977,691026-671056-676475-502671-680977-571448-663457-669357-672279,4.257758333333333,1.2600000000000051,663457-676475-502671-680977-571448-691026-671056-669357-672279,691026-676475-502671-680977-571448-663457-671056-669357-672279,Masyn Winn-Alec Burleson-Paul Goldschmidt-Brendan Donovan-Nolan Arenado-Lars Nootbaar-Iván Herrera-Nolan Gorman-Michael Siani,132.13674759864807
MLB,2024,TB,2,3.728395061728395,basic,3.9550916666666667,Isaac Paredes,4,3,3.9982333333333333,6.212399999999995,650490-670623-668227-664040-623912-666139-676609-642350-666163,3.983475,4.0871999999999815,650490-670623-664040-668227-623912-666139-676609-642350-666163,3.9550916666666667,0.0,650490-664040-668227-670623-623912-666139-676609-642350-666163,650490-664040-668227-670623-623912-666139-676609-642350-666163,Yandy Díaz-Brandon Lowe-Randy Arozarena-Isaac Paredes-Harold Ramírez-Josh Lowe-José Caballero-Jose Siri-Ben Rortvedt,100.92149543762207
MLB,2024,TEX,3,4.216049382716049,basic,4.299258333333333,Corey Seager,2,3,4.299258333333333,0.0,543760-608369-669701-666969-694671-663993-543257-641680-665750,4.299258333333333,0.0,543760-608369-669701-666969-694671-663993-543257-641680-665750,4.307316666666667,1.160400000000024,669701-608369-543760-666969-694671-663993-543257-641680-665750,543760-608369-669701-666969-694671-663993-543257-641680-665750,Marcus Semien-Corey Seager-Josh Smith-Adolis García-Wyatt Langford-Nathaniel Lowe-Robbie Grossman-Jonah Heim-Leody Taveras,74.7511727809906
MLB,2024,TOR,3,4.161490683229814,basic,4.235,Vladimir Guerrero Jr.,2,3,4.235,0.0,543807-665489-687462-666182-457759-662139-676914-672386-676391,4.235,0.0,543807-665489-687462-666182-457759-662139-676914-672386-676391,4.245991666666667,1.5827999999999776,687462-665489-543807-666182-457759-662139-676914-672386-676391,543807-665489-687462-666182-457759-662139-676914-672386-676391,George Springer-Vladimir Guerrero Jr.-Spencer Horwitz-Bo Bichette-Justin Turner-Daulton Varsho-Davis Schneider-Alejandro Kirk-Ernie Clement,74.00121998786926
MLB,2024,WSH,3,4.074074074074074,basic,4.002283333333334,Jesse Winker,4,3,4.017641666666667,2.2116000000000042,682928-608385-695578-657041-671277-660688-608336-702358-696285,4.014691666666667,1.786799999999971,682928-608385-657041-695578-671277-660688-608336-702358-696285,4.017641666666667,2.2116000000000042,682928-608385-695578-657041-671277-660688-608336-702358-696285,682928-657041-695578-608385-671277-660688-608336-702358-696285,CJ Abrams-Lane Thomas-James Wood-Jesse Winker-Luis García Jr.-Keibert Ruiz-Joey Gallo-Trey Lipscomb-Jacob Young,105.9618284702301
MLB,2025,ATH,3,4.5246913580246915,basic,5.025825,Nick Kurtz,5,3,5.038733333333333,1.8587999999999312,671732-701762-805779-669127-667670-691016-668709-649966-570482,5.0447,2.7179999999999325,671732-701762-667670-805779-669127-691016-668709-649966-570482,5.055041666666667,4.2072,691016-667670-805779-669127-701762-671732-668709-649966-570482,671732-667670-805779-669127-701762-691016-668709-649966-570482,Lawrence Butler-Brent Rooker-Jacob Wilson-Shea Langeliers-Nick Kurtz-Tyler Soderstrom-JJ Bleday-Luis Urías-Gio Urshela,137.8698375225067
MLB,2025,ATL,3,4.469135802469136,basic,4.901183333333333,Ronald Acuña Jr.,2,3,4.901183333333333,0.0,595777-660670-621566-663586-542303-686948-645277-671739-669397,4.901183333333333,0.0,595777-660670-621566-663586-542303-686948-645277-671739-669397,4.904325,0.4524000000000541,660670-595777-621566-663586-542303-686948-645277-671739-669397,595777-660670-621566-663586-542303-686948-645277-671739-669397,Jurickson Profar-Ronald Acuña Jr.-Matt Olson-Austin Riley-Marcell Ozuna-Drake Baldwin-Ozzie Albies-Michael Harris II-Nick Allen,77.03862524032593
MLB,2025,AZ,3,4.882716049382716,basic,5.519758333333334,Ketel Marte,1,3,5.501641666666667,-2.6088000000000164,682998-606466-672695-647304-656976-666971-553993-672515-677950,5.501641666666667,-2.6088000000000164,682998-606466-672695-647304-656976-666971-553993-672515-677950,5.527358333333333,1.0943999999998795,672695-682998-606466-647304-656976-666971-553993-672515-677950,606466-682998-672695-647304-656976-666971-553993-672515-677950,Ketel Marte-Corbin Carroll-Geraldo Perdomo-Josh Naylor-Pavin Smith-Lourdes Gurriel Jr.-Eugenio Suárez-Gabriel Moreno-Alek Thomas,109.45454835891724
MLB,2025,BAL,2,4.179012345679013,basic,4.268883333333333,Ramón Laureano,5,1,4.25505,-1.9920000000000044,702616-657656-668939-663624-683002-656775-681297-602104-691723,4.277516666666667,1.243200000000087,702616-657656-683002-668939-663624-656775-681297-602104-691723,4.268883333333333,0.0,702616-683002-668939-663624-657656-656775-681297-602104-691723,702616-683002-668939-663624-657656-656775-681297-602104-691723,Jackson Holliday-Gunnar Henderson-Adley Rutschman-Ryan Mountcastle-Ramón Laureano-Cedric Mullins-Colton Cowser-Ramón Urías-Coby Mayo,95.00979018211365
MLB,2025,BOS,3,4.851851851851852,basic,4.794358333333333,Rafael Devers,2,2,4.794358333333333,0.0,680776-646240-608324-596115-677800-647351-692225-665966-678882,4.794358333333333,0.0,680776-646240-608324-596115-677800-647351-692225-665966-678882,4.794358333333333,0.0,680776-646240-608324-596115-677800-647351-692225-665966-678882,680776-646240-608324-596115-677800-647351-692225-665966-678882,Jarren Duran-Rafael Devers-Alex Bregman-Trevor Story-Wilyer Abreu-Abraham Toro-Kristian Campbell-Carlos Narváez-Ceddanne Rafaela,41.654881954193115
MLB,2025,CHC,3,4.895061728395062,basic,5.00295,Michael Busch,4,3,4.999458333333333,-0.5028000000000645,663656-683737-673548-664023-691718-608348-663538-621020-807713,5.003375,0.061199999999985266,663656-683737-664023-673548-691718-608348-663538-621020-807713,5.010833333333333,1.135199999999955,663656-673548-664023-683737-691718-608348-663538-621020-807713,663656-664023-673548-683737-691718-608348-663538-621020-807713,Kyle Tucker-Ian Happ-Seiya Suzuki-Michael Busch-Pete Crow-Armstrong-Carson Kelly-Nico Hoerner-Dansby Swanson-Matt Shaw,137.84110927581787
MLB,2025,CIN,2,4.422360248447205,basic,4.11905,TJ Friedl,1,3,4.1090333333333335,-1.442399999999921,682829-670770-669720-666158-682622-680574-669289-668715-624431,4.1090333333333335,-1.442399999999921,682829-670770-669720-666158-682622-680574-669289-668715-624431,4.11905,0.0,670770-682829-669720-666158-682622-680574-669289-668715-624431,670770-682829-669720-666158-682622-680574-669289-668715-624431,TJ Friedl-Elly De La Cruz-Austin Hays-Gavin Lux-Noelvi Marte-Matt McLain-Santiago Espinal-Spencer Steer-Jose Trevino,72.94808745384216
MLB,2025,CLE,2,3.9691358024691357,basic,3.872775,José Ramírez,2,3,3.872775,0.0,680757-608070-700932-467793-682657-682177-666134-672356-666310,3.872775,0.0,680757-608070-700932-467793-682657-682177-666134-672356-666310,3.8746916666666666,0.27600000000001756,608070-680757-700932-467793-682657-682177-666134-672356-666310,680757-608070-700932-467793-682657-682177-666134-672356-666310,Steven Kwan-José Ramírez-Kyle Manzardo-Carlos Santana-Angel Martínez-Daniel Schneemann-Nolan Jones-Gabriel Arias-Bo Naylor,72.63521432876587
MLB,2025,COL,2,3.685185185185185,basic,4.1527666666666665,Hunter Goodman,4,3,4.154591666666667,0.262800000000027,671289-696100-687597-678662-641857-642731-666160-686668-669911,4.154608333333333,0.2651999999999788,671289-696100-678662-687597-641857-642731-666160-686668-669911,4.154591666666667,0.262800000000027,671289-696100-687597-678662-641857-642731-666160-686668-669911,671289-678662-687597-696100-641857-642731-666160-686668-669911,Tyler Freeman-Ezequiel Tovar-Jordan Beck-Hunter Goodman-Ryan McMahon-Thairo Estrada-Mickey Moniak-Brenton Doyle-Michael Toglia,101.1255795955658
MLB,2025,CWS,2,4.012578616352202,basic,4.050775,Kyle Teel,5,3,4.077258333333333,3.8135999999999797,643565-691019-678246-643217-805367-673357-683734-700337-672820,4.067658333333333,2.431200000000004,643565-691019-805367-678246-643217-673357-683734-700337-672820,4.049516666666666,-0.18120000000000402,643565-678246-805367-643217-691019-673357-683734-700337-672820,643565-805367-678246-643217-691019-673357-683734-700337-672820,Mike Tauchman-Chase Meidroth-Miguel Vargas-Andrew Benintendi-Kyle Teel-Luis Robert Jr.-Andrew Vaughn-Edgar Quero-Lenyn Sosa,137.29754638671875
MLB,2025,DET,2,4.679012345679013,basic,4.41915,Riley Greene,3,3,4.405433333333334,-1.9751999999999583,650402-682985-690993-679529-672761-678009-656716-693307-700242,4.405433333333334,-1.9751999999999583,650402-682985-690993-679529-672761-678009-656716-693307-700242,4.405433333333334,-1.9751999999999583,650402-682985-690993-679529-672761-678009-656716-693307-700242,650402-690993-682985-679529-672761-678009-656716-693307-700242,Gleyber Torres-Colt Keith-Riley Greene-Spencer Torkelson-Wenceel Pérez-Parker Meadows-Zach McKinstry-Dillon Dingler-Trey Sweeney,73.96887564659119
MLB,2025,HOU,3,4.236024844720497,basic,4.668625,Jeremy Peña,1,3,4.668783333333334,0.022800000000117393,670623-665161-514888-670541-572233-673237-701358-676694-643289,4.668783333333334,0.022800000000117393,670623-665161-514888-670541-572233-673237-701358-676694-643289,4.668625,0.0,665161-670623-514888-670541-572233-673237-701358-676694-643289,665161-670623-514888-670541-572233-673237-701358-676694-643289,Jeremy Peña-Isaac Paredes-Jose Altuve-Yordan Alvarez-Christian Walker-Yainer Diaz-Cam Smith-Jake Meyers-Mauricio Dubón,75.08125448226929
MLB,2025,KC,3,4.018518518518518,basic,4.381658333333333,Carter Jensen,7,3,4.46635,12.195600000000056,677951-695600-686469-672580-521692-695506-663697-671221-664728,4.458625,11.083199999999962,677951-695600-663697-686469-672580-521692-695506-671221-664728,4.382233333333334,0.08280000000006282,686469-663697-677951-672580-521692-695506-695600-671221-664728,677951-663697-686469-672580-521692-695506-695600-671221-664728,Bobby Witt Jr.-Jonathan India-Vinnie Pasquantino-Maikel Garcia-Salvador Perez-Jac Caglianone-Carter Jensen-Drew Waters-Kyle Isbel,132.8712821006775
MLB,2025,LAA,3,4.154320987654321,basic,4.544908333333334,Mike Trout,3,3,4.5453166666666664,0.058799999999905594,687263-545361-694384-621493-660162-624585-666176-650859-681351,4.5453166666666664,0.058799999999905594,687263-545361-694384-621493-660162-624585-666176-650859-681351,4.5578,1.8563999999999794,545361-694384-687263-621493-660162-624585-666176-650859-681351,687263-694384-545361-621493-660162-624585-666176-650859-681351,Zach Neto-Nolan Schanuel-Mike Trout-Taylor Ward-Yoán Moncada-Jorge Soler-Jo Adell-Luis Rengifo-Logan O'Hoppe,105.89043474197388
MLB,2025,LAD,3,5.092592592592593,basic,5.401925,Shohei Ohtani,1,3,5.404566666666667,0.3803999999999661,605141-660271-518692-669257-606192-571970-669242-681624-624424,5.404566666666667,0.3803999999999661,605141-660271-518692-669257-606192-571970-669242-681624-624424,5.396041666666667,-0.8471999999999866,660271-669257-518692-605141-606192-571970-669242-681624-624424,660271-605141-518692-669257-606192-571970-669242-681624-624424,Shohei Ohtani-Mookie Betts-Freddie Freeman-Will Smith-Teoscar Hernández-Max Muncy-Tommy Edman-Andy Pages-Michael Conforto,106.94482350349426
MLB,2025,MIA,3,4.3765432098765435,basic,4.302083333333333,Kyle Stowers,5,2,4.3197833333333335,2.548800000000071,669364-669065-682663-672640-660821-676572-681715-681393-667472,4.32,2.5800000000000836,669364-669065-660821-682663-672640-676572-681715-681393-667472,4.3199,2.5655999999999892,669065-660821-682663-672640-669364-676572-681715-681393-667472,669364-660821-682663-672640-669065-676572-681715-681393-667472,Xavier Edwards-Jesús Sánchez-Agustín Ramírez-Otto Lopez-Kyle Stowers-Eric Wagaman-Heriberto Hernández-Connor Norby-Dane Myers,131.06373953819275
MLB,2025,MIL,3,4.9753086419753085,basic,4.7372,Brice Turang,5,3,4.735825,-0.19799999999992224,694192-668930-592885-686217-661388-656555-686555-702332-687401,4.742991666666667,0.83400000000006,694192-668930-661388-592885-686217-656555-686555-702332-687401,4.7567,2.8080000000001064,668930-661388-592885-686217-694192-656555-686555-702332-687401,694192-661388-592885-686217-668930-656555-686555-702332-687401,Jackson Chourio-William Contreras-Christian Yelich-Sal Frelick-Brice Turang-Rhys Hoskins-Isaac Collins-Caleb Durbin-Joey Ortiz,127.74511432647705
MLB,2025,MIN,3,4.225,basic,4.855016666666667,Luke Keaschall,3,3,4.860075,0.7284000000000077,621439-807712-663616-680777-621043-670242-664034-668904-664056,4.860075,0.7284000000000077,621439-807712-663616-680777-621043-670242-664034-668904-664056,4.862558333333333,1.0859999999999843,621439-680777-807712-663616-621043-670242-664034-668904-664056,621439-663616-807712-680777-621043-670242-664034-668904-664056,Byron Buxton-Trevor Larnach-Luke Keaschall-Ryan Jeffers-Carlos Correa-Matt Wallner-Ty France-Royce Lewis-Harrison Bader,103.73687076568604
MLB,2025,NYM,3,4.728395061728395,basic,4.872725,Juan Soto,2,3,4.872725,0.0,596019-665742-607043-624413-516782-643446-683146-620443-621438,4.872725,0.0,596019-665742-607043-624413-516782-643446-683146-620443-621438,4.881733333333333,1.297199999999961,665742-596019-607043-624413-516782-643446-683146-620443-621438,596019-665742-607043-624413-516782-643446-683146-620443-621438,Francisco Lindor-Juan Soto-Brandon Nimmo-Pete Alonso-Starling Marte-Jeff McNeil-Brett Baty-Luis Torrens-Tyrone Taylor,74.66477751731873
MLB,2025,NYY,3,5.267080745341615,basic,5.432166666666666,Aaron Judge,2,2,5.432166666666666,0.0,663757-592450-502671-519317-665862-691176-683011-669224-641857,5.432166666666666,0.0,663757-592450-502671-519317-665862-691176-683011-669224-641857,5.432166666666666,0.0,663757-592450-502671-519317-665862-691176-683011-669224-641857,663757-592450-502671-519317-665862-691176-683011-669224-641857,Trent Grisham-Aaron Judge-Paul Goldschmidt-Giancarlo Stanton-Jazz Chisholm Jr.-Jasson Domínguez-Anthony Volpe-Austin Wells-Ryan McMahon,40.305710792541504
MLB,2025,PHI,3,4.802469135802469,basic,4.984866666666667,Kyle Schwarber,2,3,4.984866666666667,0.0,607208-656941-547180-592206-664761-592663-681082-596146-669016,4.984866666666667,0.0,607208-656941-547180-592206-664761-592663-681082-596146-669016,4.9798583333333335,-0.7212000000000245,547180-656941-607208-592206-664761-592663-681082-596146-669016,607208-656941-547180-592206-664761-592663-681082-596146-669016,Trea Turner-Kyle Schwarber-Bryce Harper-Nick Castellanos-Alec Bohm-J.T. Realmuto-Bryson Stott-Max Kepler-Brandon Marsh,77.49732637405396
MLB,2025,PIT,3,3.5987654320987654,basic,3.907775,Spencer Horwitz,3,3,3.908316666666667,0.07800000000003138,668804-687462-665833-457705-693304-502054-663698-663647-643396,3.908316666666667,0.07800000000003138,668804-687462-665833-457705-693304-502054-663698-663647-643396,3.932916666666667,3.620400000000025,668804-663698-687462-457705-693304-502054-665833-663647-643396,668804-665833-687462-457705-693304-502054-663698-663647-643396,Bryan Reynolds-Oneil Cruz-Spencer Horwitz-Andrew McCutchen-Nick Gonzales-Tommy Pham-Joey Bart-Ke'Bryan Hayes-Isiah Kiner-Falefa,97.46826481819153
MLB,2025,SD,3,4.333333333333333,basic,4.671408333333333,Fernando Tatis Jr.,1,3,4.682308333333333,1.569600000000051,650333-665487-592518-701538-593428-657757-657656-630105-553869,4.682308333333333,1.569600000000051,650333-665487-592518-701538-593428-657757-657656-630105-553869,4.722783333333333,7.398000000000025,665487-630105-592518-701538-593428-657757-657656-650333-553869,665487-650333-592518-701538-593428-657757-657656-630105-553869,Fernando Tatis Jr.-Luis Arraez-Manny Machado-Jackson Merrill-Xander Bogaerts-Gavin Sheets-Ramón Laureano-Jake Cronenworth-Elias Díaz,93.43676590919495
MLB,2025,SEA,3,4.728395061728395,basic,5.038491666666666,Cal Raleigh,2,3,5.038491666666666,0.0,677594-663728-668227-593871-647304-641487-686527-810938-702284,5.038491666666666,0.0,677594-663728-668227-593871-647304-641487-686527-810938-702284,5.0494916666666665,1.5840000000000174,663728-677594-668227-593871-647304-641487-686527-810938-702284,677594-663728-668227-593871-647304-641487-686527-810938-702284,Julio Rodríguez-Cal Raleigh-Randy Arozarena-Jorge Polanco-Josh Naylor-J.P. Crawford-Dominic Canzone-Ben Williamson-Cole Young,75.24072265625
MLB,2025,SF,3,4.3229813664596275,basic,4.074291666666666,Matt Chapman,5,2,4.082441666666667,1.1736000000000786,671218-656305-573262-808982-642715-527038-642086-672275-666149,4.080616666666667,0.9108000000000516,671218-656305-642715-573262-808982-527038-642086-672275-666149,4.074291666666666,0.0,671218-642715-573262-808982-656305-527038-642086-672275-666149,671218-642715-573262-808982-656305-527038-642086-672275-666149,Heliot Ramos-Willy Adames-Mike Yastrzemski-Jung Hoo Lee-Matt Chapman-Wilmer Flores-Dominic Smith-Patrick Bailey-Tyler Fitzgerald,79.84301328659058
MLB,2025,STL,3,4.253086419753086,basic,4.07805,Iván Herrera,3,2,4.08235,0.6191999999999638,663457-671056-680977-575929-691026-571448-691023-686780-687363,4.08235,0.6191999999999638,663457-671056-680977-575929-691026-571448-691023-686780-687363,4.0793,0.1799999999999642,671056-680977-663457-575929-691026-571448-691023-686780-687363,663457-680977-671056-575929-691026-571448-691023-686780-687363,Lars Nootbaar-Brendan Donovan-Iván Herrera-Willson Contreras-Masyn Winn-Nolan Arenado-Jordan Walker-Pedro Pagés-Victor Scott II,76.91919159889221
MLB,2025,TB,2,4.407407407407407,basic,4.593525,Jonathan Aranda,5,3,4.631375,5.450400000000087,650490-666018-802415-691406-664040-666139-666624-643376-670764,4.6166833333333335,3.3348000000000724,650490-666018-664040-802415-691406-666139-666624-643376-670764,4.61775,3.4884000000000555,666018-664040-802415-691406-650490-666139-666624-643376-670764,650490-664040-802415-691406-666018-666139-666624-643376-670764,Yandy Díaz-Brandon Lowe-Chandler Simpson-Junior Caminero-Jonathan Aranda-Josh Lowe-Christopher Morel-Danny Jansen-Taylor Walls,86.78328347206116
MLB,2025,TEX,3,4.222222222222222,basic,4.068183333333334,Corey Seager,1,2,4.069708333333334,0.2195999999999998,694671-608369-543760-592626-666969-673962-694497-669394-641680,4.069708333333334,0.2195999999999998,694671-608369-543760-592626-666969-673962-694497-669394-641680,4.069708333333334,0.2195999999999998,694671-608369-543760-592626-666969-673962-694497-669394-641680,608369-694671-543760-592626-666969-673962-694497-669394-641680,Corey Seager-Wyatt Langford-Marcus Semien-Joc Pederson-Adolis García-Josh Jung-Evan Carter-Jake Burger-Jonah Heim,54.78158521652222
MLB,2025,TOR,3,4.919254658385094,basic,5.321783333333333,George Springer,3,3,5.318316666666667,-0.499199999999945,666182-543807-665489-680718-662139-664770-672386-676914-665926,5.318316666666667,-0.499199999999945,666182-543807-665489-680718-662139-664770-672386-676914-665926,5.318316666666667,-0.499199999999945,666182-543807-665489-680718-662139-664770-672386-676914-665926,666182-665489-543807-680718-662139-664770-672386-676914-665926,Bo Bichette-Vladimir Guerrero Jr.-George Springer-Addison Barger-Daulton Varsho-Nathan Lukes-Alejandro Kirk-Davis Schneider-Andrés Giménez,47.16585302352905
MLB,2025,WSH,3,4.2407407407407405,basic,3.704816666666667,James Wood,2,2,3.704816666666667,0.0,682928-695578-663993-605137-671277-686611-656180-691781-696285,3.704816666666667,0.0,682928-695578-663993-605137-671277-686611-656180-691781-696285,3.6992083333333334,-0.807600000000015,682928-605137-663993-695578-671277-686611-656180-691781-696285,682928-695578-663993-605137-671277-686611-656180-691781-696285,CJ Abrams-James Wood-Nathaniel Lowe-Josh Bell-Luis García Jr.-Dylan Crews-Riley Adams-Brady House-Jacob Young,43.38932967185974
