league,year,team,pid,name,rank,S,obp,iso,z_obp,z_iso,type,slot_pa,s1,s2,s3,s4,s5,s6,s7,s8,s9,top_pa,top_share,avg_slot
KBO,2021,KIA,62234,류지혁,3.0,True,0.3846153846153846,0.0512820512820512,0.7057815097931024,-1.4042766509561364,2.110058160749239,315,0,0,26,33,129,82,26,17,2,0,0.0,5.3428571428571425
KBO,2021,KIA,66606,최원준,2.0,True,0.3704819277108434,0.0764006791171477,0.2895556000699748,-0.9737674496870893,1.263323049757064,650,645,0,0,0,5,0,0,0,0,645,0.9923076923076923,1.0307692307692307
KBO,2021,KIA,78603,김선빈,1.0,True,0.3747779751332149,0.0938123752495009,0.4160728604024951,-0.6753476695984156,1.0914205300009108,557,5,490,18,0,0,31,13,0,0,495,0.8886894075403949,2.362657091561939
KBO,2021,KT,68050,강백호,1.0,True,0.4497607655502392,0.1744186046511628,2.624292715297058,0.7061658296594044,1.9181268856376537,619,9,0,579,30,0,0,0,0,1,9,0.014539579967689823,3.0290791599353795
KBO,2021,KT,74339,유한준,2.0,True,0.4094955489614243,0.1099290780141843,1.438494610978129,-0.3991228343938439,1.837617445371973,326,5,7,0,164,74,53,12,4,7,12,0.03680981595092025,4.730061349693251
KBO,2021,KT,76313,황재균,3.0,True,0.3577075098814229,0.1103752759381898,-0.08664703161070471,-0.3914754297213994,0.30482839811069473,499,36,382,19,17,7,32,0,4,2,418,0.8376753507014028,2.408817635270541
KBO,2021,LG,66108,홍창기,1.0,True,0.456221198156682,0.0801526717557252,2.814550446083191,-0.9094618926874969,3.724012338770688,633,627,0,2,0,0,0,2,0,2,627,0.990521327014218,1.0505529225908372
KBO,2021,LG,76290,김현수,2.0,True,0.3764705882352941,0.150197628458498,0.46591978978293774,0.29104151701318093,0.17487827276975682,583,0,128,376,79,0,0,0,0,0,128,0.2195540308747856,2.9159519725557463
KBO,2021,LG,79192,채은성,3.0,True,0.359375,0.1757105943152455,-0.03753996628006587,0.7283092939435064,-0.7658492602235722,425,0,0,10,331,73,4,6,1,0,0,0.0,4.218823529411765
KBO,2021,NC,50923,알테어,2.0,True,0.3575221238938053,0.241869918699187,-0.09210659128299396,1.8622166906379338,-1.9543232819209277,549,0,12,3,74,428,28,1,2,1,12,0.02185792349726776,4.861566484517304
KBO,2021,NC,62947,나성범,3.0,False,0.3354735152487961,0.2280701754385965,-0.7414312578088066,1.6257023201939438,-2.3671335780027505,608,0,43,540,4,20,0,1,0,0,43,0.07072368421052631,3.008223684210526
KBO,2021,NC,76232,양의지,1.0,True,0.4140350877192982,0.25625,1.5721826154048697,2.108677498753696,-0.5364948833488261,549,1,1,48,495,0,0,2,1,1,2,0.0036429872495446266,3.930783242258652
KBO,2021,SSG,51817,추신수,3.0,True,0.4086206896551724,0.1865509761388286,1.412730276528045,0.9141030463315866,0.4986272301964584,564,163,131,260,2,1,0,1,3,3,294,0.5212765957446809,2.2624113475177303
KBO,2021,SSG,62895,한유섬,2.0,True,0.3725868725868725,0.255656108597285,0.35154557194025043,2.0984987694416533,-1.7469531975014028,502,2,1,3,39,300,129,24,2,2,3,0.00597609561752988,5.268924302788845
KBO,2021,SSG,75847,최정,1.0,True,0.4097472924187725,0.2844036697247706,1.4459083774939434,2.5912044084867403,-1.1452960309927969,520,0,1,267,236,4,7,0,3,2,1,0.0019230769230769232,3.5596153846153844
KBO,2021,두산,69209,페르난데스,3.0,True,0.3905996758508914,0.1277777777777777,0.8820170253057044,-0.09321323099666823,0.9752302563023726,605,8,360,151,45,26,15,0,0,0,368,0.6082644628099173,2.613223140495868
KBO,2021,두산,78224,김재환,1.0,True,0.381625441696113,0.2273684210526316,0.6177286208219571,1.6136749227512108,-0.9959463019292537,556,0,36,5,512,0,0,0,3,0,36,0.06474820143884892,3.883093525179856
KBO,2021,두산,79215,박건우,2.0,True,0.4,0.1157205240174672,1.1588536475900835,-0.29986300183314724,1.4587166494232306,508,54,2,432,0,7,10,1,0,2,56,0.11023622047244094,2.9015748031496065
KBO,2021,롯데,60523,정훈,3.0,True,0.3792486583184257,0.1460905349794238,0.5477330896313644,0.22064987202280267,0.3270832176085617,554,64,5,4,199,196,54,29,1,2,69,0.12454873646209386,4.359205776173285
KBO,2021,롯데,78513,전준우,1.0,True,0.4045307443365696,0.1213768115942028,1.2922826590448575,-0.20291965513464225,1.4952023141794997,605,6,15,378,173,22,9,0,0,2,21,0.03471074380165289,3.378512396694215
KBO,2021,롯데,79608,안치홍,2.0,True,0.379381443298969,0.1520190023752968,0.5516435660065001,0.32225811989774383,0.22938544610875627,473,120,14,0,100,139,73,19,3,5,134,0.2832980972515856,3.980972515856237
KBO,2021,삼성,51463,피렐라,3.0,True,0.359098228663446,0.2097649186256781,-0.045690796053740455,1.3119677666470615,-1.357658562700802,610,0,268,219,114,8,0,1,0,0,268,0.43934426229508194,2.780327868852459
KBO,2021,삼성,62404,구자욱,1.0,True,0.361247947454844,0.2136279926335175,0.017617753697527282,1.3781771518283032,-1.360559398130776,591,49,299,238,0,5,0,0,0,0,348,0.5888324873096447,2.3451776649746194
KBO,2021,삼성,75334,오재일,2.0,True,0.365702479338843,0.2272727272727273,0.14880233212946153,1.612034823099929,-1.4632324909704675,476,0,0,107,149,216,0,0,1,3,0,0.0,4.26890756302521
KBO,2021,키움,67341,이정후,1.0,True,0.4375,0.1616379310344827,2.2632169834702203,0.4871173359869319,1.7760996474832884,526,0,56,468,0,0,0,0,0,2,56,0.10646387832699619,2.9163498098859315
KBO,2021,키움,74163,이용규,3.0,True,0.3918669131238447,0.0762527233115468,0.9193367688286472,-0.9763032703581278,1.895640039186775,530,339,0,0,0,51,39,5,8,88,339,0.6396226415094339,3.2433962264150944
KBO,2021,키움,79365,박동원,2.0,False,0.3424369747899159,0.2106537530266344,-0.5363595402595411,1.3272015362035934,-1.8635610764631345,466,0,44,0,173,36,55,49,68,41,44,0.0944206008583691,5.463519313304721
KBO,2021,한화,68743,정은원,2.0,True,0.4072847682119205,0.101010101010101,1.3733878055535524,-0.5519855501191018,1.9253733556726542,600,597,0,0,0,0,1,0,1,1,597,0.995,1.0333333333333334
KBO,2021,한화,69737,노시환,1.0,True,0.3864628820960699,0.1947368421052631,0.760189735947763,1.0544009416641185,-0.2942112057163555,453,0,0,3,315,97,38,0,0,0,0,0.0,4.375275938189845
KBO,2021,한화,78288,최재훈,3.0,True,0.4047619047619047,0.1119999999999999,1.2990902616700988,-0.36362921683411875,1.6627194785042176,447,4,357,0,1,0,1,9,75,0,361,0.8076062639821029,3.111856823266219
KBO,2022,KIA,52630,소크라테스,2.0,True,0.3537906137184115,0.1828793774319066,0.1697246523683999,0.975947133333324,-0.8062224809649241,548,20,31,26,104,249,91,27,0,0,51,0.09306569343065693,4.664233576642336
KBO,2022,KIA,62947,나성범,1.0,True,0.4021571648690292,0.1882770870337477,1.8370084695278965,1.0711493061011228,0.7658591634267737,627,0,0,518,109,0,0,0,0,0,0,0.0,3.1738437001594897
KBO,2022,KIA,72443,최형우,3.0,True,0.3660377358490566,0.1563876651982378,0.5919054374240184,0.50869921689775,0.08320622052626836,527,1,1,5,136,202,176,0,4,2,2,0.003795066413662239,5.0815939278937385
KBO,2022,KT,52009,알포드,2.0,True,0.3622291021671827,0.2226148409893992,0.46061484191510466,1.6767818846727949,-1.2161670427576903,316,0,63,161,43,30,11,8,0,0,63,0.19936708860759494,3.3322784810126582
KBO,2022,KT,75125,박병호,1.0,True,0.3490759753593429,0.2843822843822844,0.007202412249279942,2.766205964713883,-2.759003552464603,469,1,1,22,435,5,2,2,1,0,2,0.0042643923240938165,3.9829424307036247
KBO,2022,KT,78548,장성우,3.0,True,0.3532219570405728,0.1795580110497237,0.1501220126530396,0.9173664909004884,-0.7672444782474488,414,1,2,2,47,313,43,3,2,1,3,0.007246376811594203,4.995169082125604
KBO,2022,LG,68119,문성주,1.0,True,0.4005235602094241,0.1192660550458715,1.7806951176803738,-0.14603366127320971,1.9267287789535836,378,3,163,0,1,9,118,49,26,9,166,0.43915343915343913,4.544973544973545
KBO,2022,LG,69102,문보경,3.0,True,0.3817787418655097,0.1354679802955665,1.1345268146504857,0.13972800442779598,0.9947988102226897,453,0,9,4,40,61,162,92,67,18,9,0.019867549668874173,6.200883002207505
KBO,2022,LG,76290,김현수,2.0,True,0.3741721854304636,0.1866666666666667,0.8723148490098299,1.0427454960919045,-0.17043064708207456,595,0,0,546,48,0,0,0,0,1,0,0.0,3.0907563025210085
KBO,2022,NC,52904,마티니,3.0,True,0.3663194444444444,0.1647058823529412,0.6016164499124266,0.6554118793225734,-0.05379542941014681,561,0,15,28,111,407,0,0,0,0,15,0.026737967914438502,4.622103386809269
KBO,2022,NC,76232,양의지,2.0,True,0.3803921568627451,0.1967213114754098,1.08672868389218,1.220084423675988,-0.1333557397838081,487,0,0,0,455,25,1,0,3,3,0,0.0,4.11088295687885
KBO,2022,NC,79215,박건우,1.0,True,0.408207343412527,0.1225490196078431,2.045569231801117,-0.08813033143998268,2.1336995632410996,452,4,5,413,8,18,2,1,1,0,9,0.01991150442477876,3.101769911504425
KBO,2022,SSG,51817,추신수,3.0,True,0.3822937625754527,0.1711491442542787,1.1522805240790528,0.7690549942671197,0.38322552981193314,480,467,0,9,0,0,1,1,1,1,467,0.9729166666666667,1.0916666666666666
KBO,2022,SSG,62895,한유섬,2.0,True,0.3724770642201835,0.2139737991266375,0.8138809087186847,1.524375397293069,-0.7104944885743842,524,0,8,7,408,55,34,9,2,1,8,0.015267175572519083,4.267175572519084
KBO,2022,SSG,75847,최정,1.0,True,0.3861386138613861,0.2391304347826087,1.2848196068939275,1.968075883358388,-0.6832562764644605,480,1,0,386,90,0,0,0,2,1,1,0.0020833333333333333,3.216666666666667
KBO,2022,두산,69209,페르난데스,3.0,True,0.3527272727272727,0.0905511811023622,0.13306933615354227,-0.6524926210592444,0.7855619572127868,543,4,233,202,60,23,5,11,3,2,237,0.43646408839779005,2.9097605893186005
KBO,2022,두산,78224,김재환,1.0,True,0.3404255319148936,0.2120535714285714,-0.2909942551390997,1.4905073564850848,-1.7815016116241846,509,0,1,0,501,0,1,1,0,5,1,0.0019646365422396855,4.055009823182711
KBO,2022,두산,79240,허경민,2.0,True,0.3604887983706721,0.1087962962962962,0.4006233749232254,-0.33069416634637294,0.7313175412695984,468,154,0,95,0,160,49,6,4,0,154,0.32905982905982906,3.4337606837606836
KBO,2022,롯데,68525,한동희,2.0,True,0.3587174348697395,0.1513157894736841,0.3395612228955799,0.4192439433459699,-0.07968272045039004,489,3,0,182,5,161,90,39,3,6,3,0.006134969325153374,4.631901840490798
KBO,2022,롯데,71564,이대호,1.0,True,0.3790186125211506,0.1703703703703704,1.0393800886665263,0.7553193598384722,0.2840607288280541,583,0,2,292,158,98,31,1,0,1,2,0.003430531732418525,3.7804459691252146
KBO,2022,롯데,79608,안치홍,3.0,True,0.3537906137184115,0.152129817444219,0.1697246523683999,0.4336013721824991,-0.2638767198140992,544,230,97,41,18,97,38,20,3,0,327,0.6011029411764706,2.75
KBO,2022,삼성,51463,피렐라,1.0,True,0.4111111111111111,0.2228163992869875,2.145667435569319,1.6803368717479124,0.4653305638214065,616,15,108,414,79,0,0,0,0,0,123,0.19967532467532467,2.904220779220779
KBO,2022,삼성,75334,오재일,2.0,True,0.3451492537313433,0.2234042553191489,-0.1281588915671974,1.6907051901023,-1.8188640816694974,527,0,0,55,323,109,25,12,1,2,0,0.0,4.292220113851992
KBO,2022,삼성,75566,이원석,3.0,True,0.3463855421686747,0.1493055555555555,-0.08554175935768557,0.3837884166699718,-0.46933017602765736,321,0,0,48,53,127,66,25,1,1,0,0.0,4.919003115264798
KBO,2022,키움,52366,푸이그,2.0,True,0.3674588665447897,0.1966173361522198,0.6408944216434195,1.218250557571271,-0.5773561359278515,531,0,51,5,379,33,18,0,44,1,51,0.096045197740113,4.269303201506592
KBO,2022,키움,67304,김혜성,3.0,True,0.3727915194346289,0.0852713178294573,0.8247207572874519,-0.7456162776794519,1.570337034966904,563,8,184,18,117,220,9,2,3,2,192,0.3410301953818828,3.7442273534635877
KBO,2022,키움,67341,이정후,1.0,True,0.4210526315789473,0.2260397830018083,2.4883698983181333,1.7371893436205395,0.7511805546975938,619,0,0,615,0,0,0,0,3,1,0,0.0,3.0339256865912763
KBO,2022,한화,52712,터크먼,1.0,True,0.3657407407407407,0.1408695652173913,0.5816674707695721,0.23499852820182385,0.3466689425677483,639,411,0,143,85,0,0,0,0,0,411,0.6431924882629108,1.8466353677621283
KBO,2022,한화,68743,정은원,2.0,True,0.3768844221105528,0.0944881889763779,0.9658106269274445,-0.5830535938684555,1.5488642207958998,593,205,44,264,0,0,30,45,2,3,249,0.41989881956155145,2.736930860033727
KBO,2022,한화,69737,노시환,3.0,True,0.3551020408163265,0.1013824884792626,0.21493195215971994,-0.46145529740532165,0.6763872495650416,482,0,10,194,278,0,0,0,0,0,10,0.02074688796680498,3.5560165975103732
KBO,2023,KIA,52605,김도영,2.0,True,0.3717277486910995,0.1504424778761062,0.5790214573920169,0.6781840758480892,-0.09916261845607222,378,83,224,57,0,0,0,0,0,14,307,0.8121693121693122,2.1904761904761907
KBO,2023,KIA,52630,소크라테스,3.0,True,0.34375,0.1773308957952468,-0.29874709239220265,1.2539774977740463,-1.552724590166249,599,0,0,176,96,226,101,0,0,0,0,0.0,4.420701168614357
KBO,2023,KIA,72443,최형우,1.0,True,0.3996062992125984,0.185614849187935,1.4536777827284113,1.4313715670493403,0.022306215679070984,496,0,0,0,430,58,4,2,1,1,0,0.0,4.163306451612903
KBO,2023,KT,52009,알포드,1.0,True,0.356489945155393,0.1670061099796334,0.10095351636111552,1.0328806755920055,-0.93192715923089,538,25,31,372,24,52,23,8,0,3,56,0.10408921933085502,3.308550185873606
KBO,2023,KT,75125,박병호,2.0,True,0.356997971602434,0.1600928074245939,0.11689224118828791,0.8848379701064577,-0.7679457289181698,477,0,3,1,457,3,0,4,8,1,3,0.006289308176100629,4.09433962264151
KBO,2023,KT,76313,황재균,3.0,True,0.3656387665198238,0.1179361179361179,0.38798689241849815,-0.017912967886083382,0.40589986030458153,452,5,95,117,0,55,127,43,7,3,100,0.22123893805309736,4.351769911504425
KBO,2023,LG,53123,오스틴,2.0,True,0.3756432246998284,0.2038461538461539,0.7018648546876067,1.8217800071032957,-1.119915152415689,573,0,0,4,566,0,1,1,1,0,0,0.0,4.008726003490401
KBO,2023,LG,66108,홍창기,1.0,True,0.44375,0.0801526717557252,2.8386338294096385,-0.8270144863832674,3.6656483157929056,612,578,8,10,0,1,0,0,10,5,586,0.9575163398692811,1.2320261437908497
KBO,2023,LG,69102,문보경,3.0,True,0.3771106941838649,0.1471215351812366,0.747904962313031,0.6070688111252143,0.14083615118781678,527,0,3,26,9,168,226,86,8,1,3,0.0056925996204933585,5.675521821631879
KBO,2023,NC,63963,권희동,3.0,True,0.3875338753387534,0.1197411003236246,1.0749198593113476,0.020739249903150795,1.0541806094081967,358,0,10,5,42,299,0,0,0,2,10,0.027932960893854747,4.793296089385475
KBO,2023,NC,77532,손아섭,2.0,True,0.3920922570016474,0.1036363636363636,1.217933655945898,-0.3241304807838863,1.5420641367297843,601,511,5,3,59,18,0,1,0,4,516,0.8585690515806988,1.4958402662229617
KBO,2023,NC,79215,박건우,1.0,True,0.3966165413533835,0.1615720524017467,1.3598776900453318,0.9165147883492779,0.44336290169605386,514,0,0,480,27,4,1,1,1,0,0,0.0,3.0914396887159534
KBO,2023,SSG,51817,추신수,3.0,True,0.3787878787878788,0.143979057591623,0.8005246321027607,0.5397752302945914,0.2607494018081693,447,430,0,6,0,1,3,1,3,3,430,0.9619686800894854,1.1834451901565997
KBO,2023,SSG,53827,에레디아,2.0,True,0.3850574712643678,0.1374207188160676,0.9972256303348503,0.3993337830855089,0.5978918472493415,512,5,13,22,426,46,0,0,0,0,18,0.03515625,3.966796875
KBO,2023,SSG,75847,최정,1.0,True,0.3883847549909255,0.2505307855626327,1.1016151951860895,2.821493115112127,-1.7198779199260377,530,0,0,447,83,0,0,0,0,0,0,0.0,3.1566037735849055
KBO,2023,두산,53211,로하스,2.0,True,0.3448275862068966,0.2208436724565756,-0.26493910832106143,2.185767930616561,-2.4507070389376224,458,2,39,206,0,51,97,58,5,0,41,0.08951965065502183,4.32532751091703
KBO,2023,두산,76232,양의지,1.0,True,0.396078431372549,0.1685649202733485,1.3429951301683194,1.0662613198474897,0.27673381032082967,496,0,0,106,297,81,8,0,4,0,0,0.0,4.014112903225806
KBO,2023,두산,79231,정수빈,3.0,True,0.3747810858143607,0.0843373493975903,0.6748162737755077,-0.7374030460109674,1.412219319786475,562,502,34,0,0,1,1,0,0,24,536,0.9537366548042705,1.4181494661921707
KBO,2023,롯데,62802,박승욱,3.0,True,0.363914373088685,0.0827586206896551,0.3338861018931458,-0.7712102267743868,1.1050963286675326,325,1,45,5,3,3,47,80,56,85,46,0.14153846153846153,6.7323076923076925
KBO,2023,롯데,78513,전준우,1.0,True,0.3810375670840787,0.1582150101419878,0.8711059235077461,0.8446264810450148,0.026479442462731262,545,2,48,98,300,70,23,0,2,2,50,0.09174311926605505,3.8788990825688074
KBO,2023,롯데,79608,안치홍,2.0,True,0.3742331288343558,0.1082352941176471,0.6576247760251517,-0.22564815553213521,0.8832729315572869,474,0,68,147,123,111,17,4,0,4,68,0.14345991561181434,3.7763713080168775
KBO,2023,삼성,50458,김지찬,3.0,True,0.4080459770114942,0.0378006872852233,1.7184626238525142,-1.7339475062790213,3.4524101301315353,339,141,78,1,2,1,9,30,25,52,219,0.6460176991150443,3.672566371681416
KBO,2023,삼성,62404,구자욱,1.0,True,0.4074074074074074,0.1589403973509934,1.698428262921469,0.8601600533269801,0.838268209594489,506,75,29,374,21,0,5,0,2,0,104,0.20553359683794467,2.7371541501976284
KBO,2023,삼성,74540,강민호,2.0,True,0.3663967611336032,0.1543778801843318,0.4117680708194986,0.7624574893498735,-0.35068941853037483,483,0,0,0,402,67,0,9,4,1,0,0.0,4.238095238095238
KBO,2023,키움,51344,김휘집,3.0,False,0.337995337995338,0.1246612466124661,-0.4792927602406481,0.12610014828504004,-0.6053929085256882,417,5,14,0,95,48,72,41,134,8,19,0.045563549160671464,6.03357314148681
KBO,2023,키움,67304,김혜성,2.0,True,0.3961352657004831,0.1115107913669065,1.3447782395299572,-0.1555060677629038,1.500284307292861,613,101,389,84,17,22,0,0,0,0,490,0.799347471451876,2.135399673735726
KBO,2023,키움,67341,이정후,1.0,True,0.4056847545219638,0.1363636363636363,1.6443820799446927,0.3766972291471671,1.2676848507975256,379,93,0,285,0,0,0,1,0,0,93,0.24538258575197888,2.519788918205805
KBO,2023,한화,69737,노시환,1.0,True,0.388235294117647,0.2431906614785992,1.0969260382622916,2.6643103765658696,-1.567384338303578,588,0,17,500,37,34,0,0,0,0,17,0.02891156462585034,3.1496598639455784
KBO,2023,한화,78288,최재훈,3.0,True,0.392156862745098,0.0458715596330275,1.2199605842153045,-1.5611163928589316,2.7810769770742363,383,1,0,0,0,52,137,72,108,13,1,0.0026109660574412533,6.704960835509138
KBO,2023,한화,79192,채은성,2.0,True,0.3506711409395973,0.165067178502879,-0.08160453698226083,0.9913600478913466,-1.0729645848736074,573,0,0,120,401,44,7,0,0,1,0,0.0,3.900523560209424
KBO,2024,KIA,52605,김도영,1.0,True,0.4198717948717949,0.2977941176470589,1.7776697711432166,2.3044603830114676,-0.526790611868251,610,70,162,373,0,0,0,4,1,0,232,0.380327868852459,2.539344262295082
KBO,2024,KIA,52630,소크라테스,2.0,True,0.3588039867109635,0.2065217391304347,-0.09774527791739514,0.8523531499794424,-0.9500984278968376,593,86,105,58,45,176,102,19,2,0,191,0.3220910623946037,3.863406408094435
KBO,2024,KIA,62947,나성범,3.0,True,0.3561320754716981,0.2186666666666666,-0.17980066354177116,1.0455741156936207,-1.2253747792353917,412,0,1,122,82,196,10,0,0,1,1,0.0024271844660194173,4.235436893203883
KBO,2024,KT,64004,김민혁,2.0,True,0.4102564102564102,0.0655270655270655,1.4823777416224238,-1.3908160178006117,2.8731937594230352,386,45,145,7,2,68,56,34,19,10,190,0.49222797927461137,3.937823834196891
KBO,2024,KT,67025,로하스,1.0,True,0.4208955223880597,0.2395104895104896,1.8091088230424452,1.3771910452342557,0.4319177778081895,660,420,68,151,19,0,0,0,2,0,488,0.7393939393939394,1.6681818181818182
KBO,2024,KT,68050,강백호,3.0,True,0.3599348534201954,0.1909090909090909,-0.06301594164599016,0.6039621276629962,-0.6669780693089863,609,0,228,208,47,80,32,4,5,5,228,0.37438423645320196,3.2397372742200328
KBO,2024,LG,53123,오스틴,1.0,True,0.3841059602649007,0.2542694497153699,0.679287718731447,1.6120002308153571,-0.9327125120839102,588,0,4,220,359,1,0,3,0,1,4,0.006802721088435374,3.6377551020408165
KBO,2024,LG,66108,홍창기,2.0,True,0.4472440944881889,0.0745697896749522,2.618283249406336,-1.2469498739039895,3.8652331233103254,620,552,54,1,0,0,10,3,0,0,606,0.9774193548387097,1.2
KBO,2024,LG,69102,문보경,3.0,True,0.3722871452420701,0.2061657032755298,0.31632752377071327,0.846688761162929,-0.5303612373922157,584,0,0,19,253,177,114,9,8,4,0,0.0,4.796232876712328
KBO,2024,NC,54944,데이비슨,1.0,True,0.3703703703703703,0.3273809523809523,0.25746265620284886,2.775175153655738,-2.517712497452889,543,0,0,150,388,5,0,0,0,0,0,0.0,3.7329650092081033
KBO,2024,NC,63963,권희동,3.0,True,0.4165029469548134,0.1514423076923077,1.6742112015337718,-0.02393869299064171,1.6981498945244136,493,0,135,18,169,165,4,0,0,2,135,0.2738336713995943,3.787018255578093
KBO,2024,NC,79215,박건우,2.0,True,0.4088397790055249,0.1981424148606811,1.438872470238148,0.7190414342360668,0.7198310360020811,356,0,0,256,0,98,0,0,2,0,0,0.0,3.5786516853932584
KBO,2024,SSG,53827,에레디아,2.0,True,0.3993231810490694,0.177449168207024,1.1466142156698527,0.38982011198008776,0.756794103689765,569,9,25,41,442,51,0,1,0,0,34,0.05975395430579965,3.8875219683655535
KBO,2024,SSG,67893,박성한,3.0,True,0.3796791443850267,0.1104294478527607,0.5433385604012305,-0.6764369776659735,1.219775538067204,553,66,180,18,0,24,189,48,11,17,246,0.4448462929475588,4.1790235081374325
KBO,2024,SSG,75847,최정,1.0,True,0.3836363636363636,0.3034188034188034,0.6648662320157764,2.393946896077355,-1.7290806640615788,523,0,0,522,0,0,0,0,0,1,0,0.0,3.011472275334608
KBO,2024,두산,76232,양의지,2.0,True,0.3801652892561983,0.1655011655011655,0.5582682497887667,0.19973214197826214,0.3585361078105045,470,1,3,262,201,0,1,1,0,1,4,0.00851063829787234,3.4446808510638296
KBO,2024,두산,78224,김재환,1.0,True,0.3677536231884058,0.2426160337552743,0.1771013792479186,1.4265990187487345,-1.249497639500816,537,0,2,0,313,123,95,3,0,1,2,0.0037243947858473,4.601489757914339
KBO,2024,두산,79240,허경민,3.0,True,0.3836477987421384,0.1175059952038369,0.6652174083573466,-0.5638519244396052,1.2290693327969517,453,0,329,31,0,0,30,61,0,2,329,0.7262693156732892,3.0375275938189845
KBO,2024,롯데,50150,손호영,3.0,True,0.3559718969555035,0.2222222222222222,-0.18471980521157524,1.1021415901429594,-1.2868613953545347,413,0,4,195,31,92,72,12,7,0,4,0.009685230024213076,4.234866828087167
KBO,2024,롯데,51551,나승엽,1.0,True,0.4106776180698152,0.1572481572481572,1.4953131898697427,0.06843006381138735,1.4268831260583554,476,0,11,19,0,193,210,38,3,2,11,0.023109243697478993,5.487394957983193
KBO,2024,롯데,54529,레이예스,2.0,True,0.3939873417721519,0.1585365853658537,0.9827486115049703,0.08892844261290127,0.8938201688920691,620,5,32,172,411,0,0,0,0,0,37,0.05967741935483871,3.5951612903225807
KBO,2024,삼성,50458,김지찬,3.0,True,0.4053537284894837,0.0684326710816777,1.331814565321193,-1.3445889893089424,2.6764035546301352,513,449,22,0,0,4,0,1,12,25,471,0.9181286549707602,1.6393762183235867
KBO,2024,삼성,62404,구자욱,1.0,True,0.4169611307420495,0.2839756592292089,1.6882821956581249,2.0846142067199467,-0.3963320110618218,548,34,45,463,4,1,0,0,1,0,79,0.14416058394160583,2.8138686131386863
KBO,2024,삼성,74540,강민호,2.0,True,0.3650442477876106,0.1935483870967742,0.09389545532112724,0.6459522800676551,-0.552056824746528,438,3,5,8,155,90,87,40,40,10,8,0.0182648401826484,5.294520547945205
KBO,2024,키움,53327,도슨,2.0,True,0.3995327102803738,0.1784776902887139,1.1530489361132568,0.40618348914224905,0.7468654469710077,421,0,418,0,1,2,0,0,0,0,418,0.9928741092636579,2.019002375296912
KBO,2024,키움,65357,송성문,1.0,True,0.4086378737541528,0.1783681214421252,1.4326718850474964,0.40444029238072854,1.028231592666768,591,31,19,289,146,20,37,23,25,1,50,0.08460236886632826,3.742808798646362
KBO,2024,키움,67304,김혜성,3.0,True,0.382716049382716,0.1316306483300589,0.6366030397850981,-0.3391343121455457,0.9757373519306438,556,14,107,328,106,0,1,0,0,0,121,0.21762589928057555,2.9532374100719423
KBO,2024,한화,54730,페라자,1.0,True,0.3646833013435701,0.2114537444933921,0.08281065608818795,0.930819393297499,-0.848008737209311,518,106,247,156,0,0,3,1,4,1,353,0.6814671814671814,2.189189189189189
KBO,2024,한화,79192,채은성,3.0,False,0.3514056224899598,0.1926605504587156,-0.3249517884566287,0.6318271523474338,-0.9567789408040626,485,0,1,50,27,327,74,5,1,0,1,0.002061855670103093,4.911340206185567
KBO,2024,한화,79608,안치홍,2.0,True,0.3703007518796992,0.1268498942917547,0.25532464652099446,-0.41519420705782945,0.6705188535788239,522,5,23,114,92,158,122,8,0,0,28,0.05363984674329502,4.480842911877395
KBO,2025,KIA,62947,나성범,3.0,True,0.3806451612903225,0.1762452107279693,0.807813288315091,0.5605550600113819,0.24725822830370914,303,0,1,130,14,125,32,0,1,0,1,0.0033003300330033004,4.201320132013201
KBO,2025,KIA,72443,최형우,1.0,True,0.3989071038251366,0.2217484008528784,1.3708646800310569,1.267784514643085,0.10308016538797182,536,1,0,6,506,19,0,1,0,3,1,0.0018656716417910447,4.052238805970149
KBO,2025,KIA,78603,김선빈,2.0,True,0.3954248366013072,0.1070110701107011,1.2634995734458052,-0.515510670242582,1.7790102436883872,302,8,82,126,2,54,20,1,1,8,90,0.2980132450331126,3.4271523178807946
KBO,2025,KT,52001,안현민,1.0,True,0.4481327800829875,0.2354430379746835,2.8885885186809883,1.4806322450208167,1.4079562736601716,470,0,0,423,36,4,5,2,0,0,0,0.0,3.1425531914893616
KBO,2025,KT,67025,로하스,3.0,False,0.3333333333333333,0.1873111782477341,-0.6509028655127505,0.732546917120566,-1.3834497826333165,379,99,41,29,124,62,18,2,1,3,140,0.36939313984168864,3.2480211081794197
KBO,2025,KT,68050,강백호,2.0,True,0.3577235772357723,0.2024922118380062,0.10109603862244497,0.9684968379353794,-0.8674007993129345,365,39,55,35,147,63,23,1,0,2,94,0.25753424657534246,3.6164383561643834
KBO,2025,LG,53123,오스틴,1.0,True,0.3927855711422846,0.2823529411764706,1.1821258593966235,2.209725417766629,-1.0275995583700055,486,0,1,468,9,4,0,3,1,0,1,0.00205761316872428,3.067901234567901
KBO,2025,LG,69102,문보경,2.0,True,0.3706754530477759,0.1844660194174757,0.5004276917244407,0.68832627847214,-0.18789858674769933,594,0,1,0,572,5,5,10,1,0,1,0.0016835016835016834,4.079124579124579
KBO,2025,LG,76290,김현수,3.0,True,0.3840579710144927,0.124223602484472,0.9130368843916058,-0.24798635271415564,1.1610232371057614,547,0,195,101,21,171,46,10,1,2,195,0.35648994515539306,3.6636197440585008
KBO,2025,NC,51907,김주원,2.0,True,0.3790322580645161,0.1614100185528756,0.7580843285255079,0.3299803499185914,0.4281039786069165,602,338,257,0,0,1,0,0,0,6,595,0.9883720930232558,1.5132890365448506
KBO,2025,NC,54944,데이비슨,1.0,True,0.3462414578587699,0.3264248704663212,-0.2529201501124223,2.8947096228447187,-3.147629772957141,417,0,1,0,401,1,13,0,0,1,1,0.002398081534772182,4.071942446043166
KBO,2025,NC,62907,박민우,3.0,True,0.3836206896551724,0.1237623762376237,0.8995546451682933,-0.25515492234905224,1.1547095675173455,448,91,0,344,2,2,1,4,1,3,91,0.203125,2.700892857142857
KBO,2025,SSG,53827,에레디아,1.0,True,0.3975903614457831,0.1519999999999999,1.3302669381526657,0.18372593850356805,1.1465409996490976,406,0,167,109,123,6,0,0,1,0,167,0.41133004926108374,2.9334975369458127
KBO,2025,SSG,67893,박성한,3.0,True,0.3843283582089552,0.1061946902654867,0.9213734502226546,-0.5281991844130915,1.449572634635746,531,203,69,26,0,56,149,26,0,2,272,0.512241054613936,3.376647834274953
KBO,2025,SSG,75847,최정,2.0,True,0.3596059113300492,0.238235294117647,0.15913207884305952,1.524030648160448,-1.3648985693173885,391,0,0,380,0,11,0,0,0,0,0,0.0,3.0562659846547313
KBO,2025,두산,55208,케이브,2.0,True,0.3507588532883642,0.1635687732342007,-0.1136400171958122,0.36353261057913405,-0.47717262777494623,581,23,153,317,46,31,7,4,0,0,176,0.3029259896729776,2.9070567986230635
KBO,2025,두산,76232,양의지,1.0,True,0.4061895551257253,0.1960352422907489,1.5953968913269427,0.8681399390246699,0.7272569523022728,504,0,0,229,241,30,2,0,1,1,0,0.0,3.630952380952381
KBO,2025,두산,78224,김재환,3.0,True,0.3538083538083538,0.1627906976744186,-0.01961795417894498,0.3514394375005784,-0.37105739167952334,401,1,34,0,199,131,23,8,3,2,35,0.08728179551122195,4.379052369077307
KBO,2025,롯데,52591,윤동희,2.0,True,0.3863636363636363,0.1515151515151515,0.984125054841804,0.17619022224769507,0.8079348325941089,379,54,25,78,2,156,44,19,1,0,79,0.20844327176781002,4.03957783641161
KBO,2025,롯데,54529,레이예스,1.0,True,0.3856920684292379,0.1483420593368237,0.9634193024622875,0.12687270748412185,0.8365465949781656,631,0,0,306,325,0,0,0,0,0,0,0.0,3.515055467511886
KBO,2025,롯데,78513,전준우,3.0,True,0.3688699360341151,0.1268292682926829,0.4447600722819562,-0.2074880139507666,0.6522480862327228,454,37,0,40,221,79,64,12,0,1,37,0.08149779735682819,4.213656387665198
KBO,2025,삼성,54400,디아즈,1.0,True,0.3805732484076433,0.3303085299455536,0.8055960735474041,2.9550710693264506,-2.1494749957790464,611,0,0,26,485,87,13,0,0,0,0,0.0,4.142389525368249
KBO,2025,삼성,62404,구자욱,3.0,True,0.4016260162601626,0.1965973534971645,1.4546940660657999,0.8768765045459972,0.5778175615198027,602,23,24,502,13,8,26,4,1,1,47,0.07807308970099668,3.106312292358804
KBO,2025,삼성,67449,김성윤,2.0,True,0.4185606060606061,0.1425438596491228,1.9768205779142156,0.036754682973711476,1.940065894940504,521,55,384,20,0,18,4,8,1,31,439,0.8426103646833013,2.5719769673704413
KBO,2025,키움,50167,이주형,3.0,False,0.3371212121212121,0.1233766233766233,-0.5341151569159965,-0.2611504533164204,-0.27296470359957614,483,23,88,169,75,71,41,12,0,4,111,0.22981366459627328,3.5755693581780537
KBO,2025,키움,65357,송성문,1.0,True,0.3869969040247678,0.2142857142857142,1.0036499349168042,1.15179634465995,-0.14814640974314575,642,436,111,30,55,7,1,0,0,2,547,0.8520249221183801,1.5996884735202492
KBO,2025,키움,76267,최주환,2.0,False,0.3300395256916996,0.1503267973856208,-0.7524573947273191,0.15772032946368877,-0.9101777241910078,495,0,123,144,145,76,4,0,3,0,123,0.24848484848484848,3.4060606060606062
KBO,2025,한화,53764,문현빈,3.0,True,0.3696763202725724,0.1325757575757575,0.46962247489085945,-0.11817369399738276,0.5877961688882423,566,0,20,527,7,7,1,1,2,1,20,0.0353356890459364,3.0424028268551235
KBO,2025,한화,69737,노시환,1.0,True,0.3541666666666667,0.2374768089053803,-0.008570468230602332,1.512241956388617,-1.5208124246192192,609,0,0,5,592,3,9,0,0,0,0,0.0,4.026272577996716
KBO,2025,한화,78288,최재훈,2.0,True,0.4142011834319526,0.0669144981412639,1.8424110552984228,-1.1387082229570813,2.981119278255504,315,0,0,0,0,0,0,23,292,0,0,0.0,7.926984126984127
MLB,2021,OAK,643393,Tony Kemp,2.0,True,0.3816793893129771,0.1393939393939393,1.5103837846176227,-0.6758515084399385,2.1862352930575613,382,73,43,0,6,10,9,53,93,95,116,0.3036649214659686,5.908376963350785
MLB,2021,OAK,621566,Matt Olson,1.0,True,0.3714710252600297,0.2690265486725663,1.2147301883122241,1.5105891108410643,-0.29585892252884016,653,0,24,510,114,5,0,0,0,0,24,0.036753445635528334,3.1531393568147013
MLB,2021,OAK,592192,Mark Canha,3.0,True,0.3584,0.1560693641618497,0.8361684907196808,-0.39459645803854965,1.2307649487582304,596,452,10,0,38,39,46,11,0,0,462,0.7751677852348994,1.9664429530201342
MLB,2021,PIT,624428,Adam Frazier,2.0,True,0.3878504672897196,0.1243523316062176,1.689109914234657,-0.9295498828642389,2.618659797098896,418,404,0,2,0,1,0,8,0,3,404,0.9665071770334929,1.1913875598086126
MLB,2021,PIT,668804,Bryan Reynolds,1.0,True,0.3900928792569659,0.220035778175313,1.7540544204332977,0.6842892224014315,1.0697651980318663,631,2,31,587,0,1,0,0,0,10,33,0.05229793977812995,3.0427892234548337
MLB,2021,PIT,592325,Ben Gamel,3.0,True,0.3517060367454068,0.1441717791411043,0.642298611129596,-0.595266361278674,1.23756497240827,373,54,23,11,62,75,63,48,21,16,77,0.2064343163538874,4.777479892761394
MLB,2021,SD,665487,Fernando Tatis Jr.,1.0,True,0.3644688644688644,0.3284518828451883,1.0119343231687843,2.5128829408611173,-1.500948617692333,537,112,269,21,131,1,0,0,0,3,381,0.7094972067039106,2.363128491620112
MLB,2021,SD,592518,Manny Machado,2.0,True,0.346875,0.2109929078014184,0.5023826186889998,0.531768192311854,-0.02938557362285421,624,1,101,361,156,0,1,0,0,4,102,0.16346153846153846,3.128205128205128
MLB,2021,SD,630105,Jake Cronenworth,3.0,True,0.3401574803149606,0.1940035273368606,0.30783050016803426,0.24521782700764522,0.06261267316038904,619,18,113,264,106,26,70,14,0,8,131,0.21163166397415187,3.521809369951535
MLB,2021,SEA,664034,Ty France,1.0,True,0.3676923076923077,0.1541155866900175,1.1052913563382778,-0.4275497284326401,1.532841084770918,617,0,182,147,249,30,8,1,0,0,182,0.29497568881685576,3.2512155591572123
MLB,2021,SEA,641487,J.P. Crawford,3.0,True,0.3381924198250728,0.1033925686591276,0.2509186191085773,-1.2830664658678195,1.5339850849763967,677,491,0,0,0,40,33,13,17,83,491,0.725258493353028,2.7518463810930576
MLB,2021,SEA,571745,Mitch Haniger,2.0,True,0.3183791606367583,0.232258064516129,-0.32291096839176575,0.8904356809565122,-1.2133466493482779,674,137,468,35,34,0,0,0,0,0,605,0.8976261127596439,1.9495548961424332
MLB,2021,SF,457763,Buster Posey,3.0,True,0.3898678414096916,0.1949367088607594,1.74753689730164,0.2609572771380474,1.4865796201635928,451,1,82,246,43,22,25,25,3,4,83,0.18403547671840353,3.481152993348115
MLB,2021,SF,474832,Brandon Belt,1.0,True,0.3779527559055118,0.323076923076923,1.4024534087695117,2.4222265047241485,-1.0197730959546367,373,2,136,43,140,28,16,4,2,2,138,0.3699731903485255,3.3806970509383376
MLB,2021,SF,573131,Darin Ruf,2.0,True,0.3846153846153846,0.248091603053435,1.5954157804781046,1.1574911078090884,0.43792467266901625,308,37,40,44,76,20,30,12,9,40,77,0.25,4.37987012987013
MLB,2021,STL,502671,Paul Goldschmidt,2.0,True,0.3652430044182621,0.220563847429519,1.034354885258458,0.6931958707641734,0.34115901449428465,665,0,432,232,0,0,0,0,0,1,432,0.649624060150376,2.3593984962406016
MLB,2021,STL,641933,Tyler O'Neill,1.0,True,0.3519553072625698,0.2738589211618257,0.6495179583697515,1.5920940312218868,-0.9425760728521353,514,0,0,135,166,94,79,31,3,6,0,0.0,4.490272373540856
MLB,2021,STL,666185,Dylan Carlson,3.0,True,0.343042071197411,0.1715867158671586,0.3913737264717603,-0.1328739773991777,0.524247703870938,592,154,251,29,0,70,52,24,8,4,405,0.6841216216216216,2.8260135135135136
MLB,2021,TB,668227,Randy Arozarena,3.0,True,0.3559602649006622,0.1852551984877126,0.7655091321377865,0.09766466385644519,0.6678444682813413,585,226,128,71,64,56,31,6,1,2,354,0.6051282051282051,2.5384615384615383
MLB,2021,TB,664040,Brandon Lowe,1.0,True,0.3398373983739837,0.2766355140186916,0.2985603197090096,1.6389252678932755,-1.3403649481842659,603,270,29,49,95,75,47,26,11,1,299,0.49585406301824214,2.970149253731343
MLB,2021,TB,572287,Mike Zunino,2.0,False,0.3013333333333333,0.3423423423423423,-0.8165904765009292,2.7471655417750402,-3.5637560182759693,367,1,0,0,0,0,36,113,121,96,1,0.0027247956403269754,7.73841961852861
MLB,2021,TEX,663993,Nathaniel Lowe,2.0,True,0.3566978193146417,0.1508078994614003,0.7868701076900834,-0.4833386364301743,1.2702087441202576,637,0,98,143,220,138,35,0,0,3,98,0.15384615384615385,3.817896389324961
MLB,2021,TEX,666969,Adolis García,3.0,False,0.2861736334405145,0.2117039586919105,-1.2556441553250453,0.5437610894540097,-1.799405244779055,613,0,8,404,112,75,4,1,9,0,8,0.013050570962479609,3.5138662316476346
MLB,2021,TEX,608336,Joey Gallo,1.0,True,0.3788659793814433,0.2677419354838709,1.4289020937389416,1.4889222596416811,-0.06002016590273951,384,0,0,111,218,54,0,0,0,1,0,0.0,3.8645833333333335
MLB,2021,TOR,665489,Vladimir Guerrero Jr.,1.0,True,0.4011461318051575,0.2897350993377484,2.0741775909819733,1.8598686369784576,0.21430895400351568,686,0,78,577,4,27,0,0,0,0,78,0.11370262390670553,2.9708454810495626
MLB,2021,TOR,606192,Teoscar Hernández,3.0,True,0.346218487394958,0.2272727272727273,0.4833687677238733,0.8063507897362828,-0.3229820220124095,582,0,5,0,326,248,0,3,0,0,5,0.00859106529209622,4.4243986254295535
MLB,2021,TOR,543807,George Springer,2.0,True,0.3519061583577713,0.2909698996655518,0.6480945128124825,1.880695322551129,-1.2326008097386465,336,247,0,0,54,35,0,0,0,0,247,0.7351190476190477,1.8988095238095237
MLB,2021,MIN,443558,Nelson Cruz,1.0,True,0.3702623906705539,0.2432432432432432,1.1797258368662702,1.0757165382398817,0.10400929862638852,331,0,0,194,132,0,0,0,0,5,0,0.0,3.489425981873112
MLB,2021,MIN,593871,Jorge Polanco,3.0,True,0.3229813664596273,0.2346938775510204,-0.1896223537409203,0.9315191752261811,-1.1211415289671014,633,123,143,193,34,63,66,9,1,1,266,0.42022116903633494,3.0252764612954186
MLB,2021,MIN,518626,Josh Donaldson,2.0,True,0.3517495395948434,0.2275711159737417,0.6435585362085563,0.8113835448421383,-0.16782500863358196,531,0,276,91,156,1,0,0,2,5,276,0.519774011299435,2.853107344632768
MLB,2021,PHI,547180,Bryce Harper,1.0,True,0.4288107202680067,0.305327868852459,2.8753965744476586,2.122863147570869,0.7525334268767896,588,0,0,530,56,0,0,0,2,0,0,0.0,3.1122448979591835
MLB,2021,PHI,516416,Jean Segura,3.0,True,0.3480565371024735,0.1459143968871595,0.5366021754860251,-0.5658746037181545,1.1024767792041796,553,151,326,9,0,0,26,37,0,4,477,0.8625678119349005,2.3164556962025316
MLB,2021,PHI,656555,Rhys Hoskins,2.0,True,0.3340857787810384,0.2827763496143959,0.1319825009307022,1.7424993026788909,-1.6105168017481886,436,2,163,63,86,84,29,7,0,2,165,0.37844036697247707,3.4908256880733943
MLB,2021,ATL,663586,Austin Riley,3.0,True,0.3670694864048338,0.2271186440677965,1.0872532698689714,0.8037519546138209,0.28350131525515054,642,0,0,0,418,106,33,66,15,4,0,0.0,4.700934579439252
MLB,2021,ATL,518692,Freddie Freeman,2.0,True,0.3928057553956834,0.2033333333333333,1.8326244618799834,0.40257843954344996,1.4300460223365334,685,0,396,288,0,0,0,0,0,1,396,0.5781021897810219,2.4306569343065694
MLB,2021,ATL,660670,Ronald Acuña Jr.,1.0,True,0.3944444444444444,0.3131313131313131,1.8800840066199231,2.254479471862473,-0.37439546524254985,346,343,0,0,0,0,0,0,0,3,343,0.9913294797687862,1.069364161849711
MLB,2021,CWS,660162,Yoán Moncada,3.0,True,0.375,0.148076923076923,1.3169359940350214,-0.5294004856095291,1.8463364796445505,604,0,136,247,68,91,62,0,0,0,136,0.2251655629139073,3.4966887417218544
MLB,2021,CWS,547989,José Abreu,2.0,True,0.3505311077389985,0.2190812720848056,0.6082704373353974,0.6681901027489772,-0.05991966541357974,627,0,0,409,218,0,0,0,0,0,0,0.0,3.3476874003189794
MLB,2021,CWS,518735,Yasmani Grandal,1.0,True,0.4197860962566845,0.2795698924731183,2.6140263362378366,1.688417785870073,0.9256085503677636,366,0,15,9,105,98,124,14,1,0,15,0.040983606557377046,4.96448087431694
MLB,2021,MIA,542583,Jesús Aguilar,1.0,True,0.3287128712871287,0.1982182628062361,-0.0236270967434687,0.31630540968493337,-0.33993250642840206,492,0,107,308,45,19,1,0,1,11,107,0.21747967479674796,3.1016260162601625
MLB,2021,MIA,665862,Jazz Chisholm Jr.,3.0,False,0.3029702970297029,0.1767241379310344,-0.7691809012405995,-0.04622395668791171,-0.7229569445526878,498,271,136,8,4,11,54,10,0,4,407,0.8172690763052208,2.144578313253012
MLB,2021,MIA,594807,Adam Duvall,2.0,False,0.2772861356932153,0.2484076433121019,-1.5130429566918973,1.1628215818520216,-2.6758645385439186,335,1,0,0,233,65,28,0,0,8,1,0.0029850746268656717,4.471641791044776
MLB,2021,NYY,592450,Aaron Judge,1.0,True,0.3728278041074249,0.2563636363636363,1.2540250786142277,1.2970108608566848,-0.04298578224245708,625,0,241,377,0,1,0,0,0,6,241,0.3856,2.6752
MLB,2021,NYY,519317,Giancarlo Stanton,2.0,True,0.3540587219343696,0.2431372549019608,0.7104368391045738,1.073928892246797,-0.3634920531422233,570,0,167,13,330,56,2,0,0,2,167,0.2929824561403509,3.5140350877192983
MLB,2021,NYY,518934,DJ LeMahieu,3.0,True,0.3490427098674521,0.0938023450586265,0.5651636103086979,-1.4448193962825284,2.0099830065912263,667,651,5,0,0,9,0,0,2,0,656,0.9835082458770614,1.0824587706146926
MLB,2021,MIL,642715,Willy Adames,1.0,True,0.3656174334140435,0.2356164383561643,1.0451990595639227,0.9470794916415339,0.09811956792238874,412,0,221,78,17,22,40,29,3,2,221,0.5364077669902912,3.25
MLB,2021,MIL,541645,Avisaíl García,2.0,True,0.3300970873786408,0.227765726681128,0.016462428218288926,0.8146659346508773,-0.7982035064325884,499,0,0,85,293,84,22,3,0,12,0,0.0,4.224448897795591
MLB,2021,MIL,649966,Luis Urías,3.0,True,0.3445229681978798,0.1959183673469388,0.43426331403697566,0.27751436104146004,0.1567489529955156,553,134,37,1,4,57,146,86,76,12,171,0.3092224231464738,4.893309222423146
MLB,2021,LAA,665120,Jared Walsh,2.0,True,0.3401709401709402,0.2320754716981132,0.3082203231411834,0.8873559901571039,-0.5791356670159205,578,0,26,107,272,134,38,1,0,0,26,0.04498269896193772,4.093425605536332
MLB,2021,LAA,660271,Shohei Ohtani,1.0,True,0.3724569640062597,0.335195530726257,1.243284845507819,2.626624272855797,-1.3833394273479782,633,97,502,27,0,0,1,2,4,0,599,0.9462875197472354,1.9494470774091628
MLB,2021,LAA,545358,Max Stassi,3.0,True,0.3260188087774294,0.1843971631205674,-0.1016522597894693,0.08319266186600707,-0.1848449216554764,310,1,1,26,47,76,41,59,40,19,2,0.0064516129032258064,5.803225806451613
MLB,2021,AZ,606466,Ketel Marte,1.0,True,0.3770053475935829,0.2147058823529412,1.3750146660739537,0.5943928546015496,0.7806218114724042,371,36,325,0,0,2,0,1,0,7,361,0.9730458221024259,2.0646900269541777
MLB,2021,AZ,668942,Josh Rojas,3.0,True,0.3412844036697248,0.146694214876033,0.3404683391859689,-0.5527218504409726,0.8931901896269414,542,325,53,20,7,15,25,32,51,14,378,0.6974169741697417,2.7712177121771218
MLB,2021,AZ,608348,Carson Kelly,2.0,True,0.3426183844011142,0.1710526315789473,0.379102952782406,-0.14188207797173566,0.5209850307541417,348,25,39,46,86,79,18,37,11,7,64,0.1839080459770115,4.304597701149425
MLB,2021,BAL,656775,Cedric Mullins,1.0,True,0.3595839524517087,0.2275747508305647,0.870458000614384,0.8114448519364512,0.059013148677932836,661,652,0,0,0,0,1,3,3,2,652,0.9863842662632375,1.0907715582450832
MLB,2021,BAL,669720,Austin Hays,3.0,False,0.3079847908745247,0.2049180327868852,-0.6239516430378821,0.429306677707283,-1.0532583207451651,516,35,220,92,34,96,30,1,7,1,255,0.4941860465116279,3.137596899224806
MLB,2021,BAL,663624,Ryan Mountcastle,2.0,False,0.3088737201365187,0.2322097378277153,-0.5982065646093992,0.8896205817686537,-1.487827146378053,575,0,172,64,183,52,65,37,0,2,172,0.2991304347826087,3.8173913043478263
MLB,2021,BOS,593428,Xander Bogaerts,2.0,True,0.3698175787728026,0.1984877126654064,1.1668432401477848,0.32085006955275425,0.8459931705950305,588,0,0,197,390,0,0,0,1,0,0,0.0,3.671768707482993
MLB,2021,BOS,502110,J.D. Martinez,3.0,True,0.34913112164297,0.2315789473684211,0.5677241831146863,0.8789813923692379,-0.3112572092545516,619,0,0,443,35,141,0,0,0,0,0,0.0,3.5121163166397413
MLB,2021,BOS,646240,Rafael Devers,1.0,True,0.3524096385542168,0.2588832487309644,0.6626762548012677,1.339507751534309,-0.6768314967330413,647,0,101,33,206,306,0,0,1,0,101,0.1561051004636785,4.115919629057187
MLB,2021,CHC,542364,Rafael Ortega,2.0,True,0.3597560975609756,0.1722972972972973,0.8754436496740339,-0.12088899838187858,0.9963326480559125,321,220,2,1,2,6,44,12,8,26,222,0.6915887850467289,2.838006230529595
MLB,2021,CHC,592178,Kris Bryant,1.0,True,0.3582887700534759,0.2361963190184048,0.8329470603772544,0.956860014006343,-0.1239129536290886,361,0,256,13,86,4,0,0,1,1,256,0.7091412742382271,2.581717451523546
MLB,2021,CHC,621550,Patrick Wisdom,3.0,False,0.3048128342245989,0.28698224852071,-0.7158175273275987,1.813437843995986,-2.529255371323585,370,4,17,50,125,90,51,21,2,10,21,0.05675675675675676,4.5864864864864865
MLB,2021,CIN,592206,Nick Castellanos,3.0,True,0.3623931623931624,0.2674199623352166,0.9518180518096441,1.483491718866077,-0.5316736670564329,569,0,145,423,0,0,0,0,0,1,145,0.2548330404217926,2.755711775043937
MLB,2021,CIN,608385,Jesse Winker,1.0,True,0.3938144329896907,0.2505910165484634,1.8618376792607674,1.199647315420117,0.6621903638406503,473,123,345,0,0,1,0,4,0,0,468,0.9894291754756871,1.7885835095137421
MLB,2021,CIN,458015,Joey Votto,2.0,True,0.3752345215759849,0.296875,1.3237281839482653,1.9802933427099043,-0.656565158761639,522,0,12,108,334,65,1,0,1,1,12,0.022988505747126436,3.89272030651341
MLB,2021,CLE,608070,José Ramírez,1.0,True,0.3553459119496855,0.2717391304347825,0.7477163047645656,1.556340708228745,-0.8086244034641794,621,0,0,620,0,0,1,0,0,0,0,0.0,3.004830917874396
MLB,2021,CLE,614177,Franmil Reyes,2.0,True,0.3240343347639485,0.2679425837320573,-0.1591263933349744,1.4923064812697397,-1.6514328746047142,461,0,0,9,364,87,0,1,0,0,0,0.0,4.1757049891540134
MLB,2021,CLE,514917,César Hernández,3.0,False,0.3071428571428571,0.1994680851063829,-0.6483356417204597,0.3373854624519857,-0.9857211041724454,411,316,87,8,0,0,0,0,0,0,403,0.9805352798053528,1.2506082725060828
MLB,2021,COL,663898,Brendan Rodgers,3.0,True,0.327710843373494,0.1860465116279069,-0.05264772676096591,0.11101129941303467,-0.16365902617400058,406,5,250,15,9,31,53,37,1,5,255,0.6280788177339901,3.376847290640394
MLB,2021,COL,543068,C.J. Cron,1.0,True,0.3747714808043875,0.2489361702127659,1.3103176444486204,1.1717359490812629,0.13858169536735754,530,0,0,13,145,277,62,23,1,9,0,0.0,4.9547169811320755
MLB,2021,COL,596115,Trevor Story,2.0,True,0.3294117647058823,0.2205323193916349,-0.0033858169833678223,0.6926641050066248,-0.6960499219899926,579,0,66,313,198,0,0,0,0,2,66,0.11398963730569948,3.2487046632124352
MLB,2021,DET,600869,Jeimer Candelario,1.0,True,0.3514376996805112,0.1723518850987432,0.6345270604827995,-0.11996829650707501,0.7544953569898745,622,0,72,190,115,233,12,0,0,0,72,0.1157556270096463,3.8762057877813505
MLB,2021,DET,668731,Akil Baddoo,3.0,True,0.3297180043383948,0.1767554479418886,0.005483463952731914,-0.04569586827016922,0.051179332222901136,458,283,9,0,1,10,16,40,59,40,292,0.6375545851528385,3.412663755458515
MLB,2021,DET,543257,Robbie Grossman,2.0,True,0.3572496263079223,0.1759425493716337,0.8028514854293283,-0.059406573186557995,0.8622580586158862,655,373,13,245,0,0,22,1,1,0,386,0.5893129770992367,1.9557251908396946
MLB,2021,HOU,663656,Kyle Tucker,1.0,True,0.35929203539823,0.2628458498023715,0.8620035287483525,1.406342724530254,-0.5443391957819015,559,11,9,6,51,89,246,145,1,1,20,0.03577817531305903,5.731663685152057
MLB,2021,HOU,621043,Carlos Correa,3.0,True,0.365625,0.2054054054054054,1.0454182022530136,0.43752691870827615,0.6078912835447374,630,15,49,92,70,217,184,3,0,0,64,0.10158730158730159,4.56984126984127
MLB,2021,HOU,670541,Yordan Alvarez,2.0,True,0.3461538461538461,0.2532588454376164,0.4814966347057669,1.2446440911619225,-0.7631474564561556,587,0,8,84,430,45,15,1,3,1,8,0.013628620102214651,3.991482112436116
MLB,2021,KC,670032,Nicky Lopez,2.0,True,0.3652802893309222,0.0784708249496981,1.035434727088033,-1.7034075594617089,2.738842286549742,546,0,219,0,0,3,1,0,22,301,219,0.4010989010989011,6.124542124542124
MLB,2021,KC,643217,Andrew Benintendi,3.0,True,0.3240223463687151,0.1663286004056795,-0.15947360001239178,-0.22155966605284907,0.0620860660404573,529,0,110,85,196,84,17,30,4,3,110,0.20793950850661624,3.8752362948960304
MLB,2021,KC,521692,Salvador Perez,1.0,False,0.3157894736842105,0.2709677419354839,-0.3979132172197608,1.543330130431244,-1.9412433476510047,648,0,0,493,154,0,0,0,0,1,0,0.0,3.246913580246914
MLB,2021,LAD,608369,Corey Seager,1.0,True,0.393643031784841,0.2152974504249291,1.8568735750848135,0.6043705019609733,1.2525030731238402,401,0,231,1,93,68,5,0,0,3,231,0.5760598503740648,3.0773067331670823
MLB,2021,LAD,572041,AJ Pollock,3.0,True,0.3554502369668246,0.2395833333333333,0.7507377552478962,1.01398688754114,-0.26324913229324376,411,5,15,13,15,77,111,129,37,9,20,0.04866180048661801,5.997566909975669
MLB,2021,LAD,571970,Max Muncy,2.0,True,0.3682432432432432,0.2776659959758552,1.1212474954533935,1.656305829937938,-0.5350583344845445,572,0,313,39,128,66,23,1,0,2,313,0.5472027972027972,3.055944055944056
MLB,2021,WSH,607208,Trea Turner,3.0,True,0.369047619047619,0.1984536082474227,1.1445437452845397,0.32027484943498086,0.8242688958495589,414,192,200,22,0,0,0,0,0,0,392,0.9468599033816425,1.5893719806763285
MLB,2021,WSH,665742,Juan Soto,1.0,True,0.4648318042813456,0.2211155378486055,3.918635527929891,0.7025009240857972,3.2161346038440937,644,4,125,510,0,0,0,1,1,3,129,0.20031055900621117,2.8354037267080745
MLB,2021,WSH,656941,Kyle Schwarber,2.0,True,0.3399339933993399,0.3169811320754717,0.30135789496040594,2.319412211882338,-2.018054316921932,293,84,0,0,105,62,38,4,0,0,84,0.28668941979522183,3.651877133105802
MLB,2021,NYM,607043,Brandon Nimmo,1.0,True,0.4010416666666667,0.1446153846153846,2.0711520823183753,-0.587784316187557,2.6589363985059324,379,338,31,0,0,0,0,0,6,4,369,0.9736147757255936,1.2770448548812665
MLB,2021,NYM,624413,Pete Alonso,2.0,True,0.3437990580847723,0.2566844919786096,0.41329750333195,1.3024225528175724,-0.8891250494856224,621,0,128,143,349,0,0,1,0,0,128,0.20611916264090177,3.36231884057971
MLB,2021,NYM,624424,Michael Conforto,3.0,True,0.3444676409185804,0.1527093596059113,0.4326609310289029,-0.4512677730954173,0.8839287041243202,465,0,14,168,52,110,102,12,2,5,14,0.030107526881720432,4.402150537634409
MLB,2022,OAK,669221,Sean Murphy,1.0,True,0.3322422258592471,0.1769087523277467,0.4043409550365764,0.3481277823764401,0.05621317266013631,593,0,34,321,137,59,12,23,6,1,34,0.05733558178752108,3.6492411467116357
MLB,2022,OAK,462101,Elvis Andrus,3.0,False,0.3005181347150259,0.135593220338983,-0.5479409363396646,-0.41223042224894046,-0.1357105140907241,384,0,39,0,1,76,132,80,52,4,39,0.1015625,5.901041666666667
MLB,2022,OAK,664913,Seth Brown,2.0,False,0.3045045045045045,0.214,-0.42827958038175645,1.0307435718829125,-1.459023152264669,551,1,32,95,270,69,62,13,4,5,33,0.05989110707803993,4.201451905626135
MLB,2022,PIT,668804,Bryan Reynolds,1.0,True,0.3452768729641693,0.1992619926199262,0.7956101120336309,0.7595098664978241,0.03610024553580671,598,5,515,76,0,0,0,0,2,0,520,0.8695652173913043,2.1387959866220734
MLB,2022,PIT,665833,Oneil Cruz,2.0,False,0.2936288088642659,0.2175226586102719,-0.7547421405615243,1.0955734856582677,-1.8503156262197922,359,144,5,8,12,37,73,55,25,0,149,0.415041782729805,3.9944289693593316
MLB,2022,PIT,669261,Jack Suwinski,3.0,False,0.2983870967741935,0.2085889570552147,-0.6119096354480102,0.9311604199639993,-1.5430700554120096,367,5,6,31,40,42,115,83,29,16,11,0.02997275204359673,5.795640326975477
MLB,2022,SD,592518,Manny Machado,1.0,True,0.3664596273291925,0.2335640138408304,1.431466102346441,1.3907935996382257,0.04067250270821532,641,0,140,495,4,0,0,0,2,0,140,0.21840873634945399,2.8034321372854913
MLB,2022,SD,595777,Jurickson Profar,2.0,True,0.3312977099236641,0.1478260869565217,0.3759888292819556,-0.18710054854277344,0.563089377824729,648,398,44,28,58,44,23,41,8,4,442,0.6820987654320988,2.3873456790123457
MLB,2022,SD,572228,Luke Voit,3.0,True,0.3168604651162791,0.1912751677852349,-0.05738298045522511,0.6125228255560576,-0.6699058060112828,337,0,0,13,194,94,29,7,0,0,0,0.0,4.474777448071217
MLB,2022,SEA,677594,Julio Rodríguez,1.0,True,0.3446428571428571,0.2250489236790606,0.7765784624668425,1.234084527868622,-0.4575060654017796,551,250,33,103,33,9,38,53,28,4,283,0.5136116152450091,3.014519056261343
MLB,2022,SEA,664034,Ty France,3.0,True,0.3382352941176471,0.161524500907441,0.5842386343841413,0.065000802609354,0.5192378317747872,586,0,554,9,8,14,0,0,0,1,554,0.9453924914675768,2.1262798634812285
MLB,2022,SEA,553993,Eugenio Suárez,2.0,True,0.3322734499205087,0.2228360957642725,0.40527822721813306,1.1933603309518113,-0.7880821037336783,616,0,0,97,261,204,54,0,0,0,0,0.0,4.349025974025974
MLB,2022,SF,592626,Joc Pederson,1.0,True,0.3533487297921478,0.2473684210526315,1.0379080884239107,1.6448456178075026,-0.6069375293835919,422,63,68,50,206,13,12,2,5,3,131,0.3104265402843602,3.296208530805687
MLB,2022,SF,596103,Austin Slater,2.0,True,0.3661538461538461,0.1444043321299639,1.4222872775006055,-0.2500734604563196,1.6723607379569252,317,209,20,12,17,7,7,31,10,4,229,0.722397476340694,2.406940063091483
MLB,2022,SF,642731,Thairo Estrada,3.0,True,0.3222222222222222,0.139344262295082,0.1035642370627017,-0.34319741238742885,0.4467616494501305,521,18,32,16,5,115,166,146,22,1,50,0.09596928982725528,5.619961612284069
MLB,2022,STL,502671,Paul Goldschmidt,1.0,True,0.4036979969183359,0.2602495543672014,2.5492735396944624,1.881905990242504,0.6673675494519584,640,0,192,447,0,0,0,0,0,1,192,0.3,2.709375
MLB,2022,STL,571448,Nolan Arenado,2.0,True,0.3580645161290323,0.2405745062836625,1.1794647972291874,1.519812522807878,-0.34034772557869064,609,0,0,104,504,1,0,0,0,0,0,0.0,3.8308702791461413
MLB,2022,STL,405395,Albert Pujols,3.0,True,0.3447293447293447,0.2801302931596091,0.7791746144595525,2.247784925528449,-1.4686103110688968,335,2,22,9,53,126,79,31,5,8,24,0.07164179104477612,5.128358208955224
MLB,2022,TB,623912,Harold Ramírez,3.0,True,0.3425287356321839,0.1042183622828784,0.7131175544259893,-0.9896435546371145,1.7027611090631039,422,3,62,118,138,60,21,10,4,6,65,0.15402843601895735,3.8270142180094786
MLB,2022,TB,650490,Yandy Díaz,1.0,True,0.4014336917562724,0.1268498942917547,2.4813044750306323,-0.5731398762899259,3.054444351320558,549,357,42,79,29,37,1,1,3,0,399,0.726775956284153,1.8506375227686702
MLB,2022,TB,668227,Randy Arozarena,2.0,True,0.3271317829457364,0.1825938566552901,0.25093759286225076,0.45275467477067344,-0.20181708190842268,628,39,63,198,167,123,27,9,2,0,102,0.1624203821656051,3.6353503184713376
MLB,2022,TEX,663993,Nathaniel Lowe,1.0,True,0.3581395348837209,0.1905564924114671,1.1817166821225578,0.5992965474324897,0.582420134690068,641,9,15,208,81,134,102,80,11,1,24,0.0374414976599064,4.564742589703588
MLB,2022,TEX,666969,Adolis García,3.0,False,0.2998477929984779,0.2066115702479338,-0.5680630030302658,0.8947692079848598,-1.4628322110151255,645,0,23,147,355,79,34,6,1,0,23,0.03565891472868217,3.9627906976744187
MLB,2022,TEX,608369,Corey Seager,2.0,True,0.3167420814479638,0.2107925801011804,-0.0609365770912592,0.9717152133370406,-1.0326517904282997,651,0,458,193,0,0,0,0,0,0,458,0.7035330261136713,2.2964669738863286
MLB,2022,TOR,672386,Alejandro Kirk,3.0,True,0.3715341959334565,0.1297872340425531,1.583792602936112,-0.5190819888131472,2.1028745917492593,529,0,0,108,244,51,72,21,25,8,0,0.0,4.5482041587901705
MLB,2022,TOR,665489,Vladimir Guerrero Jr.,2.0,True,0.3385269121813031,0.2053291536050157,0.592992316245518,0.8711680108259774,-0.27817569458045943,692,0,290,399,0,2,1,0,0,0,290,0.4190751445086705,2.591040462427746
MLB,2022,TOR,543807,George Springer,1.0,True,0.3419689119170984,0.2046783625730994,0.6963129757285155,0.8591910550228004,-0.16287807929428488,563,554,0,0,0,0,0,3,4,2,554,0.9840142095914742,1.1101243339253997
MLB,2022,MIN,650333,Luis Arraez,3.0,True,0.3747927031509121,0.1042047531992687,1.6816052526979324,-0.9898940119804419,2.671499264678374,597,410,80,44,6,29,15,0,1,12,490,0.8207705192629816,1.8040201005025125
MLB,2022,MIN,621043,Carlos Correa,1.0,True,0.3661016949152542,0.1762452107279693,1.420721821144483,0.3359161690868376,1.0848056520576455,583,0,460,121,0,0,0,0,2,0,460,0.7890222984562607,2.228130360205832
MLB,2022,MIN,621439,Byron Buxton,2.0,False,0.306282722513089,0.3029411764705882,-0.3749016979139519,2.667589329474457,-3.042491027388409,374,216,80,73,0,1,0,0,1,3,296,0.7914438502673797,1.6978609625668448
MLB,2022,PHI,547180,Bryce Harper,1.0,True,0.3638497652582159,0.2270270270270269,1.3531242397574645,1.2704889268397441,0.08263531291772042,412,4,9,344,54,1,0,0,0,0,13,0.03155339805825243,3.0946601941747574
MLB,2022,PHI,592663,J.T. Realmuto,3.0,True,0.3416370106761566,0.2023809523809523,0.6863500885322422,0.8169102321723503,-0.13056014364010804,542,13,27,10,204,236,17,26,6,3,40,0.07380073800738007,4.523985239852398
MLB,2022,PHI,656941,Kyle Schwarber,2.0,True,0.3228699551569506,0.2859618717504332,0.12300764180472282,2.3551074847213633,-2.2320998429166403,659,539,8,12,0,28,64,7,0,1,547,0.8300455235204856,1.779969650986343
MLB,2022,ATL,671739,Michael Harris II,3.0,True,0.3386363636363636,0.217391304347826,0.5962777890480353,1.093156082653741,-0.4968782936057057,435,4,15,21,4,5,48,48,51,239,19,0.04367816091954023,7.63448275862069
MLB,2022,ATL,661388,William Contreras,2.0,True,0.3537234042553192,0.2275449101796408,1.049154926192002,1.2800198873568283,-0.23086496116482635,373,0,18,0,5,102,104,102,28,14,18,0.04825737265415549,6.042895442359249
MLB,2022,ATL,663586,Austin Riley,1.0,True,0.3492063492063492,0.2552845528455284,0.9135636587880407,1.7905316459884293,-0.8769679872003886,672,0,0,440,215,0,8,8,1,0,0,0.0,3.4107142857142856
MLB,2022,CWS,547989,José Abreu,2.0,True,0.3784977908689249,0.1414309484193011,1.7928231887385295,-0.30479468976341856,2.097617878501948,663,0,0,237,426,0,0,0,0,0,0,0.0,3.6425339366515836
MLB,2022,CWS,650391,Eloy Jiménez,1.0,True,0.3577981651376147,0.2054794520547945,1.1714695728829958,0.8739340567639282,0.2975355161190676,320,0,0,87,131,69,31,0,1,1,0,0.0,4.165625
MLB,2022,CWS,683734,Andrew Vaughn,3.0,True,0.3207207207207207,0.1588235294117647,0.05849272710978244,0.015292963006676376,0.04319976410310607,541,6,291,41,8,70,69,31,15,10,297,0.5489833641404805,3.574861367837338
MLB,2022,MIA,643265,Garrett Cooper,1.0,True,0.3368869936034115,0.1545893719806763,0.5437658543129086,-0.062631153843112,0.6063970081560206,454,10,188,107,95,35,16,0,1,2,198,0.43612334801762115,3.048458149779736
MLB,2022,MIA,650559,Bryan De La Cruz,2.0,False,0.2937853107344633,0.1793313069908814,-0.7500443260117563,0.39271172516020747,-1.1427560511719639,348,3,0,19,28,30,75,103,48,42,3,0.008620689655172414,6.4798850574712645
MLB,2022,MIA,624585,Jorge Soler,3.0,False,0.2950819672131147,0.1925925925925926,-0.7111217772666415,0.6367683020883182,-1.3478900793549597,301,45,0,235,13,3,0,5,0,0,45,0.14950166112956811,2.830564784053156
MLB,2022,NYY,592450,Aaron Judge,1.0,True,0.4248554913294797,0.375438596491228,3.1843712861683233,4.001809306161614,-0.8174380199932907,674,149,492,29,0,1,0,0,1,2,641,0.9510385756676558,1.8560830860534125
MLB,2022,NYY,518934,DJ LeMahieu,3.0,True,0.3574074074074074,0.1156316916488223,1.159739953626134,-0.7795961896934077,1.9393361433195415,530,415,17,7,16,67,0,1,4,3,432,0.8150943396226416,1.7641509433962264
MLB,2022,NYY,519203,Anthony Rizzo,2.0,True,0.3375912408759124,0.2559139784946236,0.5649056852888349,1.8021153999292314,-1.2372097146403966,515,21,82,370,28,4,4,2,2,2,103,0.2,2.9106796116504854
MLB,2022,MIL,592669,Hunter Renfroe,1.0,True,0.3153846153846154,0.2362869198312236,-0.10168448518444217,1.4409051148616565,-1.5425896000460986,513,0,4,35,230,99,107,34,4,0,4,0.007797270955165692,4.756335282651072
MLB,2022,MIL,592885,Christian Yelich,3.0,True,0.3552238805970149,0.1304347826086956,1.094195663281662,-0.5071647063419025,1.6013603696235645,663,403,8,241,8,0,0,2,1,0,411,0.6199095022624435,1.803921568627451
MLB,2022,MIL,543939,Kolten Wong,2.0,True,0.3393939393939394,0.1790697674418604,0.6190184145242824,0.38789843261961465,0.23111998190466776,476,181,0,4,10,175,42,27,24,13,181,0.3802521008403361,3.903361344537815
MLB,2022,LAA,545361,Mike Trout,1.0,True,0.3687374749498998,0.3470319634703196,1.499841679463931,3.4790224644212207,-1.9791807849572896,492,0,423,66,0,2,0,0,1,0,423,0.8597560975609756,2.158536585365854
MLB,2022,LAA,621493,Taylor Ward,3.0,True,0.3599290780141844,0.1919191919191919,1.2354345178591235,0.6243752454732002,0.6110592723859233,555,223,56,34,186,53,0,0,1,2,279,0.5027027027027027,2.6522522522522523
MLB,2022,LAA,660271,Shohei Ohtani,2.0,True,0.3558558558558558,0.2457337883959043,1.1131660600081141,1.614762346643788,-0.5015962866356738,658,141,171,333,9,0,0,0,2,2,312,0.47416413373860183,2.358662613981763
MLB,2022,AZ,664983,Jake McCarthy,2.0,True,0.3418803418803419,0.1433021806853582,0.6936543135232437,-0.2703571129546967,0.9640114264779405,342,3,12,99,0,48,109,45,24,2,15,0.043859649122807015,5.0964912280701755
MLB,2022,AZ,444482,David Peralta,3.0,True,0.3161290322580645,0.2122302158273381,-0.07933885816560028,0.9981730142421299,-1.0775118724077302,304,5,3,113,4,156,12,8,0,3,8,0.02631578947368421,4.279605263157895
MLB,2022,AZ,572233,Christian Walker,1.0,True,0.3268365817091454,0.2349914236706689,0.24207635265714936,1.4170632063269593,-1.1749868536698098,650,0,0,0,649,0,0,0,0,1,0,0.0,4.007692307692308
MLB,2022,BAL,641820,Trey Mancini,3.0,True,0.3466334164588528,0.135593220338983,0.8363303268060138,-0.41223042224894046,1.2485607490549544,385,5,253,82,40,4,0,0,1,0,258,0.6701298701298701,2.4545454545454546
MLB,2022,BAL,668939,Adley Rutschman,1.0,True,0.3617021276595745,0.1909547738693467,1.2886572583354452,0.6066263955470261,0.6820308627884191,457,0,253,4,32,75,84,5,0,4,253,0.5536105032822757,3.4923413566739607
MLB,2022,BAL,623993,Anthony Santander,2.0,True,0.3183925811437403,0.2142857142857142,-0.011392495123247347,1.0360017687610394,-1.0473942638842868,623,0,54,417,128,18,4,2,0,0,54,0.08667736757624397,3.2086677367576244
MLB,2022,BOS,593428,Xander Bogaerts,2.0,True,0.3771790808240887,0.1490125673249551,1.7532386442999033,-0.16526493275037263,1.9185035770502759,608,0,9,298,292,7,1,0,1,0,9,0.014802631578947368,3.5016447368421053
MLB,2022,BOS,646240,Rafael Devers,1.0,True,0.3583061889250814,0.2252252252252252,1.1867192407456182,1.2373291267074038,-0.05060988596178562,602,0,445,52,103,0,0,0,2,0,445,0.739202657807309,2.4485049833887045
MLB,2022,BOS,502110,J.D. Martinez,3.0,True,0.3411764705882353,0.174484052532833,0.6725257685860376,0.30350436125439073,0.3690214073316469,580,0,0,285,116,161,18,0,0,0,0,0.0,3.8482758620689657
MLB,2022,CHC,664023,Ian Happ,2.0,True,0.3416536661466459,0.169284467713787,0.6868500462100586,0.2078128189336378,0.47903722727642084,628,2,43,307,209,7,34,10,16,0,45,0.07165605095541401,3.6337579617834397
MLB,2022,CHC,673548,Seiya Suzuki,3.0,True,0.336322869955157,0.1712846347607053,0.5268322018313386,0.24462327136008266,0.28220893047125595,436,1,136,106,152,25,13,1,0,2,137,0.31422018348623854,3.272935779816514
MLB,2022,CHC,575929,Willson Contreras,1.0,True,0.3490759753593429,0.2235576923076923,0.9096501454568405,1.2066403693733854,-0.29699022391654484,461,31,333,74,21,0,0,1,1,0,364,0.789587852494577,2.2082429501084597
MLB,2022,CIN,456781,Donovan Solano,2.0,True,0.3388157894736842,0.1007194244604316,0.6016637266608299,-1.0540369184087592,1.6557006450695892,297,0,20,19,62,124,49,13,8,2,20,0.06734006734006734,4.821548821548822
MLB,2022,CIN,592273,Brandon Drury,1.0,True,0.335064935064935,0.2457142857142857,0.4890719832314451,1.6144034253551807,-1.1253314421237355,375,1,335,0,0,12,12,0,10,5,336,0.896,2.474666666666667
MLB,2022,CIN,663697,Jonathan India,3.0,True,0.3271461716937355,0.1295336787564767,0.2513695089129522,-0.5237483414610269,0.7751178503739791,417,298,116,0,0,0,0,0,0,3,414,0.9928057553956835,1.3357314148681054
MLB,2022,CLE,680757,Steven Kwan,3.0,True,0.3726415094339622,0.1012433392539964,1.617031525047836,-1.044394953447012,2.661426478494848,625,453,112,1,0,0,6,5,31,17,565,0.904,1.8432
MLB,2022,CLE,665926,Andrés Giménez,1.0,True,0.3707052441229656,0.1690427698574338,1.5589094378246098,0.2033646867355942,1.3555447510890155,525,7,5,4,8,134,205,130,17,15,12,0.022857142857142857,5.984761904761905
MLB,2022,CLE,608070,José Ramírez,2.0,True,0.3547445255474452,0.2346089850249584,1.0798065628604785,1.410024924401632,-0.3302183615411536,670,0,0,670,0,0,0,0,0,0,0,0.0,3.0
MLB,2022,COL,602074,Yonathan Daza,3.0,True,0.3488943488943489,0.0833333333333333,0.9041981502263955,-1.3740051337145425,2.278203283940938,398,55,194,2,1,21,27,36,36,26,249,0.6256281407035176,3.7537688442211055
MLB,2022,COL,543068,C.J. Cron,1.0,True,0.3153724247226624,0.2104347826086956,-0.1020504199111115,0.9651304195340904,-1.0671808394452018,618,0,0,201,415,0,1,0,0,1,0,0.0,3.686084142394822
MLB,2022,COL,641857,Ryan McMahon,2.0,True,0.3266331658291457,0.168241965973535,0.23597029092439628,0.18862694104750954,0.04734334987688674,589,111,9,21,61,186,113,76,12,0,120,0.2037351443123939,4.536502546689304
MLB,2022,DET,605612,Harold Castro,3.0,False,0.3,0.1095238095238095,-0.5634941102405175,-0.8920037532194258,0.3285096429789083,433,10,38,74,112,97,30,23,28,21,48,0.11085450346420324,4.607390300230947
MLB,2022,DET,606992,Eric Haase,1.0,False,0.3048433048433048,0.1888544891640867,-0.4181095986487912,0.5679734088656988,-0.98608300751449,343,3,3,13,88,76,47,36,43,34,6,0.01749271137026239,5.725947521865889
MLB,2022,DET,682985,Riley Greene,2.0,True,0.3205741626794258,0.1090425531914893,0.05409340269332373,-0.9008606451240756,0.9549540478173993,408,336,38,4,13,12,5,0,0,0,374,0.9166666666666666,1.3872549019607843
MLB,2022,HOU,670541,Yordan Alvarez,1.0,True,0.4064171122994652,0.3063829787234042,2.6308949272462914,2.7309311879875815,-0.10003626074129013,548,0,0,286,260,0,0,1,1,0,0,0.0,3.490875912408759
MLB,2022,HOU,514888,Jose Altuve,2.0,True,0.3874172185430463,0.2333965844402277,2.060563229482081,1.3877122810077798,0.6728509484743013,593,589,0,0,0,0,0,0,4,0,589,0.9932546374367622,1.0472175379426645
MLB,2022,HOU,608324,Alex Bregman,3.0,True,0.3658536585365853,0.1952554744525547,1.4132763579873155,0.6857751518783909,0.7275012061089247,635,0,8,324,302,0,0,1,0,0,8,0.012598425196850394,3.469291338582677
MLB,2022,KC,643217,Andrew Benintendi,1.0,True,0.3871794871794872,0.0778097982708933,2.0534270984105767,-1.475658555589987,3.5290856540005637,383,0,285,84,4,7,0,0,2,1,285,0.7441253263707572,2.3446475195822454
MLB,2022,KC,521692,Salvador Perez,2.0,False,0.2917547568710359,0.2112359550561797,-0.8109967317029179,0.9798749481518025,-1.7908716798547204,456,0,0,302,154,0,0,0,0,0,0,0.0,3.337719298245614
MLB,2022,KC,669004,MJ Melendez,3.0,True,0.3127340823970037,0.1760869565217391,-0.1812471921229438,0.33300370788081146,-0.5142509000037553,522,273,0,18,31,123,33,40,0,4,273,0.5229885057471264,3.0268199233716473
MLB,2022,LAD,518692,Freddie Freeman,1.0,True,0.4067796610169492,0.1862745098039215,2.641777778919871,0.5204922709053,2.121285508014571,696,0,368,328,0,0,0,0,0,0,368,0.5287356321839081,2.471264367816092
MLB,2022,LAD,605141,Mookie Betts,2.0,True,0.3395931142410016,0.263986013986014,0.6249971705180372,1.950670631302633,-1.325673460784596,627,624,0,0,0,0,1,1,0,1,624,0.9952153110047847,1.0303030303030303
MLB,2022,LAD,669257,Will Smith,3.0,True,0.3425605536332179,0.2047244094488189,0.7140726552692805,0.8600384874063457,-0.14596583213706515,564,0,0,99,378,30,53,0,0,4,0,0.0,4.101063829787234
MLB,2022,WSH,605137,Josh Bell,2.0,True,0.3839080459770115,0.192,1.9552262011285377,0.6258624122670147,1.329363788861523,421,0,28,153,155,85,0,0,0,0,28,0.0665083135391924,3.705463182897862
MLB,2022,WSH,628450,Yadiel Hernandez,3.0,True,0.3119266055045872,0.140983606557377,-0.20548573118328398,-0.31302743029980795,0.10754169911652398,321,3,0,11,51,116,92,32,10,6,3,0.009345794392523364,5.389408099688474
MLB,2022,WSH,665742,Juan Soto,1.0,True,0.4082568807339449,0.239766081871345,2.686120407355901,1.5049345312842002,1.1811858760717007,430,0,262,167,0,0,0,0,0,1,262,0.6093023255813953,2.4046511627906977
MLB,2022,NYM,643446,Jeff McNeil,2.0,True,0.3820033955857385,0.1275797373358349,1.8980531187298522,-0.5597080718342539,2.457761190564106,573,23,1,90,13,160,134,67,84,1,24,0.041884816753926704,5.4118673647469455
MLB,2022,NYM,516782,Starling Marte,3.0,True,0.3465346534653465,0.1759656652360515,0.8333656962409772,0.3307715007716977,0.5025941954692795,492,5,453,5,0,0,9,19,0,1,458,0.9308943089430894,2.2804878048780486
MLB,2022,NYM,624413,Pete Alonso,1.0,True,0.3518248175182482,0.2462311557788944,0.9921638602950944,1.6239157413156133,-0.6317518810205189,664,0,23,24,617,0,0,0,0,0,23,0.03463855421686747,3.894578313253012
MLB,2023,OAK,680869,Zack Gelof,1.0,True,0.3366666666666666,0.237037037037037,0.35668430399488993,1.1851517753944385,-0.8284674713995486,296,21,231,32,0,0,8,4,0,0,252,0.8513513513513513,2.2128378378378377
MLB,2023,OAK,667670,Brent Rooker,2.0,True,0.3288973384030418,0.2419006479481641,0.11841687473355948,1.2759476903152294,-1.15753081558167,512,2,41,253,159,38,10,7,2,0,43,0.083984375,3.50390625
MLB,2023,OAK,676116,Ryan Noda,3.0,True,0.3636363636363636,0.1773399014778325,1.183782882775846,0.07070077586077277,1.1130821069150734,483,96,236,83,6,20,19,14,9,0,332,0.6873706004140787,2.536231884057971
MLB,2023,PIT,668804,Bryan Reynolds,3.0,True,0.3296875,0.1968641114982578,0.14264931362917435,0.43518686331783324,-0.29253754968865886,627,0,625,1,0,0,0,0,0,1,625,0.9968102073365231,2.0127591706539074
MLB,2023,PIT,457705,Andrew McCutchen,1.0,True,0.3784355179704017,0.141025641025641,1.6376389098048543,-0.6072289686599537,2.2448678784648077,465,100,44,314,0,1,0,1,3,2,144,0.3096774193548387,2.546236559139785
MLB,2023,PIT,669261,Jack Suwinski,2.0,True,0.3389513108614232,0.2304250559284116,0.42674908702254216,1.061716557165293,-0.6349674701427508,522,49,1,62,125,133,79,49,23,1,50,0.09578544061302682,4.620689655172414
MLB,2023,SD,593428,Xander Bogaerts,2.0,True,0.350375939849624,0.1543624161073825,0.7771161827247212,-0.35825249464367576,1.1353686773683969,652,98,0,16,225,312,1,0,0,0,98,0.15030674846625766,4.006134969325154
MLB,2023,SD,665742,Juan Soto,1.0,True,0.4101838755304102,0.2447183098591549,2.6112880185070084,1.328548976853298,1.2827390416537103,700,0,173,486,39,0,0,1,1,0,173,0.24714285714285714,2.8214285714285716
MLB,2023,SD,592518,Manny Machado,3.0,False,0.3194675540765391,0.2044198895027624,-0.1707729231134335,0.5762412752338554,-0.7470141983472889,593,0,99,166,324,4,0,0,0,0,99,0.16694772344013492,3.3929173693086003
MLB,2023,SEA,677594,Julio Rodríguez,2.0,True,0.3333333333333333,0.209480122324159,0.2544586369545481,0.6707078098984147,-0.4162491729438666,701,211,394,83,4,5,4,0,0,0,605,0.8630527817403709,1.8730385164051355
MLB,2023,SEA,641487,J.P. Crawford,1.0,True,0.3795275590551181,0.1722846441947566,1.671129298301032,-0.023672873381349404,1.6948021716823813,628,510,0,0,0,0,4,20,5,89,510,0.8121019108280255,2.412420382165605
MLB,2023,SEA,663728,Cal Raleigh,3.0,False,0.3057996485061511,0.2241715399610136,-0.5899361523066328,0.9449733155476998,-1.5349094678543325,567,0,0,88,187,119,94,69,3,7,0,0.0,4.834215167548501
MLB,2023,SF,527038,Wilmer Flores,1.0,True,0.3546255506607929,0.2246913580246913,0.9074419726747982,0.9546774957435276,-0.04723552306872936,446,12,129,190,40,35,16,8,9,7,141,0.31614349775784756,3.2780269058295963
MLB,2023,SF,664774,LaMonte Wade Jr.,2.0,True,0.3728155339805825,0.1608391608391609,1.465286926170259,-0.23734192544397964,1.7026288516142387,505,407,4,19,3,15,32,0,9,16,411,0.8138613861386138,1.9148514851485148
MLB,2023,SF,573262,Mike Yastrzemski,3.0,True,0.3298153034300791,0.2121212121212121,0.14656875089613725,0.7200127746444186,-0.5734440237482814,375,36,44,33,12,117,70,41,12,10,80,0.21333333333333335,4.664
MLB,2023,STL,502671,Paul Goldschmidt,2.0,True,0.3629737609329446,0.1787521079258009,1.1634623817739236,0.09706443422969797,1.0663979475442256,680,0,533,147,0,0,0,0,0,0,533,0.7838235294117647,2.2161764705882354
MLB,2023,STL,575929,Willson Contreras,1.0,True,0.3582995951417004,0.2032710280373831,1.0201164670137968,0.5547938507230442,0.46532261629075256,479,0,1,56,91,324,3,0,2,2,1,0.0020876826722338203,4.6054279749478075
MLB,2023,STL,663457,Lars Nootbaar,3.0,True,0.3665338645418327,0.1572769953051643,1.2726425716193186,-0.3038419158150379,1.5764844874343564,498,307,24,77,9,11,4,19,21,26,331,0.6646586345381527,2.4819277108433737
MLB,2023,TB,650490,Yandy Díaz,1.0,True,0.41,0.1923809523809523,2.605648978882434,0.35149338099999966,2.2541555978824346,590,588,0,0,0,0,0,0,1,1,588,0.9966101694915255,1.0254237288135593
MLB,2023,TB,666139,Josh Lowe,3.0,True,0.3353293413173652,0.2081545064377682,0.31567161123020077,0.6459606602111271,-0.3302890489809263,497,48,8,37,66,69,122,81,59,7,56,0.11267605633802817,5.267605633802817
MLB,2023,TB,670623,Isaac Paredes,2.0,True,0.3520140105078809,0.2378048780487804,0.8273520424345783,1.1994861513239456,-0.3721341088893674,550,3,4,61,112,241,108,19,0,2,7,0.012727272727272728,4.810909090909091
MLB,2023,TEX,608369,Corey Seager,1.0,True,0.3899253731343283,0.2955974842767295,1.9900063423036514,2.278382603776307,-0.2883762614726555,526,0,526,0,0,0,0,0,0,0,526,1.0,2.0
MLB,2023,TEX,543760,Marcus Semien,3.0,True,0.3484042553191489,0.2014925373134328,0.716649152828439,0.5215922448771145,0.19505690795132447,742,742,0,0,0,0,0,0,0,0,742,1.0,1.0
MLB,2023,TEX,641598,Mitch Garver,2.0,True,0.3702623906705539,0.2297297297297297,1.3869878927950805,1.04873591797944,0.3382519748156405,340,0,1,9,56,89,26,136,20,3,1,0.0029411764705882353,5.8617647058823525
MLB,2023,TOR,666182,Bo Bichette,2.0,True,0.3394342762063227,0.1681260945709282,0.44156052338445834,-0.10130641042584702,0.5428669338103054,598,40,511,31,14,0,0,0,2,0,551,0.9214046822742475,2.051839464882943
MLB,2023,TOR,665489,Vladimir Guerrero Jr.,3.0,True,0.344574780058651,0.1794019933554817,0.5992079539527716,0.10919676620686383,0.4900111877459078,669,0,38,480,151,0,0,0,0,0,38,0.05680119581464873,3.1689088191330343
MLB,2023,TOR,474832,Brandon Belt,1.0,True,0.3688118811881188,0.2359882005899705,1.3425041029779998,1.1655716596010877,0.17693244337691216,400,0,84,126,61,16,72,28,11,2,84,0.21,4.01
MLB,2023,MIN,680777,Ryan Jeffers,1.0,True,0.3685800604229607,0.2132867132867133,1.3353946932723733,0.7417708360100649,0.5936238572623084,319,5,2,6,14,34,78,66,86,28,7,0.0219435736677116,6.655172413793103
MLB,2023,MIN,666397,Edouard Julien,2.0,True,0.3808353808353808,0.1952662721893491,1.711237184458206,0.40535773335662334,1.3058794511015825,402,238,97,12,8,14,11,6,11,5,335,0.8333333333333334,2.017412935323383
MLB,2023,MIN,596146,Max Kepler,3.0,True,0.3319755600814664,0.2237442922374429,0.21281885404605863,0.9369972770305817,-0.7241784229845231,483,75,14,62,167,52,47,44,12,10,89,0.18426501035196688,4.126293995859213
MLB,2023,PHI,547180,Bryce Harper,1.0,True,0.4010989010989011,0.2056892778993435,2.332672747115366,0.5999387467140946,1.7327340004012715,537,0,0,364,172,0,0,0,0,1,0,0.0,3.3314711359404097
MLB,2023,PHI,669016,Brandon Marsh,2.0,True,0.3715498938428874,0.1806930693069307,1.4264726539775854,0.13329910999753408,1.2931735439800514,463,0,0,2,4,64,41,109,188,55,0,0.0,7.235421166306695
MLB,2023,PHI,656941,Kyle Schwarber,3.0,True,0.3430555555555555,0.2769230769230769,0.5526168324888805,1.929760986574305,-1.3771441540854246,711,496,44,81,3,87,0,0,0,0,540,0.759493670886076,1.7918424753867792
MLB,2023,ATL,660670,Ronald Acuña Jr.,1.0,True,0.4163265306122449,0.2581648522550543,2.7996691224487997,1.5795746328250164,1.2200944896237833,720,720,0,0,0,0,0,0,0,0,720,1.0,1.0
MLB,2023,ATL,621566,Matt Olson,2.0,True,0.3888888888888889,0.3207236842105262,1.9582197542935968,2.7474489730149387,-0.7892292187213419,709,0,302,13,368,26,0,0,0,0,302,0.42595204513399154,3.1664315937940763
MLB,2023,ATL,542303,Marcell Ozuna,3.0,True,0.3462837837837837,0.2849056603773585,0.6516191676856085,2.0787831804559906,-1.4271640127703822,587,0,0,0,18,216,212,105,36,0,0,0.0,5.872231686541737
MLB,2023,CWS,650391,Eloy Jiménez,3.0,False,0.3169734151329243,0.168859649122807,-0.2472624282741285,-0.08761210841460523,-0.15965031985952327,483,0,5,54,422,0,0,1,0,1,5,0.010351966873706004,3.8840579710144927
MLB,2023,CWS,673357,Luis Robert Jr.,1.0,False,0.3152542372881356,0.2783882783882783,-0.29998565885747963,1.957113978005401,-2.257099636862881,575,21,80,428,11,30,5,0,0,0,101,0.17565217391304347,2.937391304347826
MLB,2023,CWS,669394,Jake Burger,2.0,False,0.2786377708978328,0.3129251700680272,-1.4229284692801796,2.601863061738407,-4.024791531018587,316,1,18,0,17,62,125,68,24,1,19,0.060126582278481014,5.829113924050633
MLB,2023,MIA,650333,Luis Arraez,1.0,True,0.3928571428571428,0.1149825783972125,2.0799169769606696,-1.0934117126943939,3.1733286896550634,609,363,49,169,21,0,1,1,2,3,412,0.6765188834154351,1.819376026272578
MLB,2023,MIA,660821,Jesús Sánchez,3.0,True,0.3266832917705736,0.1972222222222222,0.05051715657481307,0.4418722235202508,-0.3913550669454377,398,1,5,14,131,41,109,79,16,2,6,0.01507537688442211,5.364321608040201
MLB,2023,MIA,624585,Jorge Soler,2.0,True,0.3413793103448276,0.2619047619047618,0.5012102470519285,1.6493928244055585,-1.14818257735363,566,75,406,23,51,9,0,0,0,2,481,0.8498233215547704,2.1607773851590104
MLB,2023,NYY,650402,Gleyber Torres,2.0,True,0.3467261904761904,0.1795302013422818,0.6651867634559243,0.11159020632252638,0.553596557133398,663,143,140,238,80,51,9,0,2,0,283,0.42684766214177977,2.6877828054298645
MLB,2023,NYY,592450,Aaron Judge,1.0,True,0.4061135371179039,0.3460490463215258,2.486460100717492,3.2202333847588576,-0.7337732840413658,455,0,445,8,0,1,0,0,0,1,445,0.978021978021978,2.0395604395604394
MLB,2023,NYY,518934,DJ LeMahieu,3.0,True,0.3274021352313167,0.1468812877263581,0.07256243225642972,-0.4979133162856748,0.5704757485421046,557,257,0,4,132,98,50,13,0,3,257,0.4614003590664273,3.061041292639138
MLB,2023,MIL,661388,William Contreras,1.0,True,0.3672131147540983,0.1685185185185185,1.2934736134301625,-0.0939804766681168,1.3874540900982792,603,9,410,70,44,70,0,0,0,0,419,0.6948590381426202,2.5953565505804312
MLB,2023,MIL,592885,Christian Yelich,2.0,True,0.370253164556962,0.169090909090909,1.3867049491102443,-0.08329485097521276,1.469999800085457,628,552,5,28,34,6,0,0,2,1,557,0.8869426751592356,1.3328025477707006
MLB,2023,MIL,642715,Willy Adames,3.0,False,0.3097484276729559,0.1898734177215189,-0.4688361770101436,0.3046816792090586,-0.7735178562192022,624,0,103,242,134,133,12,0,0,0,103,0.16506410256410256,3.5336538461538463
MLB,2023,LAA,660271,Shohei Ohtani,1.0,True,0.4124579124579124,0.3501006036217303,2.681027501043494,3.2958695445274087,-0.6148420434839146,588,22,313,253,0,0,0,0,0,0,335,0.5697278911564626,2.392857142857143
MLB,2023,LAA,650859,Luis Rengifo,3.0,True,0.3393258426966292,0.1802030456852791,0.4382351170270744,0.12415114485935538,0.314083972167719,435,112,9,13,9,37,27,87,100,41,121,0.27816091954022987,5.35632183908046
MLB,2023,LAA,545361,Mike Trout,2.0,True,0.3674033149171271,0.2272727272727273,1.2993066149912025,1.0028675723978102,0.29643904259339227,353,0,259,93,0,0,0,0,1,0,259,0.7337110481586402,2.2804532577903682
MLB,2023,AZ,682998,Corbin Carroll,1.0,True,0.3615023474178404,0.2212389380530973,1.1183375133518123,0.8902262812570781,0.22811123209473416,622,135,77,286,0,50,53,18,0,3,212,0.3408360128617363,3.0032154340836015
MLB,2023,AZ,606466,Ketel Marte,2.0,True,0.3584615384615384,0.2091388400702987,1.0250828961817466,0.6643366105875114,0.36074628559423527,640,201,435,0,0,0,1,0,3,0,636,0.99375,1.7203125
MLB,2023,AZ,572233,Christian Walker,3.0,True,0.3333333333333333,0.2388316151202749,0.2544586369545481,1.2186537067663756,-0.9641950698118276,644,0,0,0,640,0,1,2,0,1,0,0.0,4.020186335403727
MLB,2023,BAL,668939,Adley Rutschman,1.0,True,0.3740902474526928,0.1581632653061224,1.5043794566617963,-0.2872966581712286,1.791676114833025,680,186,487,1,0,0,1,0,0,5,673,0.9897058823529412,1.785294117647059
MLB,2023,BAL,623993,Anthony Santander,3.0,True,0.3246951219512195,0.2148900169204738,-0.010455439217071228,0.7717019762643285,-0.7821574154813997,646,0,42,486,116,0,0,0,1,1,42,0.06501547987616099,3.1315789473684212
MLB,2023,BAL,683002,Gunnar Henderson,2.0,True,0.3247588424437299,0.2339285714285714,-0.008501278261768158,1.127121644268049,-1.1356229225298171,616,176,115,27,37,112,55,67,18,9,291,0.4724025974025974,3.602272727272727
MLB,2023,BOS,680776,Jarren Duran,3.0,True,0.3462603878116344,0.1867469879518072,0.6509016670279013,0.24631618563572774,0.40458548139217354,356,148,0,3,7,79,27,50,27,15,148,0.4157303370786517,4.053370786516854
MLB,2023,BOS,646240,Rafael Devers,2.0,True,0.3506097560975609,0.2293103448275862,0.7842867892977868,1.040906665888783,-0.25661987659099605,639,0,285,61,290,0,0,0,1,2,285,0.4460093896713615,3.0344287949921753
MLB,2023,BOS,671213,Triston Casas,1.0,True,0.3665338645418327,0.2261072261072261,1.2726425716193186,0.9811095110321645,0.2915330605871541,499,0,5,12,87,55,237,76,24,3,5,0.01002004008016032,5.695390781563126
MLB,2023,CHC,641355,Cody Bellinger,1.0,True,0.356115107913669,0.218436873747495,0.9531232678058115,0.8379161773151711,0.11520709049064037,539,0,0,31,348,62,72,26,0,0,0,0.0,4.469387755102041
MLB,2023,CHC,673548,Seiya Suzuki,2.0,True,0.3567753001715266,0.2,0.9733698459861195,0.4937289364417066,0.4796409095444129,574,0,58,48,203,131,103,9,22,0,58,0.10104529616724739,4.501742160278746
MLB,2023,CHC,664023,Ian Happ,3.0,True,0.3603473227206946,0.1827586206896551,1.082915562317673,0.1718596838257775,0.9110558784918954,679,11,0,551,83,14,16,2,2,0,11,0.016200294550810016,3.228276877761414
MLB,2023,CIN,680574,Matt McLain,2.0,True,0.3573200992555831,0.2164383561643836,0.9900775809173133,0.8006070183878514,0.18947056252946193,396,0,310,86,0,0,0,0,0,0,310,0.7828282828282829,2.217171717171717
MLB,2023,CIN,666181,Will Benson,1.0,True,0.364741641337386,0.2229965156794425,1.2176792078513963,0.9230374726834382,0.2946417351679581,327,11,2,0,0,0,18,43,145,108,13,0.039755351681957186,7.81651376146789
MLB,2023,CIN,668715,Spencer Steer,3.0,True,0.356390977443609,0.1924398625429553,0.961583551820077,0.3525931404492925,0.6089904113707845,650,9,70,198,144,97,25,102,3,2,79,0.12153846153846154,4.1692307692307695
MLB,2023,CLE,647304,Josh Naylor,1.0,True,0.3535353535353535,0.1814159292035398,0.8740081341687462,0.14679375972825498,0.7272143744404913,485,0,1,106,308,56,6,4,3,1,1,0.002061855670103093,3.977319587628866
MLB,2023,CLE,608070,José Ramírez,2.0,True,0.3560057887120115,0.1931260229132569,0.949770699312884,0.36540266813198363,0.5843680311809004,684,0,192,492,0,0,0,0,0,0,192,0.2807017543859649,2.719298245614035
MLB,2023,CLE,680757,Steven Kwan,3.0,True,0.3403068340306834,0.1018808777429466,0.4683198650724208,-1.3379997193543918,1.8063195844268125,708,705,0,1,1,0,0,0,0,1,705,0.9957627118644068,1.018361581920904
MLB,2023,COL,666134,Nolan Jones,1.0,True,0.3891509433962264,0.2452316076294278,1.9662563633376486,1.3381314334951533,0.6281249298424953,420,14,18,51,53,140,108,32,3,1,32,0.0761904761904762,4.809523809523809
MLB,2023,COL,453568,Charlie Blackmon,2.0,True,0.3631961259079903,0.1615598885793872,1.17028180414406,-0.2238870796969797,1.3941688838410395,398,320,19,51,0,0,2,1,2,3,339,0.8517587939698492,1.4396984924623115
MLB,2023,COL,641857,Ryan McMahon,3.0,True,0.3221690590111642,0.1909909909909909,-0.08792397992698425,0.3255450026423913,-0.41346898256937553,623,0,33,351,53,116,56,14,0,0,33,0.052969502407704656,3.764044943820225
MLB,2023,DET,682985,Riley Greene,2.0,True,0.3485576923076923,0.1587301587301587,0.7213547123791911,-0.2767136555341968,0.9980683679133879,413,0,311,89,5,4,0,0,0,4,311,0.7530266343825666,2.3365617433414045
MLB,2023,DET,681481,Kerry Carpenter,1.0,True,0.3398692810457516,0.1937799043062201,0.4549011213473766,0.3776095984166304,0.0772915229307462,450,1,1,59,264,99,17,1,4,4,2,0.0044444444444444444,4.24
MLB,2023,DET,679529,Spencer Torkelson,3.0,False,0.3128654970760234,0.2128712871287128,-0.3732428273282581,0.7340154874044867,-1.1072583147327448,673,0,140,245,173,73,42,0,0,0,140,0.20802377414561665,3.4531946508172364
MLB,2023,HOU,514888,Jose Altuve,2.0,True,0.3926829268292683,0.2111111111111111,2.074574172063093,0.7011557881275263,1.3734183839355665,404,362,41,0,0,0,0,0,0,1,403,0.9975247524752475,1.1212871287128714
MLB,2023,HOU,670541,Yordan Alvarez,1.0,True,0.407258064516129,0.2902439024390243,2.5215601237363456,2.1784397074509254,0.3431204162854202,479,0,0,418,29,31,0,0,1,0,0,0.0,3.200417536534447
MLB,2023,HOU,663656,Kyle Tucker,3.0,True,0.368815592203898,0.2334494773519163,1.342617911297027,1.1181777164296784,0.22444019486734845,654,0,5,236,187,225,0,0,1,0,5,0.00764525993883792,3.974006116207951
MLB,2023,KC,677951,Bobby Witt Jr.,1.0,False,0.3189033189033189,0.218408736349454,-0.18807671819845054,0.8373908966450467,-1.0254676148434974,681,193,422,12,47,3,4,0,0,0,615,0.9030837004405287,1.908957415565345
MLB,2023,KC,658668,Edward Olivares,2.0,False,0.3168831168831169,0.1892655367231638,-0.25003166791987086,0.2933335034570998,-0.5433651713769707,376,6,41,15,41,122,97,38,11,5,47,0.125,5.0212765957446805
MLB,2023,KC,669004,MJ Melendez,3.0,False,0.3156146179401993,0.1632270168855534,-0.2889336130937868,-0.19276443386558614,-0.09616917922820065,595,56,53,132,198,117,33,3,0,3,109,0.18319327731092436,3.665546218487395
MLB,2023,LAD,518692,Freddie Freeman,2.0,True,0.4095890410958904,0.2354788069073783,2.593045814452803,1.1560620860947004,1.4369837283581026,709,0,709,0,0,0,0,0,0,0,709,1.0,2.0
MLB,2023,LAD,605141,Mookie Betts,1.0,True,0.4083694083694084,0.2722602739726027,2.5556424837501464,1.8427138383299664,0.71292864542018,680,678,0,0,0,0,0,0,2,0,678,0.9970588235294118,1.0205882352941176
MLB,2023,LAD,502110,J.D. Martinez,3.0,True,0.320754716981132,0.300925925925926,-0.1312985971599549,2.3778561725879053,-2.5091547697478602,466,0,0,74,186,204,0,2,0,0,0,0.0,4.291845493562231
MLB,2023,WSH,608841,Joey Meneses,3.0,True,0.3211567732115677,0.1260229132569558,-0.11896845725675002,-0.8873061415581552,0.7683376843014053,649,0,52,316,271,8,0,0,2,0,52,0.08012326656394453,3.3775038520801233
MLB,2023,WSH,657041,Lane Thomas,2.0,False,0.3152492668621701,0.2006369426751592,-0.30013809039042005,0.5056196476848418,-0.8057577380752619,664,284,299,0,0,14,18,44,0,5,583,0.8780120481927711,2.128012048192771
MLB,2023,WSH,600869,Jeimer Candelario,1.0,True,0.3421052631578947,0.2228260869565217,0.5234735502186074,0.9198558382745314,-0.396382288055924,404,0,55,221,80,33,12,3,0,0,55,0.13613861386138615,3.344059405940594
MLB,2023,NYM,607043,Brandon Nimmo,1.0,True,0.3627019089574155,0.1925675675675676,1.1551253069135146,0.35497719105727343,0.8001481158562411,661,659,0,0,0,0,0,0,1,1,659,0.9969742813918305,1.0226928895612708
MLB,2023,NYM,596019,Francisco Lindor,2.0,True,0.3362445414847161,0.2159468438538206,0.343738695505065,0.79143126178481,-0.4476925662797451,663,0,293,285,85,0,0,0,0,0,293,0.4419306184012066,2.6862745098039214
MLB,2023,NYM,624413,Pete Alonso,3.0,False,0.3176291793313069,0.2869718309859155,-0.22715164849387767,2.1173553142500787,-2.3445069627439565,627,0,0,102,525,0,0,0,0,0,0,0.0,3.8373205741626792
MLB,2024,OAK,667670,Brent Rooker,1.0,True,0.3648208469055374,0.2692307692307692,1.4280676658771485,2.131245029336206,-0.7031773634590577,605,0,186,219,186,3,11,0,0,0,186,0.3074380165289256,3.064462809917355
MLB,2024,OAK,671732,Lawrence Butler,2.0,True,0.3170731707317073,0.2281553398058252,-0.02583979366407111,1.3209055302872748,-1.3467453239513458,447,274,2,0,8,6,27,57,57,16,276,0.6174496644295302,3.3579418344519016
MLB,2024,OAK,668709,JJ Bleday,3.0,True,0.3244929797191888,0.1940559440559441,0.20009194793517537,0.648189805663598,-0.4480978577284226,639,59,166,325,22,7,30,9,16,5,225,0.352112676056338,2.9812206572769955
MLB,2024,PIT,668804,Bryan Reynolds,1.0,True,0.3439306358381503,0.1720257234726688,0.7919647989713159,0.2135757757845159,0.5783890231868,679,0,679,0,0,0,0,0,0,0,679,1.0,2.0
MLB,2024,PIT,665833,Oneil Cruz,2.0,True,0.3238731218697829,0.1903881700554529,0.18121739689261945,0.5758316541410765,-0.39461425724845706,592,50,23,312,82,20,32,50,19,4,73,0.12331081081081081,3.699324324324324
MLB,2024,PIT,457705,Andrew McCutchen,3.0,True,0.3281553398058252,0.1785714285714285,0.31161010077891743,0.3427099921496363,-0.03109989137071889,506,357,0,0,101,42,3,0,2,1,357,0.7055335968379447,2.0039525691699605
MLB,2024,SD,701538,Jackson Merrill,3.0,True,0.3259762308998302,0.2075812274368231,0.24525665810990474,0.9150177247577458,-0.6697610666478411,583,5,1,4,0,58,236,184,62,33,6,0.010291595197255575,6.528301886792453
MLB,2024,SD,595777,Jurickson Profar,1.0,True,0.3800904977375565,0.1790780141843971,1.8930255659943955,0.3527039553920286,1.540321610602367,640,80,211,211,25,71,42,0,0,0,291,0.4546875,2.878125
MLB,2024,SD,665487,Fernando Tatis Jr.,2.0,True,0.3401826484018265,0.2160804020100503,0.6778393099716098,1.0826901499135961,-0.40485083994198634,430,0,428,0,0,0,0,1,0,1,428,0.9953488372093023,2.027906976744186
MLB,2024,SEA,677594,Julio Rodríguez,3.0,True,0.3246329526916802,0.1358024691358024,0.20435409774323154,-0.5010396082589915,0.7053937060022231,605,48,349,141,39,8,12,8,0,0,397,0.656198347107438,2.4677685950413224
MLB,2024,SEA,670042,Luke Raley,1.0,True,0.3200883002207506,0.2202970297029703,0.06597031327481608,1.1658761328769696,-1.0999058196021534,431,22,4,23,59,121,84,33,65,20,26,0.060324825986078884,5.510440835266821
MLB,2024,SEA,663728,Cal Raleigh,2.0,True,0.3121019108280254,0.2161172161172161,-0.1772136915469327,1.0834164216915498,-1.2606301132384825,616,0,38,285,160,72,28,21,5,7,38,0.06168831168831169,3.813311688311688
MLB,2024,SF,666149,Tyler Fitzgerald,1.0,True,0.3343108504398827,0.2165605095541401,0.49904420323784804,1.0921617516038047,-0.5931175483659566,336,97,43,5,4,24,47,23,54,39,140,0.4166666666666667,4.642857142857143
MLB,2024,SF,664774,LaMonte Wade Jr.,3.0,True,0.38,0.120845921450151,1.8902699274743981,-0.7961036289830727,2.686373556457471,393,47,197,90,12,29,6,6,3,3,244,0.6208651399491094,2.628498727735369
MLB,2024,SF,656305,Matt Chapman,2.0,True,0.3276661514683153,0.2156521739130435,0.29671441097745216,1.074242030284287,-0.7775276193068348,639,0,12,45,333,201,40,8,0,0,12,0.018779342723004695,4.369327073552426
MLB,2024,STL,680977,Brendan Donovan,2.0,True,0.3420245398773006,0.1396933560477001,0.733924547420818,-0.4242798666035937,1.1582044140244117,634,228,14,0,79,141,110,41,17,4,242,0.38170347003154576,3.779179810725552
MLB,2024,STL,575929,Willson Contreras,1.0,True,0.3798882681564245,0.2059800664451827,1.8868677145530552,0.8834298871130188,1.0034378274400364,346,0,108,195,0,42,0,0,1,0,108,0.31213872832369943,2.945086705202312
MLB,2024,STL,663457,Lars Nootbaar,3.0,True,0.3415841584158416,0.1724137931034483,0.7205150175092914,0.22123164584125046,0.49928337166804093,400,0,77,43,16,40,122,81,14,7,77,0.1925,5.0525
MLB,2024,TB,650490,Yandy Díaz,2.0,True,0.3413848631239936,0.1332149200710479,0.7144465146063561,-0.5520869921148099,1.266533506721166,613,567,12,14,15,2,1,1,0,1,579,0.9445350734094616,1.1827079934747144
MLB,2024,TB,664040,Brandon Lowe,1.0,False,0.3105882352941176,0.2285714285714285,-0.22330481736552885,1.3291141641737443,-1.552418981539273,418,0,316,74,11,10,0,3,1,3,316,0.7559808612440191,2.401913875598086
MLB,2024,TB,680700,Richie Palacios,3.0,True,0.346031746031746,0.0946969696969697,0.8559431960071325,-1.3119723310509754,2.167915527058108,309,57,35,31,2,52,83,25,21,3,92,0.2977346278317152,4.388349514563107
MLB,2024,TEX,608369,Corey Seager,1.0,True,0.3527204502814259,0.2336842105263157,1.0596129404334518,1.42997955319275,-0.37036661275929816,528,0,527,0,0,0,0,0,1,0,527,0.9981060606060606,2.0113636363636362
MLB,2024,TEX,663993,Nathaniel Lowe,2.0,True,0.3610619469026548,0.1358024691358024,1.3136098913466288,-0.5010396082589915,1.8146494996056202,557,0,0,139,42,193,173,8,2,0,0,0.0,4.775583482944345
MLB,2024,TEX,669701,Josh Smith,3.0,True,0.3372881355932203,0.135755258126195,0.5897019575096966,-0.5019709909958361,1.0916729485055328,569,63,114,208,8,62,56,35,19,4,177,0.3110720562390158,3.5606326889279436
MLB,2024,TOR,665489,Vladimir Guerrero Jr.,1.0,True,0.3959827833572453,0.2207792207792207,2.3769425743846235,1.175388838663493,1.2015537357211306,685,4,149,531,0,0,0,1,0,0,153,0.22335766423357664,2.7766423357664234
MLB,2024,TOR,687462,Spencer Horwitz,2.0,True,0.3569553805774278,0.1676829268292682,1.188565744871063,0.12790072123846263,1.0606650236326003,370,40,115,12,145,35,17,4,1,1,155,0.4189189189189189,3.264864864864865
MLB,2024,TOR,457759,Justin Turner,3.0,True,0.3495702005730659,0.1162790697674418,0.9636884490775258,-0.886198860039866,1.849887309117392,338,0,20,29,205,56,22,6,0,0,20,0.05917159763313609,4.144970414201183
MLB,2024,MIN,621043,Carlos Correa,1.0,True,0.3879781420765027,0.2068965517241379,2.133202803120072,0.9015103851682204,1.2316924179518516,355,0,188,70,16,79,2,0,0,0,188,0.5295774647887324,2.9774647887323944
MLB,2024,MIN,621439,Byron Buxton,2.0,True,0.3350515463917525,0.2450704225352112,0.5215982510150622,1.6546076937752603,-1.1330094427601982,375,33,38,70,38,79,39,78,0,0,71,0.18933333333333333,4.389333333333333
MLB,2024,MIN,663616,Trevor Larnach,3.0,True,0.3375,0.1746478873239436,0.5961531875194441,0.26530604303708083,0.3308471444823633,392,50,192,68,34,14,17,6,7,4,242,0.6173469387755102,2.7551020408163267
MLB,2024,PHI,607208,Trea Turner,3.0,True,0.3376623376623376,0.1742574257425742,0.6010963377866494,0.2576029843795226,0.3434933534071268,532,0,532,0,0,0,0,0,0,0,532,1.0,2.0
MLB,2024,PHI,547180,Bryce Harper,1.0,True,0.373015873015873,0.24,1.677604618200755,1.5545779749221127,0.12302664327864221,626,0,0,626,0,0,0,0,0,0,0,0.0,3.0
MLB,2024,PHI,656941,Kyle Schwarber,2.0,True,0.3656069364161849,0.2373472949389179,1.4520039386967238,1.502245188134096,-0.05024124943737207,679,678,0,0,0,0,0,0,1,0,678,0.9985272459499264,1.0103092783505154
MLB,2024,ATL,542303,Marcell Ozuna,1.0,True,0.3784570596797671,0.2442244224422442,1.8432876945999312,1.6379177333505521,0.20536996124937912,676,0,0,463,8,205,0,0,0,0,0,0.0,3.6183431952662723
MLB,2024,ATL,663586,Austin Riley,3.0,True,0.3219616204690831,0.2047058823529411,0.12301255074925616,0.8582926770227413,-0.7352801262734852,457,0,157,217,0,83,0,0,0,0,157,0.3435448577680525,3.0196936542669586
MLB,2024,ATL,621566,Matt Olson,2.0,True,0.3328467153284671,0.21,0.4544615736557608,0.9627354717076482,-0.5082738980518874,666,0,0,0,659,7,0,0,0,0,0,0.0,4.01051051051051
MLB,2024,CWS,683734,Andrew Vaughn,1.0,False,0.2972536348949919,0.156140350877193,-0.6293408078859664,-0.09981218026217954,-0.5295286276237868,605,0,120,94,276,110,5,0,0,0,120,0.19834710743801653,3.646280991735537
MLB,2024,CWS,657757,Gavin Sheets,3.0,False,0.3033932135728543,0.1241685144124168,-0.44239183039673685,-0.7305552377847342,0.28816340738799734,492,0,50,103,158,151,8,12,3,7,50,0.1016260162601626,4.095528455284553
MLB,2024,CWS,643217,Andrew Benintendi,2.0,False,0.289272030651341,0.1677148846960168,-0.8723791058484168,0.12853118870025915,-1.0009102945486759,514,30,90,160,9,143,65,11,5,1,120,0.23346303501945526,3.807392996108949
MLB,2024,MIA,669364,Xavier Edwards,1.0,True,0.3973509933774834,0.0943396226415094,2.4186043035837828,-1.3190221035783067,3.7376264071620895,298,201,18,0,0,4,41,23,9,2,219,0.7348993288590604,2.530201342281879
MLB,2024,MIA,660821,Jesús Sánchez,3.0,True,0.3134328358208955,0.1656441717791411,-0.1366872841846364,0.08767999149485083,-0.22436727567948722,530,4,20,97,196,146,35,17,7,8,24,0.045283018867924525,4.350943396226415
MLB,2024,MIA,669394,Jake Burger,2.0,False,0.3005181347150259,0.2093457943925233,-0.529937422834532,0.9498292488961165,-1.4797666717306486,566,4,132,195,105,128,0,0,0,2,136,0.24028268551236748,3.411660777385159
MLB,2024,NYY,592450,Aaron Judge,1.0,True,0.4580369843527738,0.3792486583184258,4.2664809342162195,4.301687125203206,-0.03520619098698674,688,0,0,688,0,0,0,0,0,0,0,0.0,3.0
MLB,2024,NYY,665742,Juan Soto,2.0,True,0.4193548387096774,0.28125,3.0886171174137096,2.3683614168420015,0.7202557005717081,701,0,700,0,0,0,0,1,0,0,700,0.9985734664764622,2.007132667617689
MLB,2024,NYY,519317,Giancarlo Stanton,3.0,False,0.2984749455337691,0.2422062350119904,-0.5921521363018106,1.5981027633279727,-2.1902548996297835,451,0,0,7,175,264,2,2,0,1,0,0.0,4.603104212860311
MLB,2024,MIL,592885,Christian Yelich,1.0,True,0.4057507987220447,0.1888888888888888,2.6743767437898973,0.5462537101863567,2.128123033603541,310,0,9,301,0,0,0,0,0,0,9,0.02903225806451613,2.970967741935484
MLB,2024,MIL,661388,William Contreras,2.0,True,0.3652430044182621,0.1848739495798319,1.4409222800916133,0.46704665248881017,0.9738756276028031,673,35,431,146,59,0,0,0,2,0,466,0.6924219910846954,2.3580980683506687
MLB,2024,MIL,642715,Willy Adames,3.0,True,0.3313953488372093,0.2114754098360656,0.4102677460758447,0.9918424800624588,-0.5815747339866141,684,0,12,86,438,148,0,0,0,0,12,0.017543859649122806,4.055555555555555
MLB,2024,LAA,650859,Luis Rengifo,1.0,True,0.3465346534653465,0.1166077738515901,0.8712566296181954,-0.8797141584405611,1.7509707880587566,299,26,195,0,4,8,4,37,18,7,221,0.7391304347826086,3.217391304347826
MLB,2024,LAA,687263,Zach Neto,2.0,True,0.3177257525083612,0.1937269372693726,-0.005968805396839378,0.6416991323256306,-0.64766793772247,581,4,204,0,0,7,61,75,97,133,208,0.35800344234079173,5.698795180722891
MLB,2024,LAA,621493,Taylor Ward,3.0,True,0.3227752639517345,0.1794871794871794,0.1477878366611248,0.36077600262626824,-0.21298816596514344,648,178,0,370,69,31,0,0,0,0,178,0.27469135802469136,2.6527777777777777
MLB,2024,AZ,606466,Ketel Marte,2.0,True,0.3722126929674099,0.2678571428571428,1.6531479418263084,2.104146013621257,-0.45099807179494866,569,263,269,33,0,0,2,0,2,0,532,0.9349736379613357,1.6309314586994728
MLB,2024,AZ,592626,Joc Pederson,1.0,True,0.3927765237020316,0.2397820163487738,2.2793125910327587,1.5502775752620614,0.7290350157706973,422,1,8,321,3,73,3,6,6,1,9,0.02132701421800948,3.4928909952606637
MLB,2024,AZ,572233,Christian Walker,3.0,True,0.3351449275362319,0.2171189979123173,0.5244416887154602,1.1031796565344625,-0.5787379678190023,534,1,0,5,525,0,2,0,0,1,1,0.0018726591760299626,4.00187265917603
MLB,2024,BAL,683002,Gunnar Henderson,1.0,True,0.364394993045897,0.2476190476190476,1.4151004986175002,1.7048871820876907,-0.28978668347019054,708,533,0,145,30,0,0,0,0,0,533,0.7528248587570622,1.536723163841808
MLB,2024,BAL,676059,Jordan Westburg,3.0,False,0.3116591928251121,0.2163461538461538,-0.19069436869162715,1.0879329243107072,-1.2786272930023344,438,22,42,4,12,149,120,58,31,0,64,0.1461187214611872,5.21689497716895
MLB,2024,BAL,623993,Anthony Santander,2.0,False,0.3082706766917293,0.2705882352941176,-0.2938740263814656,2.1580252331015655,-2.451899259483031,653,0,91,173,243,145,0,0,0,1,91,0.13935681470137826,3.686064318529862
MLB,2024,BOS,608701,Rob Refsnyder,3.0,True,0.3594771241830065,0.1875,1.2653523475499737,0.5188535942967999,0.7464987532531738,300,14,112,120,4,43,4,0,1,2,126,0.42,2.93
MLB,2024,BOS,646240,Rafael Devers,1.0,True,0.3544093178036606,0.2438095238095238,1.1110386282473377,1.629732578504902,-0.5186939502575643,592,0,149,18,425,0,0,0,0,0,149,0.2516891891891892,3.4662162162162162
MLB,2024,BOS,641933,Tyler O'Neill,2.0,True,0.3361522198731501,0.2700729927007299,0.5551135446033237,2.1478604842271225,-1.5927469396237988,464,1,32,252,53,120,4,0,2,0,33,0.07112068965517242,3.605603448275862
MLB,2024,CHC,673548,Seiya Suzuki,1.0,True,0.3658119658119658,0.19921875,1.458247043949968,0.7500420721149501,0.7082049718350178,575,0,186,279,108,0,0,0,2,0,186,0.3234782608695652,2.8817391304347826
MLB,2024,CHC,683737,Michael Busch,3.0,True,0.3350970017636684,0.1915322580645161,0.5229823582554685,0.5984023178471306,-0.07541995959166214,559,0,248,1,28,91,120,54,10,7,248,0.44364937388193204,4.127012522361359
MLB,2024,CHC,664023,Ian Happ,2.0,True,0.3409436834094368,0.1985940246045694,0.7010126780431455,0.7377174373865071,-0.03670475934336159,649,305,12,53,60,182,21,15,0,1,317,0.4884437596302003,2.893682588597843
MLB,2024,CIN,682829,Elly De La Cruz,1.0,True,0.3386167146974063,0.2119741100323625,0.6301569330174953,1.0016808791467886,-0.3715239461292933,687,0,599,0,0,0,87,0,1,0,599,0.8719068413391557,2.51528384279476
MLB,2024,CIN,663886,Tyler Stephenson,2.0,True,0.3378640776699029,0.1859956236323851,0.6072392818080348,0.4891751317906035,0.11806415001743126,505,2,0,185,55,122,79,17,3,42,2,0.0039603960396039604,4.716831683168317
MLB,2024,CIN,663697,Jonathan India,3.0,True,0.3574803149606299,0.1444652908067542,1.204549894816468,-0.3301387395044378,1.5346886343209056,613,445,0,0,13,20,43,28,55,9,445,0.7259380097879282,2.564437194127243
MLB,2024,CLE,680757,Steven Kwan,2.0,True,0.3680297397769517,0.1333333333333333,1.5257778301505451,-0.5497509253959838,2.0755287555465287,533,532,0,0,1,0,0,0,0,0,532,0.99812382739212,1.0056285178236397
MLB,2024,CLE,608070,José Ramírez,1.0,True,0.3348017621145374,0.2580645161290322,0.5139923683204356,1.9109562564275957,-1.3969638881071602,674,0,30,644,0,0,0,0,0,0,30,0.04451038575667656,2.9554896142433233
MLB,2024,CLE,681807,David Fry,3.0,True,0.3564102564102564,0.1850746268656716,1.1719668199277569,0.47100563072846574,0.7009611891992911,377,2,22,8,77,233,11,5,13,6,24,0.0636604774535809,4.779840848806366
MLB,2024,COL,686668,Brenton Doyle,2.0,True,0.3171953255425709,0.1863468634686347,-0.02212020341455122,0.4961044205877569,-0.5182246240023081,584,51,83,158,40,73,59,62,15,43,134,0.22945205479452055,4.299657534246576
MLB,2024,COL,453568,Charlie Blackmon,3.0,True,0.3286573146292585,0.155902004454343,0.3268951365916472,-0.10451429837990489,0.4314094349715521,491,452,8,0,1,14,7,1,2,6,460,0.9368635437881874,1.3462321792260692
MLB,2024,COL,669911,Michael Toglia,1.0,False,0.3107221006564551,0.238095238095238,-0.21922864309962062,1.5170006731307164,-1.736229316230337,453,0,1,0,67,108,127,94,46,10,1,0.002207505518763797,5.933774834437086
MLB,2024,DET,682985,Riley Greene,1.0,True,0.3481989708404803,0.216796875,0.9219347702242782,1.0968247888421754,-0.1748900186178972,568,137,136,126,168,1,0,0,0,0,273,0.48063380281690143,2.5774647887323945
MLB,2024,DET,663837,Matt Vierling,2.0,True,0.3121693121693121,0.166023166023166,-0.1751613338044734,0.09515682156443661,-0.27031815536891,551,216,47,167,27,81,11,1,1,0,263,0.47731397459165154,2.5499092558983665
MLB,2024,DET,592192,Mark Canha,3.0,True,0.3368700265251989,0.1187499999999999,0.5769706176496145,-0.83745214223635,1.4144227598859644,355,7,117,86,101,39,3,0,0,2,124,0.3492957746478873,3.1943661971830988
MLB,2024,HOU,670541,Yordan Alvarez,2.0,True,0.3921259842519685,0.2590579710144927,2.259503791213282,1.9305552173023148,0.3289485739109672,621,0,232,389,0,0,0,0,0,0,232,0.37359098228663445,2.6264090177133657
MLB,2024,HOU,514888,Jose Altuve,3.0,True,0.3504398826979472,0.1449044585987261,0.9901701007539594,-0.32147480066004336,1.3116449014140028,675,673,0,0,0,0,0,0,2,0,673,0.997037037037037,1.0207407407407407
MLB,2024,HOU,663656,Kyle Tucker,1.0,True,0.4077380952380952,0.296028880866426,2.7348895364646046,2.6599204117317985,0.07496912473280615,333,9,126,131,65,0,1,0,0,1,135,0.40540540540540543,2.78978978978979
MLB,2024,KC,677951,Bobby Witt Jr.,1.0,True,0.389280677009873,0.2562893081761006,2.1728647386883218,1.8759348058079541,0.2969299328803676,690,0,690,0,0,0,0,0,0,0,690,1.0,2.0
MLB,2024,KC,521692,Salvador Perez,2.0,True,0.3302611367127496,0.1847457627118643,0.37573120732471166,0.4645177712615715,-0.08878656393685985,632,0,0,107,525,0,0,0,0,0,0,0.0,3.8306962025316458
MLB,2024,KC,686469,Vinnie Pasquantino,3.0,True,0.3146473779385171,0.1834677419354838,-0.09970471275417812,0.4393048707464671,-0.5390095835006452,534,0,0,530,1,1,1,0,0,1,0,0.0,3.0224719101123596
MLB,2024,LAD,660271,Shohei Ohtani,1.0,True,0.3901098901098901,0.3364779874213837,2.1981141164229587,3.4579037609409577,-1.259789644517999,717,411,306,0,0,0,0,0,0,0,717,1.0,1.4267782426778242
MLB,2024,LAD,605141,Mookie Betts,2.0,True,0.3720930232558139,0.2022222222222222,1.6495040223664976,0.8092948227261199,0.8402091996403778,511,330,180,0,0,0,0,0,0,1,510,0.9980430528375733,1.3679060665362035
MLB,2024,LAD,518692,Freddie Freeman,3.0,True,0.3777429467084639,0.1937269372693726,1.8215430934144623,0.6416991323256306,1.1798439610888316,620,0,18,585,17,0,0,0,0,0,18,0.02903225806451613,2.9983870967741937
MLB,2024,WSH,671277,Luis García Jr.,2.0,True,0.3181818181818182,0.162,0.007918305721736739,0.01578746656450518,-0.00786916084276844,527,9,21,87,98,128,70,43,56,15,30,0.056925996204933584,5.024667931688804
MLB,2024,WSH,695578,James Wood,1.0,True,0.3541666666666667,0.1627118644067796,1.1036499482860929,0.029831186979762236,1.0738187613063306,334,0,119,93,41,60,13,8,0,0,119,0.3562874251497006,3.338323353293413
MLB,2024,WSH,657041,Lane Thomas,3.0,True,0.3313782991202346,0.1533333333333333,0.409748585507646,-0.155189256586341,0.564937842093987,332,20,258,42,4,5,3,0,0,0,278,0.8373493975903614,2.1716867469879517
MLB,2024,NYM,596019,Francisco Lindor,1.0,True,0.3439767779390421,0.2265372168284789,0.7933698169755682,1.288983065173226,-0.49561324819765773,674,488,60,123,0,0,0,0,3,0,548,0.8130563798219584,1.4851632047477745
MLB,2024,NYM,668901,Mark Vientos,2.0,True,0.3215859030837004,0.2493946731234867,0.11157202938652935,1.7399168701983136,-1.6283448408117842,446,0,79,68,14,92,122,65,6,0,79,0.17713004484304934,4.737668161434978
MLB,2024,NYM,624413,Pete Alonso,3.0,True,0.3294964028776978,0.21875,0.35244521067646595,1.1353562018118672,-0.7829109911354013,678,0,108,76,443,49,0,1,1,0,108,0.1592920353982301,3.6519174041297937
MLB,2025,ATH,701762,Nick Kurtz,1.0,True,0.3831967213114754,0.3285714285714285,1.8583151243201106,3.029363814616808,-1.1710486902966972,483,80,63,128,63,9,63,25,37,15,143,0.29606625258799174,3.8737060041407867
MLB,2025,ATH,669127,Shea Langeliers,2.0,True,0.3250478011472275,0.2598752598752599,0.1008529224041705,1.745547314029129,-1.6446943916249586,517,73,99,8,216,103,15,0,0,3,172,0.33268858800773693,3.4642166344294005
MLB,2025,ATH,691016,Tyler Soderstrom,3.0,True,0.3461538461538461,0.1978609625668449,0.7387508614595383,0.5866038144430511,0.15214704701648718,616,2,35,191,175,124,73,10,3,3,37,0.060064935064935064,4.097402597402597
MLB,2025,PIT,687462,Spencer Horwitz,1.0,True,0.3527980535279805,0.1620879120879121,0.9395618703097384,-0.08193466962194644,1.0214965399316849,408,131,78,18,119,24,12,20,4,2,209,0.5122549019607843,2.9387254901960786
MLB,2025,PIT,663698,Joey Bart,2.0,True,0.3554216867469879,0.0912280701754386,1.0188571728032745,-1.4061866039418522,2.4250437767451265,325,0,0,17,118,60,39,35,54,2,0,0.0,5.390769230769231
MLB,2025,PIT,668804,Bryan Reynolds,3.0,True,0.3180428134556575,0.1567291311754684,-0.11086211990524619,-0.18208132247033446,0.07121920256508826,644,0,199,442,1,0,1,1,0,0,199,0.3090062111801242,2.703416149068323
MLB,2025,SD,592518,Manny Machado,2.0,True,0.3348082595870206,0.1853658536585365,0.3958478549472947,0.3530911266529225,0.04275672829437216,670,0,34,632,4,0,0,0,0,0,34,0.050746268656716415,2.955223880597015
MLB,2025,SD,665487,Fernando Tatis Jr.,1.0,True,0.3675832127351664,0.1784511784511784,1.3864207007496343,0.22386741162052975,1.1625532891291046,683,662,0,0,21,0,0,0,0,0,662,0.9692532942898975,1.0922401171303076
MLB,2025,SD,630105,Jake Cronenworth,3.0,True,0.3666666666666666,0.1312649164677804,1.3587194972336747,-0.6579649071987009,2.0166844044323757,488,0,0,0,4,26,72,219,166,1,0,0.0,7.065573770491803
MLB,2025,SEA,677594,Julio Rodríguez,3.0,True,0.323943661971831,0.2070552147239263,0.06748200406324788,0.7584290101396384,-0.6909470060763905,696,67,295,334,0,0,0,0,0,0,362,0.5201149425287356,2.3836206896551726
MLB,2025,SEA,593871,Jorge Polanco,2.0,True,0.3262955854126679,0.2292993630573248,0.13856529395746517,1.1741349397998704,-1.0355696458424053,513,0,144,0,89,129,128,21,1,1,144,0.2807017543859649,4.32943469785575
MLB,2025,SEA,663728,Cal Raleigh,1.0,True,0.3588652482269504,0.3422818791946309,1.1229335533089395,3.2855892064346417,-2.162655653125702,693,0,257,343,91,1,0,0,0,1,257,0.3708513708513709,2.772005772005772
MLB,2025,SF,646240,Rafael Devers,1.0,True,0.3468354430379747,0.2238805970149253,0.7593510851165928,1.0728672651959932,-0.3135161800794004,391,0,286,104,0,0,0,0,0,1,286,0.731457800511509,2.2838874680306906
MLB,2025,SF,656305,Matt Chapman,2.0,True,0.3401869158878505,0.198237885462555,0.5584095176420643,0.5936478729712946,-0.035238355329230364,521,0,18,4,386,92,21,0,0,0,18,0.0345489443378119,4.18042226487524
MLB,2025,SF,642715,Willy Adames,3.0,True,0.3182481751824818,0.1962774957698815,-0.10465537571129696,0.5570114683099583,-0.6616668440212552,667,3,242,227,34,88,70,3,0,0,245,0.36731634182908546,3.2758620689655173
MLB,2025,STL,676475,Alec Burleson,2.0,True,0.3425414364640884,0.1690140845070422,0.6295713019827416,0.04750390906971255,0.582067392913029,536,0,22,287,44,121,19,42,1,0,22,0.041044776119402986,3.921641791044776
MLB,2025,STL,671056,Iván Herrera,1.0,True,0.3733333333333333,0.1804123711340206,1.5602093038602707,0.2605188228251412,1.2996904810351295,431,0,271,27,23,62,47,1,0,0,271,0.62877030162413,3.0487238979118327
MLB,2025,STL,575929,Willson Contreras,3.0,True,0.3440285204991087,0.1897959183673469,0.6745161431808018,0.43588162690623805,0.23863451627456372,534,0,100,73,296,65,0,0,0,0,100,0.18726591760299627,3.6104868913857677
MLB,2025,TB,666018,Jonathan Aranda,1.0,True,0.3933649289099526,0.1729729729729729,2.1656336517335464,0.12148891337216568,2.0441447383613807,411,0,35,44,262,56,7,0,5,2,35,0.0851581508515815,3.965936739659367
MLB,2025,TB,650490,Yandy Díaz,2.0,True,0.3655913978494624,0.1818181818181818,1.3262211413261622,0.2867910733346412,1.039430067991521,640,283,201,156,0,0,0,0,0,0,484,0.75625,1.8015625
MLB,2025,TB,691406,Junior Caminero,3.0,False,0.3108728943338438,0.2707641196013288,-0.32756196251263076,1.9490418910082314,-2.276603853520862,643,0,50,233,233,119,8,0,0,0,50,0.07776049766718507,3.6920684292379473
MLB,2025,TEX,608369,Corey Seager,1.0,True,0.3730337078651685,0.2157894736842105,1.551153582214131,0.9216577023133264,0.6294958799008045,438,0,269,169,0,0,0,0,0,0,269,0.6141552511415526,2.3858447488584473
MLB,2025,TEX,669701,Josh Smith,3.0,True,0.334525939177102,0.1151515151515151,0.3873151522271087,-0.959097428604751,1.3464125808318597,550,389,32,21,0,3,14,46,22,23,421,0.7654545454545455,2.4
MLB,2025,TEX,694671,Wyatt Langford,2.0,True,0.343804537521815,0.1901840490797546,0.6677466001634182,0.4431351407838126,0.22461145937960564,563,40,319,73,8,48,75,0,0,0,359,0.6376554174067496,2.875666074600355
MLB,2025,TOR,666182,Bo Bichette,3.0,True,0.3566878980891719,0.1718213058419244,1.0571264745760334,0.09996618082264289,0.9571602937533905,618,374,41,27,174,0,0,1,0,1,415,0.6715210355987055,2.0210355987055015
MLB,2025,TOR,543807,George Springer,1.0,True,0.3989637305699481,0.251004016064257,2.334848871305519,1.5797586040986864,0.7550902672068325,563,172,98,22,157,84,25,0,1,4,270,0.47957371225577267,2.9769094138543517
MLB,2025,TOR,665489,Vladimir Guerrero Jr.,2.0,True,0.3808823529411764,0.1748726655348048,1.7883668790109721,0.15699099017225784,1.6313758888387142,666,0,297,366,1,0,0,0,0,2,297,0.44594594594594594,2.5735735735735736
MLB,2025,MIN,680777,Ryan Jeffers,2.0,True,0.355603448275862,0.1305418719211822,1.0243506370990243,-0.6714774005036515,1.6958280376026758,456,35,125,91,34,70,52,22,23,4,160,0.3508771929824561,3.793859649122807
MLB,2025,MIN,621439,Byron Buxton,1.0,True,0.3265682656826568,0.2868852459016394,0.14680663818810752,2.250318779446277,-2.1035121412581694,523,387,86,42,0,8,0,0,0,0,473,0.904397705544933,1.3862332695984703
MLB,2025,MIN,670242,Matt Wallner,3.0,False,0.3112244897959184,0.2619047619047619,-0.3169355272630014,1.7834753126774177,-2.100410839940419,379,56,47,32,59,66,71,23,17,8,103,0.2717678100263852,4.240105540897098
MLB,2025,PHI,607208,Trea Turner,3.0,True,0.3552425665101721,0.1528013582342954,1.0134435375214368,-0.2554848296548765,1.2689283671763132,632,437,194,0,0,0,0,0,1,0,631,0.9984177215189873,1.3180379746835442
MLB,2025,PHI,547180,Bryce Harper,2.0,True,0.3568965517241379,0.2255489021956087,1.0634327116602196,1.1040450988310835,-0.040612387170863906,571,4,66,501,0,0,0,0,0,0,70,0.12259194395796848,2.870402802101576
MLB,2025,PHI,656941,Kyle Schwarber,1.0,True,0.3646408839779005,0.3228476821192053,1.2974933128996278,2.9223965662241884,-1.6249032533245606,712,49,439,69,155,0,0,0,0,0,488,0.6853932584269663,2.4634831460674156
MLB,2025,ATL,660670,Ronald Acuña Jr.,1.0,True,0.4174757281553398,0.2278106508875739,2.8943456933684018,1.1463133991750223,1.7480322941933795,409,189,0,205,0,0,7,7,0,1,189,0.4621026894865526,2.2102689486552567
MLB,2025,ATL,686948,Drake Baldwin,3.0,True,0.3408071748878923,0.1950617283950617,0.5771558975385886,0.5342908094101431,0.04286508812844558,443,0,45,39,150,64,69,35,18,23,45,0.10158013544018059,4.823927765237021
MLB,2025,ATL,621566,Matt Olson,2.0,True,0.3660220994475138,0.2115384615384615,1.339238438581934,0.8422133950034258,0.4970250435785082,715,0,393,95,227,0,0,0,0,0,393,0.5496503496503496,2.767832167832168
MLB,2025,CWS,643565,Mike Tauchman,1.0,True,0.3558441558441558,0.1373134328358209,1.031625655307386,-0.544928252247693,1.576553907555079,377,287,45,0,0,20,3,13,3,6,332,0.8806366047745358,1.7612732095490715
MLB,2025,CWS,643217,Andrew Benintendi,2.0,False,0.3070362473347548,0.1904761904761905,-0.4435187518037721,0.4485947748852123,-0.8921135266889844,450,0,48,200,73,64,32,30,0,3,48,0.10666666666666667,3.86
MLB,2025,CWS,678246,Miguel Vargas,3.0,True,0.3163444639718805,0.1666666666666666,-0.16219213626583703,0.003634595621142312,-0.16582673188697936,550,60,98,105,191,26,42,12,7,9,158,0.2872727272727273,3.5236363636363635
MLB,2025,MIA,669065,Kyle Stowers,1.0,True,0.3684210526315789,0.2556390977443609,1.4117431305564647,1.6663805286605569,-0.25463739810409214,447,0,114,27,91,172,14,18,6,5,114,0.2550335570469799,4.10738255033557
MLB,2025,MIA,669364,Xavier Edwards,3.0,True,0.3425324675324675,0.0695187165775401,0.6293002297380506,-1.811898114424227,2.4411983441622773,610,583,0,16,0,6,4,0,1,0,583,0.9557377049180328,1.1360655737704919
MLB,2025,MIA,689414,Liam Hicks,2.0,True,0.3462532299741602,0.0993975903614457,0.7417545854700734,-1.2535119349502322,1.9952665204203055,375,0,6,24,108,39,45,80,46,27,6,0.016,5.738666666666667
MLB,2025,NYY,592450,Aaron Judge,1.0,True,0.4565537555228277,0.3567467652495379,4.075419320011988,3.5559137346997236,0.5195055853122641,662,0,343,318,0,0,0,0,0,1,343,0.5181268882175226,2.490936555891239
MLB,2025,NYY,700250,Ben Rice,2.0,True,0.3371212121212121,0.2441113490364025,0.46575330877490534,1.4509461851331764,-0.9851928763582711,514,98,183,60,55,33,38,14,22,11,281,0.546692607003891,3.1712062256809337
MLB,2025,NYY,663757,Trent Grisham,3.0,True,0.3476764199655766,0.228744939271255,0.7847683268945822,1.1637736864958796,-0.37900535960129744,574,402,72,0,0,11,18,33,15,23,474,0.8257839721254355,2.207317073170732
MLB,2025,MIL,668930,Brice Turang,1.0,True,0.3592085235920852,0.1472602739726027,1.1333085263500435,-0.35903842720368034,1.492346953553724,650,304,26,40,5,90,27,100,11,47,330,0.5076923076923077,3.5676923076923077
MLB,2025,MIL,592885,Christian Yelich,3.0,True,0.343167701863354,0.1884816753926702,0.6484992161119839,0.4113206237426728,0.2371785923693111,637,28,25,332,241,10,0,1,0,0,53,0.08320251177394035,3.2888540031397175
MLB,2025,MIL,686555,Isaac Collins,2.0,True,0.3675799086757991,0.1478494623655914,1.3863208406071836,-0.3480274815391685,1.734348322146352,429,4,84,11,7,68,130,106,9,10,88,0.20512820512820512,5.261072261072261
MLB,2025,LAA,687263,Zach Neto,3.0,True,0.3188405797101449,0.2171314741035857,-0.08675085465276261,0.9467374456947871,-1.0334883003475497,535,478,34,7,0,0,0,10,3,3,512,0.9570093457943926,1.285981308411215
MLB,2025,LAA,545361,Mike Trout,1.0,True,0.3585585585585585,0.2061403508771929,1.1136643270121418,0.7413317349273607,0.3723325920847811,543,48,97,383,0,9,4,0,2,0,145,0.26703499079189685,2.718232044198895
MLB,2025,LAA,621493,Taylor Ward,2.0,True,0.3167420814479638,0.2469775474956822,-0.15017475601073021,1.5045106407035713,-1.6546853967143016,654,96,8,125,411,13,0,0,0,1,104,0.15902140672782875,3.371559633027523
MLB,2025,AZ,672695,Geraldo Perdomo,2.0,True,0.3890449438202247,0.1725293132328308,2.035068707679689,0.11319765483691878,1.9218710528427703,691,217,207,151,0,0,0,32,4,80,424,0.613603473227207,2.9811866859623732
MLB,2025,AZ,606466,Ketel Marte,1.0,True,0.3758992805755395,0.2333333333333334,1.6377611359071966,1.2495230975605363,0.3882380383466604,544,182,356,1,0,0,0,1,1,3,538,0.9889705882352942,1.7261029411764706
MLB,2025,AZ,682998,Corbin Carroll,3.0,True,0.3426791277258567,0.2819148936170212,0.6337328098389207,2.157431208016367,-1.5236983981774466,631,335,110,182,0,1,0,0,0,3,445,0.705229793977813,1.7955625990491284
MLB,2025,BAL,683002,Gunnar Henderson,1.0,True,0.3486943164362519,0.1646447140381282,0.8155326913509227,-0.034152317349289696,0.8496850087002124,639,58,60,513,4,0,0,2,0,2,118,0.18466353677621283,2.7621283255086073
MLB,2025,BAL,676059,Jordan Westburg,2.0,False,0.3125,0.1920731707317073,-0.27838518160740333,0.4784396649578015,-0.7568248465652048,345,33,204,26,42,17,11,12,0,0,237,0.6869565217391305,2.672463768115942
MLB,2025,BAL,702616,Jackson Holliday,3.0,False,0.3143297380585516,0.1331058020477815,-0.22308414646817162,-0.6235618345360602,0.4004776880678885,642,517,5,1,0,0,27,25,28,39,522,0.8130841121495327,2.2461059190031154
MLB,2025,BOS,663853,Romy Gonzalez,3.0,True,0.3431085043988269,0.1777777777777777,0.6467100632599316,0.21128267927770736,0.43542738398222425,333,39,19,28,41,69,75,45,13,4,58,0.17417417417417416,4.72972972972973
MLB,2025,BOS,701350,Roman Anthony,1.0,True,0.396039603960396,0.1712062256809338,2.246471615538969,0.0884713613174046,2.158000254221564,297,129,59,87,4,17,0,0,1,0,188,0.632996632996633,2.0774410774410774
MLB,2025,BOS,608324,Alex Bregman,2.0,True,0.3595959595959596,0.1893764434180138,1.1450181871751675,0.428042341662852,0.7169758455123154,484,0,213,269,1,1,0,0,0,0,213,0.44008264462809915,2.5661157024793386
MLB,2025,CHC,663656,Kyle Tucker,2.0,True,0.3771043771043771,0.198,1.6741833358914768,0.5892021915326577,1.084981144358819,587,0,503,70,12,0,0,0,2,0,503,0.8568994889267462,2.180579216354344
MLB,2025,CHC,683737,Michael Busch,1.0,True,0.3429054054054054,0.2614503816793893,0.6405717067233477,1.7749837062029115,-1.1344119994795636,580,216,5,1,165,47,91,33,20,2,221,0.3810344827586207,3.5844827586206898
MLB,2025,CHC,673548,Seiya Suzuki,3.0,True,0.325652841781874,0.23292469352014,0.11913935047559389,1.2418863028901517,-1.1227469524145577,642,1,78,537,0,25,0,0,1,0,79,0.12305295950155763,2.9610591900311527
MLB,2025,CIN,669720,Austin Hays,3.0,True,0.3149038461538461,0.1868421052631579,-0.20573260710262356,0.38067980015543307,-0.5864124072580567,409,1,0,4,347,49,6,1,1,0,1,0.0024449877750611247,4.1491442542787285
MLB,2025,CIN,682829,Elly De La Cruz,2.0,True,0.3361945636623748,0.1764705882352941,0.4377467759576122,0.1868534929651714,0.2508932829924408,693,0,0,640,0,21,20,12,0,0,0,0.0,3.2164502164502164
MLB,2025,CIN,670770,TJ Friedl,1.0,True,0.3641703377386197,0.1174438687392055,1.2832717722853928,-0.9162571739455063,2.199528946230899,657,655,0,0,0,0,0,0,2,0,655,0.9969558599695586,1.02130898021309
MLB,2025,CLE,608070,José Ramírez,1.0,True,0.3601190476190476,0.2192242833052275,1.1608277228682717,0.9858485495109646,0.17497917335730717,659,0,75,584,0,0,0,0,0,0,75,0.11380880121396054,2.8861911987860394
MLB,2025,CLE,680757,Steven Kwan,3.0,True,0.3304347826086956,0.1023999999999999,0.26366620035000904,-1.197401920248432,1.461068120598441,680,680,0,0,0,0,0,0,0,0,680,1.0,1.0
MLB,2025,CLE,700932,Kyle Manzardo,2.0,False,0.3126177024482109,0.2212765957446808,-0.2748278050779794,1.0242028365714955,-1.2990306416494748,518,0,52,28,384,46,7,0,0,1,52,0.10038610038610038,3.870656370656371
MLB,2025,COL,671289,Tyler Freeman,3.0,True,0.3544600938967136,0.0795755968169761,0.9897944991849833,-1.623951842588805,2.6137463417737883,411,312,20,0,1,0,15,16,5,42,332,0.8077858880778589,2.374695863746959
MLB,2025,COL,696100,Hunter Goodman,1.0,True,0.3229706390328152,0.2425925925925925,0.03807387348941776,1.4225631672743377,-1.38448929378492,573,0,76,332,128,12,9,8,4,4,76,0.13263525305410123,3.31239092495637
MLB,2025,COL,666160,Mickey Moniak,2.0,False,0.3058568329718004,0.2488479262672811,-0.47916474759241967,1.5394648917906701,-2.01862963938309,456,66,146,13,0,21,90,66,19,35,212,0.4649122807017544,4.322368421052632
MLB,2025,DET,682985,Riley Greene,1.0,False,0.3129770992366412,0.235,-0.263965586667524,1.2806703101090198,-1.5446358967765437,646,4,20,154,368,95,4,0,1,0,24,0.03715170278637771,3.846749226006192
MLB,2025,DET,650402,Gleyber Torres,3.0,True,0.35828025477707,0.131578947368421,1.105253020744806,-0.6520961948732743,1.7573492156180803,617,92,516,9,0,0,0,0,0,0,608,0.9854132901134521,1.8654781199351702
MLB,2025,DET,679529,Spencer Torkelson,2.0,True,0.3328197226502311,0.2166962699822379,0.33574736651776055,0.9386042085330295,-0.6028568420152689,635,0,4,46,248,333,3,1,0,0,4,0.006299212598425197,4.453543307086615
MLB,2025,HOU,665161,Jeremy Peña,1.0,True,0.3634686346863469,0.1724137931034482,1.2620638704386324,0.11103877682281388,1.1510250936158186,524,418,4,0,27,41,30,3,1,0,422,0.8053435114503816,1.8091603053435115
MLB,2025,HOU,514888,Jose Altuve,3.0,True,0.3292496171516079,0.1768707482993197,0.22784638653464132,0.1943318153057438,0.033514571228897505,639,146,128,342,22,0,0,0,0,1,274,0.4287949921752739,2.3865414710485133
MLB,2025,HOU,670623,Isaac Paredes,2.0,True,0.3515981735159817,0.2037037037037037,0.903297331570826,0.6957948744763609,0.20750245709446513,428,74,243,98,12,0,0,1,0,0,317,0.7406542056074766,2.1238317757009346
MLB,2025,KC,677951,Bobby Witt Jr.,1.0,True,0.3508005822416303,0.2054574638844302,0.8791913548254071,0.7285697191412556,0.15062163568415154,672,0,672,0,0,0,0,0,0,0,672,1.0,2.0
MLB,2025,KC,672580,Maikel Garcia,2.0,True,0.3514328808446455,0.1630252100840336,0.8983016133131776,-0.0644181376780674,0.962719750991245,657,92,22,98,262,119,20,17,22,5,114,0.1735159817351598,3.8554033485540335
MLB,2025,KC,686469,Vinnie Pasquantino,3.0,True,0.3225806451612903,0.2109500805152979,0.026286905025551845,0.8312175377306427,-0.8049306327050908,670,0,0,557,92,4,7,10,0,0,0,0.0,3.2402985074626867
MLB,2025,LAD,669257,Will Smith,2.0,True,0.4036697247706422,0.2016574585635359,2.4770803505280785,0.6575539750920947,1.8195263754359838,426,0,18,120,165,70,45,1,3,4,18,0.04225352112676056,4.091549295774648
MLB,2025,LAD,518692,Freddie Freeman,3.0,True,0.3668261562998405,0.2068345323741007,1.3635398275357486,0.7543048261062085,0.6092350014295401,616,0,9,407,198,0,0,1,0,1,9,0.01461038961038961,3.323051948051948
MLB,2025,LAD,660271,Shohei Ohtani,1.0,True,0.3917241379310345,0.3404255319148936,2.116043253175016,3.2508971804631748,-1.1348539272881588,720,673,47,0,0,0,0,0,0,0,720,1.0,1.0652777777777778
MLB,2025,WSH,695734,Daylen Lile,1.0,True,0.3467048710601719,0.1993769470404984,0.7554047467328417,0.6149350288157043,0.14046971791713747,342,0,5,0,89,18,43,148,10,29,5,0.014619883040935672,6.114035087719298
MLB,2025,WSH,695578,James Wood,2.0,True,0.3497822931785196,0.2190635451505017,0.8484151248629848,0.982844622229027,-0.13442949736604226,683,178,407,86,4,7,1,0,0,0,585,0.8565153733528551,1.9136163982430454
MLB,2025,WSH,605137,Josh Bell,3.0,True,0.324577861163227,0.1794871794871795,0.08664970492881664,0.24322853830179578,-0.15657883337297912,525,2,1,138,123,137,113,9,2,0,3,0.005714285714285714,4.48
MLB,2025,NYM,624413,Pete Alonso,2.0,True,0.3469675599435825,0.2516025641025641,0.7633441165810465,1.5909444658804646,-0.8276003492994181,685,0,0,335,350,0,0,0,0,0,0,0.0,3.510948905109489
MLB,2025,NYM,596019,Francisco Lindor,3.0,True,0.3456284153005464,0.1987577639751552,0.7228705173054878,0.603363532890104,0.11950698441538377,709,593,111,4,0,0,1,0,0,0,704,0.9929478138222849,1.1748942172073342
MLB,2025,NYM,665742,Juan Soto,1.0,True,0.3955119214586255,0.2616984402079723,2.2305232187526727,1.7796195052314552,0.4509037135212175,704,0,431,273,0,0,0,0,0,0,431,0.6122159090909091,2.387784090909091
