{
  "h1_proportions": [
    {
      "threshold": "p33",
      "kbo_prop": 0.13671875,
      "kbo_n": 256,
      "kbo_count": 35,
      "kbo_per_team_season": 0.7,
      "mlb_prop": 0.16119402985074627,
      "mlb_n": 670,
      "mlb_count": 108,
      "mlb_per_team_season": 0.72,
      "z": -0.9218104853887643,
      "p": 0.35662743718876144
    },
    {
      "threshold": "p25",
      "kbo_prop": 0.09375,
      "kbo_n": 256,
      "kbo_count": 24,
      "kbo_per_team_season": 0.48,
      "mlb_prop": 0.0955223880597015,
      "mlb_n": 670,
      "mlb_count": 64,
      "mlb_per_team_season": 0.4266666666666667,
      "z": -0.08225425014443444,
      "p": 0.9344445341798429
    },
    {
      "threshold": "p40",
      "kbo_prop": 0.171875,
      "kbo_n": 256,
      "kbo_count": 44,
      "kbo_per_team_season": 0.88,
      "mlb_prop": 0.21194029850746268,
      "mlb_n": 670,
      "mlb_count": 142,
      "mlb_per_team_season": 0.9466666666666667,
      "z": -1.3610025163958608,
      "p": 0.17351289422590732
    }
  ],
  "h1_actual_no2_check": {
    "n_combo_no2": 0,
    "n_noncombo_no2": 50,
    "mean_rpg_vs_lg_combo": null,
    "mean_rpg_vs_lg_noncombo": 4.4408920985006264e-17,
    "t": null,
    "p": null
  },
  "h1_roster_depth_vs_realized": {
    "kbo_r": 0.0666885423930446,
    "kbo_p": 0.6454121748078421,
    "kbo_n": 50,
    "mlb_r": 0.44073789090513976,
    "mlb_p": 1.6574435486150245e-08,
    "mlb_n": 150
  },
  "h1_absolute_level": {
    "means": {
      "obp": {
        "kbo_mean": 0.36343359374999995,
        "mlb_mean": 0.33247611940298505,
        "kbo_median": 0.361,
        "mlb_median": 0.3285,
        "diff": 0.0309574743470149,
        "t": 13.981348906226277,
        "p": 2.536516715589957e-37
      },
      "iso": {
        "kbo_mean": 0.1463532107577275,
        "mlb_mean": 0.18090746268656716,
        "kbo_median": 0.14170938797067584,
        "mlb_median": 0.177,
        "diff": -0.03455425192883965,
        "t": -8.137661721104033,
        "p": 4.70397246631739e-15
      }
    },
    "kbo_combo_percentile_in_mlb": {
      "obp": 96.86567164179104,
      "iso": 74.4776119402985
    },
    "absolute_bar": {
      "mlb_obp_bar": 0.343,
      "mlb_iso_bar": 0.201,
      "kbo_obp_bar": 0.37585,
      "kbo_iso_bar": 0.17103232817169248,
      "kbo_pass_mlb_bar": 0.13671875,
      "mlb_pass_kbo_bar": 0.058208955223880594,
      "kbo_combo_count": 35,
      "kbo_n": 256
    }
  },
  "h1_pitching_proxy": {
    "k_pct": {
      "kbo_mean": 0.16145192986419496,
      "mlb_mean": 0.2060167657385706,
      "t": -11.243137455875278,
      "p": 4.3679860297083334e-26
    },
    "bb_pct": {
      "kbo_mean": 0.09974216158920324,
      "mlb_mean": 0.08897971298082373,
      "t": 5.563060151352052,
      "p": 4.213756823779353e-08
    }
  },
  "h2_tradeoff": {
    "r_kbo": 0.4671882483149062,
    "p_kbo": 0.0006251561698028789,
    "n_kbo": 50,
    "r_mlb": 0.13264804351630505,
    "p_mlb": 0.0035973062885884337,
    "n_mlb": 480,
    "z_diff": 2.4400000579804244,
    "p_diff": 0.014687259553403553
  },
  "h2_flatness": {
    "kbo_mean": 0.8604780796711315,
    "kbo_n": 50,
    "mlb_mean": 0.9431189013964222,
    "mlb_n": 480,
    "t": -1.5625252139508696,
    "p": 0.12387856476499572
  },
  "h3_interaction": {
    "kbo_n": 50,
    "kbo_params": {
      "Intercept": 1.0912881591678725,
      "no2_c": 1.7672199968534588,
      "hr_c": 33.46084016100357,
      "no2_c:hr_c": 2182.380176803543,
      "rest_woba": 17.49229683959495
    },
    "kbo_pvalues": {
      "Intercept": 0.4668962499175532,
      "no2_c": 0.7155039266974808,
      "hr_c": 0.16762871788052922,
      "no2_c:hr_c": 0.07915392868701458,
      "rest_woba": 0.018016542714865264
    },
    "mlb_n": 480,
    "mlb_params": {
      "Intercept": -0.04299294759488674,
      "no2_c": 0.03607484255850984,
      "hr_c": 0.51336533857421,
      "no2_c:hr_c": -1.263623425478957,
      "rest_ops": 0.22158781586893056
    },
    "mlb_pvalues": {
      "Intercept": 5.970403439438643e-24,
      "no2_c": 2.915557338242219e-32,
      "hr_c": 9.193908198317713e-19,
      "no2_c:hr_c": 0.043713388952800525,
      "rest_ops": 4.880325288184109e-153
    }
  },
  "h3_era_split": {
    "pre": {
      "n": 150,
      "beta_no2": 0.20926885551797997,
      "p_no2": 2.7691470034192635e-10
    },
    "post": {
      "n": 330,
      "beta_no2": 0.25682583618127003,
      "p_no2": 4.35365649275148e-22
    }
  }
}