{
  "h1_proportions": [
    {
      "threshold": "p33",
      "kbo_prop": 0.13671875,
      "kbo_n": 256,
      "kbo_count": 35,
      "kbo_per_team_season": 0.7,
      "mlb_prop": 0.16119402985074627,
      "mlb_n": 670,
      "mlb_count": 108,
      "mlb_per_team_season": 0.72,
      "z": -0.9218104853887643,
      "p": 0.35662743718876144
    },
    {
      "threshold": "p25",
      "kbo_prop": 0.09375,
      "kbo_n": 256,
      "kbo_count": 24,
      "kbo_per_team_season": 0.48,
      "mlb_prop": 0.0955223880597015,
      "mlb_n": 670,
      "mlb_count": 64,
      "mlb_per_team_season": 0.4266666666666667,
      "z": -0.08225425014443444,
      "p": 0.9344445341798429
    },
    {
      "threshold": "p40",
      "kbo_prop": 0.171875,
      "kbo_n": 256,
      "kbo_count": 44,
      "kbo_per_team_season": 0.88,
      "mlb_prop": 0.21194029850746268,
      "mlb_n": 670,
      "mlb_count": 142,
      "mlb_per_team_season": 0.9466666666666667,
      "z": -1.3610025163958608,
      "p": 0.17351289422590732
    }
  ],
  "h1_actual_leadoff_check": {
    "n_combo_leadoff": 3,
    "n_noncombo_leadoff": 47,
    "mean_rpg_vs_lg_combo": -0.10636230644910387,
    "mean_rpg_vs_lg_noncombo": 0.006789083390368379,
    "t": -0.33141464362644196,
    "p": 0.7704513730401408
  },
  "h1_roster_depth_vs_realized": {
    "kbo_r": -0.02436850821879362,
    "kbo_p": 0.8694131217525355,
    "kbo_n": 48,
    "mlb_r": 0.47339350589548795,
    "mlb_p": 9.48223875914563e-10,
    "mlb_n": 150
  },
  "h1_absolute_level": {
    "means": {
      "obp": {
        "kbo_mean": 0.36343359374999995,
        "mlb_mean": 0.33247611940298505,
        "kbo_median": 0.361,
        "mlb_median": 0.3285,
        "diff": 0.0309574743470149,
        "t": 13.981348906226277,
        "p": 2.536516715589957e-37
      },
      "iso": {
        "kbo_mean": 0.1463532107577275,
        "mlb_mean": 0.18090746268656716,
        "kbo_median": 0.14170938797067584,
        "mlb_median": 0.177,
        "diff": -0.03455425192883965,
        "t": -8.137661721104033,
        "p": 4.70397246631739e-15
      }
    },
    "kbo_combo_percentile_in_mlb": {
      "obp": 96.86567164179104,
      "iso": 74.4776119402985
    },
    "absolute_bar": {
      "mlb_obp_bar": 0.343,
      "mlb_iso_bar": 0.201,
      "kbo_obp_bar": 0.37585,
      "kbo_iso_bar": 0.17103232817169248,
      "kbo_pass_mlb_bar": 0.13671875,
      "mlb_pass_kbo_bar": 0.058208955223880594,
      "kbo_combo_count": 35,
      "kbo_n": 256
    }
  },
  "h1_pitching_proxy": {
    "k_pct": {
      "kbo_mean": 0.16145192986419496,
      "mlb_mean": 0.2060167657385706,
      "t": -11.243137455875278,
      "p": 4.3679860297083334e-26
    },
    "bb_pct": {
      "kbo_mean": 0.09974216158920324,
      "mlb_mean": 0.08897971298082373,
      "t": 5.563060151352052,
      "p": 4.213756823779353e-08
    }
  },
  "h2_tradeoff": {
    "r_kbo": 0.305936155998397,
    "p_kbo": 0.034454417381195146,
    "n_kbo": 48,
    "r_mlb": 0.28944905377917046,
    "p_mlb": 1.0206994980751127e-10,
    "n_mlb": 480,
    "z_diff": 0.11600867001511903,
    "p_diff": 0.9076456705142701
  },
  "h2_flatness": {
    "kbo_mean": 0.8604780796711315,
    "kbo_n": 50,
    "mlb_mean": 0.9431189013964222,
    "mlb_n": 480,
    "t": -1.5625252139508696,
    "p": 0.12387856476499572
  },
  "h3_interaction": {
    "kbo_n": 48,
    "kbo_params": {
      "Intercept": 0.5430676751210548,
      "leadoff_c": -0.7425738436787253,
      "hr_c": 35.372733185490276,
      "leadoff_c:hr_c": 1173.9770066006913,
      "rest_woba": 20.28701254047545
    },
    "kbo_pvalues": {
      "Intercept": 0.6501912425660925,
      "leadoff_c": 0.829233284473026,
      "hr_c": 0.16249418412820735,
      "leadoff_c:hr_c": 0.26758106400111803,
      "rest_woba": 0.0008898763648686194
    },
    "mlb_n": 480,
    "mlb_params": {
      "Intercept": -0.04263505542676056,
      "leadoff_c": 0.03582686088278031,
      "hr_c": 0.5325069968612974,
      "leadoff_c:hr_c": 0.17321098596863038,
      "rest_ops": 0.22027715043518267
    },
    "mlb_pvalues": {
      "Intercept": 4.9975147425845905e-22,
      "leadoff_c": 4.578110262040352e-29,
      "hr_c": 1.1853139309493769e-20,
      "leadoff_c:hr_c": 0.8172729938000898,
      "rest_ops": 7.360210901428137e-146
    }
  },
  "h3_era_split": {
    "pre": {
      "n": 150,
      "beta_leadoff": 0.18159313119307788,
      "p_leadoff": 4.010075511324372e-09
    },
    "post": {
      "n": 330,
      "beta_leadoff": 0.26492524947828033,
      "p_leadoff": 2.5098054304217787e-21
    }
  }
}