{
  "kbo_model_params": {
    "const": -0.48654820323394193,
    "no2_woba": 3.0267697010574075,
    "rest_woba": 22.402131845960024
  },
  "kbo_model_pvalues": {
    "const": 0.6340908051377923,
    "no2_woba": 0.5369674665502089,
    "rest_woba": 0.002890628101905846
  },
  "kbo_model_rsq": 0.3787790946231179,
  "kbo_modelz_params": {
    "const": 9.71445146547012e-17,
    "no2_woba": 0.10557912590576074,
    "rest_woba": 0.533604537521469
  },
  "mlb_model_params": {
    "const": -0.07978692211131928,
    "no2_ops": 0.04335446509187559,
    "rest_ops": 0.2269475261895681
  },
  "mlb_model_pvalues": {
    "const": 3.8516049066980487e-63,
    "no2_ops": 1.3245594898891293e-41,
    "rest_ops": 1.1021620336382254e-144
  },
  "mlb_model_rsq": 0.8348093116081219,
  "mlb_modelz_params": {
    "const": -2.8796409701215e-16,
    "no2_ops": 0.30028729390961095,
    "rest_ops": 0.756239472111357
  },
  "group_test": {
    "n_high": 25,
    "n_low": 25,
    "mean_high": 4.9581974683705905,
    "mean_low": 4.6487628195034905,
    "t": 2.387496745663212,
    "p_t": 0.021068621443700204,
    "p_mw": 0.023791085799343033
  }
}