{
  "kbo_model_params": {
    "const": -0.5264264137024268,
    "leadoff_woba": 1.1133342936946669,
    "rest_woba": 24.48223074719568
  },
  "kbo_model_pvalues": {
    "const": 0.5939578802373927,
    "leadoff_woba": 0.7436306242040409,
    "rest_woba": 1.8684638122082694e-05
  },
  "kbo_model_rsq": 0.4028606886772742,
  "kbo_modelz_params": {
    "const": 1.2212453270876722e-15,
    "leadoff_woba": 0.04227490412532473,
    "rest_woba": 0.6148654803939685
  },
  "mlb_model_params": {
    "const": -0.08027755495850854,
    "leadoff_ops": 0.04064831663345539,
    "rest_ops": 0.2306760804050061
  },
  "mlb_model_pvalues": {
    "const": 8.37369023812983e-63,
    "leadoff_ops": 1.7340015253301778e-32,
    "rest_ops": 6.989627084318778e-143
  },
  "mlb_model_rsq": 0.8317249484453946,
  "mlb_modelz_params": {
    "const": -3.642919299551295e-16,
    "leadoff_ops": 0.26499283515774685,
    "rest_ops": 0.7685641733383808
  },
  "group_test": {
    "n_high": 24,
    "n_low": 24,
    "mean_high": 4.88468881316366,
    "mean_low": 4.7200730607792485,
    "t": 1.1690581653474308,
    "p_t": 0.249177980027265,
    "p_mw": 0.21600811862779168
  }
}